/batch
/config,noeldb,1     ! force off writing results to database
*get,_wallstrt,active,,time,wall
! ANSYS input file written by Workbench version 2022 R1
! File used for geometry attach: C:\Users\29384\Desktop\Áã¼þ1.STEP
/title,wbnew--Static Structural (A5)
! ****** Begin Custom Load Command Snippet ******
/COM, ACT Extensions:
/COM,     LSDYNA, 2021.1
/COM,     5f463412-bd3e-484b-87e7-cbc0a665e474, wbex
/COM,
! ****** End   Custom Load Command Snippet ******
*DIM,_wb_ProjectScratch_dir,string,248
_wb_ProjectScratch_dir(1) = 'C:\Users\29384\AppData\Local\Temp\WB_29384_30732_2\_ProjectScratch\Scr12CE\'
*DIM,_wb_SolverFiles_dir,string,248
_wb_SolverFiles_dir(1) = 'C:\Users\29384\AppData\Local\Temp\WB_29384_30732_2\wbnew_files\dp0\SYS\MECH\'
*DIM,_wb_userfiles_dir,string,248
_wb_userfiles_dir(1) = 'C:\Users\29384\AppData\Local\Temp\WB_29384_30732_2\wbnew_files\user_files\'
/com,--- Data in consistent MKS units. See Solving Units in the help system for more information.
/units,MKS
/nopr
/wb,file,start              !  signify a WB generated input file
/prep7
! Turn off shape checking because checks already performed inside WB mesher.
! See help system for more information.
SHPP,OFF,,NOWARN
/nolist
etcon,set             ! allow ANSYS to choose best KEYOP's for 180x elements, resets any applicable keyopt to MAPDL defaults
/com,*********** Nodes for the whole assembly ***********
nblock,3,,2112
(1i9,3e20.9e3)
        1    -2.500000000E-03     0.000000000E+00     5.000000000E-03
        2     2.500000000E-03     3.061616998E-19     5.000000000E-03
        3    -2.022542486E-03    -1.469463131E-03     5.000000000E-03
        4    -7.725424859E-04    -2.377641291E-03     5.000000000E-03
        5     7.725424859E-04    -2.377641291E-03     5.000000000E-03
        6     2.022542486E-03    -1.469463131E-03     5.000000000E-03
        7     2.500000000E-03     3.061616998E-19     2.500000000E-03
        8     2.500000000E-03     3.061616998E-19     3.750000000E-03
        9    -2.500000000E-03     0.000000000E+00     2.500000000E-03
       10     2.022542486E-03    -1.469463131E-03     2.500000000E-03
       11     7.725424859E-04    -2.377641291E-03     2.500000000E-03
       12    -7.725424859E-04    -2.377641291E-03     2.500000000E-03
       13    -2.022542486E-03    -1.469463131E-03     2.500000000E-03
       14    -2.500000000E-03     0.000000000E+00     3.750000000E-03
       15     3.500000000E-03     4.286263797E-19     5.000000000E-03
       16    -3.500000000E-03     0.000000000E+00     5.000000000E-03
       17     3.031088913E-03     1.750000000E-03     5.000000000E-03
       18     1.750000000E-03     3.031088913E-03     5.000000000E-03
       19     2.143131899E-19     3.500000000E-03     5.000000000E-03
       20    -1.750000000E-03     3.031088913E-03     5.000000000E-03
       21    -3.031088913E-03     1.750000000E-03     5.000000000E-03
       22     3.500000000E-03     4.286263797E-19     2.500000000E-03
       23     3.500000000E-03     4.286263797E-19     3.750000000E-03
       24    -3.500000000E-03     0.000000000E+00     2.500000000E-03
       25     3.031088913E-03     1.750000000E-03     2.500000000E-03
       26     1.750000000E-03     3.031088913E-03     2.500000000E-03
       27     2.143131899E-19     3.500000000E-03     2.500000000E-03
       28    -1.750000000E-03     3.031088913E-03     2.500000000E-03
       29    -3.031088913E-03     1.750000000E-03     2.500000000E-03
       30    -3.500000000E-03     0.000000000E+00     3.750000000E-03
       31     1.166025404E-02    -5.000000000E-03     2.500000000E-03
       32     1.125833025E-02    -3.500000000E-03     2.500000000E-03
       33     1.166025404E-02    -5.000000000E-03     5.000000000E-03
       34     1.166025404E-02    -5.000000000E-03     3.750000000E-03
       35     1.125833025E-02    -3.500000000E-03     5.000000000E-03
       36     1.125833025E-02    -3.500000000E-03     3.750000000E-03
       37    -1.366025404E-02    -5.000000000E-03     5.000000000E-03
       38    -8.660254038E-03    -1.000000000E-02     5.000000000E-03
       39    -1.341553662E-02    -6.545084972E-03     5.000000000E-03
       40    -1.270533901E-02    -7.938926261E-03     5.000000000E-03
       41    -1.159918030E-02    -9.045084972E-03     5.000000000E-03
       42    -1.020533901E-02    -9.755282581E-03     5.000000000E-03
       43    -1.366025404E-02    -5.000000000E-03     0.000000000E+00
       44    -1.366025404E-02    -5.000000000E-03     3.333333333E-03
       45    -1.366025404E-02    -5.000000000E-03     1.666666667E-03
       46    -8.660254038E-03    -1.000000000E-02     0.000000000E+00
       47    -1.341553662E-02    -6.545084972E-03     0.000000000E+00
       48    -1.270533901E-02    -7.938926261E-03     0.000000000E+00
       49    -1.159918030E-02    -9.045084972E-03     0.000000000E+00
       50    -1.020533901E-02    -9.755282581E-03     0.000000000E+00
       51    -8.660254038E-03    -1.000000000E-02     3.333333333E-03
       52    -8.660254038E-03    -1.000000000E-02     1.666666667E-03
       53     8.660254038E-03    -1.000000000E-02     0.000000000E+00
       54     1.299038106E-02    -2.500000000E-03     0.000000000E+00
       55     1.037035475E-02    -9.698463104E-03     0.000000000E+00
       56     1.187419209E-02    -8.830222216E-03     0.000000000E+00
       57     1.299038106E-02    -7.500000000E-03     0.000000000E+00
       58     1.358429280E-02    -5.868240888E-03     0.000000000E+00
       59     1.358429280E-02    -4.131759112E-03     0.000000000E+00
       60     1.299038106E-02    -2.500000000E-03     5.000000000E-03
       61     1.299038106E-02    -2.500000000E-03     3.333333333E-03
       62     1.299038106E-02    -2.500000000E-03     1.666666667E-03
       63     8.660254038E-03    -1.000000000E-02     5.000000000E-03
       64     1.037035475E-02    -9.698463104E-03     5.000000000E-03
       65     1.187419209E-02    -8.830222216E-03     5.000000000E-03
       66     1.299038106E-02    -7.500000000E-03     5.000000000E-03
       67     1.358429280E-02    -5.868240888E-03     5.000000000E-03
       68     1.358429280E-02    -4.131759112E-03     5.000000000E-03
       69     8.660254038E-03    -1.000000000E-02     3.333333333E-03
       70     8.660254038E-03    -1.000000000E-02     1.666666667E-03
       71     4.330127019E-03     1.250000000E-02     0.000000000E+00
       72     1.212435565E-02    -1.000000000E-03     0.000000000E+00
       73     1.125833025E-02     5.000000000E-04     0.000000000E+00
       74     1.039230485E-02     2.000000000E-03     0.000000000E+00
       75     9.526279442E-03     3.500000000E-03     0.000000000E+00
       76     8.660254038E-03     5.000000000E-03     0.000000000E+00
       77     7.794228634E-03     6.500000000E-03     0.000000000E+00
       78     6.928203230E-03     8.000000000E-03     0.000000000E+00
       79     6.062177826E-03     9.500000000E-03     0.000000000E+00
       80     5.196152423E-03     1.100000000E-02     0.000000000E+00
       81     4.330127019E-03     1.250000000E-02     5.000000000E-03
       82     4.330127019E-03     1.250000000E-02     3.333333333E-03
       83     4.330127019E-03     1.250000000E-02     1.666666667E-03
       84     1.212435565E-02    -1.000000000E-03     5.000000000E-03
       85     1.125833025E-02     5.000000000E-04     5.000000000E-03
       86     1.039230485E-02     2.000000000E-03     5.000000000E-03
       87     9.526279442E-03     3.500000000E-03     5.000000000E-03
       88     8.660254038E-03     5.000000000E-03     5.000000000E-03
       89     7.794228634E-03     6.500000000E-03     5.000000000E-03
       90     6.928203230E-03     8.000000000E-03     5.000000000E-03
       91     6.062177826E-03     9.500000000E-03     5.000000000E-03
       92     5.196152423E-03     1.100000000E-02     5.000000000E-03
       93    -4.330127019E-03     1.250000000E-02     0.000000000E+00
       94     3.213938048E-03     1.383022222E-02     0.000000000E+00
       95     1.710100717E-03     1.469846310E-02     0.000000000E+00
       96     1.903298966E-18     1.500000000E-02     0.000000000E+00
       97    -1.710100717E-03     1.469846310E-02     0.000000000E+00
       98    -3.213938048E-03     1.383022222E-02     0.000000000E+00
       99    -4.330127019E-03     1.250000000E-02     5.000000000E-03
      100    -4.330127019E-03     1.250000000E-02     3.333333333E-03
      101    -4.330127019E-03     1.250000000E-02     1.666666667E-03
      102     3.213938048E-03     1.383022222E-02     5.000000000E-03
      103     1.710100717E-03     1.469846310E-02     5.000000000E-03
      104     1.903298966E-18     1.500000000E-02     5.000000000E-03
      105    -1.710100717E-03     1.469846310E-02     5.000000000E-03
      106    -3.213938048E-03     1.383022222E-02     5.000000000E-03
      107    -1.299038106E-02    -2.500000000E-03     0.000000000E+00
      108    -5.196152423E-03     1.100000000E-02     0.000000000E+00
      109    -6.062177826E-03     9.500000000E-03     0.000000000E+00
      110    -6.928203230E-03     8.000000000E-03     0.000000000E+00
      111    -7.794228634E-03     6.500000000E-03     0.000000000E+00
      112    -8.660254038E-03     5.000000000E-03     0.000000000E+00
      113    -9.526279442E-03     3.500000000E-03     0.000000000E+00
      114    -1.039230485E-02     2.000000000E-03     0.000000000E+00
      115    -1.125833025E-02     5.000000000E-04     0.000000000E+00
      116    -1.212435565E-02    -1.000000000E-03     0.000000000E+00
      117    -1.299038106E-02    -2.500000000E-03     5.000000000E-03
      118    -1.299038106E-02    -2.500000000E-03     3.333333333E-03
      119    -1.299038106E-02    -2.500000000E-03     1.666666667E-03
      120    -5.196152423E-03     1.100000000E-02     5.000000000E-03
      121    -6.062177826E-03     9.500000000E-03     5.000000000E-03
      122    -6.928203230E-03     8.000000000E-03     5.000000000E-03
      123    -7.794228634E-03     6.500000000E-03     5.000000000E-03
      124    -8.660254038E-03     5.000000000E-03     5.000000000E-03
      125    -9.526279442E-03     3.500000000E-03     5.000000000E-03
      126    -1.039230485E-02     2.000000000E-03     5.000000000E-03
      127    -1.125833025E-02     5.000000000E-04     5.000000000E-03
      128    -1.212435565E-02    -1.000000000E-03     5.000000000E-03
      129    -1.348988317E-02    -3.705904774E-03     5.000000000E-03
      130    -1.348988317E-02    -3.705904774E-03     0.000000000E+00
      131    -6.928203230E-03    -1.000000000E-02     0.000000000E+00
      132    -5.196152423E-03    -1.000000000E-02     0.000000000E+00
      133    -3.464101615E-03    -1.000000000E-02     0.000000000E+00
      134    -1.732050808E-03    -1.000000000E-02     0.000000000E+00
      135     3.108624469E-18    -1.000000000E-02     0.000000000E+00
      136     1.732050808E-03    -1.000000000E-02     0.000000000E+00
      137     3.464101615E-03    -1.000000000E-02     0.000000000E+00
      138     5.196152423E-03    -1.000000000E-02     0.000000000E+00
      139     6.928203230E-03    -1.000000000E-02     0.000000000E+00
      140    -6.928203230E-03    -1.000000000E-02     5.000000000E-03
      141    -5.196152423E-03    -1.000000000E-02     5.000000000E-03
      142    -3.464101615E-03    -1.000000000E-02     5.000000000E-03
      143    -1.732050808E-03    -1.000000000E-02     5.000000000E-03
      144     3.108624469E-18    -1.000000000E-02     5.000000000E-03
      145     1.732050808E-03    -1.000000000E-02     5.000000000E-03
      146     3.464101615E-03    -1.000000000E-02     5.000000000E-03
      147     5.196152423E-03    -1.000000000E-02     5.000000000E-03
      148     6.928203230E-03    -1.000000000E-02     5.000000000E-03
      149     2.598076211E-03     1.150000000E-02     5.000000000E-03
      150     1.039230485E-02    -2.000000000E-03     5.000000000E-03
      151     9.526279442E-03    -5.000000000E-04     5.000000000E-03
      152     8.660254038E-03     1.000000000E-03     5.000000000E-03
      153     7.794228634E-03     2.500000000E-03     5.000000000E-03
      154     6.928203230E-03     4.000000000E-03     5.000000000E-03
      155     6.062177826E-03     5.500000000E-03     5.000000000E-03
      156     5.196152423E-03     7.000000000E-03     5.000000000E-03
      157     4.330127019E-03     8.500000000E-03     5.000000000E-03
      158     3.464101615E-03     1.000000000E-02     5.000000000E-03
      159     8.660254038E-03    -8.000000000E-03     5.000000000E-03
      160     1.016025404E-02    -7.598076211E-03     5.000000000E-03
      161     1.125833025E-02    -6.500000000E-03     5.000000000E-03
      162    -8.660254038E-03    -8.000000000E-03     5.000000000E-03
      163    -6.928203230E-03    -8.000000000E-03     5.000000000E-03
      164    -5.196152423E-03    -8.000000000E-03     5.000000000E-03
      165    -3.464101615E-03    -8.000000000E-03     5.000000000E-03
      166    -1.732050808E-03    -8.000000000E-03     5.000000000E-03
      167     3.108624469E-18    -8.000000000E-03     5.000000000E-03
      168     1.732050808E-03    -8.000000000E-03     5.000000000E-03
      169     3.464101615E-03    -8.000000000E-03     5.000000000E-03
      170     5.196152423E-03    -8.000000000E-03     5.000000000E-03
      171     6.928203230E-03    -8.000000000E-03     5.000000000E-03
      172    -1.125833025E-02    -3.500000000E-03     5.000000000E-03
      173    -1.166025404E-02    -5.000000000E-03     5.000000000E-03
      174    -1.125833025E-02    -6.500000000E-03     5.000000000E-03
      175    -1.016025404E-02    -7.598076211E-03     5.000000000E-03
      176    -2.598076211E-03     1.150000000E-02     5.000000000E-03
      177    -3.464101615E-03     1.000000000E-02     5.000000000E-03
      178    -4.330127019E-03     8.500000000E-03     5.000000000E-03
      179    -5.196152423E-03     7.000000000E-03     5.000000000E-03
      180    -6.062177826E-03     5.500000000E-03     5.000000000E-03
      181    -6.928203230E-03     4.000000000E-03     5.000000000E-03
      182    -7.794228634E-03     2.500000000E-03     5.000000000E-03
      183    -8.660254038E-03     1.000000000E-03     5.000000000E-03
      184    -9.526279442E-03    -5.000000000E-04     5.000000000E-03
      185    -1.039230485E-02    -2.000000000E-03     5.000000000E-03
      186     1.500000000E-03     1.259807621E-02     5.000000000E-03
      187     1.478188605E-17     1.300000000E-02     5.000000000E-03
      188    -1.500000000E-03     1.259807621E-02     5.000000000E-03
      189     8.660254038E-03    -8.000000000E-03     2.500000000E-03
      190     1.016025404E-02    -7.598076211E-03     2.500000000E-03
      191     1.125833025E-02    -6.500000000E-03     2.500000000E-03
      192     8.660254038E-03    -8.000000000E-03     3.750000000E-03
      193    -8.660254038E-03    -8.000000000E-03     2.500000000E-03
      194    -6.928203230E-03    -8.000000000E-03     2.500000000E-03
      195    -5.196152423E-03    -8.000000000E-03     2.500000000E-03
      196    -3.464101615E-03    -8.000000000E-03     2.500000000E-03
      197    -1.732050808E-03    -8.000000000E-03     2.500000000E-03
      198     3.108624469E-18    -8.000000000E-03     2.500000000E-03
      199     1.732050808E-03    -8.000000000E-03     2.500000000E-03
      200     3.464101615E-03    -8.000000000E-03     2.500000000E-03
      201     5.196152423E-03    -8.000000000E-03     2.500000000E-03
      202     6.928203230E-03    -8.000000000E-03     2.500000000E-03
      203    -8.660254038E-03    -8.000000000E-03     3.750000000E-03
      204    -1.125833025E-02    -3.500000000E-03     2.500000000E-03
      205    -1.166025404E-02    -5.000000000E-03     2.500000000E-03
      206    -1.125833025E-02    -6.500000000E-03     2.500000000E-03
      207    -1.016025404E-02    -7.598076211E-03     2.500000000E-03
      208    -1.125833025E-02    -3.500000000E-03     3.750000000E-03
      209    -2.598076211E-03     1.150000000E-02     2.500000000E-03
      210    -3.464101615E-03     1.000000000E-02     2.500000000E-03
      211    -4.330127019E-03     8.500000000E-03     2.500000000E-03
      212    -5.196152423E-03     7.000000000E-03     2.500000000E-03
      213    -6.062177826E-03     5.500000000E-03     2.500000000E-03
      214    -6.928203230E-03     4.000000000E-03     2.500000000E-03
      215    -7.794228634E-03     2.500000000E-03     2.500000000E-03
      216    -8.660254038E-03     1.000000000E-03     2.500000000E-03
      217    -9.526279442E-03    -5.000000000E-04     2.500000000E-03
      218    -1.039230485E-02    -2.000000000E-03     2.500000000E-03
      219    -2.598076211E-03     1.150000000E-02     3.750000000E-03
      220     2.598076211E-03     1.150000000E-02     2.500000000E-03
      221     1.500000000E-03     1.259807621E-02     2.500000000E-03
      222     1.478188605E-17     1.300000000E-02     2.500000000E-03
      223    -1.500000000E-03     1.259807621E-02     2.500000000E-03
      224     2.598076211E-03     1.150000000E-02     3.750000000E-03
      225     1.039230485E-02    -2.000000000E-03     2.500000000E-03
      226     9.526279442E-03    -5.000000000E-04     2.500000000E-03
      227     8.660254038E-03     1.000000000E-03     2.500000000E-03
      228     7.794228634E-03     2.500000000E-03     2.500000000E-03
      229     6.928203230E-03     4.000000000E-03     2.500000000E-03
      230     6.062177826E-03     5.500000000E-03     2.500000000E-03
      231     5.196152423E-03     7.000000000E-03     2.500000000E-03
      232     4.330127019E-03     8.500000000E-03     2.500000000E-03
      233     3.464101615E-03     1.000000000E-02     2.500000000E-03
      234    -3.031088913E-03    -1.750000000E-03     2.500000000E-03
      235    -1.750000000E-03    -3.031088913E-03     2.500000000E-03
      236    -6.429395696E-19    -3.500000000E-03     2.500000000E-03
      237     1.750000000E-03    -3.031088913E-03     2.500000000E-03
      238     3.031088913E-03    -1.750000000E-03     2.500000000E-03
      239    -3.031088913E-03    -1.750000000E-03     5.000000000E-03
      240    -1.750000000E-03    -3.031088913E-03     5.000000000E-03
      241    -6.429395696E-19    -3.500000000E-03     5.000000000E-03
      242     1.750000000E-03    -3.031088913E-03     5.000000000E-03
      243     3.031088913E-03    -1.750000000E-03     5.000000000E-03
      244     2.022542486E-03     1.469463131E-03     5.000000000E-03
      245     7.725424859E-04     2.377641291E-03     5.000000000E-03
      246    -7.725424859E-04     2.377641291E-03     5.000000000E-03
      247    -2.022542486E-03     1.469463131E-03     5.000000000E-03
      248    -2.022542486E-03     1.469463131E-03     2.500000000E-03
      249    -7.725424859E-04     2.377641291E-03     2.500000000E-03
      250     7.725424859E-04     2.377641291E-03     2.500000000E-03
      251     2.022542486E-03     1.469463131E-03     2.500000000E-03
      252     1.272891484E-03     1.483526083E-02     2.083926618E-03
      253    -2.053388501E-03     1.455890290E-02     3.202671334E-03
      254     1.221126701E-02    -8.519986775E-03     2.083926618E-03
      255     1.365205059E-02    -5.286299072E-03     3.153788264E-03
      256    -1.175542059E-02    -8.926823658E-03     2.547721986E-03
      257     1.732050693E-03     6.750000000E-03     2.500000000E-03
      258    -6.711697065E-03    -1.875000000E-03     2.500000000E-03
      259     4.979646063E-03    -4.875000000E-03     2.500000000E-03
      260     8.118988103E-03    -4.187500000E-03     2.500000000E-03
      261    -7.685975992E-03    -4.937500000E-03     2.500000000E-03
      262    -4.330128069E-04     9.125000000E-03     2.500000000E-03
      263    -1.436800788E-03     6.054879255E-03     2.500000000E-03
      264    -4.525279025E-03    -4.271745559E-03     2.500000000E-03
      265     5.962079611E-03    -1.783133709E-03     2.500000000E-03
      266     6.616475146E-03     6.136977468E-04     2.500000000E-03
      267    -2.776759757E-03    -6.036884441E-03     2.500000000E-03
      268    -3.839715596E-03     5.423186617E-03     2.500000000E-03
      269     4.101507618E-03     4.642696779E-03     2.500000000E-03
      270    -6.071447559E-03     1.230661396E-03     2.500000000E-03
      271     1.969939570E-03    -5.873358235E-03     2.500000000E-03
      272     2.029719598E-05     5.406250000E-03     0.000000000E+00
      273     1.493885541E-03    -2.766237254E-03     0.000000000E+00
      274    -4.505736999E-03    -4.970064849E-04     0.000000000E+00
      275     5.196152326E-03    -2.000000000E-03     0.000000000E+00
      276    -6.569634817E-03    -3.856648528E-03     0.000000000E+00
      277     2.598075943E-03     1.500000000E-03     0.000000000E+00
      278    -2.626840288E-03     9.048749740E-03     0.000000000E+00
      279    -1.071976462E-02    -3.771613493E-03     0.000000000E+00
      280     5.082207685E-04    -7.184241591E-03     0.000000000E+00
      281     4.330127077E-03    -6.000000000E-03     0.000000000E+00
      282    -6.469008163E-03     3.252832281E-03     0.000000000E+00
      283     3.575153798E-03     7.913609930E-03     0.000000000E+00
      284    -1.082532052E-03     2.500000000E-04     0.000000000E+00
      285    -4.527555899E-03     6.210481595E-03     0.000000000E+00
      286     6.423021642E-03     2.583333333E-03     0.000000000E+00
      287    -2.421520744E-03    -4.089162848E-03     0.000000000E+00
      288    -2.274815674E-04     1.172423172E-02     0.000000000E+00
      289    -8.315973866E-03    -7.354004062E-03     0.000000000E+00
      290    -8.560274070E-03    -8.414514913E-05     0.000000000E+00
      291    -5.042659959E-03    -7.545393502E-03     0.000000000E+00
      292     8.263295892E-03     1.151224550E-04     0.000000000E+00
      293     4.899046401E-03     5.264351478E-03     0.000000000E+00
      294    -2.652203111E-03     3.000000000E-03     0.000000000E+00
      295    -1.102279581E-02    -6.725144102E-03     0.000000000E+00
      296     1.072661243E-02    -2.558814015E-03     0.000000000E+00
      297     7.929355500E-03    -2.759812782E-03     0.000000000E+00
      298     1.119694877E-02    -6.379913701E-03     0.000000000E+00
      299     7.731687721E-03    -7.707555532E-03     0.000000000E+00
      300     6.746940347E-03    -4.611117608E-03     0.000000000E+00
      301    -2.403033018E-03    -7.517939075E-03     0.000000000E+00
      302     7.966141659E-04     8.943076191E-03     0.000000000E+00
      303     3.241941690E-03     1.062253957E-02     0.000000000E+00
      304     3.039883316E-03    -8.372345165E-03     0.000000000E+00
      305    -5.677277666E-03    -1.000000000E-02     2.500000000E-03
      306    -2.598076380E-03    -1.000000000E-02     2.500000000E-03
      307     8.660254116E-04    -1.000000000E-02     2.500000000E-03
      308     4.831416412E-03    -1.000000000E-02     2.500000000E-03
      309    -5.821615205E-03     9.916666683E-03     2.500000000E-03
      310    -7.361215848E-03     7.250000146E-03     2.500000000E-03
      311    -9.093266744E-03     4.249999993E-03     2.500000000E-03
      312    -1.107596224E-02     8.158706510E-04     2.500000000E-03
      313     1.149889287E-02     8.333331713E-05     2.500000000E-03
      314     9.959292228E-03     2.749999854E-03     2.500000000E-03
      315     8.227241332E-03     5.750000007E-03     2.500000000E-03
      316     6.244545832E-03     9.184129349E-03     2.500000000E-03
      317     3.622695743E-11     1.776356839E-18     2.500000000E-03
      318     1.240095556E-02    -4.033324858E-03     3.819509098E-03
      319     5.686853850E-03    -8.788238841E-03     1.504103535E-03
      320     8.937567135E-03     2.139867853E-03     1.302083333E-03
      321     2.598076211E-03    -9.000000000E-03     1.250000000E-03
      322     6.062177826E-03    -9.000000000E-03     3.750000000E-03
      323    -6.518793356E-03     6.532189522E-03     1.316287879E-03
      324    -9.318632018E-03     1.748544776E-03     3.819444444E-03
      325     1.247317094E-02    -5.244809995E-03     1.288320755E-03
      326    -4.267944709E-03    -8.957632196E-03     1.344696970E-03
      327     4.815381055E-03     1.939861426E-03     1.354166667E-03
      328     4.829613292E-03     9.621135686E-03     3.885189631E-03
      329    -2.920922502E-03     1.230151525E-02     1.314750292E-03
      330     1.082531755E-02    -7.500000000E-04     1.250000000E-03
      331    -5.689305769E-03     7.979166681E-03     3.854166667E-03
      332     1.021110329E-02     1.842206677E-04     3.831018519E-03
      333     6.100458863E-03     7.211269857E-03     3.752857796E-03
      334     1.173274569E-02    -7.242778247E-03     3.924554415E-03
      335    -4.078264474E-03    -8.923994014E-03     3.620186237E-03
      336    -8.445070393E-03    -2.775922829E-03     1.250000000E-03
      337     1.697345189E-03     1.022153810E-02     1.250000000E-03
      338     3.237020832E-03    -9.000000000E-03     3.522135417E-03
      339     1.119343324E-02    -3.779407008E-03     1.250000000E-03
      340    -2.377641291E-03    -7.725424859E-04     5.000000000E-03
      341    -2.500000000E-03     0.000000000E+00     4.375000000E-03
      342    -3.000000000E-03     0.000000000E+00     5.000000000E-03
      343    -2.765544457E-03     8.750000000E-04     5.000000000E-03
      344    -3.000000000E-03     0.000000000E+00     4.375000000E-03
      345    -2.765544457E-03    -8.750000000E-04     5.000000000E-03
      346    -2.377641291E-03     7.725424859E-04     5.000000000E-03
      347     2.377641291E-03    -7.725424859E-04     5.000000000E-03
      348     2.500000000E-03     3.061616998E-19     4.375000000E-03
      349     3.000000000E-03     3.673940397E-19     5.000000000E-03
      350     2.765544457E-03     8.750000000E-04     5.000000000E-03
      351     3.000000000E-03     3.673940397E-19     4.375000000E-03
      352     2.765544457E-03    -8.750000000E-04     5.000000000E-03
      353     2.377641291E-03     7.725424859E-04     5.000000000E-03
      354    -1.469463131E-03    -2.022542486E-03     5.000000000E-03
      355    -2.022542486E-03    -1.469463131E-03     3.750000000E-03
      356    -2.377641291E-03    -7.725424859E-04     4.375000000E-03
      357    -2.526815700E-03    -1.609731565E-03     5.000000000E-03
      358    -1.886271243E-03    -2.250276022E-03     5.000000000E-03
      359    -4.592425497E-19    -2.500000000E-03     5.000000000E-03
      360    -7.725424859E-04    -2.377641291E-03     3.750000000E-03
      361    -1.469463131E-03    -2.022542486E-03     3.750000000E-03
      362    -1.261271243E-03    -2.704365102E-03     5.000000000E-03
      363    -3.862712430E-04    -2.938820645E-03     5.000000000E-03
      364     1.469463131E-03    -2.022542486E-03     5.000000000E-03
      365     7.725424859E-04    -2.377641291E-03     3.750000000E-03
      366    -1.751036356E-19    -2.500000000E-03     3.750000000E-03
      367     3.862712430E-04    -2.938820645E-03     5.000000000E-03
      368     1.261271243E-03    -2.704365102E-03     5.000000000E-03
      369     2.377641291E-03    -7.725424859E-04     4.375000000E-03
      370     2.022542486E-03    -1.469463131E-03     3.750000000E-03
      371     1.469463131E-03    -2.022542486E-03     3.750000000E-03
      372     1.886271243E-03    -2.250276022E-03     5.000000000E-03
      373     2.526815700E-03    -1.609731565E-03     5.000000000E-03
      374     2.500000000E-03     3.061616998E-19     3.125000000E-03
      375     2.377641291E-03    -7.725424859E-04     2.500000000E-03
      376     3.000000000E-03     3.673940397E-19     2.500000000E-03
      377     2.765544457E-03     8.750000000E-04     2.500000000E-03
      378     2.765544457E-03    -8.750000000E-04     2.500000000E-03
      379     2.377641291E-03     7.725424859E-04     2.500000000E-03
      380     2.549037971E-03     7.500000000E-04     1.250000000E-03
      381     1.250000018E-03     1.041259270E-18     2.500000000E-03
      382     2.377641291E-03    -7.725424859E-04     3.125000000E-03
      383     2.765544457E-03     8.750000000E-04     4.375000000E-03
      384     3.000000000E-03     3.673940397E-19     3.125000000E-03
      385     3.000000000E-03     3.673940397E-19     3.750000000E-03
      386     2.765544457E-03     8.750000000E-04     3.125000000E-03
      387     2.765544457E-03    -8.750000000E-04     3.125000000E-03
      388     2.765544457E-03    -8.750000000E-04     4.375000000E-03
      389     2.377641291E-03     7.725424859E-04     4.375000000E-03
      390     2.377641291E-03     7.725424859E-04     3.125000000E-03
      391    -2.377641291E-03    -7.725424859E-04     2.500000000E-03
      392    -2.500000000E-03     0.000000000E+00     3.125000000E-03
      393    -3.000000000E-03     0.000000000E+00     2.500000000E-03
      394    -2.765544457E-03     8.750000000E-04     2.500000000E-03
      395    -3.000000000E-03     0.000000000E+00     3.125000000E-03
      396    -2.765544457E-03    -8.750000000E-04     2.500000000E-03
      397    -2.377641291E-03     7.725424859E-04     2.500000000E-03
      398    -3.502868500E-03    -2.485032424E-04     1.250000000E-03
      399    -1.791266026E-03     1.250000000E-04     1.250000000E-03
      400    -1.249999982E-03     8.881784197E-19     2.500000000E-03
      401     1.469463131E-03    -2.022542486E-03     2.500000000E-03
      402     1.886271243E-03    -2.250276022E-03     2.500000000E-03
      403     2.526815700E-03    -1.609731565E-03     2.500000000E-03
      404     1.886271243E-03    -2.250276022E-03     3.750000000E-03
      405     2.526815700E-03    -1.609731565E-03     3.750000000E-03
      406     1.758214013E-03    -2.117850192E-03     1.250000000E-03
      407     2.310309214E-03     1.526843463E-05     1.250000000E-03
      408     1.011271261E-03    -7.347315654E-04     2.500000000E-03
      409     1.530808499E-19    -2.500000000E-03     2.500000000E-03
      410     3.862712430E-04    -2.938820645E-03     2.500000000E-03
      411     1.261271243E-03    -2.704365102E-03     2.500000000E-03
      412     3.862712430E-04    -2.938820645E-03     3.750000000E-03
      413     1.261271243E-03    -2.704365102E-03     3.750000000E-03
      414     1.133214013E-03    -2.571939272E-03     1.250000000E-03
      415     3.862712611E-04    -1.188820645E-03     2.500000000E-03
      416    -1.469463131E-03    -2.022542486E-03     2.500000000E-03
      417    -1.261271243E-03    -2.704365102E-03     2.500000000E-03
      418    -3.862712430E-04    -2.938820645E-03     2.500000000E-03
      419    -1.261271243E-03    -2.704365102E-03     3.750000000E-03
      420    -3.862712430E-04    -2.938820645E-03     3.750000000E-03
      421     3.606715276E-04    -2.571939272E-03     1.250000000E-03
      422    -9.275372688E-04    -1.063820645E-03     1.250000000E-03
      423    -1.597031615E-03    -3.233402069E-03     1.250000000E-03
      424    -3.862712249E-04    -1.188820645E-03     2.500000000E-03
      425    -2.377641291E-03    -7.725424859E-04     3.125000000E-03
      426    -2.526815700E-03    -1.609731565E-03     2.500000000E-03
      427    -1.886271243E-03    -2.250276022E-03     2.500000000E-03
      428    -2.526815700E-03    -1.609731565E-03     3.750000000E-03
      429    -1.886271243E-03    -2.250276022E-03     3.750000000E-03
      430    -3.264139743E-03    -9.832348078E-04     1.250000000E-03
      431    -1.552537269E-03    -6.097315654E-04     1.250000000E-03
      432    -2.222031615E-03    -2.779312989E-03     1.250000000E-03
      433    -1.011271225E-03    -7.347315654E-04     2.500000000E-03
      434    -2.765544457E-03     8.750000000E-04     4.375000000E-03
      435    -2.765544457E-03     8.750000000E-04     3.125000000E-03
      436    -3.000000000E-03     0.000000000E+00     3.750000000E-03
      437    -2.765544457E-03    -8.750000000E-04     3.125000000E-03
      438    -2.765544457E-03    -8.750000000E-04     4.375000000E-03
      439    -2.377641291E-03     7.725424859E-04     4.375000000E-03
      440    -2.377641291E-03     7.725424859E-04     3.125000000E-03
      441     3.380740392E-03     9.058666579E-04     5.000000000E-03
      442     3.500000000E-03     4.286263797E-19     4.375000000E-03
      443     3.380740392E-03    -9.058666579E-04     5.000000000E-03
      444    -3.380740392E-03     9.058666579E-04     5.000000000E-03
      445    -3.500000000E-03     0.000000000E+00     4.375000000E-03
      446    -3.380740392E-03    -9.058666579E-04     5.000000000E-03
      447     2.474873734E-03     2.474873734E-03     5.000000000E-03
      448     3.380740392E-03     9.058666579E-04     4.375000000E-03
      449     3.031088913E-03     1.750000000E-03     3.750000000E-03
      450     2.474873734E-03     2.474873734E-03     3.750000000E-03
      451     2.526815700E-03     1.609731565E-03     5.000000000E-03
      452     9.058666579E-04     3.380740392E-03     5.000000000E-03
      453     1.750000000E-03     3.031088913E-03     3.750000000E-03
      454     9.058666579E-04     3.380740392E-03     3.750000000E-03
      455     1.886271243E-03     2.250276022E-03     5.000000000E-03
      456     1.261271243E-03     2.704365102E-03     5.000000000E-03
      457    -9.058666579E-04     3.380740392E-03     5.000000000E-03
      458     2.143131899E-19     3.500000000E-03     3.750000000E-03
      459    -9.058666579E-04     3.380740392E-03     3.750000000E-03
      460     3.862712430E-04     2.938820645E-03     5.000000000E-03
      461    -3.862712430E-04     2.938820645E-03     5.000000000E-03
      462    -2.474873734E-03     2.474873734E-03     5.000000000E-03
      463    -1.750000000E-03     3.031088913E-03     3.750000000E-03
      464    -2.474873734E-03     2.474873734E-03     3.750000000E-03
      465    -1.261271243E-03     2.704365102E-03     5.000000000E-03
      466    -1.886271243E-03     2.250276022E-03     5.000000000E-03
      467    -3.031088913E-03     1.750000000E-03     3.750000000E-03
      468    -3.380740392E-03     9.058666579E-04     4.375000000E-03
      469    -2.526815700E-03     1.609731565E-03     5.000000000E-03
      470     3.500000000E-03     4.286263797E-19     3.125000000E-03
      471     3.380740392E-03     9.058666579E-04     2.500000000E-03
      472     3.380740392E-03    -9.058666579E-04     2.500000000E-03
      473     4.731039806E-03    -8.915668544E-04     2.500000000E-03
      474     5.058237573E-03     3.068488734E-04     2.500000000E-03
      475     4.348076163E-03    -1.000000000E-03     1.250000000E-03
      476     3.049037971E-03     7.500000000E-04     1.250000000E-03
      477     4.157690527E-03     9.699307128E-04     1.927083333E-03
      478     3.380740392E-03     9.058666579E-04     3.125000000E-03
      479     3.380740392E-03    -9.058666579E-04     3.125000000E-03
      480     3.380740392E-03    -9.058666579E-04     4.375000000E-03
      481    -3.380740392E-03     9.058666579E-04     2.500000000E-03
      482    -3.500000000E-03     0.000000000E+00     3.125000000E-03
      483    -3.380740392E-03    -9.058666579E-04     2.500000000E-03
      484    -5.105848533E-03    -9.375000000E-04     2.500000000E-03
      485    -4.785723779E-03     6.153306980E-04     2.500000000E-03
      486    -4.002868500E-03    -2.485032424E-04     1.250000000E-03
      487     2.474873734E-03     2.474873734E-03     2.500000000E-03
      488     4.979646072E-03     2.875000000E-03     2.500000000E-03
      489     2.526815700E-03     1.609731565E-03     3.750000000E-03
      490     2.526815700E-03     1.609731565E-03     2.500000000E-03
      491     4.823782029E-03     1.181848873E-03     2.500000000E-03
      492     3.566298266E-03     3.196348390E-03     2.500000000E-03
      493     2.814582428E-03     1.625000000E-03     1.250000000E-03
      494     3.923234984E-03     1.844930713E-03     1.927083333E-03
      495     9.058666579E-04     3.380740392E-03     2.500000000E-03
      496     1.886271243E-03     2.250276022E-03     3.750000000E-03
      497     1.261271243E-03     2.704365102E-03     3.750000000E-03
      498     1.261271243E-03     2.704365102E-03     2.500000000E-03
      499     1.886271243E-03     2.250276022E-03     2.500000000E-03
      500     1.741025347E-03     4.890544457E-03     2.500000000E-03
      501     2.925753809E-03     3.836892846E-03     2.500000000E-03
      502     8.851485980E-04     4.218669457E-03     1.250000000E-03
      503     2.174037971E-03     2.265544457E-03     1.250000000E-03
      504     3.324523201E-03     4.147720196E-03     1.250000000E-03
      505    -9.058666579E-04     3.380740392E-03     2.500000000E-03
      506     3.862712430E-04     2.938820645E-03     3.750000000E-03
      507    -3.862712430E-04     2.938820645E-03     3.750000000E-03
      508    -3.862712430E-04     2.938820645E-03     2.500000000E-03
      509     3.862712430E-04     2.938820645E-03     2.500000000E-03
      510     8.660253467E-04     5.125000000E-03     2.500000000E-03
      511    -7.184003940E-04     4.777439628E-03     2.500000000E-03
      512     1.014859799E-05     4.453125000E-03     1.250000000E-03
      513     1.299037971E-03     2.500000000E-03     1.250000000E-03
      514    -5.412660259E-04     1.875000000E-03     1.250000000E-03
      515    -1.326101556E-03     3.250000000E-03     1.250000000E-03
      516    -2.474873734E-03     2.474873734E-03     2.500000000E-03
      517    -1.261271243E-03     2.704365102E-03     3.750000000E-03
      518    -1.886271243E-03     2.250276022E-03     3.750000000E-03
      519    -1.886271243E-03     2.250276022E-03     2.500000000E-03
      520    -1.261271243E-03     2.704365102E-03     2.500000000E-03
      521    -1.593400394E-03     4.542984084E-03     2.500000000E-03
      522    -2.794857798E-03     4.227137765E-03     2.500000000E-03
      523    -2.201101556E-03     3.015544457E-03     1.250000000E-03
      524    -3.380740392E-03     9.058666579E-04     3.125000000E-03
      525    -4.979646072E-03     2.875000000E-03     2.500000000E-03
      526    -2.526815700E-03     1.609731565E-03     3.750000000E-03
      527    -2.526815700E-03     1.609731565E-03     2.500000000E-03
      528    -3.435402255E-03     3.586593309E-03     2.500000000E-03
      529    -4.551268236E-03     1.490330698E-03     2.500000000E-03
      530    -3.768412956E-03     6.264967576E-04     1.250000000E-03
      531    -4.750048538E-03     2.501416140E-03     1.250000000E-03
      532    -2.056810482E-03     1.000000000E-03     1.250000000E-03
      533    -2.841646012E-03     2.375000000E-03     1.250000000E-03
      534    -3.380740392E-03    -9.058666579E-04     3.125000000E-03
      535    -3.380740392E-03    -9.058666579E-04     4.375000000E-03
      536     1.155803152E-02    -4.223542865E-03     2.500000000E-03
      537     1.166025404E-02    -5.000000000E-03     3.125000000E-03
      538     1.155803152E-02    -4.223542865E-03     3.125000000E-03
      539     1.232531755E-02    -3.750000000E-03     2.083333333E-03
      540     1.155803152E-02    -5.776457135E-03     2.500000000E-03
      541     1.265615232E-02    -5.143149536E-03     2.826894132E-03
      542     9.889621070E-03    -4.593750000E-03     2.500000000E-03
      543     1.203060480E-02    -4.516662429E-03     3.159754549E-03
      544     1.206671249E-02    -5.122404997E-03     1.894160378E-03
      545     1.142684364E-02    -4.389703504E-03     1.875000000E-03
      546     1.125833025E-02    -3.500000000E-03     3.125000000E-03
      547     1.212435565E-02    -3.000000000E-03     2.916666667E-03
      548     1.212435565E-02    -3.000000000E-03     2.083333333E-03
      549     1.082531755E-02    -2.750000000E-03     2.500000000E-03
      550     9.688659176E-03    -3.843750000E-03     2.500000000E-03
      551     1.182964291E-02    -3.766662429E-03     3.159754549E-03
      552     1.122588174E-02    -3.639703504E-03     1.875000000E-03
      553     1.166025404E-02    -5.000000000E-03     4.375000000E-03
      554     1.155803152E-02    -4.223542865E-03     5.000000000E-03
      555     1.155803152E-02    -4.223542865E-03     4.375000000E-03
      556     1.262227342E-02    -5.434120444E-03     5.000000000E-03
      557     1.262227342E-02    -4.565879556E-03     5.000000000E-03
      558     1.155803152E-02    -5.776457135E-03     5.000000000E-03
      559     1.203060480E-02    -4.516662429E-03     4.409754549E-03
      560     1.155803152E-02    -4.223542865E-03     3.750000000E-03
      561     1.262227342E-02    -5.434120444E-03     4.375000000E-03
      562     1.155803152E-02    -5.776457135E-03     4.375000000E-03
      563     1.155803152E-02    -5.776457135E-03     3.125000000E-03
      564     1.265615232E-02    -5.143149536E-03     3.451894132E-03
      565     1.203060480E-02    -4.516662429E-03     3.784754549E-03
      566     1.169649986E-02    -6.121389123E-03     3.837277207E-03
      567     1.125833025E-02    -3.500000000E-03     4.375000000E-03
      568     1.212435565E-02    -3.000000000E-03     5.000000000E-03
      569     1.242131153E-02    -3.815879556E-03     5.000000000E-03
      570     1.082531755E-02    -2.750000000E-03     5.000000000E-03
      571     1.182964291E-02    -3.766662429E-03     4.409754549E-03
      572     1.212435565E-02    -3.000000000E-03     4.375000000E-03
      573     1.212435565E-02    -3.000000000E-03     3.541666667E-03
      574     1.169134295E-02    -2.250000000E-03     4.375000000E-03
      575     1.082531755E-02    -2.750000000E-03     4.375000000E-03
      576     1.082531755E-02    -2.750000000E-03     3.125000000E-03
      577     1.182964291E-02    -3.766662429E-03     3.784754549E-03
      578    -1.359869574E-02    -5.782172325E-03     5.000000000E-03
      579    -1.366025404E-02    -5.000000000E-03     4.166666667E-03
      580    -1.361747834E-02    -4.347369039E-03     5.000000000E-03
      581    -1.266025404E-02    -5.000000000E-03     5.000000000E-03
      582    -9.442426363E-03    -9.938441703E-03     5.000000000E-03
      583    -8.660254038E-03    -1.000000000E-02     4.166666667E-03
      584    -7.794228634E-03    -1.000000000E-02     5.000000000E-03
      585    -8.660254038E-03    -9.000000000E-03     5.000000000E-03
      586    -7.794228634E-03    -9.000000000E-03     5.000000000E-03
      587    -8.660254038E-03    -9.000000000E-03     4.375000000E-03
      588    -1.311528666E-02    -7.269952499E-03     5.000000000E-03
      589    -1.359869574E-02    -5.782172325E-03     4.166666667E-03
      590    -1.253789533E-02    -5.772542486E-03     5.000000000E-03
      591    -1.233693343E-02    -6.522542486E-03     5.000000000E-03
      592    -1.233693343E-02    -6.522542486E-03     3.750000000E-03
      593    -1.276215084E-02    -7.859098224E-03     3.773861051E-03
      594    -1.219578794E-02    -8.535533906E-03     5.000000000E-03
      595    -1.198183463E-02    -7.219463131E-03     5.000000000E-03
      596    -1.226438816E-02    -8.465576028E-03     3.773861051E-03
      597    -1.093020654E-02    -9.455032621E-03     5.000000000E-03
      598    -1.142875527E-02    -7.772542486E-03     5.000000000E-03
      599    -1.087971717E-02    -8.321580592E-03     5.000000000E-03
      600    -1.087971717E-02    -8.321580592E-03     3.750000000E-03
      601    -1.167787979E-02    -8.986719807E-03     3.773861051E-03
      602    -9.442426363E-03    -9.938441703E-03     4.166666667E-03
      603    -9.432796524E-03    -8.877641291E-03     5.000000000E-03
      604    -1.018279652E-02    -8.676679396E-03     5.000000000E-03
      605    -9.432796524E-03    -8.877641291E-03     4.375000000E-03
      606    -1.018279652E-02    -8.676679396E-03     3.750000000E-03
      607    -1.101706736E-02    -9.409697379E-03     3.773861051E-03
      608    -1.366025404E-02    -5.000000000E-03     8.333333333E-04
      609    -1.359869574E-02    -5.782172325E-03     0.000000000E+00
      610    -1.361747834E-02    -4.347369039E-03     0.000000000E+00
      611    -1.266025404E-02    -5.000000000E-03     1.250000000E-03
      612    -1.219000933E-02    -4.385806746E-03     0.000000000E+00
      613    -1.234152492E-02    -5.862572051E-03     0.000000000E+00
      614    -1.366025404E-02    -5.000000000E-03     2.500000000E-03
      615    -1.348988317E-02    -3.705904774E-03     3.333333333E-03
      616    -1.348988317E-02    -3.705904774E-03     2.500000000E-03
      617    -1.361747834E-02    -4.347369039E-03     4.166666667E-03
      618    -1.266025404E-02    -5.000000000E-03     4.166666667E-03
      619    -1.266025404E-02    -5.000000000E-03     2.916666667E-03
      620    -1.245929214E-02    -5.750000000E-03     2.916666667E-03
      621    -1.245929214E-02    -4.250000000E-03     3.541666667E-03
      622    -1.315891119E-02    -7.182219930E-03     2.940527737E-03
      623    -1.359869574E-02    -5.782172325E-03     8.333333333E-04
      624    -1.348988317E-02    -3.705904774E-03     1.666666667E-03
      625    -1.361747834E-02    -4.347369039E-03     8.333333333E-04
      626    -1.266025404E-02    -5.000000000E-03     2.083333333E-03
      627    -1.245929214E-02    -5.750000000E-03     2.083333333E-03
      628    -1.315891119E-02    -7.182219930E-03     2.107194424E-03
      629    -9.442426363E-03    -9.938441703E-03     0.000000000E+00
      630    -8.660254038E-03    -1.000000000E-02     8.333333333E-04
      631    -7.794228634E-03    -1.000000000E-02     0.000000000E+00
      632    -8.488113952E-03    -8.677002031E-03     0.000000000E+00
      633    -1.311528666E-02    -7.269952499E-03     0.000000000E+00
      634    -1.253789533E-02    -5.772542486E-03     1.250000000E-03
      635    -1.233693343E-02    -6.522542486E-03     1.250000000E-03
      636    -1.276215084E-02    -7.859098224E-03     1.273861051E-03
      637    -1.221916621E-02    -6.635114537E-03     0.000000000E+00
      638    -1.219578794E-02    -8.535533906E-03     0.000000000E+00
      639    -1.226438816E-02    -8.465576028E-03     1.273861051E-03
      640    -1.186406741E-02    -7.332035182E-03     0.000000000E+00
      641    -1.093020654E-02    -9.455032621E-03     0.000000000E+00
      642    -1.167787979E-02    -8.986719807E-03     1.273861051E-03
      643    -1.131098805E-02    -7.885114537E-03     0.000000000E+00
      644    -9.442426363E-03    -9.938441703E-03     8.333333333E-04
      645    -1.018279652E-02    -8.676679396E-03     1.250000000E-03
      646    -1.101706736E-02    -9.409697379E-03     1.273861051E-03
      647    -9.260656438E-03    -8.554643322E-03     0.000000000E+00
      648    -1.061406741E-02    -8.240213342E-03     0.000000000E+00
      649    -8.660254038E-03    -1.000000000E-02     2.500000000E-03
      650    -7.794228634E-03    -1.000000000E-02     4.166666667E-03
      651    -8.660254038E-03    -9.000000000E-03     2.916666667E-03
      652    -7.794228634E-03    -9.000000000E-03     2.916666667E-03
      653    -8.660254038E-03    -9.000000000E-03     3.541666667E-03
      654    -9.410254038E-03    -8.799038106E-03     2.916666667E-03
      655    -1.029822257E-02    -9.724093467E-03     2.940527737E-03
      656    -7.168765852E-03    -1.000000000E-02     2.916666667E-03
      657    -7.794228634E-03    -1.000000000E-02     8.333333333E-04
      658    -8.660254038E-03    -9.000000000E-03     2.083333333E-03
      659    -7.794228634E-03    -9.000000000E-03     2.083333333E-03
      660    -9.410254038E-03    -8.799038106E-03     2.083333333E-03
      661    -1.029822257E-02    -9.724093467E-03     2.107194424E-03
      662    -8.488113952E-03    -8.677002031E-03     8.333333333E-04
      663    -7.168765852E-03    -1.000000000E-02     2.083333333E-03
      664     9.528494926E-03    -9.924038765E-03     0.000000000E+00
      665     8.660254038E-03    -1.000000000E-02     8.333333333E-04
      666     7.794228634E-03    -1.000000000E-02     0.000000000E+00
      667     8.195970879E-03    -8.853777766E-03     0.000000000E+00
      668     1.335871714E-02    -3.289899283E-03     0.000000000E+00
      669     1.299038106E-02    -2.500000000E-03     8.333333333E-04
      670     1.255736835E-02    -1.750000000E-03     0.000000000E+00
      671     1.185849675E-02    -2.529407008E-03     0.000000000E+00
      672     1.116025404E-02    -9.330127019E-03     0.000000000E+00
      673     9.528494926E-03    -9.924038765E-03     8.333333333E-04
      674     1.026530440E-02    -8.648269658E-03     1.250000000E-03
      675     1.135599714E-02    -9.211053207E-03     1.041963309E-03
      676     1.078365176E-02    -8.039188403E-03     0.000000000E+00
      677     9.051021238E-03    -8.703009318E-03     0.000000000E+00
      678     1.249047625E-02    -8.213938048E-03     0.000000000E+00
      679     1.204628447E-02    -8.678966965E-03     1.041963309E-03
      680     1.153557043E-02    -7.605067958E-03     0.000000000E+00
      681     1.335871714E-02    -6.710100717E-03     0.000000000E+00
      682     1.212435565E-02    -7.000000000E-03     1.250000000E-03
      683     1.263368897E-02    -8.035097176E-03     1.041963309E-03
      684     1.345083683E-02    -6.431892629E-03     1.576894104E-03
      685     1.209366491E-02    -6.939956851E-03     0.000000000E+00
      686     1.273177600E-02    -6.372404997E-03     6.441603776E-04
      687     1.366025404E-02    -5.000000000E-03     0.000000000E+00
      688     1.362670264E-02    -5.578263164E-03     1.576894104E-03
      689     1.239062079E-02    -6.124077295E-03     0.000000000E+00
      690     1.302873187E-02    -5.556525442E-03     6.441603776E-04
      691     1.335871714E-02    -3.289899283E-03     8.333333333E-04
      692     1.365166546E-02    -4.707063194E-03     1.576894104E-03
      693     1.215545262E-02    -3.345286564E-03     0.000000000E+00
      694     1.239062079E-02    -5.255836406E-03     0.000000000E+00
      695     1.302873187E-02    -4.688284553E-03     6.441603776E-04
      696     1.238886302E-02    -3.955583060E-03     6.250000000E-04
      697     1.299038106E-02    -2.500000000E-03     4.166666667E-03
      698     1.335871714E-02    -3.289899283E-03     5.000000000E-03
      699     1.255736835E-02    -1.750000000E-03     5.000000000E-03
      700     1.169134295E-02    -2.250000000E-03     5.000000000E-03
      701     1.269566831E-02    -3.266662429E-03     4.409754549E-03
      702     1.299038106E-02    -2.500000000E-03     2.500000000E-03
      703     1.335871714E-02    -3.289899283E-03     4.166666667E-03
      704     1.255736835E-02    -1.750000000E-03     4.166666667E-03
      705     1.169134295E-02    -2.250000000E-03     2.916666667E-03
      706     1.352496681E-02    -3.844764234E-03     3.243560791E-03
      707     1.224463696E-02    -1.208333341E-03     2.916666667E-03
      708     1.269566831E-02    -3.266662429E-03     3.576421216E-03
      709     1.255736835E-02    -1.750000000E-03     8.333333333E-04
      710     1.169134295E-02    -2.250000000E-03     2.083333333E-03
      711     1.352496681E-02    -3.844764234E-03     2.410227478E-03
      712     1.185849675E-02    -2.529407008E-03     8.333333333E-04
      713     1.224463696E-02    -1.208333341E-03     2.083333333E-03
      714     1.269566831E-02    -3.266662429E-03     2.743087882E-03
      715     1.273177600E-02    -3.872404997E-03     1.477493711E-03
      716     1.190784930E-02    -1.625000000E-03     1.458333333E-03
      717     1.209190715E-02    -3.139703504E-03     1.458333333E-03
      718     9.528494926E-03    -9.924038765E-03     5.000000000E-03
      719     8.660254038E-03    -1.000000000E-02     4.166666667E-03
      720     7.794228634E-03    -1.000000000E-02     5.000000000E-03
      721     8.660254038E-03    -9.000000000E-03     5.000000000E-03
      722     7.794228634E-03    -9.000000000E-03     5.000000000E-03
      723     8.660254038E-03    -9.000000000E-03     4.375000000E-03
      724     1.116025404E-02    -9.330127019E-03     5.000000000E-03
      725     9.528494926E-03    -9.924038765E-03     4.166666667E-03
      726     9.515304396E-03    -8.849231552E-03     5.000000000E-03
      727     1.026530440E-02    -8.648269658E-03     5.000000000E-03
      728     1.026530440E-02    -8.648269658E-03     3.750000000E-03
      729     9.515304396E-03    -8.849231552E-03     4.375000000E-03
      730     1.135599714E-02    -9.211053207E-03     3.541963309E-03
      731     1.105155022E-02    -8.470620675E-03     4.462277207E-03
      732     1.249047625E-02    -8.213938048E-03     5.000000000E-03
      733     1.101722306E-02    -8.214149213E-03     5.000000000E-03
      734     1.156626117E-02    -7.665111108E-03     5.000000000E-03
      735     1.204628447E-02    -8.678966965E-03     3.541963309E-03
      736     1.180346889E-02    -8.036500231E-03     4.462277207E-03
      737     1.335871714E-02    -6.710100717E-03     5.000000000E-03
      738     1.212435565E-02    -7.000000000E-03     5.000000000E-03
      739     1.263368897E-02    -8.035097176E-03     3.541963309E-03
      740     1.345083683E-02    -6.431892629E-03     4.076894104E-03
      741     1.236156337E-02    -7.371389123E-03     4.462277207E-03
      742     1.366025404E-02    -5.000000000E-03     5.000000000E-03
      743     1.242131153E-02    -6.184120444E-03     5.000000000E-03
      744     1.362670264E-02    -5.578263164E-03     4.076894104E-03
      745     1.299262418E-02    -4.950782873E-03     4.409754549E-03
      746     1.265851925E-02    -6.555509567E-03     4.462277207E-03
      747     1.365166546E-02    -4.707063194E-03     4.076894104E-03
      748     1.299262418E-02    -4.082541985E-03     4.409754549E-03
      749     8.660254038E-03    -1.000000000E-02     2.500000000E-03
      750     7.794228634E-03    -1.000000000E-02     4.166666667E-03
      751     8.660254038E-03    -9.000000000E-03     2.916666667E-03
      752     9.410254038E-03    -8.799038106E-03     2.916666667E-03
      753     8.660254038E-03    -9.000000000E-03     3.541666667E-03
      754     7.794228634E-03    -9.000000000E-03     2.916666667E-03
      755     1.058380097E-02    -9.615188749E-03     2.708629996E-03
      756     6.745835225E-03    -1.000000000E-02     2.916666667E-03
      757     7.173553944E-03    -9.394119421E-03     2.418718434E-03
      758     7.361215932E-03    -9.500000000E-03     3.541666667E-03
      759     7.794228634E-03    -1.000000000E-02     8.333333333E-04
      760     8.660254038E-03    -9.000000000E-03     2.083333333E-03
      761     9.410254038E-03    -8.799038106E-03     2.083333333E-03
      762     7.794228634E-03    -9.000000000E-03     2.083333333E-03
      763     1.058380104E-02    -9.615188722E-03     1.875296642E-03
      764     8.195970879E-03    -8.853777766E-03     8.333333333E-04
      765     6.745835225E-03    -1.000000000E-02     2.083333333E-03
      766     7.173553944E-03    -9.394119421E-03     1.585385101E-03
      767     4.763139721E-03     1.175000000E-02     0.000000000E+00
      768     4.330127019E-03     1.250000000E-02     8.333333333E-04
      769     3.830222216E-03     1.321393805E-02     0.000000000E+00
      770     3.786034355E-03     1.156126978E-02     0.000000000E+00
      771     1.169134295E-02    -2.500000000E-04     0.000000000E+00
      772     1.142548404E-02    -1.779407008E-03     0.000000000E+00
      773     1.181162426E-02    -4.583333414E-04     1.250000000E-03
      774     1.147483660E-02    -8.750000000E-04     6.250000000E-04
      775     1.082531755E-02     1.250000000E-03     0.000000000E+00
      776     9.760813070E-03     3.075612275E-04     0.000000000E+00
      777     1.099247134E-02    -1.029407008E-03     0.000000000E+00
      778     1.137861156E-02     2.916666586E-04     1.250000000E-03
      779     1.009794869E-02     1.319933927E-03     6.510416667E-04
      780     1.104182390E-02    -1.250000000E-04     6.250000000E-04
      781     9.959292144E-03     2.750000000E-03     0.000000000E+00
      782     9.327800369E-03     1.057561228E-03     0.000000000E+00
      783     1.094559886E-02     1.041666659E-03     1.250000000E-03
      784     1.017579854E-02     2.374999927E-03     1.250000000E-03
      785     9.664935990E-03     2.069933927E-03     6.510416667E-04
      786     9.093266740E-03     4.250000000E-03     0.000000000E+00
      787     7.974650542E-03     3.041666667E-03     0.000000000E+00
      788     8.894787667E-03     1.807561228E-03     0.000000000E+00
      789     9.742785835E-03     3.124999927E-03     1.250000000E-03
      790     8.876760387E-03     4.625000003E-03     1.250000000E-03
      791     9.231923288E-03     2.819933927E-03     6.510416667E-04
      792     8.227241336E-03     5.750000000E-03     0.000000000E+00
      793     7.794228634E-03     4.500000000E-03     1.250000000E-03
      794     7.361215932E-03     5.250000000E-03     1.250000000E-03
      795     7.541637840E-03     3.791666667E-03     0.000000000E+00
      796     6.779650219E-03     5.132175739E-03     0.000000000E+00
      797     8.443747685E-03     5.375000003E-03     1.250000000E-03
      798     8.798910586E-03     3.569933927E-03     6.510416667E-04
      799     7.361215932E-03     7.250000000E-03     0.000000000E+00
      800     6.928203230E-03     6.000000000E-03     1.250000000E-03
      801     6.495190528E-03     6.750000000E-03     1.250000000E-03
      802     6.346637518E-03     5.882175739E-03     0.000000000E+00
      803     8.010734983E-03     6.125000003E-03     1.250000000E-03
      804     6.495190528E-03     8.750000000E-03     0.000000000E+00
      805     6.062177826E-03     7.500000000E-03     1.250000000E-03
      806     5.629165125E-03     8.250000000E-03     1.250000000E-03
      807     5.251678514E-03     7.956804965E-03     0.000000000E+00
      808     5.913624816E-03     6.632175739E-03     0.000000000E+00
      809     7.577722281E-03     6.875000003E-03     1.250000000E-03
      810     6.586374531E-03     8.592064674E-03     1.250000000E-03
      811     5.629165125E-03     1.025000000E-02     0.000000000E+00
      812     5.196152423E-03     9.000000000E-03     1.250000000E-03
      813     4.818665812E-03     8.706804965E-03     0.000000000E+00
      814     6.153361829E-03     9.342064674E-03     1.250000000E-03
      815     4.763139721E-03     1.175000000E-02     8.333333333E-04
      816     4.763139721E-03     9.750000000E-03     1.250000000E-03
      817     4.330127019E-03     1.050000000E-02     1.250000000E-03
      818     4.385653111E-03     9.456804965E-03     0.000000000E+00
      819     4.219047056E-03     1.081126978E-02     0.000000000E+00
      820     5.720349127E-03     1.009206467E-02     1.250000000E-03
      821     4.330127019E-03     1.250000000E-02     4.166666667E-03
      822     4.763139721E-03     1.175000000E-02     5.000000000E-03
      823     3.830222216E-03     1.321393805E-02     5.000000000E-03
      824     3.464101615E-03     1.200000000E-02     5.000000000E-03
      825     3.464101615E-03     1.200000000E-02     4.375000000E-03
      826     4.330127019E-03     1.250000000E-02     2.500000000E-03
      827     4.763139721E-03     1.175000000E-02     4.166666667E-03
      828     3.830222216E-03     1.321393805E-02     4.166666667E-03
      829     3.464101615E-03     1.200000000E-02     2.916666667E-03
      830     2.915063509E-03     1.254903811E-02     2.916666667E-03
      831     3.464101615E-03     1.200000000E-02     3.541666667E-03
      832     3.897114317E-03     1.125000000E-02     2.916666667E-03
      833     3.035097274E-03     1.397343485E-02     2.708629996E-03
      834     5.287336425E-03     1.084206467E-02     2.916666667E-03
      835     4.579870155E-03     1.106056784E-02     3.609261482E-03
      836     3.830222216E-03     1.321393805E-02     8.333333333E-04
      837     3.464101615E-03     1.200000000E-02     2.083333333E-03
      838     2.915063509E-03     1.254903811E-02     2.083333333E-03
      839     3.897114317E-03     1.125000000E-02     2.083333333E-03
      840     3.035097176E-03     1.397343493E-02     1.875296642E-03
      841     3.786034355E-03     1.156126978E-02     8.333333333E-04
      842     5.287336425E-03     1.084206467E-02     2.083333333E-03
      843     1.169134295E-02    -2.500000000E-04     5.000000000E-03
      844     1.125833025E-02    -1.500000000E-03     5.000000000E-03
      845     1.082531755E-02    -7.500000000E-04     5.000000000E-03
      846     1.125833025E-02    -1.500000000E-03     3.750000000E-03
      847     1.181162426E-02    -4.583333414E-04     3.750000000E-03
      848     1.116772947E-02    -4.078896661E-04     4.415509259E-03
      849     1.082531755E-02     1.250000000E-03     5.000000000E-03
      850     1.039230485E-02     2.753353101E-17     5.000000000E-03
      851     9.959292144E-03     7.500000000E-04     5.000000000E-03
      852     1.137861156E-02     2.916666586E-04     3.750000000E-03
      853     1.073471677E-02     3.421103339E-04     4.415509259E-03
      854     9.959292144E-03     2.750000000E-03     5.000000000E-03
      855     9.526279442E-03     1.500000000E-03     5.000000000E-03
      856     9.093266740E-03     2.250000000E-03     5.000000000E-03
      857     1.094559886E-02     1.041666659E-03     3.750000000E-03
      858     1.017579854E-02     2.374999927E-03     3.750000000E-03
      859     1.030170407E-02     1.092110334E-03     4.415509259E-03
      860     9.093266740E-03     4.250000000E-03     5.000000000E-03
      861     8.660254038E-03     3.000000000E-03     5.000000000E-03
      862     8.227241336E-03     3.750000000E-03     5.000000000E-03
      863     8.660254038E-03     3.000000000E-03     3.750000000E-03
      864     8.227241336E-03     3.750000000E-03     3.750000000E-03
      865     9.742785835E-03     3.124999927E-03     3.750000000E-03
      866     8.876760387E-03     4.625000003E-03     3.750000000E-03
      867     8.227241336E-03     5.750000000E-03     5.000000000E-03
      868     7.794228634E-03     4.500000000E-03     5.000000000E-03
      869     7.361215932E-03     5.250000000E-03     5.000000000E-03
      870     8.443747685E-03     5.375000003E-03     3.750000000E-03
      871     7.361215932E-03     7.250000000E-03     5.000000000E-03
      872     6.928203230E-03     6.000000000E-03     5.000000000E-03
      873     6.495190528E-03     6.750000000E-03     5.000000000E-03
      874     8.010734983E-03     6.125000003E-03     3.750000000E-03
      875     6.947343748E-03     6.855634928E-03     4.376428898E-03
      876     6.495190528E-03     8.750000000E-03     5.000000000E-03
      877     6.062177826E-03     7.500000000E-03     5.000000000E-03
      878     5.629165125E-03     8.250000000E-03     5.000000000E-03
      879     7.577722281E-03     6.875000003E-03     3.750000000E-03
      880     6.586374531E-03     8.592064674E-03     3.750000000E-03
      881     5.878908261E-03     8.810567843E-03     4.442594815E-03
      882     6.514331047E-03     7.605634928E-03     4.376428898E-03
      883     5.629165125E-03     1.025000000E-02     5.000000000E-03
      884     5.196152423E-03     9.000000000E-03     5.000000000E-03
      885     4.763139721E-03     9.750000000E-03     5.000000000E-03
      886     6.153361829E-03     9.342064674E-03     3.750000000E-03
      887     5.445895559E-03     9.560567843E-03     4.442594815E-03
      888     3.897114317E-03     1.125000000E-02     5.000000000E-03
      889     4.330127019E-03     1.050000000E-02     5.000000000E-03
      890     3.897114317E-03     1.125000000E-02     4.375000000E-03
      891     5.720349127E-03     1.009206467E-02     3.750000000E-03
      892     5.012882857E-03     1.031056784E-02     4.442594815E-03
      893    -3.830222216E-03     1.321393805E-02     0.000000000E+00
      894    -4.330127019E-03     1.250000000E-02     8.333333333E-04
      895    -4.763139721E-03     1.175000000E-02     0.000000000E+00
      896    -3.478483653E-03     1.077437487E-02     0.000000000E+00
      897    -2.278804293E-03     1.211211586E-02     0.000000000E+00
      898    -3.625524761E-03     1.240075763E-02     6.573751458E-04
      899     2.500000000E-03     1.433012702E-02     0.000000000E+00
      900     2.906007130E-03     1.266511111E-02     1.250000000E-03
      901     2.356969024E-03     1.321414921E-02     1.250000000E-03
      902     2.299007336E-03     1.444010870E-02     1.041963309E-03
      903     1.493228241E-03     1.277722697E-02     0.000000000E+00
      904     3.227939869E-03     1.222638089E-02     0.000000000E+00
      905     2.455641619E-03     1.202588016E-02     6.250000000E-04
      906     8.682408883E-04     1.492403877E-02     0.000000000E+00
      907     1.605050358E-03     1.364826966E-02     1.250000000E-03
      908     8.550503583E-04     1.384923155E-02     1.250000000E-03
      909     1.493063636E-03     1.477187185E-02     1.041963309E-03
      910     7.413095746E-04     1.321134741E-02     0.000000000E+00
      911    -8.682408883E-04     1.492403877E-02     0.000000000E+00
      912     8.342592508E-18     1.400000000E-02     1.250000000E-03
      913     6.417537932E-04     1.495864418E-02     1.041963309E-03
      914    -1.050115638E-03     1.488848209E-02     1.601335645E-03
      915    -1.137407837E-04     1.336211586E-02     0.000000000E+00
      916    -2.500000000E-03     1.433012702E-02     0.000000000E+00
      917    -8.550503583E-04     1.384923155E-02     1.250000000E-03
      918    -1.605050358E-03     1.364826966E-02     1.250000000E-03
      919    -1.883037867E-03     1.463186446E-02     1.601335645E-03
      920    -9.687911420E-04     1.321134741E-02     0.000000000E+00
      921    -2.315511609E-03     1.349998918E-02     6.573751458E-04
      922    -3.830222216E-03     1.321393805E-02     8.333333333E-04
      923    -2.658745167E-03     1.423450990E-02     1.601335645E-03
      924    -1.720709808E-03     1.277722697E-02     0.000000000E+00
      925    -3.067430275E-03     1.306586873E-02     6.573751458E-04
      926    -4.330127019E-03     1.250000000E-02     4.166666667E-03
      927    -3.830222216E-03     1.321393805E-02     5.000000000E-03
      928    -4.763139721E-03     1.175000000E-02     5.000000000E-03
      929    -3.464101615E-03     1.200000000E-02     5.000000000E-03
      930    -3.897114317E-03     1.125000000E-02     5.000000000E-03
      931    -3.464101615E-03     1.200000000E-02     4.375000000E-03
      932    -4.330127019E-03     1.250000000E-02     2.500000000E-03
      933    -3.830222216E-03     1.321393805E-02     4.166666667E-03
      934    -4.763139721E-03     1.175000000E-02     4.166666667E-03
      935    -3.464101615E-03     1.200000000E-02     2.916666667E-03
      936    -3.897114317E-03     1.125000000E-02     2.916666667E-03
      937    -3.464101615E-03     1.200000000E-02     3.541666667E-03
      938    -2.915063509E-03     1.254903811E-02     2.916666667E-03
      939    -3.353667830E-03     1.370849189E-02     3.268002331E-03
      940    -5.075871112E-03     1.120833334E-02     2.916666667E-03
      941    -3.625524761E-03     1.240075763E-02     2.324041813E-03
      942    -4.763139721E-03     1.175000000E-02     8.333333333E-04
      943    -3.897114317E-03     1.125000000E-02     2.083333333E-03
      944    -3.353667830E-03     1.370849189E-02     2.434669018E-03
      945    -5.075871112E-03     1.120833334E-02     2.083333333E-03
      946    -3.625524761E-03     1.240075763E-02     1.490708479E-03
      947     2.500000000E-03     1.433012702E-02     5.000000000E-03
      948     2.906007130E-03     1.266511111E-02     5.000000000E-03
      949     2.356969024E-03     1.321414921E-02     5.000000000E-03
      950     2.356969024E-03     1.321414921E-02     3.750000000E-03
      951     2.906007130E-03     1.266511111E-02     4.375000000E-03
      952     2.299007336E-03     1.444010870E-02     3.541963309E-03
      953     8.682408883E-04     1.492403877E-02     5.000000000E-03
      954     1.605050358E-03     1.364826966E-02     5.000000000E-03
      955     8.550503583E-04     1.384923155E-02     5.000000000E-03
      956     1.605050358E-03     1.364826966E-02     3.750000000E-03
      957     8.550503583E-04     1.384923155E-02     3.750000000E-03
      958     1.493063636E-03     1.477187185E-02     3.541963309E-03
      959    -8.682408883E-04     1.492403877E-02     5.000000000E-03
      960     8.342592508E-18     1.400000000E-02     5.000000000E-03
      961     8.342592508E-18     1.400000000E-02     3.750000000E-03
      962     6.417537243E-04     1.495864419E-02     3.541963309E-03
      963    -1.050115638E-03     1.488848209E-02     4.101335645E-03
      964    -2.500000000E-03     1.433012702E-02     5.000000000E-03
      965    -8.550503583E-04     1.384923155E-02     5.000000000E-03
      966    -1.605050358E-03     1.364826966E-02     5.000000000E-03
      967    -1.883037867E-03     1.463186446E-02     4.101335645E-03
      968    -2.906007130E-03     1.266511111E-02     5.000000000E-03
      969    -2.356969024E-03     1.321414921E-02     5.000000000E-03
      970    -2.906007130E-03     1.266511111E-02     4.375000000E-03
      971    -2.658745167E-03     1.423450990E-02     4.101335645E-03
      972    -1.255736835E-02    -1.750000000E-03     0.000000000E+00
      973    -1.299038106E-02    -2.500000000E-03     8.333333333E-04
      974    -1.327965170E-02    -3.086582838E-03     0.000000000E+00
      975    -1.185507284E-02    -3.135806746E-03     0.000000000E+00
      976    -5.629165125E-03     1.025000000E-02     0.000000000E+00
      977    -4.330127019E-03     1.050000000E-02     1.250000000E-03
      978    -4.763139721E-03     9.750000000E-03     1.250000000E-03
      979    -3.911496355E-03     1.002437487E-02     0.000000000E+00
      980    -5.508883814E-03     1.045833334E-02     1.250000000E-03
      981    -4.058537462E-03     1.165075763E-02     6.573751458E-04
      982    -6.495190528E-03     8.750000000E-03     0.000000000E+00
      983    -5.196152423E-03     9.000000000E-03     1.250000000E-03
      984    -4.344509057E-03     9.274374870E-03     0.000000000E+00
      985    -5.294866863E-03     7.855240798E-03     0.000000000E+00
      986    -5.941896516E-03     9.708333341E-03     1.250000000E-03
      987    -6.290485591E-03     8.016094761E-03     6.581439394E-04
      988    -7.361215932E-03     7.250000000E-03     0.000000000E+00
      989    -5.727879564E-03     7.105240798E-03     0.000000000E+00
      990    -6.374909218E-03     8.958333341E-03     1.250000000E-03
      991    -7.144709539E-03     7.625000073E-03     1.250000000E-03
      992    -6.723498293E-03     7.266094761E-03     6.581439394E-04
      993    -8.227241336E-03     5.750000000E-03     0.000000000E+00
      994    -7.131618398E-03     4.876416140E-03     0.000000000E+00
      995    -6.160892266E-03     6.355240798E-03     0.000000000E+00
      996    -7.577722241E-03     6.875000073E-03     1.250000000E-03
      997    -8.443747689E-03     5.374999997E-03     1.250000000E-03
      998    -7.156510995E-03     6.516094761E-03     6.581439394E-04
      999    -9.093266740E-03     4.250000000E-03     0.000000000E+00
     1000    -7.794228634E-03     4.500000000E-03     1.250000000E-03
     1001    -8.227241336E-03     3.750000000E-03     1.250000000E-03
     1002    -7.564631100E-03     4.126416140E-03     0.000000000E+00
     1003    -8.876760391E-03     4.624999997E-03     1.250000000E-03
     1004    -7.589523697E-03     5.766094761E-03     6.581439394E-04
     1005    -9.959292144E-03     2.750000000E-03     0.000000000E+00
     1006    -8.660254038E-03     3.000000000E-03     1.250000000E-03
     1007    -9.093266740E-03     2.250000000E-03     1.250000000E-03
     1008    -7.997643802E-03     3.376416140E-03     0.000000000E+00
     1009    -9.043276756E-03     1.707927425E-03     0.000000000E+00
     1010    -9.309773093E-03     3.874999997E-03     1.250000000E-03
     1011    -1.082531755E-02     1.250000000E-03     0.000000000E+00
     1012    -9.526279442E-03     1.500000000E-03     1.250000000E-03
     1013    -9.476289458E-03     9.579274254E-04     0.000000000E+00
     1014    -9.742785795E-03     3.124999997E-03     1.250000000E-03
     1015    -1.073413354E-02     1.407935326E-03     1.250000000E-03
     1016    -1.169134295E-02    -2.500000000E-04     0.000000000E+00
     1017    -9.959292144E-03     7.500000000E-04     1.250000000E-03
     1018    -1.039230485E-02     3.463895837E-17     1.250000000E-03
     1019    -9.909302160E-03     2.079274254E-04     0.000000000E+00
     1020    -1.116714625E-02     6.579353255E-04     1.250000000E-03
     1021    -1.255736835E-02    -1.750000000E-03     8.333333333E-04
     1022    -1.082531755E-02    -7.500000000E-04     1.250000000E-03
     1023    -1.125833025E-02    -1.500000000E-03     1.250000000E-03
     1024    -1.142206014E-02    -2.385806746E-03     0.000000000E+00
     1025    -1.034231486E-02    -5.420725746E-04     0.000000000E+00
     1026    -1.160015895E-02    -9.206467448E-05     1.250000000E-03
     1027    -1.299038106E-02    -2.500000000E-03     4.166666667E-03
     1028    -1.255736835E-02    -1.750000000E-03     5.000000000E-03
     1029    -1.327965170E-02    -3.086582838E-03     5.000000000E-03
     1030    -1.212435565E-02    -3.000000000E-03     5.000000000E-03
     1031    -1.169134295E-02    -2.250000000E-03     5.000000000E-03
     1032    -1.212435565E-02    -3.000000000E-03     4.375000000E-03
     1033    -1.299038106E-02    -2.500000000E-03     2.500000000E-03
     1034    -1.255736835E-02    -1.750000000E-03     4.166666667E-03
     1035    -1.327965170E-02    -3.086582838E-03     4.166666667E-03
     1036    -1.212435565E-02    -3.000000000E-03     2.916666667E-03
     1037    -1.232531755E-02    -3.750000000E-03     2.916666667E-03
     1038    -1.212435565E-02    -3.000000000E-03     3.541666667E-03
     1039    -1.169134295E-02    -2.250000000E-03     2.916666667E-03
     1040    -1.203317165E-02    -8.420646745E-04     2.916666667E-03
     1041    -1.327965170E-02    -3.086582838E-03     8.333333333E-04
     1042    -1.212435565E-02    -3.000000000E-03     2.083333333E-03
     1043    -1.232531755E-02    -3.750000000E-03     2.083333333E-03
     1044    -1.169134295E-02    -2.250000000E-03     2.083333333E-03
     1045    -1.185507284E-02    -3.135806746E-03     8.333333333E-04
     1046    -1.203317165E-02    -8.420646745E-04     2.083333333E-03
     1047    -5.629165125E-03     1.025000000E-02     5.000000000E-03
     1048    -4.330127019E-03     1.050000000E-02     5.000000000E-03
     1049    -4.763139721E-03     9.750000000E-03     5.000000000E-03
     1050    -4.330127019E-03     1.050000000E-02     3.750000000E-03
     1051    -3.897114317E-03     1.125000000E-02     4.375000000E-03
     1052    -5.508883814E-03     1.045833334E-02     3.750000000E-03
     1053    -6.495190528E-03     8.750000000E-03     5.000000000E-03
     1054    -5.196152423E-03     9.000000000E-03     5.000000000E-03
     1055    -5.629165125E-03     8.250000000E-03     5.000000000E-03
     1056    -5.941896516E-03     9.708333341E-03     3.750000000E-03
     1057    -5.875741798E-03     8.739583340E-03     4.427083333E-03
     1058    -7.361215932E-03     7.250000000E-03     5.000000000E-03
     1059    -6.062177826E-03     7.500000000E-03     5.000000000E-03
     1060    -6.495190528E-03     6.750000000E-03     5.000000000E-03
     1061    -6.374909218E-03     8.958333341E-03     3.750000000E-03
     1062    -7.144709539E-03     7.625000073E-03     3.750000000E-03
     1063    -6.308754500E-03     7.989583340E-03     4.427083333E-03
     1064    -8.227241336E-03     5.750000000E-03     5.000000000E-03
     1065    -6.928203230E-03     6.000000000E-03     5.000000000E-03
     1066    -7.361215932E-03     5.250000000E-03     5.000000000E-03
     1067    -6.928203230E-03     6.000000000E-03     3.750000000E-03
     1068    -7.361215932E-03     5.250000000E-03     3.750000000E-03
     1069    -7.577722241E-03     6.875000073E-03     3.750000000E-03
     1070    -8.443747689E-03     5.374999997E-03     3.750000000E-03
     1071    -9.093266740E-03     4.250000000E-03     5.000000000E-03
     1072    -7.794228634E-03     4.500000000E-03     5.000000000E-03
     1073    -8.227241336E-03     3.750000000E-03     5.000000000E-03
     1074    -7.794228634E-03     4.500000000E-03     3.750000000E-03
     1075    -8.876760391E-03     4.624999997E-03     3.750000000E-03
     1076    -9.959292144E-03     2.750000000E-03     5.000000000E-03
     1077    -8.660254038E-03     3.000000000E-03     5.000000000E-03
     1078    -9.093266740E-03     2.250000000E-03     5.000000000E-03
     1079    -9.309773093E-03     3.874999997E-03     3.750000000E-03
     1080    -9.422455730E-03     2.624272388E-03     4.409722222E-03
     1081    -1.082531755E-02     1.250000000E-03     5.000000000E-03
     1082    -9.526279442E-03     1.500000000E-03     5.000000000E-03
     1083    -9.742785795E-03     3.124999997E-03     3.750000000E-03
     1084    -1.073413354E-02     1.407935326E-03     3.750000000E-03
     1085    -9.855468432E-03     1.874272388E-03     4.409722222E-03
     1086    -1.169134295E-02    -2.500000000E-04     5.000000000E-03
     1087    -9.959292144E-03     7.500000000E-04     5.000000000E-03
     1088    -1.039230485E-02     3.463895837E-17     5.000000000E-03
     1089    -1.116714625E-02     6.579353255E-04     3.750000000E-03
     1090    -1.028848113E-02     1.124272388E-03     4.409722222E-03
     1091    -1.082531755E-02    -7.500000000E-04     5.000000000E-03
     1092    -1.125833025E-02    -1.500000000E-03     5.000000000E-03
     1093    -1.169134295E-02    -2.250000000E-03     4.375000000E-03
     1094    -1.125833025E-02    -1.500000000E-03     3.750000000E-03
     1095    -1.160015895E-02    -9.206467448E-05     3.750000000E-03
     1096    -1.237410671E-02    -3.602952387E-03     5.000000000E-03
     1097    -1.257506860E-02    -4.352952387E-03     5.000000000E-03
     1098    -1.237410671E-02    -3.602952387E-03     4.375000000E-03
     1099    -1.257506860E-02    -4.352952387E-03     1.250000000E-03
     1100    -1.210482390E-02    -3.738759134E-03     0.000000000E+00
     1101    -6.062177826E-03    -1.000000000E-02     0.000000000E+00
     1102    -6.928203230E-03    -9.000000000E-03     1.250000000E-03
     1103    -7.622088548E-03    -8.677002031E-03     0.000000000E+00
     1104    -5.985431595E-03    -8.772696751E-03     0.000000000E+00
     1105    -6.302740448E-03    -1.000000000E-02     1.250000000E-03
     1106    -5.598073970E-03    -9.478816098E-03     6.723484848E-04
     1107    -4.330127019E-03    -1.000000000E-02     0.000000000E+00
     1108    -5.119406191E-03    -8.772696751E-03     0.000000000E+00
     1109    -5.436715044E-03    -1.000000000E-02     1.250000000E-03
     1110    -4.732048566E-03    -9.478816098E-03     6.723484848E-04
     1111    -2.598076211E-03    -1.000000000E-02     0.000000000E+00
     1112    -4.253380787E-03    -8.772696751E-03     0.000000000E+00
     1113    -2.933567316E-03    -8.758969537E-03     0.000000000E+00
     1114    -4.570689640E-03    -1.000000000E-02     1.250000000E-03
     1115    -3.031088997E-03    -1.000000000E-02     1.250000000E-03
     1116    -3.866023162E-03    -9.478816098E-03     6.723484848E-04
     1117    -8.660254038E-04    -1.000000000E-02     0.000000000E+00
     1118    -1.732050808E-03    -9.000000000E-03     1.250000000E-03
     1119    -8.660254038E-04    -9.000000000E-03     1.250000000E-03
     1120    -6.119150195E-04    -8.592120796E-03     0.000000000E+00
     1121    -2.067541913E-03    -8.758969537E-03     0.000000000E+00
     1122    -2.165063594E-03    -1.000000000E-02     1.250000000E-03
     1123    -4.330126980E-04    -1.000000000E-02     1.250000000E-03
     1124    -2.999997758E-03    -9.478816098E-03     6.723484848E-04
     1125     8.660254038E-04    -1.000000000E-02     0.000000000E+00
     1126     3.108624469E-18    -9.000000000E-03     1.250000000E-03
     1127     2.541103843E-04    -8.592120796E-03     0.000000000E+00
     1128     4.330127058E-04    -1.000000000E-02     1.250000000E-03
     1129     1.299038106E-03    -9.500000000E-03     6.250000000E-04
     1130     2.598076211E-03    -1.000000000E-02     0.000000000E+00
     1131     1.120135788E-03    -8.592120796E-03     0.000000000E+00
     1132     2.385967062E-03    -9.186172582E-03     0.000000000E+00
     1133     1.299038110E-03    -1.000000000E-02     1.250000000E-03
     1134     2.165063509E-03    -9.500000000E-03     6.250000000E-04
     1135     4.330127019E-03    -1.000000000E-02     0.000000000E+00
     1136     3.251992465E-03    -9.186172582E-03     0.000000000E+00
     1137     2.165063513E-03    -1.000000000E-02     1.250000000E-03
     1138     4.147759014E-03    -1.000000000E-02     1.250000000E-03
     1139     3.031088913E-03    -9.500000000E-03     6.250000000E-04
     1140     6.062177826E-03    -1.000000000E-02     0.000000000E+00
     1141     4.763139750E-03    -8.000000000E-03     0.000000000E+00
     1142     6.463920072E-03    -8.853777766E-03     0.000000000E+00
     1143     4.118017869E-03    -9.186172582E-03     0.000000000E+00
     1144     5.013784417E-03    -1.000000000E-02     1.250000000E-03
     1145     5.441503136E-03    -9.394119421E-03     7.520517677E-04
     1146     3.897114317E-03    -9.500000000E-03     6.250000000E-04
     1147     7.329945476E-03    -8.853777766E-03     0.000000000E+00
     1148     5.879809821E-03    -1.000000000E-02     1.250000000E-03
     1149     6.307528540E-03    -9.394119421E-03     7.520517677E-04
     1150    -6.062177826E-03    -1.000000000E-02     5.000000000E-03
     1151    -6.928203230E-03    -9.000000000E-03     5.000000000E-03
     1152    -6.062177826E-03    -9.000000000E-03     5.000000000E-03
     1153    -6.928203230E-03    -9.000000000E-03     3.750000000E-03
     1154    -7.794228634E-03    -9.000000000E-03     4.375000000E-03
     1155    -6.302740448E-03    -1.000000000E-02     3.750000000E-03
     1156    -4.330127019E-03    -1.000000000E-02     5.000000000E-03
     1157    -5.196152423E-03    -9.000000000E-03     5.000000000E-03
     1158    -4.330127019E-03    -9.000000000E-03     5.000000000E-03
     1159    -5.436715044E-03    -1.000000000E-02     3.750000000E-03
     1160    -4.637208448E-03    -9.461997007E-03     4.310093119E-03
     1161    -2.598076211E-03    -1.000000000E-02     5.000000000E-03
     1162    -3.464101615E-03    -9.000000000E-03     5.000000000E-03
     1163    -2.598076211E-03    -9.000000000E-03     5.000000000E-03
     1164    -4.570689640E-03    -1.000000000E-02     3.750000000E-03
     1165    -3.031088997E-03    -1.000000000E-02     3.750000000E-03
     1166    -3.771183045E-03    -9.461997007E-03     4.310093119E-03
     1167    -8.660254038E-04    -1.000000000E-02     5.000000000E-03
     1168    -1.732050808E-03    -9.000000000E-03     5.000000000E-03
     1169    -8.660254038E-04    -9.000000000E-03     5.000000000E-03
     1170    -1.732050808E-03    -9.000000000E-03     3.750000000E-03
     1171    -2.165063594E-03    -1.000000000E-02     3.750000000E-03
     1172    -4.330126980E-04    -1.000000000E-02     3.750000000E-03
     1173     8.660254038E-04    -1.000000000E-02     5.000000000E-03
     1174     3.108624469E-18    -9.000000000E-03     5.000000000E-03
     1175     4.330127058E-04    -1.000000000E-02     3.750000000E-03
     1176     2.598076211E-03    -1.000000000E-02     5.000000000E-03
     1177     8.660254038E-04    -9.000000000E-03     5.000000000E-03
     1178     1.732050808E-03    -9.000000000E-03     5.000000000E-03
     1179     1.299038110E-03    -1.000000000E-02     3.750000000E-03
     1180     4.330127019E-03    -1.000000000E-02     5.000000000E-03
     1181     2.598076211E-03    -9.000000000E-03     5.000000000E-03
     1182     3.464101615E-03    -9.000000000E-03     5.000000000E-03
     1183     2.165063513E-03    -1.000000000E-02     3.750000000E-03
     1184     4.147759014E-03    -1.000000000E-02     3.750000000E-03
     1185     3.350561224E-03    -9.500000000E-03     4.261067708E-03
     1186     6.062177826E-03    -1.000000000E-02     5.000000000E-03
     1187     4.330127019E-03    -9.000000000E-03     5.000000000E-03
     1188     5.196152423E-03    -9.000000000E-03     5.000000000E-03
     1189     5.013784417E-03    -1.000000000E-02     3.750000000E-03
     1190     5.629165125E-03    -9.500000000E-03     4.375000000E-03
     1191     4.216586627E-03    -9.500000000E-03     4.261067708E-03
     1192     6.062177826E-03    -9.000000000E-03     5.000000000E-03
     1193     6.928203230E-03    -9.000000000E-03     5.000000000E-03
     1194     7.794228634E-03    -9.000000000E-03     4.375000000E-03
     1195     5.879809821E-03    -1.000000000E-02     3.750000000E-03
     1196     6.495190528E-03    -9.500000000E-03     4.375000000E-03
     1197     3.031088913E-03     1.075000000E-02     5.000000000E-03
     1198     2.121320344E-03     1.212132034E-02     5.000000000E-03
     1199     2.598076211E-03     1.150000000E-02     4.375000000E-03
     1200     9.959292144E-03    -1.250000000E-03     5.000000000E-03
     1201     1.039230485E-02    -2.000000000E-03     3.750000000E-03
     1202     9.959292144E-03    -1.250000000E-03     3.750000000E-03
     1203     1.030170407E-02    -9.078896661E-04     4.415509259E-03
     1204     9.093266740E-03     2.500000000E-04     5.000000000E-03
     1205     9.526279442E-03    -5.000000000E-04     3.750000000E-03
     1206     9.093266740E-03     2.500000000E-04     3.750000000E-03
     1207     9.868691367E-03    -1.578896661E-04     4.415509259E-03
     1208     8.227241336E-03     1.750000000E-03     5.000000000E-03
     1209     8.660254038E-03     1.000000000E-03     3.750000000E-03
     1210     8.227241336E-03     1.750000000E-03     3.750000000E-03
     1211     9.309773133E-03     1.874999927E-03     3.750000000E-03
     1212     9.435678665E-03     5.921103339E-04     4.415509259E-03
     1213     7.361215932E-03     3.250000000E-03     5.000000000E-03
     1214     7.794228634E-03     2.500000000E-03     3.750000000E-03
     1215     7.361215932E-03     3.250000000E-03     3.750000000E-03
     1216     8.876760431E-03     2.624999927E-03     3.750000000E-03
     1217     6.495190528E-03     4.750000000E-03     5.000000000E-03
     1218     6.928203230E-03     4.000000000E-03     3.750000000E-03
     1219     6.495190528E-03     4.750000000E-03     3.750000000E-03
     1220     7.577722281E-03     4.875000003E-03     3.750000000E-03
     1221     5.629165125E-03     6.250000000E-03     5.000000000E-03
     1222     6.062177826E-03     5.500000000E-03     3.750000000E-03
     1223     5.629165125E-03     6.250000000E-03     3.750000000E-03
     1224     7.144709579E-03     5.625000003E-03     3.750000000E-03
     1225     6.081318345E-03     6.355634928E-03     4.376428898E-03
     1226     4.763139721E-03     7.750000000E-03     5.000000000E-03
     1227     5.196152423E-03     7.000000000E-03     3.750000000E-03
     1228     4.763139721E-03     7.750000000E-03     3.750000000E-03
     1229     5.648305643E-03     7.105634928E-03     4.376428898E-03
     1230     3.897114317E-03     9.250000000E-03     5.000000000E-03
     1231     4.330127019E-03     8.500000000E-03     3.750000000E-03
     1232     3.897114317E-03     9.250000000E-03     3.750000000E-03
     1233     4.579870155E-03     9.060567843E-03     4.442594815E-03
     1234     5.215292941E-03     7.855634928E-03     4.376428898E-03
     1235     3.031088913E-03     1.075000000E-02     4.375000000E-03
     1236     3.464101615E-03     1.000000000E-02     3.750000000E-03
     1237     4.146857454E-03     9.810567843E-03     4.442594815E-03
     1238     9.436711173E-03    -7.897777479E-03     5.000000000E-03
     1239     7.794228634E-03    -8.000000000E-03     5.000000000E-03
     1240     8.660254038E-03    -8.000000000E-03     4.375000000E-03
     1241     1.078157438E-02    -7.121320344E-03     5.000000000E-03
     1242     1.016025404E-02    -7.598076211E-03     3.750000000E-03
     1243     9.436711173E-03    -7.897777479E-03     4.375000000E-03
     1244     1.094649986E-02    -7.420427229E-03     4.462277207E-03
     1245     1.078157434E-02    -7.121320390E-03     3.750000000E-03
     1246     1.125833025E-02    -6.500000000E-03     3.750000000E-03
     1247     1.149553797E-02    -6.871389123E-03     4.462277207E-03
     1248    -7.794228634E-03    -8.000000000E-03     5.000000000E-03
     1249    -9.436711173E-03    -7.897777479E-03     5.000000000E-03
     1250    -8.660254038E-03    -8.000000000E-03     4.375000000E-03
     1251    -6.062177826E-03    -8.000000000E-03     5.000000000E-03
     1252    -6.928203230E-03    -8.000000000E-03     3.750000000E-03
     1253    -7.794228634E-03    -8.000000000E-03     4.375000000E-03
     1254    -4.330127019E-03    -8.000000000E-03     5.000000000E-03
     1255    -6.062177826E-03    -8.000000000E-03     3.750000000E-03
     1256    -5.196152423E-03    -8.000000000E-03     3.750000000E-03
     1257    -5.436715044E-03    -9.000000000E-03     3.750000000E-03
     1258    -4.637208448E-03    -8.461997007E-03     4.310093119E-03
     1259    -2.598076211E-03    -8.000000000E-03     5.000000000E-03
     1260    -4.330127019E-03    -8.000000000E-03     3.750000000E-03
     1261    -3.464101615E-03    -8.000000000E-03     3.750000000E-03
     1262    -3.771183045E-03    -8.461997007E-03     4.310093119E-03
     1263    -8.660254038E-04    -8.000000000E-03     5.000000000E-03
     1264    -2.598076211E-03    -8.000000000E-03     3.750000000E-03
     1265    -1.732050808E-03    -8.000000000E-03     3.750000000E-03
     1266    -2.165063594E-03    -9.000000000E-03     3.750000000E-03
     1267    -2.905157641E-03    -8.461997007E-03     4.310093119E-03
     1268     8.660254038E-04    -8.000000000E-03     5.000000000E-03
     1269    -8.660254038E-04    -8.000000000E-03     3.750000000E-03
     1270     3.108624469E-18    -8.000000000E-03     3.750000000E-03
     1271     4.330127058E-04    -9.000000000E-03     3.750000000E-03
     1272     2.598076211E-03    -8.000000000E-03     5.000000000E-03
     1273     8.660254038E-04    -8.000000000E-03     3.750000000E-03
     1274     1.732050808E-03    -8.000000000E-03     3.750000000E-03
     1275     1.299038110E-03    -9.000000000E-03     3.750000000E-03
     1276     2.484535820E-03    -8.500000000E-03     4.261067708E-03
     1277     4.330127019E-03    -8.000000000E-03     5.000000000E-03
     1278     2.598076211E-03    -8.000000000E-03     3.750000000E-03
     1279     3.464101615E-03    -8.000000000E-03     3.750000000E-03
     1280     4.763139721E-03    -8.500000000E-03     4.375000000E-03
     1281     3.350561224E-03    -8.500000000E-03     4.261067708E-03
     1282     6.062177826E-03    -8.000000000E-03     5.000000000E-03
     1283     4.330127019E-03    -8.000000000E-03     3.750000000E-03
     1284     5.196152423E-03    -8.000000000E-03     3.750000000E-03
     1285     5.629165125E-03    -8.500000000E-03     4.375000000E-03
     1286     7.794228634E-03    -8.000000000E-03     4.375000000E-03
     1287     6.062177826E-03    -8.000000000E-03     3.750000000E-03
     1288     6.928203230E-03    -8.000000000E-03     3.750000000E-03
     1289     6.495190528E-03    -8.500000000E-03     4.375000000E-03
     1290    -1.155803152E-02    -4.223542865E-03     5.000000000E-03
     1291    -1.082531755E-02    -2.750000000E-03     5.000000000E-03
     1292    -1.125833025E-02    -3.500000000E-03     4.375000000E-03
     1293    -1.155803152E-02    -5.776457135E-03     5.000000000E-03
     1294    -1.166025404E-02    -5.000000000E-03     3.750000000E-03
     1295    -1.155803152E-02    -5.776457135E-03     3.750000000E-03
     1296    -1.155803152E-02    -4.223542865E-03     4.375000000E-03
     1297    -1.078157438E-02    -7.121320344E-03     5.000000000E-03
     1298    -1.125833025E-02    -6.500000000E-03     3.750000000E-03
     1299    -1.078157438E-02    -7.121320344E-03     3.750000000E-03
     1300    -1.150687542E-02    -7.713411829E-03     3.773860993E-03
     1301    -9.436711173E-03    -7.897777479E-03     4.375000000E-03
     1302    -1.016025404E-02    -7.598076211E-03     3.750000000E-03
     1303    -3.031088913E-03     1.075000000E-02     5.000000000E-03
     1304    -2.121320344E-03     1.212132034E-02     5.000000000E-03
     1305    -2.598076211E-03     1.150000000E-02     4.375000000E-03
     1306    -3.897114317E-03     9.250000000E-03     5.000000000E-03
     1307    -3.464101615E-03     1.000000000E-02     3.750000000E-03
     1308    -3.031088913E-03     1.075000000E-02     4.375000000E-03
     1309    -4.763139721E-03     7.750000000E-03     5.000000000E-03
     1310    -3.897114317E-03     9.250000000E-03     3.750000000E-03
     1311    -4.330127019E-03     8.500000000E-03     3.750000000E-03
     1312    -5.075871112E-03     9.208333341E-03     3.750000000E-03
     1313    -5.009716394E-03     8.239583340E-03     4.427083333E-03
     1314    -5.629165125E-03     6.250000000E-03     5.000000000E-03
     1315    -4.763139721E-03     7.750000000E-03     3.750000000E-03
     1316    -5.196152423E-03     7.000000000E-03     3.750000000E-03
     1317    -5.442729096E-03     7.489583340E-03     4.427083333E-03
     1318    -6.495190528E-03     4.750000000E-03     5.000000000E-03
     1319    -5.629165125E-03     6.250000000E-03     3.750000000E-03
     1320    -6.062177826E-03     5.500000000E-03     3.750000000E-03
     1321    -6.711696837E-03     6.375000073E-03     3.750000000E-03
     1322    -5.875741798E-03     6.739583340E-03     4.427083333E-03
     1323    -7.361215932E-03     3.250000000E-03     5.000000000E-03
     1324    -6.495190528E-03     4.750000000E-03     3.750000000E-03
     1325    -6.928203230E-03     4.000000000E-03     3.750000000E-03
     1326    -8.227241336E-03     1.750000000E-03     5.000000000E-03
     1327    -7.361215932E-03     3.250000000E-03     3.750000000E-03
     1328    -7.794228634E-03     2.500000000E-03     3.750000000E-03
     1329    -8.443747689E-03     3.374999997E-03     3.750000000E-03
     1330    -8.556430326E-03     2.124272388E-03     4.409722222E-03
     1331    -9.093266740E-03     2.500000000E-04     5.000000000E-03
     1332    -8.227241336E-03     1.750000000E-03     3.750000000E-03
     1333    -8.660254038E-03     1.000000000E-03     3.750000000E-03
     1334    -9.093266740E-03     2.500000000E-04     3.750000000E-03
     1335    -8.989443028E-03     1.374272388E-03     4.409722222E-03
     1336    -9.959292144E-03    -1.250000000E-03     5.000000000E-03
     1337    -9.526279442E-03    -5.000000000E-04     3.750000000E-03
     1338    -9.959292144E-03    -1.250000000E-03     3.750000000E-03
     1339    -1.030112084E-02     1.579353255E-04     3.750000000E-03
     1340    -9.422455730E-03     6.242723880E-04     4.409722222E-03
     1341    -1.082531755E-02    -2.750000000E-03     4.375000000E-03
     1342    -1.039230485E-02    -2.000000000E-03     3.750000000E-03
     1343     7.764571353E-04     1.289777748E-02     5.000000000E-03
     1344     1.500000000E-03     1.259807621E-02     3.750000000E-03
     1345     7.764571353E-04     1.289777748E-02     3.750000000E-03
     1346     2.121320344E-03     1.212132034E-02     4.375000000E-03
     1347    -7.764571353E-04     1.289777748E-02     5.000000000E-03
     1348     1.478188605E-17     1.300000000E-02     3.750000000E-03
     1349    -7.764571353E-04     1.289777748E-02     3.750000000E-03
     1350    -1.026694250E-03     1.377945145E-02     4.101335667E-03
     1351    -2.121320344E-03     1.212132034E-02     4.375000000E-03
     1352    -1.500000000E-03     1.259807621E-02     3.750000000E-03
     1353    -1.776694250E-03     1.357848956E-02     4.101335667E-03
     1354     9.436711173E-03    -7.897777479E-03     2.500000000E-03
     1355     8.660254038E-03    -8.000000000E-03     3.125000000E-03
     1356     7.794228634E-03    -8.000000000E-03     2.500000000E-03
     1357     8.389621070E-03    -6.093750000E-03     2.500000000E-03
     1358     8.195970879E-03    -7.853777766E-03     1.250000000E-03
     1359     1.078157438E-02    -7.121320344E-03     2.500000000E-03
     1360     9.436711173E-03    -7.897777479E-03     3.125000000E-03
     1361     1.118576052E-02    -8.059031493E-03     2.291963309E-03
     1362     9.139621070E-03    -5.892788106E-03     2.500000000E-03
     1363     1.067860140E-02    -6.988994956E-03     1.250000000E-03
     1364     8.945970879E-03    -7.652815872E-03     1.250000000E-03
     1365     1.094649986E-02    -7.420427229E-03     3.212277207E-03
     1366     1.173479863E-02    -7.509993388E-03     2.291963309E-03
     1367     1.245519042E-02    -5.893149536E-03     2.826894132E-03
     1368     9.688659176E-03    -5.343750000E-03     2.500000000E-03
     1369     1.122763951E-02    -6.439956851E-03     1.250000000E-03
     1370     1.186575060E-02    -5.872404997E-03     1.894160378E-03
     1371     1.149553797E-02    -6.871389123E-03     3.212277207E-03
     1372     1.122588174E-02    -5.139703504E-03     1.875000000E-03
     1373     7.794228634E-03    -8.000000000E-03     3.125000000E-03
     1374     7.361215932E-03    -8.500000000E-03     3.750000000E-03
     1375    -7.794228634E-03    -8.000000000E-03     2.500000000E-03
     1376    -8.660254038E-03    -8.000000000E-03     3.125000000E-03
     1377    -9.436711173E-03    -7.897777479E-03     2.500000000E-03
     1378    -8.173115015E-03    -6.468750000E-03     2.500000000E-03
     1379    -8.488113952E-03    -7.677002031E-03     1.250000000E-03
     1380    -6.062177826E-03    -8.000000000E-03     2.500000000E-03
     1381    -7.794228634E-03    -8.000000000E-03     3.125000000E-03
     1382    -7.307089611E-03    -6.468750000E-03     2.500000000E-03
     1383    -7.622088548E-03    -7.677002031E-03     1.250000000E-03
     1384    -5.985431595E-03    -7.772696751E-03     1.250000000E-03
     1385    -6.302740448E-03    -9.000000000E-03     2.500000000E-03
     1386    -5.598073970E-03    -8.478816098E-03     1.922348485E-03
     1387    -4.330127019E-03    -8.000000000E-03     2.500000000E-03
     1388    -6.441064207E-03    -6.468750000E-03     2.500000000E-03
     1389    -4.860715724E-03    -6.135872780E-03     2.500000000E-03
     1390    -3.986456090E-03    -7.018442220E-03     2.500000000E-03
     1391    -5.119406191E-03    -7.772696751E-03     1.250000000E-03
     1392    -5.436715044E-03    -9.000000000E-03     2.500000000E-03
     1393    -4.732048566E-03    -8.478816098E-03     1.922348485E-03
     1394    -4.637208448E-03    -8.461997007E-03     3.060093119E-03
     1395    -2.598076211E-03    -8.000000000E-03     2.500000000E-03
     1396    -3.120430686E-03    -7.018442220E-03     2.500000000E-03
     1397    -4.253380787E-03    -7.772696751E-03     1.250000000E-03
     1398    -2.933567316E-03    -7.758969537E-03     1.250000000E-03
     1399    -3.031088997E-03    -9.000000000E-03     2.500000000E-03
     1400    -3.866023162E-03    -8.478816098E-03     1.922348485E-03
     1401    -3.771183045E-03    -8.461997007E-03     3.060093119E-03
     1402    -8.660254038E-04    -8.000000000E-03     2.500000000E-03
     1403    -2.254405282E-03    -7.018442220E-03     2.500000000E-03
     1404    -2.067541913E-03    -7.758969537E-03     1.250000000E-03
     1405    -2.165063594E-03    -9.000000000E-03     2.500000000E-03
     1406    -4.330126980E-04    -9.000000000E-03     2.500000000E-03
     1407    -2.999997758E-03    -8.478816098E-03     1.922348485E-03
     1408     8.660254038E-04    -8.000000000E-03     2.500000000E-03
     1409     1.232842450E-18    -5.750000000E-03     2.500000000E-03
     1410    -1.388379879E-03    -7.018442220E-03     2.500000000E-03
     1411     9.849697850E-04    -6.936679117E-03     2.500000000E-03
     1412     2.541103843E-04    -7.592120796E-03     1.250000000E-03
     1413    -1.201516509E-03    -7.758969537E-03     1.250000000E-03
     1414     4.330127058E-04    -9.000000000E-03     2.500000000E-03
     1415     1.299038106E-03    -8.500000000E-03     1.875000000E-03
     1416     2.598076211E-03    -8.000000000E-03     2.500000000E-03
     1417     1.850995189E-03    -6.936679117E-03     2.500000000E-03
     1418     1.120135788E-03    -7.592120796E-03     1.250000000E-03
     1419     2.385967062E-03    -8.186172582E-03     1.250000000E-03
     1420     1.299038110E-03    -9.000000000E-03     2.500000000E-03
     1421     2.165063509E-03    -8.500000000E-03     1.875000000E-03
     1422     2.484535820E-03    -8.500000000E-03     3.011067708E-03
     1423     4.330127019E-03    -8.000000000E-03     2.500000000E-03
     1424     4.221873839E-03    -6.437500000E-03     2.500000000E-03
     1425     2.717020593E-03    -6.936679117E-03     2.500000000E-03
     1426     3.897114346E-03    -7.000000000E-03     1.250000000E-03
     1427     3.251992465E-03    -8.186172582E-03     1.250000000E-03
     1428     4.147759014E-03    -9.000000000E-03     2.500000000E-03
     1429     4.575477732E-03    -8.394119421E-03     2.002051768E-03
     1430     3.031088913E-03    -8.500000000E-03     1.875000000E-03
     1431     4.763139721E-03    -8.500000000E-03     3.125000000E-03
     1432     3.350561224E-03    -8.500000000E-03     3.011067708E-03
     1433     6.062177826E-03    -8.000000000E-03     2.500000000E-03
     1434     5.087899243E-03    -6.437500000E-03     2.500000000E-03
     1435     4.763139750E-03    -7.000000000E-03     1.250000000E-03
     1436     5.013784417E-03    -9.000000000E-03     2.500000000E-03
     1437     5.441503136E-03    -8.394119421E-03     2.002051768E-03
     1438     5.629165125E-03    -8.500000000E-03     3.125000000E-03
     1439     5.953924647E-03    -6.437500000E-03     2.500000000E-03
     1440     7.523595667E-03    -6.093750000E-03     2.500000000E-03
     1441     5.629165154E-03    -7.000000000E-03     1.250000000E-03
     1442     7.329945476E-03    -7.853777766E-03     1.250000000E-03
     1443     6.837571788E-03    -6.305558804E-03     1.250000000E-03
     1444     6.307528540E-03    -8.394119421E-03     2.002051768E-03
     1445     6.495190528E-03    -8.500000000E-03     3.125000000E-03
     1446    -9.436711173E-03    -7.897777479E-03     3.125000000E-03
     1447    -1.155803152E-02    -4.223542865E-03     2.500000000E-03
     1448    -1.125833025E-02    -3.500000000E-03     3.125000000E-03
     1449    -1.082531755E-02    -2.750000000E-03     2.500000000E-03
     1450    -9.472153121E-03    -4.218750000E-03     2.500000000E-03
     1451    -1.098904744E-02    -3.635806746E-03     1.250000000E-03
     1452    -1.155803152E-02    -5.776457135E-03     2.500000000E-03
     1453    -1.155803152E-02    -4.223542865E-03     3.125000000E-03
     1454    -9.673115015E-03    -4.968750000E-03     2.500000000E-03
     1455    -1.119000933E-02    -4.385806746E-03     1.250000000E-03
     1456    -1.134152492E-02    -5.862572051E-03     1.250000000E-03
     1457    -1.078157438E-02    -7.121320344E-03     2.500000000E-03
     1458    -1.150687542E-02    -7.713411829E-03     2.523860993E-03
     1459    -9.472153121E-03    -5.718750000E-03     2.500000000E-03
     1460    -1.114056303E-02    -6.612572051E-03     1.250000000E-03
     1461    -1.095783731E-02    -8.262449935E-03     2.523860993E-03
     1462    -8.923115015E-03    -6.267788106E-03     2.500000000E-03
     1463    -9.238113952E-03    -7.476040137E-03     1.250000000E-03
     1464    -1.059152492E-02    -7.161610157E-03     1.250000000E-03
     1465    -1.082531755E-02    -2.750000000E-03     3.125000000E-03
     1466    -3.031088913E-03     1.075000000E-02     2.500000000E-03
     1467    -2.598076211E-03     1.150000000E-02     3.125000000E-03
     1468    -2.121320344E-03     1.212132034E-02     2.500000000E-03
     1469    -1.515544509E-03     1.031250000E-02     2.500000000E-03
     1470    -2.612458249E-03     1.027437487E-02     1.250000000E-03
     1471    -1.412778889E-03     1.161211586E-02     1.250000000E-03
     1472    -2.759499357E-03     1.190075763E-02     1.907375146E-03
     1473    -3.897114317E-03     9.250000000E-03     2.500000000E-03
     1474    -3.031088913E-03     1.075000000E-02     3.125000000E-03
     1475    -1.948557211E-03     9.562500000E-03     2.500000000E-03
     1476    -3.045470951E-03     9.524374870E-03     1.250000000E-03
     1477    -4.642858410E-03     9.958333341E-03     2.500000000E-03
     1478    -3.192512059E-03     1.115075763E-02     1.907375146E-03
     1479    -4.763139721E-03     7.750000000E-03     2.500000000E-03
     1480    -2.381569913E-03     8.812500000E-03     2.500000000E-03
     1481    -2.883463903E-03     7.277439628E-03     2.500000000E-03
     1482    -4.084921307E-03     6.961593309E-03     2.500000000E-03
     1483    -3.478483653E-03     8.774374870E-03     1.250000000E-03
     1484    -4.428841459E-03     7.355240798E-03     1.250000000E-03
     1485    -5.075871112E-03     9.208333341E-03     2.500000000E-03
     1486    -5.424460187E-03     7.516094761E-03     1.908143939E-03
     1487    -5.009716394E-03     8.239583340E-03     3.177083333E-03
     1488    -5.629165125E-03     6.250000000E-03     2.500000000E-03
     1489    -4.517934009E-03     6.211593309E-03     2.500000000E-03
     1490    -4.861854161E-03     6.605240798E-03     1.250000000E-03
     1491    -5.508883814E-03     8.458333341E-03     2.500000000E-03
     1492    -6.278684135E-03     7.125000073E-03     2.500000000E-03
     1493    -5.857472889E-03     6.766094761E-03     1.908143939E-03
     1494    -5.442729096E-03     7.489583340E-03     3.177083333E-03
     1495    -6.495190528E-03     4.750000000E-03     2.500000000E-03
     1496    -4.950946711E-03     5.461593309E-03     2.500000000E-03
     1497    -6.265592995E-03     4.376416140E-03     1.250000000E-03
     1498    -5.294866863E-03     5.855240798E-03     1.250000000E-03
     1499    -6.711696837E-03     6.375000073E-03     2.500000000E-03
     1500    -7.577722285E-03     4.874999997E-03     2.500000000E-03
     1501    -6.290485591E-03     6.016094761E-03     1.908143939E-03
     1502    -7.361215932E-03     3.250000000E-03     2.500000000E-03
     1503    -5.383959413E-03     4.711593309E-03     2.500000000E-03
     1504    -6.499825395E-03     2.615330698E-03     2.500000000E-03
     1505    -6.698605697E-03     3.626416140E-03     1.250000000E-03
     1506    -8.010734987E-03     4.124999997E-03     2.500000000E-03
     1507    -6.723498293E-03     5.266094761E-03     1.908143939E-03
     1508    -8.227241336E-03     1.750000000E-03     2.500000000E-03
     1509    -6.932838096E-03     1.865330698E-03     2.500000000E-03
     1510    -7.131618398E-03     2.876416140E-03     1.250000000E-03
     1511    -8.177251352E-03     1.207927425E-03     1.250000000E-03
     1512    -8.443747689E-03     3.374999997E-03     2.500000000E-03
     1513    -8.556430326E-03     2.124272388E-03     3.159722222E-03
     1514    -9.093266740E-03     2.500000000E-04     2.500000000E-03
     1515    -7.685975552E-03    -4.375000000E-04     2.500000000E-03
     1516    -7.365850798E-03     1.115330698E-03     2.500000000E-03
     1517    -8.610264054E-03     4.579274254E-04     1.250000000E-03
     1518    -8.876760391E-03     2.624999997E-03     2.500000000E-03
     1519    -9.868108141E-03     9.079353255E-04     2.500000000E-03
     1520    -8.989443028E-03     1.374272388E-03     3.159722222E-03
     1521    -9.959292144E-03    -1.250000000E-03     2.500000000E-03
     1522    -8.118988253E-03    -1.187500000E-03     2.500000000E-03
     1523    -9.043276756E-03    -2.920725746E-04     1.250000000E-03
     1524    -1.030112084E-02     1.579353255E-04     2.500000000E-03
     1525    -9.422455730E-03     6.242723880E-04     3.159722222E-03
     1526    -8.552000955E-03    -1.937500000E-03     2.500000000E-03
     1527    -9.039140419E-03    -3.468750000E-03     2.500000000E-03
     1528    -1.055603473E-02    -2.885806746E-03     1.250000000E-03
     1529    -9.476289458E-03    -1.042072575E-03     1.250000000E-03
     1530    -1.073413354E-02    -5.920646745E-04     2.500000000E-03
     1531    -9.418687619E-03    -2.387961414E-03     1.875000000E-03
     1532    -2.121320344E-03     1.212132034E-02     3.125000000E-03
     1533    -2.325732356E-03     1.302945145E-02     3.476335667E-03
     1534     2.121320344E-03     1.212132034E-02     2.500000000E-03
     1535     2.598076211E-03     1.150000000E-02     3.125000000E-03
     1536     3.031088913E-03     1.075000000E-02     2.500000000E-03
     1537     1.082531702E-03     1.031250000E-02     2.500000000E-03
     1538     2.920008951E-03     1.106126978E-02     1.250000000E-03
     1539     2.147710700E-03     1.086076905E-02     1.875000000E-03
     1540     7.764571353E-04     1.289777748E-02     2.500000000E-03
     1541     2.121320344E-03     1.212132034E-02     3.125000000E-03
     1542     1.386445742E-03     1.371666852E-02     2.291963309E-03
     1543     5.334935965E-04     1.086153811E-02     2.500000000E-03
     1544     6.362592163E-04     1.216115397E-02     1.250000000E-03
     1545     1.598672594E-03     1.140980715E-02     1.875000000E-03
     1546    -7.764571353E-04     1.289777748E-02     2.500000000E-03
     1547     6.364457419E-04     1.391763041E-02     2.291963309E-03
     1548    -1.026694250E-03     1.377945145E-02     2.851335667E-03
     1549    -2.165064035E-04     1.106250000E-02     2.500000000E-03
     1550    -1.137407837E-04     1.236211586E-02     1.250000000E-03
     1551    -1.776694250E-03     1.357848956E-02     2.851335667E-03
     1552    -9.665064035E-04     1.086153811E-02     2.500000000E-03
     1553    -8.637407837E-04     1.216115397E-02     1.250000000E-03
     1554    -2.210461251E-03     1.244979573E-02     1.907375146E-03
     1555     3.031088913E-03     1.075000000E-02     3.125000000E-03
     1556     3.713844752E-03     1.056056784E-02     3.817594815E-03
     1557     9.959292144E-03    -1.250000000E-03     2.500000000E-03
     1558     9.255646474E-03    -3.093750000E-03     2.500000000E-03
     1559     1.055945864E-02    -2.279407008E-03     1.250000000E-03
     1560     1.094559886E-02    -9.583333414E-04     2.500000000E-03
     1561     1.060881120E-02    -1.375000000E-03     1.875000000E-03
     1562     1.030170407E-02    -9.078896661E-04     3.165509259E-03
     1563     1.079286904E-02    -2.889703504E-03     1.875000000E-03
     1564     9.093266740E-03     2.500000000E-04     2.500000000E-03
     1565     8.822633772E-03    -2.343750000E-03     2.500000000E-03
     1566     7.744179526E-03    -1.141566854E-03     2.500000000E-03
     1567     8.071377294E-03     5.684887340E-05     2.500000000E-03
     1568     8.894787667E-03    -1.924387725E-04     1.250000000E-03
     1569     1.012644594E-02    -1.529407008E-03     1.250000000E-03
     1570     8.727817471E-03    -1.629906391E-03     1.250000000E-03
     1571     1.051258616E-02    -2.083333414E-04     2.500000000E-03
     1572     1.017579849E-02    -6.250000000E-04     1.875000000E-03
     1573     9.868691367E-03    -1.578896661E-04     3.165509259E-03
     1574     8.227241336E-03     1.750000000E-03     2.500000000E-03
     1575     7.638364592E-03     8.068488734E-04     2.500000000E-03
     1576     8.461774965E-03     5.575612275E-04     1.250000000E-03
     1577     1.007957345E-02     5.416666586E-04     2.500000000E-03
     1578     9.309773133E-03     1.874999927E-03     2.500000000E-03
     1579     8.798910586E-03     1.569933927E-03     1.901041667E-03
     1580     9.742785793E-03     1.250000000E-04     1.875000000E-03
     1581     9.435678665E-03     5.921103339E-04     3.165509259E-03
     1582     7.361215932E-03     3.250000000E-03     2.500000000E-03
     1583     7.205351890E-03     1.556848873E-03     2.500000000E-03
     1584     7.108625138E-03     2.541666667E-03     1.250000000E-03
     1585     8.876760431E-03     2.624999927E-03     2.500000000E-03
     1586     8.010734983E-03     4.125000003E-03     2.500000000E-03
     1587     8.365897885E-03     2.319933927E-03     1.901041667E-03
     1588     6.495190528E-03     4.750000000E-03     2.500000000E-03
     1589     6.772339188E-03     2.306848873E-03     2.500000000E-03
     1590     5.514855424E-03     4.321348390E-03     2.500000000E-03
     1591     6.675612436E-03     3.291666667E-03     1.250000000E-03
     1592     5.913624816E-03     4.632175739E-03     1.250000000E-03
     1593     7.577722281E-03     4.875000003E-03     2.500000000E-03
     1594     7.932885183E-03     3.069933927E-03     1.901041667E-03
     1595     5.871792142E-03     2.969930713E-03     1.927083333E-03
     1596     5.629165125E-03     6.250000000E-03     2.500000000E-03
     1597     5.081842722E-03     5.071348390E-03     2.500000000E-03
     1598     5.480612114E-03     5.382175739E-03     1.250000000E-03
     1599     7.144709579E-03     5.625000003E-03     2.500000000E-03
     1600     6.081318345E-03     6.355634928E-03     3.126428898E-03
     1601     4.763139721E-03     7.750000000E-03     2.500000000E-03
     1602     3.464101558E-03     6.875000000E-03     2.500000000E-03
     1603     4.648830021E-03     5.821348390E-03     2.500000000E-03
     1604     4.385653111E-03     7.456804965E-03     1.250000000E-03
     1605     5.047599412E-03     6.132175739E-03     1.250000000E-03
     1606     6.711696877E-03     6.375000003E-03     2.500000000E-03
     1607     5.720349127E-03     8.092064674E-03     2.500000000E-03
     1608     5.648305643E-03     7.105634928E-03     3.126428898E-03
     1609     3.897114317E-03     9.250000000E-03     2.500000000E-03
     1610     3.031088856E-03     7.625000000E-03     2.500000000E-03
     1611     3.952640409E-03     8.206804965E-03     1.250000000E-03
     1612     5.287336425E-03     8.842064674E-03     2.500000000E-03
     1613     4.579870155E-03     9.060567843E-03     3.192594815E-03
     1614     5.215292941E-03     7.855634928E-03     3.126428898E-03
     1615     2.598076154E-03     8.375000000E-03     2.500000000E-03
     1616     1.515544404E-03     9.562500000E-03     2.500000000E-03
     1617     3.519627707E-03     8.956804965E-03     1.250000000E-03
     1618     3.353021653E-03     1.031126978E-02     1.250000000E-03
     1619     4.854323724E-03     9.592064674E-03     2.500000000E-03
     1620     4.146857454E-03     9.810567843E-03     3.192594815E-03
     1621     2.580723402E-03     1.011076905E-02     1.875000000E-03
     1622    -2.474873734E-03    -2.474873734E-03     2.500000000E-03
     1623    -3.031088913E-03    -1.750000000E-03     3.750000000E-03
     1624    -2.474873734E-03    -2.474873734E-03     3.750000000E-03
     1625    -4.871392989E-03    -1.812500000E-03     2.500000000E-03
     1626    -3.778183969E-03    -3.010872780E-03     2.500000000E-03
     1627    -3.768412956E-03    -1.123503242E-03     1.250000000E-03
     1628    -2.726304829E-03    -2.919581424E-03     1.250000000E-03
     1629    -9.058666579E-04    -3.380740392E-03     2.500000000E-03
     1630    -1.750000000E-03    -3.031088913E-03     3.750000000E-03
     1631    -9.058666579E-04    -3.380740392E-03     3.750000000E-03
     1632    -3.137639513E-03    -3.651417236E-03     2.500000000E-03
     1633    -2.263379879E-03    -4.533986677E-03     2.500000000E-03
     1634    -2.085760372E-03    -3.560125881E-03     1.250000000E-03
     1635     9.058666579E-04    -3.380740392E-03     2.500000000E-03
     1636    -6.429395696E-19    -3.500000000E-03     3.750000000E-03
     1637     9.058666579E-04    -3.380740392E-03     3.750000000E-03
     1638    -1.388379879E-03    -4.768442220E-03     2.500000000E-03
     1639     9.849697850E-04    -4.686679117E-03     2.500000000E-03
     1640     7.469427705E-04    -3.133118627E-03     1.250000000E-03
     1641     2.541103843E-04    -5.342120796E-03     1.250000000E-03
     1642    -1.210760372E-03    -3.794581424E-03     1.250000000E-03
     1643     2.474873734E-03    -2.474873734E-03     2.500000000E-03
     1644     1.750000000E-03    -3.031088913E-03     3.750000000E-03
     1645     2.474873734E-03    -2.474873734E-03     3.750000000E-03
     1646     3.364823032E-03    -3.953044457E-03     2.500000000E-03
     1647     1.859969785E-03    -4.452223574E-03     2.500000000E-03
     1648     1.621942771E-03    -2.898663083E-03     1.250000000E-03
     1649     3.031088913E-03    -1.750000000E-03     3.750000000E-03
     1650     4.005367488E-03    -3.312500000E-03     2.500000000E-03
     1651     4.496584262E-03    -1.766566854E-03     2.500000000E-03
     1652     2.262487227E-03    -2.258118627E-03     1.250000000E-03
     1653     4.113620620E-03    -1.875000000E-03     1.250000000E-03
     1654     2.814582428E-03    -1.250000000E-04     1.250000000E-03
     1655    -2.474873734E-03    -2.474873734E-03     5.000000000E-03
     1656    -9.058666579E-04    -3.380740392E-03     5.000000000E-03
     1657     9.058666579E-04    -3.380740392E-03     5.000000000E-03
     1658     2.474873734E-03    -2.474873734E-03     5.000000000E-03
     1659     1.469463131E-03     2.022542486E-03     5.000000000E-03
     1660     2.022542486E-03     1.469463131E-03     3.750000000E-03
     1661     1.530808499E-19     2.500000000E-03     5.000000000E-03
     1662     7.725424859E-04     2.377641291E-03     3.750000000E-03
     1663     1.469463131E-03     2.022542486E-03     3.750000000E-03
     1664    -1.469463131E-03     2.022542486E-03     5.000000000E-03
     1665    -7.725424859E-04     2.377641291E-03     3.750000000E-03
     1666    -1.751036356E-19     2.500000000E-03     3.750000000E-03
     1667    -2.022542486E-03     1.469463131E-03     3.750000000E-03
     1668    -1.469463131E-03     2.022542486E-03     3.750000000E-03
     1669    -1.469463131E-03     2.022542486E-03     2.500000000E-03
     1670    -1.552537269E-03     8.597315654E-04     1.250000000E-03
     1671    -2.337372799E-03     2.234731565E-03     1.250000000E-03
     1672    -1.011271225E-03     7.347315654E-04     2.500000000E-03
     1673    -4.592425497E-19     2.500000000E-03     2.500000000E-03
     1674    -9.275372688E-04     1.313820645E-03     1.250000000E-03
     1675    -1.712372799E-03     2.688820645E-03     1.250000000E-03
     1676    -3.862712249E-04     1.188820645E-03     2.500000000E-03
     1677     1.469463131E-03     2.022542486E-03     2.500000000E-03
     1678     1.685309214E-03     1.938820645E-03     1.250000000E-03
     1679    -1.549947829E-04     1.313820645E-03     1.250000000E-03
     1680     3.862712611E-04     1.188820645E-03     2.500000000E-03
     1681     2.310309214E-03     1.484731565E-03     1.250000000E-03
     1682     1.011271261E-03     7.347315654E-04     2.500000000E-03
     1683    -4.139895042E-04     1.498283179E-02     2.643298954E-03
     1684    -2.487155501E-03     1.343020908E-02     2.258710813E-03
     1685     1.322742858E-02    -7.034924257E-03     2.618857413E-03
     1686     1.170410789E-02    -7.449950238E-03     1.041963309E-03
     1687     1.197200635E-02    -7.881382511E-03     3.004240516E-03
     1688     1.302650308E-02    -4.659811965E-03     3.486648681E-03
     1689     1.306261077E-02    -5.265554534E-03     2.221054510E-03
     1690     1.269239814E-02    -6.264538659E-03     3.539171339E-03
     1691    -1.138910820E-02    -7.825983880E-03     1.273860993E-03
     1692     6.495189433E-04     7.937500000E-03     2.500000000E-03
     1693     1.476249527E-04     6.402439628E-03     2.500000000E-03
     1694     2.916779156E-03     5.696348390E-03     2.500000000E-03
     1695     8.761739447E-04     6.078125000E-03     1.250000000E-03
     1696     2.653602246E-03     7.331804965E-03     1.250000000E-03
     1697     3.315548547E-03     6.007175739E-03     1.250000000E-03
     1698     1.264332430E-03     7.846538096E-03     1.250000000E-03
     1699     1.714697941E-03     8.485769048E-03     1.875000000E-03
     1700    -7.198836529E-03    -3.406250000E-03     2.500000000E-03
     1701    -5.618488045E-03    -3.073372780E-03     2.500000000E-03
     1702    -6.391572312E-03    -3.221693020E-04     2.500000000E-03
     1703    -5.608717032E-03    -1.186003242E-03     1.250000000E-03
     1704    -6.640665941E-03    -2.865824264E-03     1.250000000E-03
     1705    -7.635985568E-03    -9.795725746E-04     1.250000000E-03
     1706    -7.578383729E-03    -2.325461414E-03     1.875000000E-03
     1707     6.549317083E-03    -4.531250000E-03     2.500000000E-03
     1708     5.470862837E-03    -3.329066854E-03     2.500000000E-03
     1709     3.474792817E-03    -5.374179117E-03     2.500000000E-03
     1710     3.236765802E-03    -3.820618627E-03     1.250000000E-03
     1711     5.087899195E-03    -3.437500000E-03     1.250000000E-03
     1712     4.654886570E-03    -5.437500000E-03     1.250000000E-03
     1713     5.863293205E-03    -4.743058804E-03     1.250000000E-03
     1714     7.040533857E-03    -2.985316854E-03     2.500000000E-03
     1715     9.422800269E-03    -3.373157008E-03     1.250000000E-03
     1716     8.024171802E-03    -3.473656391E-03     1.250000000E-03
     1717     9.657968437E-03    -5.283706851E-03     1.250000000E-03
     1718     7.925337912E-03    -5.947527766E-03     1.250000000E-03
     1719     7.432964225E-03    -4.399308804E-03     1.250000000E-03
     1720     9.656210670E-03    -3.983453504E-03     1.875000000E-03
     1721    -6.105627509E-03    -4.604622780E-03     2.500000000E-03
     1722    -7.127805405E-03    -4.397074264E-03     1.250000000E-03
     1723    -9.202870307E-03    -4.354556746E-03     1.250000000E-03
     1724    -8.000974929E-03    -6.145752031E-03     1.250000000E-03
     1725    -6.364317976E-03    -6.241446751E-03     1.250000000E-03
     1726    -9.354385900E-03    -5.831322051E-03     1.250000000E-03
     1727    -8.065523193E-03    -3.856711414E-03     1.875000000E-03
     1728    -9.349067975E-04     7.589939628E-03     2.500000000E-03
     1729    -1.529926547E-03     9.086874870E-03     1.250000000E-03
     1730    -3.302471872E-04     1.042461586E-02     1.250000000E-03
     1731     1.818006795E-04     9.034038096E-03     1.250000000E-03
     1732     6.321661909E-04     9.673269048E-03     1.875000000E-03
     1733    -2.638258192E-03     5.739032936E-03     2.500000000E-03
     1734    -7.082517960E-04     5.730564628E-03     1.250000000E-03
     1735    -2.031820538E-03     7.551814498E-03     1.250000000E-03
     1736    -2.982178343E-03     6.132680425E-03     1.250000000E-03
     1737    -2.044501950E-03     4.527439628E-03     1.250000000E-03
     1738    -3.200933111E-04     7.498977723E-03     1.250000000E-03
     1739    -3.651019391E-03    -5.154315000E-03     2.500000000E-03
     1740    -4.515508012E-03    -2.384376022E-03     1.250000000E-03
     1741    -5.547456921E-03    -4.064197043E-03     1.250000000E-03
     1742    -3.473399885E-03    -4.180454203E-03     1.250000000E-03
     1743    -4.783969492E-03    -5.908569530E-03     1.250000000E-03
     1744     6.289277378E-03    -5.847179810E-04     2.500000000E-03
     1745     5.579115969E-03    -1.891566854E-03     1.250000000E-03
     1746     7.112687751E-03    -8.340056269E-04     1.250000000E-03
     1747     6.945717556E-03    -2.271473245E-03     1.250000000E-03
     1748     6.354509979E-03    -3.197125658E-03     1.250000000E-03
     1749     5.906313736E-03    -6.931511266E-04     1.250000000E-03
     1750     6.519748394E-03     1.598515540E-03     1.250000000E-03
     1751     7.439885519E-03     3.644101009E-04     1.250000000E-03
     1752     7.777021140E-03     1.376782800E-03     1.901041667E-03
     1753     5.715928100E-03     1.276779586E-03     1.927083333E-03
     1754    -1.134269494E-03    -6.610563016E-03     1.250000000E-03
     1755    -2.599140251E-03    -5.063023644E-03     1.250000000E-03
     1756    -3.909709858E-03    -6.791138971E-03     1.250000000E-03
     1757    -2.589896387E-03    -6.777411758E-03     1.250000000E-03
     1758    -5.154361879E-03     4.338009449E-03     1.250000000E-03
     1759    -4.183635747E-03     5.816834106E-03     1.250000000E-03
     1760    -3.245959354E-03     4.211593309E-03     1.250000000E-03
     1761     3.349791781E-03     3.071348390E-03     1.250000000E-03
     1762     4.500277010E-03     4.953524129E-03     1.250000000E-03
     1763     4.458444336E-03     3.291279102E-03     1.927083333E-03
     1764    -5.288592279E-03     3.668274556E-04     1.250000000E-03
     1765    -6.270227861E-03     2.241746838E-03     1.250000000E-03
     1766    -7.315860815E-03     5.732581235E-04     1.250000000E-03
     1767     1.731912556E-03    -4.319797744E-03     1.250000000E-03
     1768     1.239080169E-03    -6.528799913E-03     1.250000000E-03
     1769     3.150033323E-03    -5.936679117E-03     1.250000000E-03
     1770     2.504911443E-03    -7.122851700E-03     1.250000000E-03
     1771     1.309186569E-03     3.453125000E-03     0.000000000E+00
     1772    -1.303271546E-03     7.227499870E-03     0.000000000E+00
     1773     1.797725497E-03     6.659929965E-03     0.000000000E+00
     1774    -2.253629351E-03     5.808365798E-03     0.000000000E+00
     1775     2.459671799E-03     5.335300739E-03     0.000000000E+00
     1776    -1.315952958E-03     4.203125000E-03     0.000000000E+00
     1777     4.084556810E-04     7.174663096E-03     0.000000000E+00
     1778     3.345018933E-03    -2.383118627E-03     0.000000000E+00
     1779     2.045980742E-03    -6.331186268E-04     0.000000000E+00
     1780     1.001053155E-03    -4.975239422E-03     0.000000000E+00
     1781     2.912006309E-03    -4.383118627E-03     0.000000000E+00
     1782     2.056767447E-04    -1.258118627E-03     0.000000000E+00
     1783    -4.638176015E-04    -3.427700051E-03     0.000000000E+00
     1784     7.469427886E-04    -1.383118627E-03     1.250000000E-03
     1785    -5.537685908E-03    -2.176827506E-03     0.000000000E+00
     1786    -5.487372581E-03     1.377912898E-03     0.000000000E+00
     1787    -2.794134525E-03    -1.235032424E-04     0.000000000E+00
     1788    -3.463628872E-03    -2.293084666E-03     0.000000000E+00
     1789    -6.533005535E-03    -2.905758170E-04     0.000000000E+00
     1790    -3.578970055E-03     1.251496758E-03     0.000000000E+00
     1791     3.897114134E-03    -2.500000000E-04     0.000000000E+00
     1792     4.763139701E-03    -4.000000000E-03     0.000000000E+00
     1793     5.809586984E-03     2.916666667E-04     0.000000000E+00
     1794     6.729724109E-03    -9.424387725E-04     0.000000000E+00
     1795     6.562753913E-03    -2.379906391E-03     0.000000000E+00
     1796     5.971546336E-03    -3.305558804E-03     0.000000000E+00
     1797     5.005766690E-03    -3.006928719E-05     6.770833333E-04
     1798    -8.644699719E-03    -3.814131010E-03     0.000000000E+00
     1799    -4.495577781E-03    -3.972905688E-03     0.000000000E+00
     1800    -7.442804342E-03    -5.605326295E-03     0.000000000E+00
     1801    -7.564954444E-03    -1.970396839E-03     0.000000000E+00
     1802    -5.806147388E-03    -5.701021015E-03     0.000000000E+00
     1803    -7.507352605E-03    -3.316285678E-03     6.250000000E-04
     1804     7.577719455E-04     8.750000000E-04     0.000000000E+00
     1805     4.510548792E-03     2.041666667E-03     0.000000000E+00
     1806     3.748561172E-03     3.382175739E-03     0.000000000E+00
     1807    -2.706358436E-05     2.250000000E-03     0.000000000E+00
     1808     1.299037989E-03     7.500000000E-04     1.250000000E-03
     1809     3.706728499E-03     1.719930713E-03     6.770833333E-04
     1810    -3.577198093E-03     7.629615668E-03     0.000000000E+00
     1811    -1.427160927E-03     1.038649073E-02     0.000000000E+00
     1812    -9.151130608E-04     8.995912966E-03     0.000000000E+00
     1813    -2.773881395E-03     1.067513250E-02     6.573751458E-04
     1814    -9.517869244E-03    -5.562808777E-03     0.000000000E+00
     1815    -9.640019346E-03    -1.927879321E-03     0.000000000E+00
     1816    -1.087128021E-02    -5.248378797E-03     0.000000000E+00
     1817    -9.582417507E-03    -3.273768161E-03     6.250000000E-04
     1818     2.419173923E-03    -6.592120796E-03     0.000000000E+00
     1819    -9.566499878E-04    -5.636702219E-03     0.000000000E+00
     1820    -9.474061246E-04    -7.351090333E-03     0.000000000E+00
     1821     1.774052042E-03    -7.778293378E-03     0.000000000E+00
     1822     1.553148490E-03    -8.092120796E-03     6.250000000E-04
     1823     6.030907399E-03    -6.853777766E-03     0.000000000E+00
     1824     5.538533712E-03    -5.305558804E-03     0.000000000E+00
     1825     3.685005196E-03    -7.186172582E-03     0.000000000E+00
     1826     5.008490463E-03    -7.394119421E-03     7.520517677E-04
     1827    -5.498282031E-03     4.731656938E-03     0.000000000E+00
     1828    -7.514641117E-03     1.584343566E-03     0.000000000E+00
     1829    -4.560605637E-03     3.126416140E-03     0.000000000E+00
     1830    -6.493900759E-03     4.892510902E-03     6.581439394E-04
     1831     4.237100100E-03     6.588980704E-03     0.000000000E+00
     1832     2.185883982E-03     8.428343061E-03     0.000000000E+00
     1833     3.408547744E-03     9.268074748E-03     0.000000000E+00
     1834     2.636249493E-03     9.067574013E-03     6.250000000E-04
     1835    -1.752026398E-03    -1.919581424E-03     0.000000000E+00
     1836    -1.867367582E-03     1.625000000E-03     0.000000000E+00
     1837    -5.412660078E-04     1.250000000E-04     1.250000000E-03
     1838    -3.589879505E-03     4.605240798E-03     0.000000000E+00
     1839    -5.523174627E-03     6.371335559E-03     6.581439394E-04
     1840     7.343158767E-03     1.349227894E-03     0.000000000E+00
     1841     5.661034021E-03     3.923842406E-03     0.000000000E+00
     1842     7.680294388E-03     2.361600593E-03     6.510416667E-04
     1843     5.619201348E-03     2.261597379E-03     6.770833333E-04
     1844    -3.732090352E-03    -5.817278175E-03     0.000000000E+00
     1845    -2.412276881E-03    -5.803550961E-03     0.000000000E+00
     1846     2.845662993E-04     1.033365396E-02     0.000000000E+00
     1847     1.507230061E-03     1.117338564E-02     0.000000000E+00
     1848    -1.574202035E-03     1.201287349E-02     6.573751458E-04
     1849     7.349318106E-04     1.097288491E-02     6.250000000E-04
     1850    -6.679316913E-03    -7.449698782E-03     0.000000000E+00
     1851    -9.669384837E-03    -7.039574082E-03     0.000000000E+00
     1852    -8.502672232E-03    -1.430033989E-03     6.250000000E-04
     1853    -3.722846488E-03    -7.531666288E-03     0.000000000E+00
     1854    -4.655302334E-03    -8.251512849E-03     6.723484848E-04
     1855     9.494954163E-03    -1.221845780E-03     0.000000000E+00
     1856     8.096325696E-03    -1.322345164E-03     0.000000000E+00
     1857     8.600431513E-03     1.127495154E-03     6.510416667E-04
     1858     9.544306719E-03    -3.174387725E-04     6.250000000E-04
     1859     4.857213728E-03     3.602106452E-03     6.770833333E-04
     1860     9.327983968E-03    -2.659313399E-03     0.000000000E+00
     1861     1.096178060E-02    -4.469363858E-03     0.000000000E+00
     1862     1.077596499E-02    -1.654407008E-03     6.250000000E-04
     1863     1.096002284E-02    -3.169110512E-03     6.250000000E-04
     1864     9.563152135E-03    -4.569863242E-03     0.000000000E+00
     1865     7.338147924E-03    -3.685465195E-03     0.000000000E+00
     1866     9.464318246E-03    -7.043734617E-03     0.000000000E+00
     1867     8.971944558E-03    -5.495515655E-03     0.000000000E+00
     1868     1.183505986E-02    -5.812361848E-03     6.441603776E-04
     1869     1.119519100E-02    -5.079660354E-03     6.250000000E-04
     1870     7.239314034E-03    -6.159336570E-03     0.000000000E+00
     1871     6.709270785E-03    -8.247897187E-03     7.520517677E-04
     1872    -3.335488863E-03    -8.237785635E-03     6.723484848E-04
     1873     2.019277928E-03     9.782807879E-03     0.000000000E+00
     1874     1.246979677E-03     9.582307144E-03     6.250000000E-04
     1875     2.469643439E-03     1.042203883E-02     6.250000000E-04
     1876     4.363368583E-03    -8.580292003E-03     7.520517677E-04
     1877     2.818979764E-03    -8.686172582E-03     6.250000000E-04
     1878    -4.137677023E-03    -1.000000000E-02     2.500000000E-03
     1879    -4.972611187E-03    -9.478816098E-03     1.922348485E-03
     1880    -4.877771070E-03    -9.461997007E-03     3.060093119E-03
     1881    -8.660254841E-04    -1.000000000E-02     2.500000000E-03
     1882    -3.433010544E-03    -9.478816098E-03     1.922348485E-03
     1883    -3.338170427E-03    -9.461997007E-03     3.060093119E-03
     1884     2.848720912E-03    -1.000000000E-02     2.500000000E-03
     1885     1.732050811E-03    -9.500000000E-03     1.875000000E-03
     1886     2.051523122E-03    -9.500000000E-03     3.011067708E-03
     1887     5.259135131E-03    -9.394119421E-03     2.002051768E-03
     1888     3.714746312E-03    -9.500000000E-03     1.875000000E-03
     1889     5.446797119E-03    -9.500000000E-03     3.125000000E-03
     1890     4.034218622E-03    -9.500000000E-03     3.011067708E-03
     1891    -6.591415526E-03     8.583333414E-03     2.500000000E-03
     1892    -6.170204280E-03     8.224428103E-03     1.908143939E-03
     1893    -5.755460487E-03     8.947916682E-03     3.177083333E-03
     1894    -8.227241296E-03     5.750000070E-03     2.500000000E-03
     1895    -6.940004602E-03     6.891094834E-03     1.908143939E-03
     1896    -6.525260809E-03     7.614583413E-03     3.177083333E-03
     1897    -1.008461449E-02     2.532935322E-03     2.500000000E-03
     1898    -7.806030050E-03     5.391094758E-03     1.908143939E-03
     1899    -9.205949381E-03     2.999272385E-03     3.159722222E-03
     1900    -1.019729713E-02     1.282207713E-03     3.159722222E-03
     1901     1.072909255E-02     1.416666586E-03     2.500000000E-03
     1902     1.021823000E-02     1.111600585E-03     1.901041667E-03
     1903     1.116210521E-02    -3.333333414E-04     1.875000000E-03
     1904     1.085499808E-02     1.337769924E-04     3.165509259E-03
     1905     9.093266780E-03     4.249999930E-03     2.500000000E-03
     1906     9.448429681E-03     2.444933854E-03     1.901041667E-03
     1907     1.008519776E-02     1.467110261E-03     3.165509259E-03
     1908     7.235893582E-03     7.467064678E-03     2.500000000E-03
     1909     8.582404234E-03     3.944933930E-03     1.901041667E-03
     1910     7.163850097E-03     6.480634932E-03     3.126428898E-03
     1911     5.537079562E-03     9.402632518E-03     3.192594815E-03
     1912     6.172502347E-03     8.197699603E-03     3.126428898E-03
     1913     4.142465030E-03    -8.894119421E-03     1.377051768E-03
     1914     5.874515838E-03    -8.894119421E-03     2.627051768E-03
     1915     9.881442341E-03     6.949339267E-04     1.276041667E-03
     1916     2.917548522E-03    -9.000000000E-03     2.386067708E-03
     1917     4.649599329E-03    -9.000000000E-03     3.636067708E-03
     1918     1.183330209E-02    -4.512108501E-03     1.269160378E-03
     1919    -4.173104591E-03    -8.940813105E-03     2.482441604E-03
     1920     5.465036077E-03     8.416202771E-03     3.819023713E-03
-1
/wb,elem,start            !  set before creation of elements
/com,*********** Elements for Body 1 "__1-FreeParts|____-_" ***********
et,1,187
eblock,19,solid,,928
(19i9)
        1        1        1        1        0        0        0        0       10        0        1       59       62      339      325      691      717      696      695
      715     1918
        1        1        1        1        0        0        0        0       10        0        2       32      339      225       62      552     1563      549      548
      717      710
        1        1        1        1        0        0        0        0       10        0        3       62      225      296      339      710     1559      712      717
     1563     1863
        1        1        1        1        0        0        0        0       10        0        4       31      339       62      325      545      717      539      544
     1918      715
        1        1        1        1        0        0        0        0       10        0        5       31       62      339       32      539      717      545      536
      548      552
        1        1        1        1        0        0        0        0       10        0        6      225      339      260      296     1563     1720     1558     1559
     1863     1715
        1        1        1        1        0        0        0        0       10        0        7       32      225      339      260      549     1563      552      550
     1558     1720
        1        1        1        1        0        0        0        0       10        0        8       59      339      298      325      696     1869      694      695
     1918     1868
        1        1        1        1        0        0        0        0       10        0        9       59      298      339      296      694     1869      696      693
     1861     1863
        1        1        1        1        0        0        0        0       10        0       10       31      339      260       32      545     1720      542      536
      552      550
        1        1        1        1        0        0        0        0       10        0       11       31      339      191      260      545     1372      540      542
     1720     1368
        1        1        1        1        0        0        0        0       10        0       12      191      339      298      260     1372     1869     1369     1368
     1720     1717
        1        1        1        1        0        0        0        0       10        0       13      147      308      338      322     1189     1890     1191     1190
     1889     1917
        1        1        1        1        0        0        0        0       10        0       14      146      147      308      338     1180     1189     1184     1185
     1191     1890
        1        1        1        1        0        0        0        0       10        0       15      147      338      169      322     1191     1281     1187     1190
     1917     1280
        1        1        1        1        0        0        0        0       10        0       16      146      169      147      338     1182     1187     1180     1185
     1281     1191
        1        1        1        1        0        0        0        0       10        0       17      307      338      308      321     1886     1890     1884     1885
     1916     1888
        1        1        1        1        0        0        0        0       10        0       18      146      308      307      338     1184     1884     1183     1185
     1890     1886
        1        1        1        1        0        0        0        0       10        0       19      200      308      338      321     1428     1890     1432     1430
     1888     1916
        1        1        1        1        0        0        0        0       10        0       20      169      338      200      322     1281     1432     1279     1280
     1917     1431
        1        1        1        1        0        0        0        0       10        0       21      200      338      308      322     1432     1890     1428     1431
     1917     1889
        1        1        1        1        0        0        0        0       10        0       22      199      200      338      321     1416     1432     1422     1421
     1430     1916
        1        1        1        1        0        0        0        0       10        0       23      199      338      307      321     1422     1886     1420     1421
     1916     1885
        1        1        1        1        0        0        0        0       10        0       24      168      338      307      199     1276     1886     1275     1274
     1422     1420
        1        1        1        1        0        0        0        0       10        0       25      169      200      338      199     1279     1432     1281     1278
     1416     1422
        1        1        1        1        0        0        0        0       10        0       26      168      199      169      338     1274     1278     1272     1276
     1422     1281
        1        1        1        1        0        0        0        0       10        0       27      146      169      338      168     1182     1281     1185     1181
     1272     1276
        1        1        1        1        0        0        0        0       10        0       28       94      220      221      337      900     1534      901      905
     1539     1545
        1        1        1        1        0        0        0        0       10        0       29       94      221      288      337      901     1544      903      905
     1545     1849
        1        1        1        1        0        0        0        0       10        0       30       94      288      303      337      903     1847      904      905
     1849     1875
        1        1        1        1        0        0        0        0       10        0       31       94      303      220      337      904     1538      900      905
     1875     1539
        1        1        1        1        0        0        0        0       10        0       32      257      283      302      337     1696     1832     1698     1699
     1834     1874
        1        1        1        1        0        0        0        0       10        0       33      220      221      337      262     1534     1545     1539     1537
     1543     1732
        1        1        1        1        0        0        0        0       10        0       34      288      337      302      303     1849     1874     1846     1847
     1875     1873
        1        1        1        1        0        0        0        0       10        0       35      233      283      337      303     1617     1834     1621     1618
     1833     1875
        1        1        1        1        0        0        0        0       10        0       36      283      302      337      303     1832     1874     1834     1833
     1873     1875
        1        1        1        1        0        0        0        0       10        0       37      257      302      262      337     1698     1731     1692     1699
     1874     1732
        1        1        1        1        0        0        0        0       10        0       38      233      262      337      257     1616     1732     1621     1615
     1692     1699
        1        1        1        1        0        0        0        0       10        0       39      262      302      288      337     1731     1846     1730     1732
     1874     1849
        1        1        1        1        0        0        0        0       10        0       40      220      303      233      337     1538     1618     1536     1539
     1875     1621
        1        1        1        1        0        0        0        0       10        0       41      220      337      233      262     1539     1621     1536     1537
     1732     1616
        1        1        1        1        0        0        0        0       10        0       42      218      258      261      336     1526     1700     1527     1531
     1706     1727
        1        1        1        1        0        0        0        0       10        0       43      258      276      261      336     1704     1722     1700     1706
     1803     1727
        1        1        1        1        0        0        0        0       10        0       44      276      279      336      290     1798     1817     1803     1801
     1815     1852
        1        1        1        1        0        0        0        0       10        0       45      258      276      336      290     1704     1803     1706     1705
     1801     1852
        1        1        1        1        0        0        0        0       10        0       46      196      306      335      326     1399     1883     1401     1400
     1882     1919
        1        1        1        1        0        0        0        0       10        0       47      305      335      306      326     1880     1883     1878     1879
     1919     1882
        1        1        1        1        0        0        0        0       10        0       48      195      196      335      326     1387     1401     1394     1393
     1400     1919
        1        1        1        1        0        0        0        0       10        0       49      195      335      305      326     1394     1880     1392     1393
     1919     1879
        1        1        1        1        0        0        0        0       10        0       50      142      306      305      335     1165     1878     1164     1166
     1883     1880
        1        1        1        1        0        0        0        0       10        0       51      166      306      335      196     1266     1883     1267     1264
     1399     1401
        1        1        1        1        0        0        0        0       10        0       52      142      335      166      306     1166     1267     1163     1165
     1883     1266
        1        1        1        1        0        0        0        0       10        0       53      164      165      335      195     1254     1262     1258     1256
     1260     1394
        1        1        1        1        0        0        0        0       10        0       54      141      335      164      165     1160     1258     1157     1158
     1262     1254
        1        1        1        1        0        0        0        0       10        0       55      141      305      335      142     1159     1880     1160     1156
     1164     1166
        1        1        1        1        0        0        0        0       10        0       56      165      166      335      196     1259     1267     1262     1261
     1264     1401
        1        1        1        1        0        0        0        0       10        0       57      142      166      335      165     1163     1267     1166     1162
     1259     1262
        1        1        1        1        0        0        0        0       10        0       58      165      196      335      195     1261     1401     1262     1260
     1387     1394
        1        1        1        1        0        0        0        0       10        0       59      141      335      165      142     1160     1262     1158     1156
     1166     1162
        1        1        1        1        0        0        0        0       10        0       60       66       67      255      334      737      744      740      741
      746     1690
        1        1        1        1        0        0        0        0       10        0       61       34       67      334      255      561      746      566      564
      744     1690
        1        1        1        1        0        0        0        0       10        0       62       34      334       67      161      566      746      561      562
     1247      743
        1        1        1        1        0        0        0        0       10        0       63       66       67      334      161      737      746      741      738
      743     1247
        1        1        1        1        0        0        0        0       10        0       64       34      255      334      191      564     1690      566      563
     1367     1371
        1        1        1        1        0        0        0        0       10        0       65      191      254      255      334     1366     1685     1367     1371
     1687     1690
        1        1        1        1        0        0        0        0       10        0       66       66      255      254      334      740     1685      739      741
     1690     1687
        1        1        1        1        0        0        0        0       10        0       67       34      191      334      161      563     1371      566      562
     1246     1247
        1        1        1        1        0        0        0        0       10        0       68       64       65      334      160      724      736      731      727
      733     1244
        1        1        1        1        0        0        0        0       10        0       69       64      334      190      160      731     1365      728      727
     1244     1242
        1        1        1        1        0        0        0        0       10        0       70       64      334      254      190      731     1687      730      728
     1365     1361
        1        1        1        1        0        0        0        0       10        0       71       64      254      334       65      730     1687      731      724
      735      736
        1        1        1        1        0        0        0        0       10        0       72       65       66      254      334      732      739      735      736
      741     1687
        1        1        1        1        0        0        0        0       10        0       73       65       66      334      161      732      741      736      734
      738     1247
        1        1        1        1        0        0        0        0       10        0       74       65      334      160      161      736     1244      733      734
     1247     1241
        1        1        1        1        0        0        0        0       10        0       75      160      334      190      161     1244     1365     1242     1241
     1247     1245
        1        1        1        1        0        0        0        0       10        0       76      190      254      191      334     1361     1366     1359     1365
     1687     1371
        1        1        1        1        0        0        0        0       10        0       77      161      190      191      334     1245     1359     1246     1247
     1365     1371
        1        1        1        1        0        0        0        0       10        0       78      157      333      232      328     1234     1614     1231     1233
     1920     1613
        1        1        1        1        0        0        0        0       10        0       79      156      232      157      333     1228     1231     1226     1229
     1614     1234
        1        1        1        1        0        0        0        0       10        0       80       90      333      157      328      882     1234      878      881
     1920     1233
        1        1        1        1        0        0        0        0       10        0       81       90      157      333      156      878     1234      882      877
     1226     1229
        1        1        1        1        0        0        0        0       10        0       82      156      231      232      333     1227     1601     1228     1229
     1608     1614
        1        1        1        1        0        0        0        0       10        0       83      232      333      316      328     1614     1912     1612     1613
     1920     1911
        1        1        1        1        0        0        0        0       10        0       84      231      232      333      316     1601     1614     1608     1607
     1612     1912
        1        1        1        1        0        0        0        0       10        0       85      230      231      333      315     1596     1608     1600     1599
     1606     1910
        1        1        1        1        0        0        0        0       10        0       86      155      230      333      315     1222     1600     1225     1224
     1599     1910
        1        1        1        1        0        0        0        0       10        0       87      155      231      333      230     1223     1608     1225     1222
     1596     1600
        1        1        1        1        0        0        0        0       10        0       88       90      316      333      328      880     1912      882      881
     1911     1920
        1        1        1        1        0        0        0        0       10        0       89       89      155      333      315      872     1225      875      874
     1224     1910
        1        1        1        1        0        0        0        0       10        0       90       90      315      333      316      879     1910      882      880
     1908     1912
        1        1        1        1        0        0        0        0       10        0       91       89      333      155      156      875     1225      872      873
     1229     1221
        1        1        1        1        0        0        0        0       10        0       92      155      333      231      156     1225     1608     1223     1221
     1229     1227
        1        1        1        1        0        0        0        0       10        0       93       89      333       90      315      875      882      871      874
     1910      879
        1        1        1        1        0        0        0        0       10        0       94       89       90      333      156      871      882      875      873
      877     1229
        1        1        1        1        0        0        0        0       10        0       95      150      225      226      332     1201     1557     1202     1203
     1562     1573
        1        1        1        1        0        0        0        0       10        0       96      225      313      226      332     1560     1571     1557     1562
     1904     1573
        1        1        1        1        0        0        0        0       10        0       97      152      227      314      332     1209     1578     1211     1212
     1581     1907
        1        1        1        1        0        0        0        0       10        0       98       86      314      332      152      858     1907      859      855
     1211     1212
        1        1        1        1        0        0        0        0       10        0       99      150      332      226      151     1203     1573     1202     1200
     1207     1205
        1        1        1        1        0        0        0        0       10        0      100      227      332      313      314     1581     1904     1577     1578
     1907     1901
        1        1        1        1        0        0        0        0       10        0      101       86      313      332      314      857     1904      859      858
     1901     1907
        1        1        1        1        0        0        0        0       10        0      102       85       86      332      152      849      859      853      851
      855     1212
        1        1        1        1        0        0        0        0       10        0      103       84      150      151      332      844     1200      845      848
     1203     1207
        1        1        1        1        0        0        0        0       10        0      104      151      332      226      227     1207     1573     1205     1206
     1581     1564
        1        1        1        1        0        0        0        0       10        0      105      226      332      313      227     1573     1904     1571     1564
     1581     1577
        1        1        1        1        0        0        0        0       10        0      106       85       86      313      332      849      857      852      853
      859     1904
        1        1        1        1        0        0        0        0       10        0      107      151      332      227      152     1207     1581     1206     1204
     1212     1209
        1        1        1        1        0        0        0        0       10        0      108       85      332      151      152      853     1207      850      851
     1212     1204
        1        1        1        1        0        0        0        0       10        0      109       84      151       85      332      845      850      843      848
     1207      853
        1        1        1        1        0        0        0        0       10        0      110       84       85      313      332      843      852      847      848
      853     1904
        1        1        1        1        0        0        0        0       10        0      111      180      310      331      212     1321     1896     1322     1319
     1492     1494
        1        1        1        1        0        0        0        0       10        0      112      122      331      180      310     1063     1322     1060     1062
     1896     1321
        1        1        1        1        0        0        0        0       10        0      113      179      180      331      212     1314     1322     1317     1316
     1319     1494
        1        1        1        1        0        0        0        0       10        0      114      122      180      331      179     1060     1322     1063     1059
     1314     1317
        1        1        1        1        0        0        0        0       10        0      115      122      310      309      331     1062     1891     1061     1063
     1896     1893
        1        1        1        1        0        0        0        0       10        0      116      212      310      331      309     1492     1896     1494     1491
     1891     1893
        1        1        1        1        0        0        0        0       10        0      117      121      122      331      179     1053     1063     1057     1055
     1059     1317
        1        1        1        1        0        0        0        0       10        0      118      121      331      178      179     1057     1313     1054     1055
     1317     1309
        1        1        1        1        0        0        0        0       10        0      119      178      331      211      179     1313     1487     1311     1309
     1317     1315
        1        1        1        1        0        0        0        0       10        0      120      121      309      331      122     1056     1893     1057     1053
     1061     1063
        1        1        1        1        0        0        0        0       10        0      121      179      211      212      331     1315     1479     1316     1317
     1487     1494
        1        1        1        1        0        0        0        0       10        0      122      211      212      331      309     1479     1494     1487     1485
     1491     1893
        1        1        1        1        0        0        0        0       10        0      123      227      330      292      320     1580     1858     1576     1579
     1915     1857
        1        1        1        1        0        0        0        0       10        0      124      226      227      330      292     1564     1580     1572     1568
     1576     1858
        1        1        1        1        0        0        0        0       10        0      125       62       72      296      330      709      772      712      716
      774     1862
        1        1        1        1        0        0        0        0       10        0      126       62      296      225      330      712     1559      710      716
     1862     1561
        1        1        1        1        0        0        0        0       10        0      127       73      330      292      296      780     1858      776      777
     1862     1855
        1        1        1        1        0        0        0        0       10        0      128      227      313      330      320     1577     1903     1580     1579
     1902     1915
        1        1        1        1        0        0        0        0       10        0      129      226      330      227      313     1572     1580     1564     1571
     1903     1577
        1        1        1        1        0        0        0        0       10        0      130       73      292      330      320      776     1858      780      779
     1857     1915
        1        1        1        1        0        0        0        0       10        0      131      225      226      330      296     1557     1572     1561     1559
     1569     1862
        1        1        1        1        0        0        0        0       10        0      132       62      313       72      330      713      773      709      716
     1903      774
        1        1        1        1        0        0        0        0       10        0      133       62      225      313      330      710     1560      713      716
     1561     1903
        1        1        1        1        0        0        0        0       10        0      134       72      330       73      296      774      780      771      772
     1862      777
        1        1        1        1        0        0        0        0       10        0      135       73      330      313      320      780     1903      778      779
     1915     1902
        1        1        1        1        0        0        0        0       10        0      136      225      226      313      330     1557     1571     1560     1561
     1572     1903
        1        1        1        1        0        0        0        0       10        0      137       72      330      313       73      774     1903      773      771
      780      778
        1        1        1        1        0        0        0        0       10        0      138      101      210      108      329      943      977      942      946
     1478      981
        1        1        1        1        0        0        0        0       10        0      139       93      108      329      101      895      981      898      894
      942      946
        1        1        1        1        0        0        0        0       10        0      140      108      210      278      329      977     1476      979      981
     1478     1813
        1        1        1        1        0        0        0        0       10        0      141       93      278      329      108      896     1813      898      895
      979      981
        1        1        1        1        0        0        0        0       10        0      142      100      253      329      101      939     1684      941      932
      944      946
        1        1        1        1        0        0        0        0       10        0      143      100      329      253      223      941     1684      939      938
     1554     1551
        1        1        1        1        0        0        0        0       10        0      144      209      278      210      329     1470     1476     1466     1472
     1813     1478
        1        1        1        1        0        0        0        0       10        0      145       98      329      253      101      925     1684      923      922
      946      944
        1        1        1        1        0        0        0        0       10        0      146      100      209      329      223      935     1472      941      938
     1468     1554
        1        1        1        1        0        0        0        0       10        0      147       97      253      329      223      919     1684      921      918
     1551     1554
        1        1        1        1        0        0        0        0       10        0      148       97      329      253       98      921     1684      919      916
      925      923
        1        1        1        1        0        0        0        0       10        0      149       93      329       98      101      898      925      893      894
      946      922
        1        1        1        1        0        0        0        0       10        0      150      209      288      278      329     1471     1811     1470     1472
     1848     1813
        1        1        1        1        0        0        0        0       10        0      151       93      288      329      278      897     1848      898      896
     1811     1813
        1        1        1        1        0        0        0        0       10        0      152       97      329      288      223      921     1848      920      918
     1554     1553
        1        1        1        1        0        0        0        0       10        0      153       97      288      329       98      920     1848      921      916
      924      925
        1        1        1        1        0        0        0        0       10        0      154       93      329      288       98      898     1848      897      893
      925      924
        1        1        1        1        0        0        0        0       10        0      155      209      288      329      223     1471     1848     1472     1468
     1553     1554
        1        1        1        1        0        0        0        0       10        0      156       82      233      328      224      832     1620      835      831
     1555     1556
        1        1        1        1        0        0        0        0       10        0      157       82      328       92      224      835      892      827      831
     1556      890
        1        1        1        1        0        0        0        0       10        0      158       92      328      158      224      892     1237      889      890
     1556     1235
        1        1        1        1        0        0        0        0       10        0      159      158      328      233      224     1237     1620     1236     1235
     1556     1555
        1        1        1        1        0        0        0        0       10        0      160       82       92      328      316      827      892      835      834
      891     1911
        1        1        1        1        0        0        0        0       10        0      161       91      158       92      328      885      889      883      887
     1237      892
        1        1        1        1        0        0        0        0       10        0      162      157      232      233      328     1231     1609     1232     1233
     1613     1620
        1        1        1        1        0        0        0        0       10        0      163      232      316      233      328     1612     1619     1609     1613
     1911     1620
        1        1        1        1        0        0        0        0       10        0      164       91      157      158      328      884     1230      885      887
     1233     1237
        1        1        1        1        0        0        0        0       10        0      165      157      158      328      233     1230     1237     1233     1232
     1236     1620
        1        1        1        1        0        0        0        0       10        0      166       90      328       91      316      881      887      876      880
     1911      886
        1        1        1        1        0        0        0        0       10        0      167       90      157       91      328      878      884      876      881
     1233      887
        1        1        1        1        0        0        0        0       10        0      168       91      328       92      316      887      892      883      886
     1911      891
        1        1        1        1        0        0        0        0       10        0      169       25      327      269      229      494     1763      492      488
     1595     1590
        1        1        1        1        0        0        0        0       10        0      170      277      293      327      286     1806     1859     1809     1805
     1841     1843
        1        1        1        1        0        0        0        0       10        0      171      269      277      293      327     1761     1806     1762     1763
     1809     1859
        1        1        1        1        0        0        0        0       10        0      172       25      266      327      229      491     1753      494      488
     1589     1595
        1        1        1        1        0        0        0        0       10        0      173       25      277      269      327      493     1761      492      494
     1809     1763
        1        1        1        1        0        0        0        0       10        0      174       22      266      327       25      474     1753      477      471
      491      494
        1        1        1        1        0        0        0        0       10        0      175      275      277      327      286     1791     1809     1797     1793
     1805     1843
        1        1        1        1        0        0        0        0       10        0      176       22      275      277      327      475     1791      476      477
     1797     1809
        1        1        1        1        0        0        0        0       10        0      177       22      327      277       25      477     1809      476      471
      494      493
        1        1        1        1        0        0        0        0       10        0      178      196      197      326      301     1395     1407     1400     1398
     1404     1872
        1        1        1        1        0        0        0        0       10        0      179      196      306      326      197     1399     1882     1400     1395
     1405     1407
        1        1        1        1        0        0        0        0       10        0      180      133      326      134      301     1116     1124     1111     1113
     1872     1121
        1        1        1        1        0        0        0        0       10        0      181      133      326      306      134     1116     1882     1115     1111
     1124     1122
        1        1        1        1        0        0        0        0       10        0      182      194      305      326      195     1385     1879     1386     1380
     1392     1393
        1        1        1        1        0        0        0        0       10        0      183      131      326      194      305     1106     1386     1102     1105
     1879     1385
        1        1        1        1        0        0        0        0       10        0      184      133      305      306      326     1114     1878     1115     1116
     1879     1882
        1        1        1        1        0        0        0        0       10        0      185      131      132      326      305     1101     1110     1106     1105
     1109     1879
        1        1        1        1        0        0        0        0       10        0      186      194      326      291      195     1386     1854     1384     1380
     1393     1391
        1        1        1        1        0        0        0        0       10        0      187      131      194      326      291     1102     1386     1106     1104
     1384     1854
        1        1        1        1        0        0        0        0       10        0      188      196      326      291      301     1400     1854     1397     1398
     1872     1853
        1        1        1        1        0        0        0        0       10        0      189      133      291      326      301     1112     1854     1116     1113
     1853     1872
        1        1        1        1        0        0        0        0       10        0      190      132      326      305      133     1110     1879     1109     1107
     1116     1114
        1        1        1        1        0        0        0        0       10        0      191      131      326      132      291     1106     1110     1101     1104
     1854     1108
        1        1        1        1        0        0        0        0       10        0      192      132      326      133      291     1110     1116     1107     1108
     1854     1112
        1        1        1        1        0        0        0        0       10        0      193      195      291      196      326     1391     1397     1387     1393
     1854     1400
        1        1        1        1        0        0        0        0       10        0      194       31      255      325       62      541     1689      544      539
      711      715
        1        1        1        1        0        0        0        0       10        0      195       59      325      255       62      695     1689      692      691
      715      711
        1        1        1        1        0        0        0        0       10        0      196       58       59      298      325      687      694      689      690
      695     1868
        1        1        1        1        0        0        0        0       10        0      197       57      298      191      325      685     1369      682      686
     1868     1370
        1        1        1        1        0        0        0        0       10        0      198       57       58      298      325      681      689      685      686
      690     1868
        1        1        1        1        0        0        0        0       10        0      199       58      255       59      325      688      692      687      690
     1689      695
        1        1        1        1        0        0        0        0       10        0      200       57      255       58      325      684      688      681      686
     1689      690
        1        1        1        1        0        0        0        0       10        0      201       31      325      255      191      544     1689      541      540
     1370     1367
        1        1        1        1        0        0        0        0       10        0      202      127      312      324      184     1089     1900     1090     1088
     1339     1340
        1        1        1        1        0        0        0        0       10        0      203      127      324      183      184     1090     1335     1087     1088
     1340     1331
        1        1        1        1        0        0        0        0       10        0      204      184      217      312      324     1337     1524     1339     1340
     1525     1900
        1        1        1        1        0        0        0        0       10        0      205      183      324      217      184     1335     1525     1334     1331
     1340     1337
        1        1        1        1        0        0        0        0       10        0      206      126      127      324      183     1081     1090     1085     1082
     1087     1335
        1        1        1        1        0        0        0        0       10        0      207      126      312      324      127     1084     1900     1085     1081
     1089     1090
        1        1        1        1        0        0        0        0       10        0      208      183      216      217      324     1333     1514     1334     1335
     1520     1525
        1        1        1        1        0        0        0        0       10        0      209      216      312      217      324     1519     1524     1514     1520
     1900     1525
        1        1        1        1        0        0        0        0       10        0      210      125      183      126      324     1078     1082     1076     1080
     1335     1085
        1        1        1        1        0        0        0        0       10        0      211      126      324      312      311     1085     1900     1084     1083
     1899     1897
        1        1        1        1        0        0        0        0       10        0      212      182      215      183      324     1328     1332     1326     1330
     1513     1335
        1        1        1        1        0        0        0        0       10        0      213      125      183      324      182     1078     1335     1080     1077
     1326     1330
        1        1        1        1        0        0        0        0       10        0      214      183      215      216      324     1332     1508     1333     1335
     1513     1520
        1        1        1        1        0        0        0        0       10        0      215      125      126      311      324     1076     1083     1079     1080
     1085     1899
        1        1        1        1        0        0        0        0       10        0      216      182      311      215      324     1329     1512     1328     1330
     1899     1513
        1        1        1        1        0        0        0        0       10        0      217      125      324      311      182     1080     1899     1079     1077
     1330     1329
        1        1        1        1        0        0        0        0       10        0      218      215      216      324      311     1508     1520     1513     1512
     1518     1899
        1        1        1        1        0        0        0        0       10        0      219      211      323      212      309     1486     1493     1479     1485
     1892     1491
        1        1        1        1        0        0        0        0       10        0      220      109      323      211      309      987     1486      983      986
     1892     1485
        1        1        1        1        0        0        0        0       10        0      221      109      285      211      323      985     1484      983      987
     1839     1486
        1        1        1        1        0        0        0        0       10        0      222      211      212      323      285     1479     1493     1486     1484
     1490     1839
        1        1        1        1        0        0        0        0       10        0      223      112      323      214      282     1004     1507     1000     1002
     1830     1505
        1        1        1        1        0        0        0        0       10        0      224      111      323      112      282      998     1004      993      994
     1830     1002
        1        1        1        1        0        0        0        0       10        0      225      109      110      323      309      982      992      987      986
      990     1892
        1        1        1        1        0        0        0        0       10        0      226      112      214      323      311     1000     1507     1004     1003
     1506     1898
        1        1        1        1        0        0        0        0       10        0      227      111      112      323      311      993     1004      998      997
     1003     1898
        1        1        1        1        0        0        0        0       10        0      228      109      110      285      323      982      989      985      987
      992     1839
        1        1        1        1        0        0        0        0       10        0      229      213      214      323      282     1495     1507     1501     1497
     1505     1830
        1        1        1        1        0        0        0        0       10        0      230      212      323      310      309     1493     1895     1492     1491
     1892     1891
        1        1        1        1        0        0        0        0       10        0      231      110      310      323      309      991     1895      992      990
     1891     1892
        1        1        1        1        0        0        0        0       10        0      232      213      323      214      311     1501     1507     1495     1500
     1898     1506
        1        1        1        1        0        0        0        0       10        0      233      212      213      323      285     1488     1501     1493     1490
     1498     1839
        1        1        1        1        0        0        0        0       10        0      234      111      323      282      285      998     1830      994      995
     1839     1827
        1        1        1        1        0        0        0        0       10        0      235      213      282      323      285     1497     1830     1501     1498
     1827     1839
        1        1        1        1        0        0        0        0       10        0      236      212      323      213      310     1493     1501     1488     1492
     1895     1499
        1        1        1        1        0        0        0        0       10        0      237      213      323      311      310     1501     1898     1500     1499
     1895     1894
        1        1        1        1        0        0        0        0       10        0      238      111      311      323      310      997     1898      998      996
     1894     1895
        1        1        1        1        0        0        0        0       10        0      239      110      323      111      285      992      998      988      989
     1839      995
        1        1        1        1        0        0        0        0       10        0      240      110      111      323      310      988      998      992      991
      996     1895
        1        1        1        1        0        0        0        0       10        0      241      147      169      170      322     1187     1277     1188     1190
     1280     1285
        1        1        1        1        0        0        0        0       10        0      242      169      322      200      170     1280     1431     1279     1277
     1285     1283
        1        1        1        1        0        0        0        0       10        0      243       69      202      322      192      754     1445      758      753
     1373     1374
        1        1        1        1        0        0        0        0       10        0      244       69      322      148      192      758     1196      750      753
     1374     1194
        1        1        1        1        0        0        0        0       10        0      245      147      148      322      170     1186     1196     1190     1188
     1192     1285
        1        1        1        1        0        0        0        0       10        0      246      147      148      308      322     1186     1195     1189     1190
     1196     1889
        1        1        1        1        0        0        0        0       10        0      247      170      322      200      201     1285     1431     1283     1284
     1438     1423
        1        1        1        1        0        0        0        0       10        0      248      200      322      308      201     1431     1889     1428     1423
     1438     1436
        1        1        1        1        0        0        0        0       10        0      249      171      202      192      322     1288     1373     1286     1289
     1445     1374
        1        1        1        1        0        0        0        0       10        0      250      148      192      322      171     1194     1374     1196     1193
     1286     1289
        1        1        1        1        0        0        0        0       10        0      251      170      322      201      171     1285     1438     1284     1282
     1289     1287
        1        1        1        1        0        0        0        0       10        0      252      148      322      170      171     1196     1285     1192     1193
     1289     1282
        1        1        1        1        0        0        0        0       10        0      253       69      322      202      319      758     1445      754      757
     1914     1444
        1        1        1        1        0        0        0        0       10        0      254       69      308      322      319      756     1889      758      757
     1887     1914
        1        1        1        1        0        0        0        0       10        0      255       69      322      308      148      758     1889      756      750
     1196     1195
        1        1        1        1        0        0        0        0       10        0      256      171      201      202      322     1287     1433     1288     1289
     1438     1445
        1        1        1        1        0        0        0        0       10        0      257      201      202      322      319     1433     1445     1438     1437
     1444     1914
        1        1        1        1        0        0        0        0       10        0      258      201      322      308      319     1438     1889     1436     1437
     1914     1887
        1        1        1        1        0        0        0        0       10        0      259      138      304      321      319     1143     1877     1146     1145
     1876     1913
        1        1        1        1        0        0        0        0       10        0      260      137      138      304      321     1135     1143     1136     1139
     1146     1877
        1        1        1        1        0        0        0        0       10        0      261      138      321      308      319     1146     1888     1144     1145
     1913     1887
        1        1        1        1        0        0        0        0       10        0      262      137      138      321      308     1135     1146     1139     1138
     1144     1888
        1        1        1        1        0        0        0        0       10        0      263      200      321      304      319     1430     1877     1427     1429
     1913     1876
        1        1        1        1        0        0        0        0       10        0      264      200      308      321      319     1428     1888     1430     1429
     1887     1913
        1        1        1        1        0        0        0        0       10        0      265      135      321      198      307     1129     1415     1126     1128
     1885     1414
        1        1        1        1        0        0        0        0       10        0      266      135      136      321      307     1125     1134     1129     1128
     1133     1885
        1        1        1        1        0        0        0        0       10        0      267      137      321      307      308     1139     1885     1137     1138
     1888     1884
        1        1        1        1        0        0        0        0       10        0      268      135      198      321      280     1126     1415     1129     1127
     1412     1822
        1        1        1        1        0        0        0        0       10        0      269      135      321      136      280     1129     1134     1125     1127
     1822     1131
        1        1        1        1        0        0        0        0       10        0      270      198      321      199      307     1415     1421     1408     1414
     1885     1420
        1        1        1        1        0        0        0        0       10        0      271      198      199      321      280     1408     1421     1415     1412
     1418     1822
        1        1        1        1        0        0        0        0       10        0      272      199      304      200      321     1419     1427     1416     1421
     1877     1430
        1        1        1        1        0        0        0        0       10        0      273      136      137      321      307     1130     1139     1134     1133
     1137     1885
        1        1        1        1        0        0        0        0       10        0      274      199      304      321      280     1419     1877     1421     1418
     1821     1822
        1        1        1        1        0        0        0        0       10        0      275      136      321      304      280     1134     1877     1132     1131
     1822     1821
        1        1        1        1        0        0        0        0       10        0      276      136      304      321      137     1132     1877     1134     1130
     1136     1139
        1        1        1        1        0        0        0        0       10        0      277       75       76      320      315      786      798      791      790
      797     1909
        1        1        1        1        0        0        0        0       10        0      278       76      229      320      315      793     1594      798      797
     1593     1909
        1        1        1        1        0        0        0        0       10        0      279      228      320      229      315     1587     1594     1582     1586
     1909     1593
        1        1        1        1        0        0        0        0       10        0      280       76      286      320      229      795     1842      798      793
     1591     1594
        1        1        1        1        0        0        0        0       10        0      281       75      286      320       76      787     1842      791      786
      795      798
        1        1        1        1        0        0        0        0       10        0      282       75      320      314      315      791     1906      789      790
     1909     1905
        1        1        1        1        0        0        0        0       10        0      283      228      314      320      315     1585     1906     1587     1586
     1905     1909
        1        1        1        1        0        0        0        0       10        0      284      228      320      286      229     1587     1842     1584     1582
     1594     1591
        1        1        1        1        0        0        0        0       10        0      285      227      313      320      314     1577     1902     1579     1578
     1901     1906
        1        1        1        1        0        0        0        0       10        0      286       74      320      313      314      785     1902      783      784
     1906     1901
        1        1        1        1        0        0        0        0       10        0      287       74       75      320      314      781      791      785      784
      789     1906
        1        1        1        1        0        0        0        0       10        0      288       75      320      286      292      791     1842      787      788
     1857     1840
        1        1        1        1        0        0        0        0       10        0      289       73      320      313       74      779     1902      778      775
      785      783
        1        1        1        1        0        0        0        0       10        0      290      227      320      228      314     1579     1587     1574     1578
     1906     1585
        1        1        1        1        0        0        0        0       10        0      291       74       75      292      320      781      788      782      785
      791     1857
        1        1        1        1        0        0        0        0       10        0      292       73      292      320       74      776     1857      779      775
      782      785
        1        1        1        1        0        0        0        0       10        0      293      227      266      320      292     1575     1752     1579     1576
     1751     1857
        1        1        1        1        0        0        0        0       10        0      294      227      320      266      228     1579     1752     1575     1574
     1587     1583
        1        1        1        1        0        0        0        0       10        0      295      200      308      319      201     1428     1887     1429     1423
     1436     1437
        1        1        1        1        0        0        0        0       10        0      296      138      304      319      281     1143     1876     1145     1141
     1825     1826
        1        1        1        1        0        0        0        0       10        0      297       69      319       70      308      757      766      749      756
     1887      765
        1        1        1        1        0        0        0        0       10        0      298       69      319      202       70      757     1444      754      749
      766      762
        1        1        1        1        0        0        0        0       10        0      299      138      319      299      281     1145     1871     1142     1141
     1826     1823
        1        1        1        1        0        0        0        0       10        0      300       70      308      319      139      765     1887      766      759
     1148     1149
        1        1        1        1        0        0        0        0       10        0      301      138      319      308      139     1145     1887     1144     1140
     1149     1148
        1        1        1        1        0        0        0        0       10        0      302       70      319      299      139      766     1871      764      759
     1149     1147
        1        1        1        1        0        0        0        0       10        0      303       70      202      299      319      762     1442      764      766
     1444     1871
        1        1        1        1        0        0        0        0       10        0      304      138      299      319      139     1142     1871     1145     1140
     1147     1149
        1        1        1        1        0        0        0        0       10        0      305        7      277      251       25      380     1681      379      377
      493      490
        1        1        1        1        0        0        0        0       10        0      306       19      246       27      245      461      507      458      460
     1661      506
        1        1        1        1        0        0        0        0       10        0      307       10      238      237      273      403     1643      402      406
     1652     1648
        1        1        1        1        0        0        0        0       10        0      308      262      263      278      302     1728     1735     1729     1731
     1738     1812
        1        1        1        1        0        0        0        0       10        0      309      226      265      292      297     1566     1746     1568     1570
     1747     1856
        1        1        1        1        0        0        0        0       10        0      310      101      210      309      108      943     1477      945      942
      977      980
        1        1        1        1        0        0        0        0       10        0      311      257      283      293      272     1696     1831     1697     1695
     1773     1775
        1        1        1        1        0        0        0        0       10        0      312       27      263      257      272      511     1693      510      512
     1734     1695
        1        1        1        1        0        0        0        0       10        0      313      258      270      274      290     1702     1764     1703     1705
     1766     1789
        1        1        1        1        0        0        0        0       10        0      314      116      218      217      312     1023     1521     1022     1026
     1530     1524
        1        1        1        1        0        0        0        0       10        0      315       96      252      253      222      913     1683      914      912
     1547     1548
        1        1        1        1        0        0        0        0       10        0      316      263      272      294      285     1734     1776     1737     1736
     1774     1838
        1        1        1        1        0        0        0        0       10        0      317       22      275      265      238      475     1745      473      472
     1653     1651
        1        1        1        1        0        0        0        0       10        0      318       44      205      206       45      619     1452      620      614
      626      627
        1        1        1        1        0        0        0        0       10        0      319      216      290      270      258     1517     1766     1516     1515
     1705     1702
        1        1        1        1        0        0        0        0       10        0      320      154      230      315      229     1219     1599     1220     1218
     1588     1593
        1        1        1        1        0        0        0        0       10        0      321       77       78      231      315      799      805      801      803
      809     1606
        1        1        1        1        0        0        0        0       10        0      322      142      306      166      143     1165     1266     1163     1161
     1171     1168
        1        1        1        1        0        0        0        0       10        0      323       29      282      268      294      531     1758      528      533
     1829     1760
        1        1        1        1        0        0        0        0       10        0      324       63       69      148      192      719      750      720      723
      753     1194
        1        1        1        1        0        0        0        0       10        0      325      230      293      269      231     1598     1762     1597     1596
     1605     1603
        1        1        1        1        0        0        0        0       10        0      326      174      256      206      207     1300     1458     1298     1299
     1461     1457
        1        1        1        1        0        0        0        0       10        0      327        9      284       29      248      399      532      394      397
     1670      527
        1        1        1        1        0        0        0        0       10        0      328      198      280      271      199     1412     1768     1411     1408
     1418     1417
        1        1        1        1        0        0        0        0       10        0      329      113      290      215      216     1009     1511     1006     1007
     1517     1508
        1        1        1        1        0        0        0        0       10        0      330      117      208      128      185     1032     1093     1028     1031
     1341     1092
        1        1        1        1        0        0        0        0       10        0      331       18      245       26      244      456      497      453      455
     1659      496
        1        1        1        1        0        0        0        0       10        0      332      199      271      200      304     1417     1425     1416     1419
     1770     1427
        1        1        1        1        0        0        0        0       10        0      333      100      219      253      106      937     1533      939      933
      970      971
        1        1        1        1        0        0        0        0       10        0      334        9       13      234      274      391      426      396      398
      430     1627
        1        1        1        1        0        0        0        0       10        0      335       51      194       52      193      652      659      649      651
     1375      658
        1        1        1        1        0        0        0        0       10        0      336       43      205      130       45      611     1099      610      608
      626      625
        1        1        1        1        0        0        0        0       10        0      337      194      261      291      289     1382     1725     1384     1383
     1724     1850
        1        1        1        1        0        0        0        0       10        0      338      263      268      285      294     1733     1759     1736     1737
     1760     1838
        1        1        1        1        0        0        0        0       10        0      339       27      246      249      250      507     1665      508      509
     1666     1673
        1        1        1        1        0        0        0        0       10        0      340        1       14       30       21      341      436      344      343
      434      468
        1        1        1        1        0        0        0        0       10        0      341       38      203       51       42      587      653      583      582
      605      602
        1        1        1        1        0        0        0        0       10        0      342      260      298      299      300     1717     1866     1718     1719
     1867     1870
        1        1        1        1        0        0        0        0       10        0      343       63       64       69      192      718      725      719      723
      729      753
        1        1        1        1        0        0        0        0       10        0      344       78      293      231      283      808     1605      805      807
     1831     1604
        1        1        1        1        0        0        0        0       10        0      345       46       50       52      289      629      644      630      632
      647      662
        1        1        1        1        0        0        0        0       10        0      346      234      287      264      274     1628     1742     1626     1627
     1788     1740
        1        1        1        1        0        0        0        0       10        0      347      167      307      198      168     1271     1414     1270     1268
     1275     1273
        1        1        1        1        0        0        0        0       10        0      348       29      284      294      248      532     1836      533      527
     1670     1671
        1        1        1        1        0        0        0        0       10        0      349      131      194      291      289     1102     1384     1104     1103
     1383     1850
        1        1        1        1        0        0        0        0       10        0      350       13      235      240      234      427     1630      429      426
     1622     1624
        1        1        1        1        0        0        0        0       10        0      351       95      221      252      222      907     1542      909      908
     1540     1547
        1        1        1        1        0        0        0        0       10        0      352       47      206      295      205      635     1460      637      634
     1452     1456
        1        1        1        1        0        0        0        0       10        0      353      144      145      307      167     1173     1179     1175     1174
     1177     1271
        1        1        1        1        0        0        0        0       10        0      354      100      210      120      309      936     1050      934      940
     1477     1052
        1        1        1        1        0        0        0        0       10        0      355       38      140      203      163      584     1154      587      586
     1151     1253
        1        1        1        1        0        0        0        0       10        0      356      118      204      208      205     1036     1448     1038     1037
     1447     1453
        1        1        1        1        0        0        0        0       10        0      357       70      299      202      189      764     1442      762      760
     1358     1356
        1        1        1        1        0        0        0        0       10        0      358       69      202      192      189      754     1373      753      751
     1356     1355
        1        1        1        1        0        0        0        0       10        0      359       24      270      274      258      485     1764      486      484
     1702     1703
        1        1        1        1        0        0        0        0       10        0      360       64      190       69      192      728      752      725      729
     1360      753
        1        1        1        1        0        0        0        0       10        0      361       96       97      288      222      911      920      915      912
      917     1550
        1        1        1        1        0        0        0        0       10        0      362       43       47      205       45      609      634      611      608
      623      626
        1        1        1        1        0        0        0        0       10        0      363       24      270       29      274      485      529      481      486
     1764      530
        1        1        1        1        0        0        0        0       10        0      364        9      248      317      284      397     1672      400      399
     1670     1837
        1        1        1        1        0        0        0        0       10        0      365       38      162      203       42      585     1250      587      582
      603      605
        1        1        1        1        0        0        0        0       10        0      366        9       30       24      234      395      482      393      396
      534      483
        1        1        1        1        0        0        0        0       10        0      367      104      105      253      187      959      967      963      960
      965     1350
        1        1        1        1        0        0        0        0       10        0      368      258      264      276      274     1701     1741     1704     1703
     1740     1785
        1        1        1        1        0        0        0        0       10        0      369      213      282      268      214     1497     1758     1496     1495
     1505     1503
        1        1        1        1        0        0        0        0       10        0      370        8       22       25       23      384      471      386      385
      470      478
        1        1        1        1        0        0        0        0       10        0      371       99      106      219      100      927      970      931      926
      933      937
        1        1        1        1        0        0        0        0       10        0      372       10      273       11      317      406      414      401      408
     1784      415
        1        1        1        1        0        0        0        0       10        0      373       20      247       21       29      466      469      462      464
      526      467
        1        1        1        1        0        0        0        0       10        0      374       11      237      236      273      411     1635      410      414
     1648     1640
        1        1        1        1        0        0        0        0       10        0      375      211      268      285      263     1482     1759     1484     1481
     1733     1736
        1        1        1        1        0        0        0        0       10        0      376       10       11      237      242      401      411      402      404
      413     1644
        1        1        1        1        0        0        0        0       10        0      377       61      313      225       84      707     1560      705      704
      847      846
        1        1        1        1        0        0        0        0       10        0      378      104      253      222      187      963     1548      961      960
     1350     1348
        1        1        1        1        0        0        0        0       10        0      379      201      259      202      281     1434     1439     1433     1435
     1712     1441
        1        1        1        1        0        0        0        0       10        0      380       35      150       60       36      570      700      568      567
      575      572
        1        1        1        1        0        0        0        0       10        0      381       22      277      275      238      476     1791      475      472
     1654     1653
        1        1        1        1        0        0        0        0       10        0      382       78      232       79      283      806      812      804      807
     1611      813
        1        1        1        1        0        0        0        0       10        0      383      249      317      284      250     1676     1837     1674     1673
     1680     1679
        1        1        1        1        0        0        0        0       10        0      384       13      284      287      274      431     1835      432      430
     1787     1788
        1        1        1        1        0        0        0        0       10        0      385      235      287      236      267     1634     1642     1629     1633
     1755     1638
        1        1        1        1        0        0        0        0       10        0      386       12       13      317      284      416      433      424      422
      431     1837
        1        1        1        1        0        0        0        0       10        0      387       82      221      224      102      830     1541      831      828
      950      951
        1        1        1        1        0        0        0        0       10        0      388        9      234       24      274      396      483      393      398
     1627      486
        1        1        1        1        0        0        0        0       10        0      389      103      222      186      187      957     1345      954      955
     1348     1343
        1        1        1        1        0        0        0        0       10        0      390      134      197      198      301     1118     1402     1119     1121
     1404     1413
        1        1        1        1        0        0        0        0       10        0      391       77       78      293      231      799      808      802      801
      805     1605
        1        1        1        1        0        0        0        0       10        0      392      200      281      259      201     1426     1712     1424     1423
     1435     1434
        1        1        1        1        0        0        0        0       10        0      393      261      295      279      289     1726     1816     1723     1724
     1851     1814
        1        1        1        1        0        0        0        0       10        0      394       12       13      287      235      416      432      423      417
      427     1634
        1        1        1        1        0        0        0        0       10        0      395      124      125      311      182     1071     1079     1075     1073
     1077     1329
        1        1        1        1        0        0        0        0       10        0      396       40      256      174       41      596     1300      595      594
      601      598
        1        1        1        1        0        0        0        0       10        0      397       69      202      189       70      754     1356      751      749
      762      760
        1        1        1        1        0        0        0        0       10        0      398      261      276      291      289     1722     1802     1725     1724
     1800     1850
        1        1        1        1        0        0        0        0       10        0      399      105      253      187      188      967     1350      965      966
     1353     1347
        1        1        1        1        0        0        0        0       10        0      400       11       12      236      241      409      418      410      412
      420     1636
        1        1        1        1        0        0        0        0       10        0      401      194      261      195      291     1382     1388     1380     1384
     1725     1391
        1        1        1        1        0        0        0        0       10        0      402       41      207      175       42      600     1302      599      597
      606      604
        1        1        1        1        0        0        0        0       10        0      403      264      287      291      276     1742     1844     1743     1741
     1799     1802
        1        1        1        1        0        0        0        0       10        0      404       13      287      235      234      432     1634      427      426
     1628     1622
        1        1        1        1        0        0        0        0       10        0      405       44      173      208      129      618     1296      621      617
     1097     1098
        1        1        1        1        0        0        0        0       10        0      406       13      240      239      234      429     1655      428      426
     1624     1623
        1        1        1        1        0        0        0        0       10        0      407      118      218      204      119     1039     1449     1036     1033
     1044     1042
        1        1        1        1        0        0        0        0       10        0      408      235      264      287      267     1632     1742     1634     1633
     1739     1755
        1        1        1        1        0        0        0        0       10        0      409      200      281      271      259     1426     1769     1425     1424
     1712     1709
        1        1        1        1        0        0        0        0       10        0      410      117      208      118      128     1032     1038     1027     1028
     1093     1034
        1        1        1        1        0        0        0        0       10        0      411       12      287       13      284      423      432      416      422
     1835      431
        1        1        1        1        0        0        0        0       10        0      412        1       21      247       14      343      469      346      341
      434      439
        1        1        1        1        0        0        0        0       10        0      413      215      290      270      216     1511     1766     1509     1508
     1517     1516
        1        1        1        1        0        0        0        0       10        0      414      216      217      290      258     1514     1523     1517     1515
     1522     1705
        1        1        1        1        0        0        0        0       10        0      415       29      274      294      284      530     1790      533      532
     1787     1836
        1        1        1        1        0        0        0        0       10        0      416        9      317       13      284      400      433      391      399
     1837      431
        1        1        1        1        0        0        0        0       10        0      417        7      277       10      317      380      407      375      381
     1808      408
        1        1        1        1        0        0        0        0       10        0      418       69      190      189      192      752     1354      751      753
     1360     1355
        1        1        1        1        0        0        0        0       10        0      419        5      241       11      242      367      412      365      368
     1657      413
        1        1        1        1        0        0        0        0       10        0      420      248      294      249      284     1671     1675     1669     1670
     1836     1674
        1        1        1        1        0        0        0        0       10        0      421       13      274      287      234      430     1788      432      426
     1627     1628
        1        1        1        1        0        0        0        0       10        0      422      196      267      197      301     1396     1403     1395     1398
     1757     1404
        1        1        1        1        0        0        0        0       10        0      423       27      249       28      294      508      520      505      515
     1675      523
        1        1        1        1        0        0        0        0       10        0      424      234      264      287      235     1626     1742     1628     1622
     1632     1634
        1        1        1        1        0        0        0        0       10        0      425       77      293      230      231      802     1598      800      801
     1605     1596
        1        1        1        1        0        0        0        0       10        0      426        7      277       25       22      380      493      377      376
      476      471
        1        1        1        1        0        0        0        0       10        0      427       99      176      219      106      929     1305      931      927
      968      970
        1        1        1        1        0        0        0        0       10        0      428        1       30       16       21      344      445      342      343
      468      444
        1        1        1        1        0        0        0        0       10        0      429      236      267      287      280     1638     1755     1642     1641
     1754     1819
        1        1        1        1        0        0        0        0       10        0      430      123      213      311      310     1067     1500     1070     1069
     1499     1894
        1        1        1        1        0        0        0        0       10        0      431      120      177      210      219     1048     1307     1050     1051
     1308     1474
        1        1        1        1        0        0        0        0       10        0      432      123      213      214      311     1067     1495     1068     1070
     1500     1506
        1        1        1        1        0        0        0        0       10        0      433      102      221      186      103      950     1344      949      947
      956      954
        1        1        1        1        0        0        0        0       10        0      434      211      278      263      285     1483     1735     1481     1484
     1810     1736
        1        1        1        1        0        0        0        0       10        0      435       97      222      253      223      917     1548      919      918
     1546     1551
        1        1        1        1        0        0        0        0       10        0      436       77      231      230      315      801     1596      800      803
     1606     1599
        1        1        1        1        0        0        0        0       10        0      437      123      214      181      124     1068     1325     1066     1064
     1074     1072
        1        1        1        1        0        0        0        0       10        0      438       99      177      120      219      930     1048      928      931
     1308     1051
        1        1        1        1        0        0        0        0       10        0      439       80      303      233       83      819     1618      817      815
      841      839
        1        1        1        1        0        0        0        0       10        0      440       25      269      277       26      492     1761      493      487
      501      503
        1        1        1        1        0        0        0        0       10        0      441       28      268      294       29      522     1760      523      516
      528      533
        1        1        1        1        0        0        0        0       10        0      442      248      249      317      284     1669     1676     1672     1670
     1674     1837
        1        1        1        1        0        0        0        0       10        0      443      250      277      251      317     1678     1681     1677     1680
     1808     1682
        1        1        1        1        0        0        0        0       10        0      444       52      194      289      193      659     1383      662      658
     1375     1379
        1        1        1        1        0        0        0        0       10        0      445      198      271      280      236     1411     1768     1412     1409
     1639     1641
        1        1        1        1        0        0        0        0       10        0      446        7      251      277      317      379     1681      380      381
     1682     1808
        1        1        1        1        0        0        0        0       10        0      447       26      277      251      250      503     1681      499      498
     1678     1677
        1        1        1        1        0        0        0        0       10        0      448      271      281      304      280     1769     1825     1770     1768
     1818     1821
        1        1        1        1        0        0        0        0       10        0      449      271      281      280      273     1769     1818     1768     1767
     1781     1780
        1        1        1        1        0        0        0        0       10        0      450       32      225       36       61      549      576      546      547
      705      573
        1        1        1        1        0        0        0        0       10        0      451        8       17       25      244      383      449      386      389
      451      489
        1        1        1        1        0        0        0        0       10        0      452       63      159       64      192      721      726      718      723
     1240      729
        1        1        1        1        0        0        0        0       10        0      453        7       10      238        8      375      403      378      374
      382      387
        1        1        1        1        0        0        0        0       10        0      454      200      271      281      304     1425     1769     1426     1427
     1770     1825
        1        1        1        1        0        0        0        0       10        0      455      168      198      199      307     1273     1408     1274     1275
     1414     1420
        1        1        1        1        0        0        0        0       10        0      456      226      260      265      297     1565     1714     1566     1570
     1716     1747
        1        1        1        1        0        0        0        0       10        0      457       28      294      249      248      523     1675      520      519
     1671     1669
        1        1        1        1        0        0        0        0       10        0      458      238      265      259      275     1651     1708     1650     1653
     1745     1711
        1        1        1        1        0        0        0        0       10        0      459       12      236      241      235      418     1636      420      417
     1629     1631
        1        1        1        1        0        0        0        0       10        0      460      229      293      269      230     1592     1762     1590     1588
     1598     1597
        1        1        1        1        0        0        0        0       10        0      461        7       25        8       22      377      386      374      376
      471      384
        1        1        1        1        0        0        0        0       10        0      462      226      292      266      227     1568     1751     1567     1564
     1576     1575
        1        1        1        1        0        0        0        0       10        0      463      231      232      283      257     1601     1611     1604     1602
     1610     1696
        1        1        1        1        0        0        0        0       10        0      464       64      192      160      190      729     1243      727      728
     1360     1242
        1        1        1        1        0        0        0        0       10        0      465       81       92      149      224      822      888      824      825
      890     1199
        1        1        1        1        0        0        0        0       10        0      466       25      277      251       26      493     1681      490      487
      503      499
        1        1        1        1        0        0        0        0       10        0      467        7       25      251        8      377      490      379      374
      386      390
        1        1        1        1        0        0        0        0       10        0      468        6       11       10      242      371      401      370      372
      413      404
        1        1        1        1        0        0        0        0       10        0      469       55       70      254      190      673      763      675      674
      761     1361
        1        1        1        1        0        0        0        0       10        0      470      260      265      297      300     1714     1747     1716     1719
     1748     1865
        1        1        1        1        0        0        0        0       10        0      471      100      219      210      209      937     1474      936      935
     1467     1466
        1        1        1        1        0        0        0        0       10        0      472       86      153       87      314      856      861      854      858
     1216      865
        1        1        1        1        0        0        0        0       10        0      473       78      316      232      231      810     1612      806      805
     1607     1601
        1        1        1        1        0        0        0        0       10        0      474       27      272      277      294      512     1771      513      515
     1776     1807
        1        1        1        1        0        0        0        0       10        0      475       78      231      232      283      805     1601      806      807
     1604     1611
        1        1        1        1        0        0        0        0       10        0      476      103      252      221      222      958     1542      956      957
     1547     1540
        1        1        1        1        0        0        0        0       10        0      477       95      222      252       96      908     1547      909      906
      912      913
        1        1        1        1        0        0        0        0       10        0      478       45      206       47      205      627      635      623      626
     1452      634
        1        1        1        1        0        0        0        0       10        0      479      118      205      119      204     1037     1043     1033     1036
     1447     1042
        1        1        1        1        0        0        0        0       10        0      480       12      240       13      235      419      429      416      417
     1630      427
        1        1        1        1        0        0        0        0       10        0      481      115      116      217      312     1016     1022     1018     1020
     1026     1524
        1        1        1        1        0        0        0        0       10        0      482       51       52      194      305      649      659      652      656
      663     1385
        1        1        1        1        0        0        0        0       10        0      483       38      203      162      163      587     1250      585      586
     1253     1248
        1        1        1        1        0        0        0        0       10        0      484      107      279      116      119      975     1024      972      973
     1045     1021
        1        1        1        1        0        0        0        0       10        0      485       50      207      256       52      645     1461      646      644
      660      661
        1        1        1        1        0        0        0        0       10        0      486       45      206      256       47      627     1458      628      623
      635      636
        1        1        1        1        0        0        0        0       10        0      487        3       13      240      239      355      429      358      357
      428     1655
        1        1        1        1        0        0        0        0       10        0      488       51      203      194      193      653     1381      652      651
     1376     1375
        1        1        1        1        0        0        0        0       10        0      489       51      207      203      193      654     1446      653      651
     1377     1376
        1        1        1        1        0        0        0        0       10        0      490      107      130      279      119      974     1100      975      973
     1041     1045
        1        1        1        1        0        0        0        0       10        0      491       41      256      207       42      601     1461      600      597
      607      606
        1        1        1        1        0        0        0        0       10        0      492      273      317      277      284     1784     1808     1779     1782
     1837     1804
        1        1        1        1        0        0        0        0       10        0      493      206      207      295      261     1457     1464     1460     1459
     1462     1726
        1        1        1        1        0        0        0        0       10        0      494      117      208      129      118     1032     1098     1029     1027
     1038     1035
        1        1        1        1        0        0        0        0       10        0      495       44      208      205      118      621     1453      619      615
     1038     1037
        1        1        1        1        0        0        0        0       10        0      496       43      130      205      279      610     1099      611      612
     1100     1455
        1        1        1        1        0        0        0        0       10        0      497      119      204      279      218     1042     1451     1045     1044
     1449     1528
        1        1        1        1        0        0        0        0       10        0      498       44      208      118      129      621     1038      615      617
     1098     1035
        1        1        1        1        0        0        0        0       10        0      499      116      218      312      119     1023     1530     1026     1021
     1044     1046
        1        1        1        1        0        0        0        0       10        0      500      129      173      208      172     1097     1296     1098     1096
     1290     1292
        1        1        1        1        0        0        0        0       10        0      501       37       44      129      173      579      617      580      581
      618     1097
        1        1        1        1        0        0        0        0       10        0      502      204      279      261      205     1451     1723     1450     1447
     1455     1454
        1        1        1        1        0        0        0        0       10        0      503        4      241      240       12      363     1656      362      360
      420      419
        1        1        1        1        0        0        0        0       10        0      504      113      290      216      114     1009     1517     1007     1005
     1013     1012
        1        1        1        1        0        0        0        0       10        0      505      116      279      218      119     1024     1528     1023     1021
     1045     1044
        1        1        1        1        0        0        0        0       10        0      506      117      129      208      172     1029     1098     1032     1030
     1096     1292
        1        1        1        1        0        0        0        0       10        0      507       44      208      173      205      621     1296      618      619
     1453     1294
        1        1        1        1        0        0        0        0       10        0      508       44      173      206      205      618     1295      620      619
     1294     1452
        1        1        1        1        0        0        0        0       10        0      509      116      217      218      290     1022     1521     1023     1025
     1523     1529
        1        1        1        1        0        0        0        0       10        0      510      140      194      203      163     1153     1381     1154     1151
     1252     1253
        1        1        1        1        0        0        0        0       10        0      511       51      305      194      140      656     1385      652      650
     1155     1153
        1        1        1        1        0        0        0        0       10        0      512       46       52      131      289      630      657      631      632
      662     1103
        1        1        1        1        0        0        0        0       10        0      513      258      264      261      276     1701     1721     1700     1704
     1741     1722
        1        1        1        1        0        0        0        0       10        0      514       51      194      203      140      652     1381      653      650
     1153     1154
        1        1        1        1        0        0        0        0       10        0      515       52      131      194      305      657     1102      659      663
     1105     1385
        1        1        1        1        0        0        0        0       10        0      516       42      207      203       51      606     1446      605      602
      654      653
        1        1        1        1        0        0        0        0       10        0      517       51       52      207      193      649      660      654      651
      658     1377
        1        1        1        1        0        0        0        0       10        0      518       51      256      207       52      655     1461      654      649
      661      660
        1        1        1        1        0        0        0        0       10        0      519       42      256      207       51      607     1461      606      602
      655      654
        1        1        1        1        0        0        0        0       10        0      520      193      207      261      289     1377     1462     1378     1379
     1463     1724
        1        1        1        1        0        0        0        0       10        0      521      193      261      194      289     1378     1382     1375     1379
     1724     1383
        1        1        1        1        0        0        0        0       10        0      522       42      203      175      162      605     1301      604      603
     1250     1249
        1        1        1        1        0        0        0        0       10        0      523       52      194      131      289      659     1102      657      662
     1383     1103
        1        1        1        1        0        0        0        0       10        0      524       38      203      140       51      587     1154      584      583
      653      650
        1        1        1        1        0        0        0        0       10        0      525      143      197      306      166     1170     1405     1171     1168
     1265     1266
        1        1        1        1        0        0        0        0       10        0      526      143      306      197      307     1171     1405     1170     1172
     1881     1406
        1        1        1        1        0        0        0        0       10        0      527      143      197      166      167     1170     1265     1168     1169
     1269     1263
        1        1        1        1        0        0        0        0       10        0      528      166      306      196      197     1266     1399     1264     1265
     1405     1395
        1        1        1        1        0        0        0        0       10        0      529      270      274      290      282     1764     1789     1766     1765
     1786     1828
        1        1        1        1        0        0        0        0       10        0      530       42      203      207      175      605     1446      606      604
     1301     1302
        1        1        1        1        0        0        0        0       10        0      531      261      264      291      276     1721     1743     1725     1722
     1741     1802
        1        1        1        1        0        0        0        0       10        0      532       12      241      240      235      420     1656      419      417
     1631     1630
        1        1        1        1        0        0        0        0       10        0      533       28      268      263      294      522     1733      521      523
     1760     1737
        1        1        1        1        0        0        0        0       10        0      534      123      181      213      180     1066     1324     1067     1065
     1318     1320
        1        1        1        1        0        0        0        0       10        0      535      117      172      208      185     1030     1292     1032     1031
     1291     1341
        1        1        1        1        0        0        0        0       10        0      536      259      273      275      281     1710     1778     1711     1712
     1781     1792
        1        1        1        1        0        0        0        0       10        0      537      236      237      271      273     1635     1647     1639     1640
     1648     1767
        1        1        1        1        0        0        0        0       10        0      538      236      273      271      280     1640     1767     1639     1641
     1780     1768
        1        1        1        1        0        0        0        0       10        0      539      236      287      273      280     1642     1783     1640     1641
     1819     1780
        1        1        1        1        0        0        0        0       10        0      540       10      237       11      273      402      411      401      406
     1648      414
        1        1        1        1        0        0        0        0       10        0      541       10      277      273      317      407     1779      406      408
     1808     1784
        1        1        1        1        0        0        0        0       10        0      542        4      240       13       12      362      429      361      360
      419      416
        1        1        1        1        0        0        0        0       10        0      543       11      236      242      241      410     1637      413      412
     1636     1657
        1        1        1        1        0        0        0        0       10        0      544      250      277      317      284     1678     1808     1680     1679
     1804     1837
        1        1        1        1        0        0        0        0       10        0      545      264      274      287      276     1740     1788     1742     1741
     1785     1799
        1        1        1        1        0        0        0        0       10        0      546      113      215      311      216     1006     1512     1010     1007
     1508     1518
        1        1        1        1        0        0        0        0       10        0      547      113      216      311      114     1007     1518     1010     1005
     1012     1014
        1        1        1        1        0        0        0        0       10        0      548      234      264      258      274     1626     1701     1625     1627
     1740     1703
        1        1        1        1        0        0        0        0       10        0      549      128      185      208      218     1092     1341     1093     1094
     1342     1465
        1        1        1        1        0        0        0        0       10        0      550        9       13      274      284      391      430      398      399
      431     1787
        1        1        1        1        0        0        0        0       10        0      551       28      249      246      247      520     1665      517      518
     1668     1664
        1        1        1        1        0        0        0        0       10        0      552      115      217      116      290     1018     1022     1016     1019
     1523     1025
        1        1        1        1        0        0        0        0       10        0      553      258      274      276      290     1703     1785     1704     1705
     1789     1801
        1        1        1        1        0        0        0        0       10        0      554       24      258      274      234      484     1703      486      483
     1625     1627
        1        1        1        1        0        0        0        0       10        0      555       12      287      236      235      423     1642      418      417
     1634     1629
        1        1        1        1        0        0        0        0       10        0      556        5       11      241       12      365      412      367      366
      409      420
        1        1        1        1        0        0        0        0       10        0      557       14      247      248       29      439     1667      440      435
      526      527
        1        1        1        1        0        0        0        0       10        0      558      113      282      215      290     1008     1510     1006     1009
     1828     1511
        1        1        1        1        0        0        0        0       10        0      559      215      282      270      290     1510     1765     1509     1511
     1828     1766
        1        1        1        1        0        0        0        0       10        0      560      214      270      215      282     1504     1509     1502     1505
     1765     1510
        1        1        1        1        0        0        0        0       10        0      561      123      311      214      124     1070     1506     1068     1064
     1075     1074
        1        1        1        1        0        0        0        0       10        0      562       20       28      247       29      463      518      466      464
      516      526
        1        1        1        1        0        0        0        0       10        0      563       14       21      247       29      434      469      439      435
      467      526
        1        1        1        1        0        0        0        0       10        0      564        5      242       11        6      368      413      365      364
      372      371
        1        1        1        1        0        0        0        0       10        0      565        7      238       22        8      378      472      376      374
      387      384
        1        1        1        1        0        0        0        0       10        0      566      123      214      213      181     1068     1495     1067     1066
     1325     1324
        1        1        1        1        0        0        0        0       10        0      567       28      248      249      247      519     1669      520      518
     1667     1668
        1        1        1        1        0        0        0        0       10        0      568       28      248      247       29      519     1667      518      516
      527      526
        1        1        1        1        0        0        0        0       10        0      569       99      120      100      219      928      934      926      931
     1051      937
        1        1        1        1        0        0        0        0       10        0      570       27      249      246       28      508     1665      507      505
      520      517
        1        1        1        1        0        0        0        0       10        0      571       20       28      246      247      463      517      465      466
      518     1664
        1        1        1        1        0        0        0        0       10        0      572       27      249      284      250      508     1674      514      509
     1673     1679
        1        1        1        1        0        0        0        0       10        0      573       27      284      249      294      514     1674      508      515
     1836     1675
        1        1        1        1        0        0        0        0       10        0      574       27      284      277      250      514     1804      513      509
     1679     1678
        1        1        1        1        0        0        0        0       10        0      575       27      277      284      294      513     1804      514      515
     1807     1836
        1        1        1        1        0        0        0        0       10        0      576        7      238      277       22      378     1654      380      376
      472      476
        1        1        1        1        0        0        0        0       10        0      577      108      211      210      309      978     1473      977      980
     1485     1477
        1        1        1        1        0        0        0        0       10        0      578      268      282      285      294     1758     1827     1759     1760
     1829     1838
        1        1        1        1        0        0        0        0       10        0      579      211      285      268      212     1484     1759     1482     1479
     1490     1489
        1        1        1        1        0        0        0        0       10        0      580      212      268      213      285     1489     1496     1488     1490
     1759     1498
        1        1        1        1        0        0        0        0       10        0      581      213      285      268      282     1498     1759     1496     1497
     1827     1758
        1        1        1        1        0        0        0        0       10        0      582      123      180      213      310     1065     1320     1067     1069
     1321     1499
        1        1        1        1        0        0        0        0       10        0      583      180      212      213      310     1319     1488     1320     1321
     1492     1499
        1        1        1        1        0        0        0        0       10        0      584      109      211      285      278      983     1484      985      984
     1483     1810
        1        1        1        1        0        0        0        0       10        0      585        3      240       13        4      358      429      355      354
      362      361
        1        1        1        1        0        0        0        0       10        0      586      259      300      281      275     1713     1824     1712     1711
     1796     1792
        1        1        1        1        0        0        0        0       10        0      587      100      210      309      101      936     1477      940      932
      943      945
        1        1        1        1        0        0        0        0       10        0      588      100      120      210      219      934     1050      936      937
     1051     1474
        1        1        1        1        0        0        0        0       10        0      589       95      288      222       96      910     1550      908      906
      915      912
        1        1        1        1        0        0        0        0       10        0      590       82      224      221      220      831     1541      830      829
     1535     1534
        1        1        1        1        0        0        0        0       10        0      591      100      253      219      223      939     1533      937      938
     1551     1532
        1        1        1        1        0        0        0        0       10        0      592      108      109      211      309      976      983      978      980
      986     1485
        1        1        1        1        0        0        0        0       10        0      593      103      221      186      222      956     1344      954      957
     1540     1345
        1        1        1        1        0        0        0        0       10        0      594      100      223      219      209      938     1532      937      935
     1468     1467
        1        1        1        1        0        0        0        0       10        0      595      108      211      109      278      978      983      976      979
     1483      984
        1        1        1        1        0        0        0        0       10        0      596      122      123      310      180     1058     1069     1062     1060
     1065     1321
        1        1        1        1        0        0        0        0       10        0      597       12      273      287      284      421     1783      423      422
     1782     1835
        1        1        1        1        0        0        0        0       10        0      598       63      148      171      192      720     1193      722      723
     1194     1286
        1        1        1        1        0        0        0        0       10        0      599      104      253      252      222      963     1683      962      961
     1548     1547
        1        1        1        1        0        0        0        0       10        0      600      105      253      188      106      967     1353      966      964
      971      969
        1        1        1        1        0        0        0        0       10        0      601      188      219      253      223     1351     1533     1353     1352
     1532     1551
        1        1        1        1        0        0        0        0       10        0      602      106      219      253      188      970     1533      971      969
     1351     1353
        1        1        1        1        0        0        0        0       10        0      603      134      135      198      307     1117     1126     1119     1123
     1128     1414
        1        1        1        1        0        0        0        0       10        0      604       63      171      159      192      722     1239      721      723
     1286     1240
        1        1        1        1        0        0        0        0       10        0      605       53       70      299      139      665      764      667      666
      759     1147
        1        1        1        1        0        0        0        0       10        0      606      134      197      306      307     1118     1405     1122     1123
     1406     1881
        1        1        1        1        0        0        0        0       10        0      607      134      198      197      307     1119     1402     1118     1123
     1414     1406
        1        1        1        1        0        0        0        0       10        0      608      199      271      304      280     1417     1770     1419     1418
     1768     1821
        1        1        1        1        0        0        0        0       10        0      609        4      241       12        5      363      420      360      359
      367      366
        1        1        1        1        0        0        0        0       10        0      610       11      236      237      242      410     1635      411      413
     1637     1644
        1        1        1        1        0        0        0        0       10        0      611       64       69      190      254      725      752      728      730
      755     1361
        1        1        1        1        0        0        0        0       10        0      612        1       30      239       16      344      535      345      342
      445      446
        1        1        1        1        0        0        0        0       10        0      613      134      198      135      280     1119     1126     1117     1120
     1412     1127
        1        1        1        1        0        0        0        0       10        0      614      134      198      280      301     1119     1412     1120     1121
     1413     1820
        1        1        1        1        0        0        0        0       10        0      615       11      273      236       12      414     1640      410      409
      421      418
        1        1        1        1        0        0        0        0       10        0      616       12      236      287      273      418     1642      423      421
     1640     1783
        1        1        1        1        0        0        0        0       10        0      617       56      254       57      298      679      683      678      680
     1686      685
        1        1        1        1        0        0        0        0       10        0      618      237      238      259      273     1643     1650     1646     1648
     1652     1710
        1        1        1        1        0        0        0        0       10        0      619      238      259      273      275     1650     1710     1652     1653
     1711     1778
        1        1        1        1        0        0        0        0       10        0      620      238      273      277      275     1652     1779     1654     1653
     1778     1791
        1        1        1        1        0        0        0        0       10        0      621       87      228      153      229      863     1214      861      864
     1582     1215
        1        1        1        1        0        0        0        0       10        0      622       31       34      191      255      537      563      540      541
      564     1367
        1        1        1        1        0        0        0        0       10        0      623       33       34       67      161      553      561      556      558
      562      743
        1        1        1        1        0        0        0        0       10        0      624       57      298      254      191      685     1686      683      682
     1369     1366
        1        1        1        1        0        0        0        0       10        0      625       64      159      160      192      726     1238      727      729
     1240     1243
        1        1        1        1        0        0        0        0       10        0      626       32       62      225       61      548      710      549      547
      702      705
        1        1        1        1        0        0        0        0       10        0      627       76      293      286      229      796     1841      795      793
     1592     1591
        1        1        1        1        0        0        0        0       10        0      628      145      168      307      167     1178     1275     1179     1177
     1268     1271
        1        1        1        1        0        0        0        0       10        0      629      189      299      202      260     1358     1442     1356     1357
     1718     1440
        1        1        1        1        0        0        0        0       10        0      630        2      243        8       23      352      388      348      351
      480      385
        1        1        1        1        0        0        0        0       10        0      631        2       23       17       15      351      448      350      349
      442      441
        1        1        1        1        0        0        0        0       10        0      632        2      243        6        8      352      373      347      348
      388      369
        1        1        1        1        0        0        0        0       10        0      633        8      243      238       23      388     1649      387      385
      480      479
        1        1        1        1        0        0        0        0       10        0      634      190      298      299      260     1363     1866     1364     1362
     1717     1718
        1        1        1        1        0        0        0        0       10        0      635        8       23      238       22      385      479      387      384
      470      472
        1        1        1        1        0        0        0        0       10        0      636      263      278      302      272     1735     1812     1738     1734
     1772     1777
        1        1        1        1        0        0        0        0       10        0      637       26      250      251      245      498     1677      499      497
     1662     1663
        1        1        1        1        0        0        0        0       10        0      638       27      245      246      250      506     1661      507      509
     1662     1666
        1        1        1        1        0        0        0        0       10        0      639       26       27      250      245      495      509      498      497
      506     1662
        1        1        1        1        0        0        0        0       10        0      640       88      155       89      315      869      872      867      870
     1224      874
        1        1        1        1        0        0        0        0       10        0      641       87      153      228      314      861     1214      863      865
     1216     1585
        1        1        1        1        0        0        0        0       10        0      642       86      152      153      314      855     1208      856      858
     1211     1216
        1        1        1        1        0        0        0        0       10        0      643       18       27       26      245      454      495      453      456
      506      497
        1        1        1        1        0        0        0        0       10        0      644      226      292      265      266     1568     1746     1566     1567
     1751     1744
        1        1        1        1        0        0        0        0       10        0      645      265      266      292      275     1744     1751     1746     1745
     1749     1794
        1        1        1        1        0        0        0        0       10        0      646      265      292      297      275     1746     1856     1747     1745
     1794     1795
        1        1        1        1        0        0        0        0       10        0      647       69      190       70      189      752      761      749      751
     1354      760
        1        1        1        1        0        0        0        0       10        0      648       69      190      254       70      752     1361      755      749
      761      763
        1        1        1        1        0        0        0        0       10        0      649       55      299      190      298      677     1364      674      676
     1866     1363
        1        1        1        1        0        0        0        0       10        0      650      190      254      298      191     1361     1686     1363     1359
     1366     1369
        1        1        1        1        0        0        0        0       10        0      651      263      272      285      278     1734     1774     1736     1735
     1772     1810
        1        1        1        1        0        0        0        0       10        0      652       81       82       92      224      821      827      822      825
      831      890
        1        1        1        1        0        0        0        0       10        0      653       97      288      222      223      920     1550      917      918
     1553     1546
        1        1        1        1        0        0        0        0       10        0      654       36      225      150       84      576     1201      575      574
      846      844
        1        1        1        1        0        0        0        0       10        0      655       81      149      102      224      824      948      823      825
     1199      951
        1        1        1        1        0        0        0        0       10        0      656       92      158      149      224      889     1197      888      890
     1235     1199
        1        1        1        1        0        0        0        0       10        0      657       96      253       97      222      914      919      911      912
     1548      917
        1        1        1        1        0        0        0        0       10        0      658      190      191      298      260     1359     1369     1363     1362
     1368     1717
        1        1        1        1        0        0        0        0       10        0      659      187      253      223      188     1350     1551     1349     1347
     1353     1352
        1        1        1        1        0        0        0        0       10        0      660      187      223      253      222     1349     1551     1350     1348
     1546     1548
        1        1        1        1        0        0        0        0       10        0      661       99      219      176      177      931     1305      929      930
     1308     1303
        1        1        1        1        0        0        0        0       10        0      662       94      221      252       95      901     1542      902      899
      907      909
        1        1        1        1        0        0        0        0       10        0      663       82      252      221      102      833     1542      830      828
      952      950
        1        1        1        1        0        0        0        0       10        0      664      108      210      211      278      977     1473      978      979
     1476     1483
        1        1        1        1        0        0        0        0       10        0      665       81      102       82      224      823      828      821      825
      951      831
        1        1        1        1        0        0        0        0       10        0      666       79      283      232       80      813     1611      812      811
      818      816
        1        1        1        1        0        0        0        0       10        0      667       71       83      303       80      768      841      770      767
      815      819
        1        1        1        1        0        0        0        0       10        0      668       83      303      233      220      841     1618      839      837
     1538     1536
        1        1        1        1        0        0        0        0       10        0      669       82       83      233      220      826      839      832      829
      837     1536
        1        1        1        1        0        0        0        0       10        0      670       82      221       83      220      830      838      826      829
     1534      837
        1        1        1        1        0        0        0        0       10        0      671       83      220      221       94      837     1534      838      836
      900      901
        1        1        1        1        0        0        0        0       10        0      672       82      221      252       83      830     1542      833      826
      838      840
        1        1        1        1        0        0        0        0       10        0      673       83      221      252       94      838     1542      840      836
      901      902
        1        1        1        1        0        0        0        0       10        0      674       37       39       44      173      578      589      579      581
      590      618
        1        1        1        1        0        0        0        0       10        0      675      207      295      261      289     1464     1726     1462     1463
     1851     1724
        1        1        1        1        0        0        0        0       10        0      676       48      295      256       49      640     1691      639      638
      643      642
        1        1        1        1        0        0        0        0       10        0      677       43       47      295      205      609      637      613      611
      634     1456
        1        1        1        1        0        0        0        0       10        0      678       43      295      279      205      613     1816      612      611
     1456     1455
        1        1        1        1        0        0        0        0       10        0      679      206      295      207      256     1460     1464     1457     1458
     1691     1461
        1        1        1        1        0        0        0        0       10        0      680       50      295      207      289      648     1464      645      647
     1851     1463
        1        1        1        1        0        0        0        0       10        0      681       44      119      118      205      616     1033      615      619
     1043     1037
        1        1        1        1        0        0        0        0       10        0      682       44       45      119      205      614      624      616      619
      626     1043
        1        1        1        1        0        0        0        0       10        0      683      118      218      208      204     1039     1465     1038     1036
     1449     1448
        1        1        1        1        0        0        0        0       10        0      684      195      261      264      291     1388     1721     1389     1391
     1725     1743
        1        1        1        1        0        0        0        0       10        0      685      118      312      218      119     1040     1530     1039     1033
     1046     1044
        1        1        1        1        0        0        0        0       10        0      686      118      208      218      128     1038     1465     1039     1034
     1093     1094
        1        1        1        1        0        0        0        0       10        0      687      118      218      312      128     1039     1530     1040     1034
     1094     1095
        1        1        1        1        0        0        0        0       10        0      688      267      301      287      280     1757     1845     1755     1754
     1820     1819
        1        1        1        1        0        0        0        0       10        0      689      196      291      267      301     1397     1756     1396     1398
     1853     1757
        1        1        1        1        0        0        0        0       10        0      690      264      287      267      291     1742     1755     1739     1743
     1844     1756
        1        1        1        1        0        0        0        0       10        0      691      267      291      287      301     1756     1844     1755     1757
     1853     1845
        1        1        1        1        0        0        0        0       10        0      692      195      291      264      267     1391     1743     1389     1390
     1756     1739
        1        1        1        1        0        0        0        0       10        0      693      195      196      291      267     1387     1397     1391     1390
     1396     1756
        1        1        1        1        0        0        0        0       10        0      694       28      294      248       29      523     1671      519      516
      533      527
        1        1        1        1        0        0        0        0       10        0      695      128      218      184      185     1094     1338     1091     1092
     1342     1336
        1        1        1        1        0        0        0        0       10        0      696      182      214      215      311     1327     1502     1328     1329
     1506     1512
        1        1        1        1        0        0        0        0       10        0      697        9      234       13       14      396      426      391      392
      437      425
        1        1        1        1        0        0        0        0       10        0      698        9       30      234       14      395      534      396      392
      436      437
        1        1        1        1        0        0        0        0       10        0      699        3       13      239       14      355      428      357      356
      425      438
        1        1        1        1        0        0        0        0       10        0      700        1       30       14      239      344      436      341      345
      535      438
        1        1        1        1        0        0        0        0       10        0      701        1      239       14        3      345      438      341      340
      357      356
        1        1        1        1        0        0        0        0       10        0      702       14       30      234      239      436      534      437      438
      535     1623
        1        1        1        1        0        0        0        0       10        0      703       13       14      234      239      425      437      426      428
      438     1623
        1        1        1        1        0        0        0        0       10        0      704       29      270      214      282      529     1504      525      531
     1765     1505
        1        1        1        1        0        0        0        0       10        0      705       29      214      268      282      525     1503      528      531
     1505     1758
        1        1        1        1        0        0        0        0       10        0      706        9      274       24       29      398      486      393      394
      530      481
        1        1        1        1        0        0        0        0       10        0      707        9      274       29      284      398      530      394      399
     1787      532
        1        1        1        1        0        0        0        0       10        0      708        9       24       30       29      393      482      395      394
      481      524
        1        1        1        1        0        0        0        0       10        0      709      106      176      219      188      968     1305      970      969
     1304     1351
        1        1        1        1        0        0        0        0       10        0      710       14       30       21       29      436      468      434      435
      524      467
        1        1        1        1        0        0        0        0       10        0      711        9      248       29       14      397      527      394      392
      440      435
        1        1        1        1        0        0        0        0       10        0      712        9       29       30       14      394      524      395      392
      435      436
        1        1        1        1        0        0        0        0       10        0      713      103      222      187      104      957     1348      955      953
      961      960
        1        1        1        1        0        0        0        0       10        0      714        2       23       15      243      351      442      349      352
      480      443
        1        1        1        1        0        0        0        0       10        0      715      152      227      228      314     1209     1574     1210     1211
     1578     1585
        1        1        1        1        0        0        0        0       10        0      716       19       27      246       28      458      507      461      459
      505      517
        1        1        1        1        0        0        0        0       10        0      717       19       28      246       20      459      517      461      457
      463      465
        1        1        1        1        0        0        0        0       10        0      718      209      210      278      262     1466     1476     1470     1469
     1475     1729
        1        1        1        1        0        0        0        0       10        0      719      211      262      263      278     1480     1728     1481     1483
     1729     1735
        1        1        1        1        0        0        0        0       10        0      720      210      262      211      278     1475     1480     1473     1476
     1729     1483
        1        1        1        1        0        0        0        0       10        0      721      103      252      222      104      958     1547      957      953
      962      961
        1        1        1        1        0        0        0        0       10        0      722      102      186      221      224      949     1344      950      951
     1346     1541
        1        1        1        1        0        0        0        0       10        0      723      102      149      186      224      948     1198      949      951
     1199     1346
        1        1        1        1        0        0        0        0       10        0      724       94      288      221       95      903     1544      901      899
      910      907
        1        1        1        1        0        0        0        0       10        0      725       95      288      221      222      910     1544      907      908
     1550     1540
        1        1        1        1        0        0        0        0       10        0      726      209      278      288      262     1470     1811     1471     1469
     1729     1730
        1        1        1        1        0        0        0        0       10        0      727      262      278      288      302     1729     1811     1730     1731
     1812     1846
        1        1        1        1        0        0        0        0       10        0      728       79       80      232      316      811      816      812      814
      820     1612
        1        1        1        1        0        0        0        0       10        0      729      209      262      288      223     1469     1730     1471     1468
     1552     1553
        1        1        1        1        0        0        0        0       10        0      730      102      252      221      103      952     1542      950      947
      958      956
        1        1        1        1        0        0        0        0       10        0      731       78      232      316       79      806     1612      810      804
      812      814
        1        1        1        1        0        0        0        0       10        0      732      222      223      288      262     1546     1553     1550     1549
     1552     1730
        1        1        1        1        0        0        0        0       10        0      733      259      300      265      260     1713     1748     1708     1707
     1719     1714
        1        1        1        1        0        0        0        0       10        0      734      202      259      300      281     1439     1713     1443     1441
     1712     1824
        1        1        1        1        0        0        0        0       10        0      735      202      300      299      281     1443     1870     1442     1441
     1824     1823
        1        1        1        1        0        0        0        0       10        0      736      202      300      259      260     1443     1713     1439     1440
     1719     1707
        1        1        1        1        0        0        0        0       10        0      737      202      299      300      260     1442     1870     1443     1440
     1718     1719
        1        1        1        1        0        0        0        0       10        0      738      265      297      300      275     1747     1865     1748     1745
     1795     1796
        1        1        1        1        0        0        0        0       10        0      739      259      265      300      275     1708     1748     1713     1711
     1745     1796
        1        1        1        1        0        0        0        0       10        0      740       10      237      243      242      402     1645      405      404
     1644     1658
        1        1        1        1        0        0        0        0       10        0      741       10      243      237      238      405     1645      402      403
     1649     1643
        1        1        1        1        0        0        0        0       10        0      742        6      242       10      243      372      404      370      373
     1658      405
        1        1        1        1        0        0        0        0       10        0      743        8       10      238      243      382      403      387      388
      405     1649
        1        1        1        1        0        0        0        0       10        0      744        6      243       10        8      373      405      370      369
      388      382
        1        1        1        1        0        0        0        0       10        0      745       54       62       72      296      669      709      670      671
      712      772
        1        1        1        1        0        0        0        0       10        0      746       61      225      313       62      705     1560      707      702
      710      713
        1        1        1        1        0        0        0        0       10        0      747       87      153      154      229      861     1213      862      864
     1215     1218
        1        1        1        1        0        0        0        0       10        0      748        8      251      244       25      390     1660      389      386
      490      489
        1        1        1        1        0        0        0        0       10        0      749      152      228      153      314     1210     1214     1208     1211
     1585     1216
        1        1        1        1        0        0        0        0       10        0      750        8       17       23       25      383      448      385      386
      449      478
        1        1        1        1        0        0        0        0       10        0      751       26      251      244      245      499     1660      496      497
     1663     1659
        1        1        1        1        0        0        0        0       10        0      752       25       26      251      244      487      499      490      489
      496     1660
        1        1        1        1        0        0        0        0       10        0      753       18       27      245       19      454      506      456      452
      458      460
        1        1        1        1        0        0        0        0       10        0      754       82      233      224      220      832     1555      831      829
     1536     1535
        1        1        1        1        0        0        0        0       10        0      755       80      233      232      316      817     1609      816      820
     1619     1612
        1        1        1        1        0        0        0        0       10        0      756        2        8       17       23      348      383      350      351
      385      448
        1        1        1        1        0        0        0        0       10        0      757        2       17        8      244      350      383      348      353
      451      389
        1        1        1        1        0        0        0        0       10        0      758       17       26       25      244      450      487      449      451
      496      489
        1        1        1        1        0        0        0        0       10        0      759       17       26      244       18      450      496      451      447
      453      455
        1        1        1        1        0        0        0        0       10        0      760       26       27      257      272      495      510      500      502
      512     1695
        1        1        1        1        0        0        0        0       10        0      761      257      272      263      302     1695     1734     1693     1698
     1777     1738
        1        1        1        1        0        0        0        0       10        0      762      257      302      263      262     1698     1738     1693     1692
     1731     1728
        1        1        1        1        0        0        0        0       10        0      763      257      283      272      302     1696     1773     1695     1698
     1832     1777
        1        1        1        1        0        0        0        0       10        0      764      154      315      230      155     1220     1599     1219     1217
     1224     1222
        1        1        1        1        0        0        0        0       10        0      765       88      154      155      315      868     1217      869      870
     1220     1224
        1        1        1        1        0        0        0        0       10        0      766       87      314      228      315      865     1585      863      866
     1905     1586
        1        1        1        1        0        0        0        0       10        0      767       87      228      229      315      863     1582      864      866
     1586     1593
        1        1        1        1        0        0        0        0       10        0      768       80       83      233      316      815      839      817      820
      842     1619
        1        1        1        1        0        0        0        0       10        0      769       61      255       68      318      706      747      703      708
     1688      748
        1        1        1        1        0        0        0        0       10        0      770       36      318       61       60      577      708      573      572
      701      697
        1        1        1        1        0        0        0        0       10        0      771       60       61       68      318      697      703      698      701
      708      748
        1        1        1        1        0        0        0        0       10        0      772       31       34      318       36      537      565      543      538
      560      577
        1        1        1        1        0        0        0        0       10        0      773       33      318       34       36      559      565      553      555
      577      560
        1        1        1        1        0        0        0        0       10        0      774       34      318       67      255      565      745      561      564
     1688      744
        1        1        1        1        0        0        0        0       10        0      775       67      255      318       68      744     1688      745      742
      747      748
        1        1        1        1        0        0        0        0       10        0      776       31      318       34      255      543      565      537      541
     1688      564
        1        1        1        1        0        0        0        0       10        0      777       35      318       36       60      571      577      567      568
      701      572
        1        1        1        1        0        0        0        0       10        0      778       35       68      318       60      569      748      571      568
      698      701
        1        1        1        1        0        0        0        0       10        0      779       32      318       61       36      551      708      547      546
      577      573
        1        1        1        1        0        0        0        0       10        0      780       31      318       32       36      543      551      536      538
      577      546
        1        1        1        1        0        0        0        0       10        0      781       33       68       67      318      557      742      556      559
      748      745
        1        1        1        1        0        0        0        0       10        0      782       33       67       34      318      556      561      553      559
      745      565
        1        1        1        1        0        0        0        0       10        0      783       33       35       68      318      554      569      557      559
      571      748
        1        1        1        1        0        0        0        0       10        0      784       33       35      318       36      554      571      559      555
      567      577
        1        1        1        1        0        0        0        0       10        0      785       61      255      318       62      706     1688      708      702
      711      714
        1        1        1        1        0        0        0        0       10        0      786       31      318      255       62      543     1688      541      539
      714      711
        1        1        1        1        0        0        0        0       10        0      787       32       61      318       62      547      708      551      548
      702      714
        1        1        1        1        0        0        0        0       10        0      788       31       32      318       62      536      551      543      539
      548      714
        1        1        1        1        0        0        0        0       10        0      789      127      184      128      312     1088     1091     1086     1089
     1339     1095
        1        1        1        1        0        0        0        0       10        0      790      197      301      267      198     1404     1757     1403     1402
     1413     1410
        1        1        1        1        0        0        0        0       10        0      791      198      301      267      280     1413     1757     1410     1412
     1820     1754
        1        1        1        1        0        0        0        0       10        0      792      225      226      296      260     1557     1569     1559     1558
     1565     1715
        1        1        1        1        0        0        0        0       10        0      793      226      296      260      297     1569     1715     1565     1570
     1860     1716
        1        1        1        1        0        0        0        0       10        0      794       80      283      233      303      818     1617      817      819
     1833     1618
        1        1        1        1        0        0        0        0       10        0      795       80      233      283      232      817     1617      818      816
     1609     1611
        1        1        1        1        0        0        0        0       10        0      796       50       52      289      207      644      662      647      645
      660     1463
        1        1        1        1        0        0        0        0       10        0      797       52      289      207      193      662     1463      660      658
     1379     1377
        1        1        1        1        0        0        0        0       10        0      798      140      194      164      305     1153     1255     1152     1155
     1385     1257
        1        1        1        1        0        0        0        0       10        0      799      140      164      194      163     1152     1255     1153     1151
     1251     1252
        1        1        1        1        0        0        0        0       10        0      800       83       94      303      220      836      904      841      837
      900     1538
        1        1        1        1        0        0        0        0       10        0      801       71      303       83       94      770      841      768      769
      904      836
        1        1        1        1        0        0        0        0       10        0      802       11       12      317      273      409      424      415      414
      421     1784
        1        1        1        1        0        0        0        0       10        0      803       12      317      273      284      424     1784      421      422
     1837     1782
        1        1        1        1        0        0        0        0       10        0      804      124      214      182      311     1074     1327     1073     1075
     1506     1329
        1        1        1        1        0        0        0        0       10        0      805      124      182      214      181     1073     1327     1074     1072
     1323     1325
        1        1        1        1        0        0        0        0       10        0      806       29      282      274      270      531     1786      530      529
     1765     1764
        1        1        1        1        0        0        0        0       10        0      807       29      274      282      294      530     1786      531      533
     1790     1829
        1        1        1        1        0        0        0        0       10        0      808       55      254      298      190      675     1686      676      674
     1361     1363
        1        1        1        1        0        0        0        0       10        0      809       55      298      254       56      676     1686      675      672
      680      679
        1        1        1        1        0        0        0        0       10        0      810        7      238       10      277      378      403      375      380
     1654      407
        1        1        1        1        0        0        0        0       10        0      811       10      277      238      273      407     1654      403      406
     1779     1652
        1        1        1        1        0        0        0        0       10        0      812      259      271      273      281     1709     1767     1710     1712
     1769     1781
        1        1        1        1        0        0        0        0       10        0      813      237      271      273      259     1647     1767     1648     1646
     1709     1710
        1        1        1        1        0        0        0        0       10        0      814       50      295      256      207      648     1691      646      645
     1464     1461
        1        1        1        1        0        0        0        0       10        0      815       49      256       50      295      642      646      641      643
     1691      648
        1        1        1        1        0        0        0        0       10        0      816       27      294      263      272      515     1737      511      512
     1776     1734
        1        1        1        1        0        0        0        0       10        0      817       27      263      294       28      511     1737      515      505
      521      523
        1        1        1        1        0        0        0        0       10        0      818      205      261      295      279     1454     1726     1456     1455
     1723     1816
        1        1        1        1        0        0        0        0       10        0      819      205      295      261      206     1456     1726     1454     1452
     1460     1459
        1        1        1        1        0        0        0        0       10        0      820       41      207      174      175      600     1299      598      599
     1302     1297
        1        1        1        1        0        0        0        0       10        0      821       41      174      207      256      598     1299      600      601
     1300     1461
        1        1        1        1        0        0        0        0       10        0      822      119      205      279      204     1043     1455     1045     1042
     1447     1451
        1        1        1        1        0        0        0        0       10        0      823       53       70       55      299      665      673      664      667
      764      677
        1        1        1        1        0        0        0        0       10        0      824      143      307      167      144     1172     1271     1169     1167
     1175     1174
        1        1        1        1        0        0        0        0       10        0      825       47      256      295      206      636     1691      637      635
     1458     1460
        1        1        1        1        0        0        0        0       10        0      826       47      295      256       48      637     1691      636      633
      640      639
        1        1        1        1        0        0        0        0       10        0      827      231      293      257      283     1605     1697     1602     1604
     1831     1696
        1        1        1        1        0        0        0        0       10        0      828      231      257      293      269     1602     1697     1605     1603
     1694     1762
        1        1        1        1        0        0        0        0       10        0      829       39      174      256      206      591     1300      593      592
     1298     1458
        1        1        1        1        0        0        0        0       10        0      830       39      256      174       40      593     1300      591      588
      596      595
        1        1        1        1        0        0        0        0       10        0      831       39      173      206       44      590     1295      592      589
      618      620
        1        1        1        1        0        0        0        0       10        0      832       39      206      173      174      592     1295      590      591
     1298     1293
        1        1        1        1        0        0        0        0       10        0      833      120      178      210      177     1049     1310     1050     1048
     1306     1307
        1        1        1        1        0        0        0        0       10        0      834      120      210      178      309     1050     1310     1049     1052
     1477     1312
        1        1        1        1        0        0        0        0       10        0      835       70      190      299      189      761     1364      764      760
     1354     1358
        1        1        1        1        0        0        0        0       10        0      836       55      190      299       70      674     1364      677      673
      761      764
        1        1        1        1        0        0        0        0       10        0      837       26      277       27      272      503      513      495      502
     1771      512
        1        1        1        1        0        0        0        0       10        0      838       26       27      277      250      495      513      503      498
      509     1678
        1        1        1        1        0        0        0        0       10        0      839      184      218      312      217     1338     1530     1339     1337
     1521     1524
        1        1        1        1        0        0        0        0       10        0      840      128      218      312      184     1094     1530     1095     1091
     1338     1339
        1        1        1        1        0        0        0        0       10        0      841      167      307      197      198     1271     1406     1269     1270
     1414     1402
        1        1        1        1        0        0        0        0       10        0      842      143      197      167      307     1170     1269     1169     1172
     1406     1271
        1        1        1        1        0        0        0        0       10        0      843       87      154      315      229      862     1220      866      864
     1218     1593
        1        1        1        1        0        0        0        0       10        0      844       87      315      154       88      866     1220      862      860
      870      868
        1        1        1        1        0        0        0        0       10        0      845       36       61      225       84      573      705      576      574
      704      846
        1        1        1        1        0        0        0        0       10        0      846       76      230      315       77      794     1599      797      792
      800      803
        1        1        1        1        0        0        0        0       10        0      847      115      216      217      290     1017     1514     1018     1019
     1517     1523
        1        1        1        1        0        0        0        0       10        0      848      114      216      312      115     1012     1519     1015     1011
     1017     1020
        1        1        1        1        0        0        0        0       10        0      849      114      216      115      290     1012     1017     1011     1013
     1517     1019
        1        1        1        1        0        0        0        0       10        0      850       76      293      230       77      796     1598      794      792
      802      800
        1        1        1        1        0        0        0        0       10        0      851      189      190      299      260     1354     1364     1358     1357
     1362     1718
        1        1        1        1        0        0        0        0       10        0      852       76      230      293      229      794     1598      796      793
     1588     1592
        1        1        1        1        0        0        0        0       10        0      853       44       45      206      256      614      627      620      622
      628     1458
        1        1        1        1        0        0        0        0       10        0      854      198      267      236      280     1410     1638     1409     1412
     1754     1641
        1        1        1        1        0        0        0        0       10        0      855       45      130      119      205      625     1041      624      626
     1099     1043
        1        1        1        1        0        0        0        0       10        0      856      119      279      205      130     1045     1455     1043     1041
     1100     1099
        1        1        1        1        0        0        0        0       10        0      857      115      312      217      216     1020     1524     1018     1017
     1519     1514
        1        1        1        1        0        0        0        0       10        0      858      112      215      311      113     1001     1512     1003      999
     1006     1010
        1        1        1        1        0        0        0        0       10        0      859      112      311      215      214     1003     1512     1001     1000
     1506     1502
        1        1        1        1        0        0        0        0       10        0      860      112      282      215      113     1002     1510     1001      999
     1008     1006
        1        1        1        1        0        0        0        0       10        0      861      112      215      282      214     1001     1510     1002     1000
     1502     1505
        1        1        1        1        0        0        0        0       10        0      862       26      293      257      269      504     1697      500      501
     1762     1694
        1        1        1        1        0        0        0        0       10        0      863       26      257      293      272      500     1697      504      502
     1695     1775
        1        1        1        1        0        0        0        0       10        0      864       26      277      293      269      503     1806      504      501
     1761     1762
        1        1        1        1        0        0        0        0       10        0      865       36       61       84       60      573      704      574      572
      697      699
        1        1        1        1        0        0        0        0       10        0      866       36       84      150       60      574      844      575      572
      699      700
        1        1        1        1        0        0        0        0       10        0      867       26      293      277      272      504     1806      503      502
     1775     1771
        1        1        1        1        0        0        0        0       10        0      868       39       44      206      256      589      620      592      593
      622     1458
        1        1        1        1        0        0        0        0       10        0      869       76      315      230      229      797     1599      794      793
     1593     1588
        1        1        1        1        0        0        0        0       10        0      870       59       62      296      339      691      712      693      696
      717     1863
        1        1        1        1        0        0        0        0       10        0      871       54       62      296       59      669      712      671      668
      691      693
        1        1        1        1        0        0        0        0       10        0      872      260      297      298      300     1716     1864     1717     1719
     1865     1867
        1        1        1        1        0        0        0        0       10        0      873      260      298      296      339     1717     1861     1715     1720
     1869     1863
        1        1        1        1        0        0        0        0       10        0      874      260      296      298      297     1715     1861     1717     1716
     1860     1864
        1        1        1        1        0        0        0        0       10        0      875      191      339      325      298     1372     1918     1370     1369
     1869     1868
        1        1        1        1        0        0        0        0       10        0      876       31      339      325      191      545     1918      544      540
     1372     1370
        1        1        1        1        0        0        0        0       10        0      877      145      146      307      168     1176     1183     1179     1178
     1181     1275
        1        1        1        1        0        0        0        0       10        0      878      146      307      168      338     1183     1275     1181     1185
     1886     1276
        1        1        1        1        0        0        0        0       10        0      879      232      257      233      283     1610     1615     1609     1611
     1696     1617
        1        1        1        1        0        0        0        0       10        0      880      233      283      257      337     1617     1696     1615     1621
     1834     1699
        1        1        1        1        0        0        0        0       10        0      881      221      262      288      337     1543     1730     1544     1545
     1732     1849
        1        1        1        1        0        0        0        0       10        0      882      221      288      262      222     1544     1730     1543     1540
     1550     1549
        1        1        1        1        0        0        0        0       10        0      883      204      218      261      279     1449     1527     1450     1451
     1528     1723
        1        1        1        1        0        0        0        0       10        0      884      218      261      279      336     1527     1723     1528     1531
     1727     1817
        1        1        1        1        0        0        0        0       10        0      885      261      276      279      336     1722     1798     1723     1727
     1803     1817
        1        1        1        1        0        0        0        0       10        0      886      261      279      276      289     1723     1798     1722     1724
     1814     1800
        1        1        1        1        0        0        0        0       10        0      887      116      218      279      290     1023     1528     1024     1025
     1529     1815
        1        1        1        1        0        0        0        0       10        0      888      218      279      290      336     1528     1815     1529     1531
     1817     1852
        1        1        1        1        0        0        0        0       10        0      889      218      290      258      336     1529     1705     1526     1531
     1852     1706
        1        1        1        1        0        0        0        0       10        0      890      217      258      218      290     1522     1526     1521     1523
     1705     1529
        1        1        1        1        0        0        0        0       10        0      891      164      195      305      194     1256     1392     1257     1255
     1380     1385
        1        1        1        1        0        0        0        0       10        0      892      164      305      195      335     1257     1392     1256     1258
     1880     1394
        1        1        1        1        0        0        0        0       10        0      893      141      305      164      335     1159     1257     1157     1160
     1880     1258
        1        1        1        1        0        0        0        0       10        0      894      140      305      164      141     1155     1257     1152     1150
     1159     1157
        1        1        1        1        0        0        0        0       10        0      895       78      316      231      315      810     1607      805      809
     1908     1606
        1        1        1        1        0        0        0        0       10        0      896      231      315      316      333     1606     1908     1607     1608
     1910     1912
        1        1        1        1        0        0        0        0       10        0      897       84      332      225      150      848     1562      846      844
     1203     1201
        1        1        1        1        0        0        0        0       10        0      898       84      225      332      313      846     1562      848      847
     1560     1904
        1        1        1        1        0        0        0        0       10        0      899      120      178      121      309     1049     1054     1047     1052
     1312     1056
        1        1        1        1        0        0        0        0       10        0      900      121      309      178      331     1056     1312     1054     1057
     1893     1313
        1        1        1        1        0        0        0        0       10        0      901      178      309      211      331     1312     1485     1311     1313
     1893     1487
        1        1        1        1        0        0        0        0       10        0      902      178      211      309      210     1311     1485     1312     1310
     1473     1477
        1        1        1        1        0        0        0        0       10        0      903      226      296      292      330     1569     1855     1568     1572
     1862     1858
        1        1        1        1        0        0        0        0       10        0      904      226      292      296      297     1568     1855     1569     1570
     1856     1860
        1        1        1        1        0        0        0        0       10        0      905      100      329      210      101      941     1478      936      932
      946      943
        1        1        1        1        0        0        0        0       10        0      906      100      210      329      209      936     1478      941      935
     1466     1472
        1        1        1        1        0        0        0        0       10        0      907       82      316      233       83      834     1619      832      826
      842      839
        1        1        1        1        0        0        0        0       10        0      908       82      233      316      328      832     1619      834      835
     1620     1911
        1        1        1        1        0        0        0        0       10        0      909      229      286      266      327     1591     1750     1589     1595
     1843     1753
        1        1        1        1        0        0        0        0       10        0      910      228      266      229      286     1583     1589     1582     1584
     1750     1591
        1        1        1        1        0        0        0        0       10        0      911      266      286      275      327     1750     1793     1749     1753
     1843     1797
        1        1        1        1        0        0        0        0       10        0      912      266      275      286      292     1749     1793     1750     1751
     1794     1840
        1        1        1        1        0        0        0        0       10        0      913       22      275      266      265      475     1749      474      473
     1745     1744
        1        1        1        1        0        0        0        0       10        0      914       22      266      275      327      474     1749      475      477
     1753     1797
        1        1        1        1        0        0        0        0       10        0      915      229      293      327      269     1592     1859     1595     1590
     1762     1763
        1        1        1        1        0        0        0        0       10        0      916      229      327      293      286     1595     1859     1592     1591
     1843     1841
        1        1        1        1        0        0        0        0       10        0      917      134      326      197      301     1124     1407     1118     1121
     1872     1404
        1        1        1        1        0        0        0        0       10        0      918      134      197      326      306     1118     1407     1124     1122
     1405     1882
        1        1        1        1        0        0        0        0       10        0      919       57      191      255      325      682     1367      684      686
     1370     1689
        1        1        1        1        0        0        0        0       10        0      920       57      255      191      254      684     1367      682      683
     1685     1366
        1        1        1        1        0        0        0        0       10        0      921      114      311      312      216     1014     1897     1015     1012
     1518     1519
        1        1        1        1        0        0        0        0       10        0      922      216      311      312      324     1518     1897     1519     1520
     1899     1900
        1        1        1        1        0        0        0        0       10        0      923      228      286      320      266     1584     1842     1587     1583
     1750     1752
        1        1        1        1        0        0        0        0       10        0      924      266      286      320      292     1750     1842     1752     1751
     1840     1857
        1        1        1        1        0        0        0        0       10        0      925      200      281      319      304     1426     1826     1429     1427
     1825     1876
        1        1        1        1        0        0        0        0       10        0      926      200      319      281      201     1429     1826     1426     1423
     1437     1435
        1        1        1        1        0        0        0        0       10        0      927      202      319      281      299     1444     1826     1441     1442
     1871     1823
        1        1        1        1        0        0        0        0       10        0      928      201      319      281      202     1437     1826     1435     1433
     1444     1441
-1
!Material Id = {10D4AD39-D553-4A13-918C-356310DBAA09}
/wb,elem,end               !  done creating elements
/com,*********** Send User Defined Coordinate System(s) ***********
csys,0
toffst,273.15,  ! Temperature offset from absolute zero
/com,*********** Set Reference Temperature ***********
tref,22.
/wb,mat,start              !  starting to send materials
/com,*********** Send Materials ***********
Temperature = 'TEMP' ! Temperature
MP,DENS,1,7850,	! kg m^-3
MP,ALPX,1,1.2e-05,	! C^-1
MP,C,1,434,	! J kg^-1 C^-1
MP,KXX,1,60.5,	! W m^-1 C^-1
MP,RSVX,1,1.7e-07,	! kg m^3 A^-2 s^-3
MP,EX,1,200000000000,	! Pa
MP,NUXY,1,0.3,
MP,MURX,1,10000,
MP,UVID,1,6cb4cfff-67da-46ef-8a1c-e9b433fdfe59
MP,UMID,1,59002a79-71c2-428e-906b-55d7dbee100e

/wb,mat,end                !  done sending materials
!************************* Model Summary ********************
!__1-FreeParts|____-_,	Structural Steel,	matid,	1
!************************* End Model Summary ********************
! get the diagonal of the bounding box. Needed later for other things
*get,_xmin,node,,mnloc,x
*get,_ymin,node,,mnloc,y
*get,_zmin,node,,mnloc,z
*get,_xmax,node,,mxloc,x
*get,_ymax,node,,mxloc,y
*get,_zmax,node,,mxloc,z
_ASMDIAG=(_xmax-_xmin)*(_xmax-_xmin)+(_ymax-_ymin)*(_ymax-_ymin)+(_zmax-_zmin)*(_zmax-_zmin)
_ASMDIAG=SQRT(_ASMDIAG)
/wb,contact,start          !  starting to send contact
/wb,contact,end            !  done creating contacts
/golist
/wb,load,start             !  starting to send loads
/com,*********** Fixed Supports ***********
CMBLOCK,_FIXEDSU,NODE,       91
(8i10)
        38        46        51        52        53        63        69        70
       131       132       133       134       135       136       137       138
       139       140       141       142       143       144       145       146
       147       148       305       306       307       308       583       584
       630       631       649       650       656       657       663       665
       666       719       720       749       750       756       759       765
      1101      1105      1107      1109      1111      1114      1115      1117
      1122      1123      1125      1128      1130      1133      1135      1137
      1138      1140      1144      1148      1150      1155      1156      1159
      1161      1164      1165      1167      1171      1172      1173      1175
      1176      1179      1180      1183      1184      1186      1189      1195
      1878      1881      1884
cmsel,s,_FIXEDSU
d,all,all
nsel,all
/com,*********** Define Force Using Surface Effect Elements ***********
local,12,0,0.,0.,0.,0.,0.,0.
csys,0
et,2,154
eblock,10,,,32
(15i9)
     1559        2        2        2       12      109      110      309      309      982      990      309      986
     1560        2        2        2       12      110      310      309      309      991     1891      309      990
     1561        2        2        2       12      122      309      310      310     1061     1891      310     1062
     1562        2        2        2       12      123      311      124      124     1070     1075      124     1064
     1563        2        2        2       12      120      309      121      121     1052     1056      121     1047
     1564        2        2        2       12      100      101      309      309      932      945      309      940
     1565        2        2        2       12       99      100      120      120      926      934      120      928
     1566        2        2        2       12      113      114      311      311     1005     1014      311     1010
     1567        2        2        2       12      111      311      310      310      997     1894      310      996
     1568        2        2        2       12      101      108      309      309      942      980      309      945
     1569        2        2        2       12      122      310      123      123     1062     1069      123     1058
     1570        2        2        2       12      123      310      311      311     1069     1894      311     1070
     1571        2        2        2       12      110      111      310      310      988      996      310      991
     1572        2        2        2       12      111      112      311      311      993     1003      311      997
     1573        2        2        2       12      124      311      125      125     1075     1079      125     1071
     1574        2        2        2       12      121      309      122      122     1056     1061      122     1053
     1575        2        2        2       12      112      113      311      311      999     1010      311     1003
     1576        2        2        2       12      107      119      116      116      973     1021      116      972
     1577        2        2        2       12      100      309      120      120      940     1052      120      934
     1578        2        2        2       12      125      311      126      126     1079     1083      126     1076
     1579        2        2        2       12      108      109      309      309      976      986      309      980
     1580        2        2        2       12       93      108      101      101      895      942      101      894
     1581        2        2        2       12      117      128      118      118     1028     1034      118     1027
     1582        2        2        2       12      114      115      312      312     1011     1020      312     1015
     1583        2        2        2       12      126      312      127      127     1084     1089      127     1081
     1584        2        2        2       12      114      312      311      311     1015     1897      311     1014
     1585        2        2        2       12      126      311      312      312     1083     1897      312     1084
     1586        2        2        2       12      115      116      312      312     1016     1026      312     1020
     1587        2        2        2       12      127      312      128      128     1089     1095      128     1086
     1588        2        2        2       12      116      119      312      312     1021     1046      312     1026
     1589        2        2        2       12      118      312      119      119     1040     1046      119     1033
     1590        2        2        2       12      118      128      312      312     1034     1095      312     1040
-1
esel,s,type,,2
keyop,2,2,1                ! Apply load in local coordinate system
keyop,2,7,1                ! Use original area so load is constant in large deformation
esel,all
/gst,on,on
fini
*get,_numnode,node,0,count
*get,_numelem,elem,0,count
*get, _MAXELEMNUM, elem, 0, NUM, MAX
*get, _MAXNODENUM, node, 0, NUM, MAX
*get, _MAXELEMTYPE, etyp, 0, NUM, MAX
*get, _MAXREALCONST, real, 0, NUM, MAX
/go
/wb,load,end               !  done creating loads
/com,--- Number of total nodes = %_numnode%
/com,--- Number of contact elements = 32
/com,--- Number of spring elements = 0
/com,--- Number of bearing elements = 0
/com,--- Number of solid elements = 928
/com,--- Number of condensed parts = 0
/com,--- Number of total elements = %_numelem%
*get,_wallbsol,active,,time,wall
/com,****************************************************************************
/com,*************************    SOLUTION       ********************************
/com,****************************************************************************
/solu
antype,0                   ! static analysis
_thickRatio=  0     ! Ratio of thick parts in the model
eqsl,sparse,,,,,1
cntr,print,1               ! print out contact info and also make no initial contact an error
dmpoption,emat,no             ! Don't combine emat file for DANSYS
dmpoption,esav,no             ! Don't combine esav file for DANSYS
nldiag,cont,iter           ! print out contact info each equilibrium iteration
rescontrol,,none                 ! Do not keep any restart files
/com,****************************************************
/com,******************* SOLVE FOR LS 1 OF 1 ****************
esel,s,type,,2
nsle
sfe,all,1,pres,1,0.
sfe,all,2,pres,1,2309401.07675783
sfe,all,3,pres,1,0.
nsel,all
esel,all
/nopr
/gopr
nsub,1,1,1
time,1.
outres,erase
outres,all,none
outres,nsol,all,
outres,rsol,all
outres,eangl,all
outres,etmp,all
outres,veng,all
outres,strs,all,
outres,epel,all,
outres,eppl,all,
outres,cont,all,
! *********** WB SOLVE COMMAND ***********
! check interactive state
*get,ANSINTER_,active,,int
*if,ANSINTER_,ne,0,then
/eof
*endif
solve
/com *************** Write FE CONNECTORS ********* 
CEWRITE,file,ce,,INTE
/com,****************************************************
/com,*************** FINISHED SOLVE FOR LS 1 *************
*get,_wallasol,active,,time,wall
/nopr
*get,_numnode,node,0,count
*get,_numelem,elem,0,count
*get, _MAXELEMNUM, elem, 0, NUM, MAX
*get, _MAXNODENUM, node, 0, NUM, MAX,,,INTERNAL
*get, _MAXELEMTYPE, etyp, 0, NUM, MAX
*get, _MAXREALCONST, real, 0, NUM, MAX
/gopr
/post1
xmlo,ENCODING,ISO-8859-1
xmlo,parm
/xml,parm,xml
fini
/gopr
*get,_walldone,active,,time,wall
_preptime=(_wallbsol-_wallstrt)*3600
_solvtime=(_wallasol-_wallbsol)*3600
_posttime=(_walldone-_wallasol)*3600
_totaltim=(_walldone-_wallstrt)*3600
*get,_dlbratio,active,0,solu,dlbr
*get,_combtime,active,0,solu,comb
*get,_ssmode,active,0,solu,ssmm
*get,_ndofs,active,0,solu,ndof
*get,_sol_end_time,active,0,set,time
*if,_sol_end_time,eq,1.000000,then
/fclean				!clean distributed files
*endif
/com,--- Total number of nodes = %_numnode%
/com,--- Total number of elements = %_numelem%
/com,--- Element load balance ratio = %_dlbratio%
/com,--- Time to combine distributed files = %_combtime%
/com,--- Sparse memory mode = %_ssmode%
/com,--- Number of DOF = %_ndofs%
/wb,file,end               ! done with WB generated input
