Node,X,Y
        1., -0.25000000E-02,  0.00000000E+00,  0.50000000E-02
        2.,  0.25000000E-02,  0.30616170E-18,  0.50000000E-02
        3., -0.20225425E-02, -0.14694631E-02,  0.50000000E-02
        4., -0.77254249E-03, -0.23776413E-02,  0.50000000E-02
        5.,  0.77254249E-03, -0.23776413E-02,  0.50000000E-02
        6.,  0.20225425E-02, -0.14694631E-02,  0.50000000E-02
        7.,  0.25000000E-02,  0.30616170E-18,  0.25000000E-02
        8.,  0.25000000E-02,  0.30616170E-18,  0.37500000E-02
        9., -0.25000000E-02,  0.00000000E+00,  0.25000000E-02
       10.,  0.20225425E-02, -0.14694631E-02,  0.25000000E-02
       11.,  0.77254249E-03, -0.23776413E-02,  0.25000000E-02
       12., -0.77254249E-03, -0.23776413E-02,  0.25000000E-02
       13., -0.20225425E-02, -0.14694631E-02,  0.25000000E-02
       14., -0.25000000E-02,  0.00000000E+00,  0.37500000E-02
       15.,  0.35000000E-02,  0.42862638E-18,  0.50000000E-02
       16., -0.35000000E-02,  0.00000000E+00,  0.50000000E-02
       17.,  0.30310889E-02,  0.17500000E-02,  0.50000000E-02
       18.,  0.17500000E-02,  0.30310889E-02,  0.50000000E-02
       19.,  0.21431319E-18,  0.35000000E-02,  0.50000000E-02
       20., -0.17500000E-02,  0.30310889E-02,  0.50000000E-02
       21., -0.30310889E-02,  0.17500000E-02,  0.50000000E-02
       22.,  0.35000000E-02,  0.42862638E-18,  0.25000000E-02
       23.,  0.35000000E-02,  0.42862638E-18,  0.37500000E-02
       24., -0.35000000E-02,  0.00000000E+00,  0.25000000E-02
       25.,  0.30310889E-02,  0.17500000E-02,  0.25000000E-02
       26.,  0.17500000E-02,  0.30310889E-02,  0.25000000E-02
       27.,  0.21431319E-18,  0.35000000E-02,  0.25000000E-02
       28., -0.17500000E-02,  0.30310889E-02,  0.25000000E-02
       29., -0.30310889E-02,  0.17500000E-02,  0.25000000E-02
       30., -0.35000000E-02,  0.00000000E+00,  0.37500000E-02
       31.,  0.11660254E-01, -0.50000000E-02,  0.25000000E-02
       32.,  0.11258330E-01, -0.35000000E-02,  0.25000000E-02
       33.,  0.11660254E-01, -0.50000000E-02,  0.50000000E-02
       34.,  0.11660254E-01, -0.50000000E-02,  0.37500000E-02
       35.,  0.11258330E-01, -0.35000000E-02,  0.50000000E-02
       36.,  0.11258330E-01, -0.35000000E-02,  0.37500000E-02
       37., -0.13660254E-01, -0.50000000E-02,  0.50000000E-02
       38., -0.86602540E-02, -0.10000000E-01,  0.50000000E-02
       39., -0.13415537E-01, -0.65450850E-02,  0.50000000E-02
       40., -0.12705339E-01, -0.79389263E-02,  0.50000000E-02
       41., -0.11599180E-01, -0.90450850E-02,  0.50000000E-02
       42., -0.10205339E-01, -0.97552826E-02,  0.50000000E-02
       43., -0.13660254E-01, -0.50000000E-02,  0.00000000E+00
       44., -0.13660254E-01, -0.50000000E-02,  0.33333333E-02
       45., -0.13660254E-01, -0.50000000E-02,  0.16666667E-02
       46., -0.86602540E-02, -0.10000000E-01,  0.00000000E+00
       47., -0.13415537E-01, -0.65450850E-02,  0.00000000E+00
       48., -0.12705339E-01, -0.79389263E-02,  0.00000000E+00
       49., -0.11599180E-01, -0.90450850E-02,  0.00000000E+00
       50., -0.10205339E-01, -0.97552826E-02,  0.00000000E+00
       51., -0.86602540E-02, -0.10000000E-01,  0.33333333E-02
       52., -0.86602540E-02, -0.10000000E-01,  0.16666667E-02
       53.,  0.86602540E-02, -0.10000000E-01,  0.00000000E+00
       54.,  0.12990381E-01, -0.25000000E-02,  0.00000000E+00
       55.,  0.10370355E-01, -0.96984631E-02,  0.00000000E+00
       56.,  0.11874192E-01, -0.88302222E-02,  0.00000000E+00
       57.,  0.12990381E-01, -0.75000000E-02,  0.00000000E+00
       58.,  0.13584293E-01, -0.58682409E-02,  0.00000000E+00
       59.,  0.13584293E-01, -0.41317591E-02,  0.00000000E+00
       60.,  0.12990381E-01, -0.25000000E-02,  0.50000000E-02
       61.,  0.12990381E-01, -0.25000000E-02,  0.33333333E-02
       62.,  0.12990381E-01, -0.25000000E-02,  0.16666667E-02
       63.,  0.86602540E-02, -0.10000000E-01,  0.50000000E-02
       64.,  0.10370355E-01, -0.96984631E-02,  0.50000000E-02
       65.,  0.11874192E-01, -0.88302222E-02,  0.50000000E-02
       66.,  0.12990381E-01, -0.75000000E-02,  0.50000000E-02
       67.,  0.13584293E-01, -0.58682409E-02,  0.50000000E-02
       68.,  0.13584293E-01, -0.41317591E-02,  0.50000000E-02
       69.,  0.86602540E-02, -0.10000000E-01,  0.33333333E-02
       70.,  0.86602540E-02, -0.10000000E-01,  0.16666667E-02
       71.,  0.43301270E-02,  0.12500000E-01,  0.00000000E+00
       72.,  0.12124356E-01, -0.10000000E-02,  0.00000000E+00
       73.,  0.11258330E-01,  0.50000000E-03,  0.00000000E+00
       74.,  0.10392305E-01,  0.20000000E-02,  0.00000000E+00
       75.,  0.95262794E-02,  0.35000000E-02,  0.00000000E+00
       76.,  0.86602540E-02,  0.50000000E-02,  0.00000000E+00
       77.,  0.77942286E-02,  0.65000000E-02,  0.00000000E+00
       78.,  0.69282032E-02,  0.80000000E-02,  0.00000000E+00
       79.,  0.60621778E-02,  0.95000000E-02,  0.00000000E+00
       80.,  0.51961524E-02,  0.11000000E-01,  0.00000000E+00
       81.,  0.43301270E-02,  0.12500000E-01,  0.50000000E-02
       82.,  0.43301270E-02,  0.12500000E-01,  0.33333333E-02
       83.,  0.43301270E-02,  0.12500000E-01,  0.16666667E-02
       84.,  0.12124356E-01, -0.10000000E-02,  0.50000000E-02
       85.,  0.11258330E-01,  0.50000000E-03,  0.50000000E-02
       86.,  0.10392305E-01,  0.20000000E-02,  0.50000000E-02
       87.,  0.95262794E-02,  0.35000000E-02,  0.50000000E-02
       88.,  0.86602540E-02,  0.50000000E-02,  0.50000000E-02
       89.,  0.77942286E-02,  0.65000000E-02,  0.50000000E-02
       90.,  0.69282032E-02,  0.80000000E-02,  0.50000000E-02
       91.,  0.60621778E-02,  0.95000000E-02,  0.50000000E-02
       92.,  0.51961524E-02,  0.11000000E-01,  0.50000000E-02
       93., -0.43301270E-02,  0.12500000E-01,  0.00000000E+00
       94.,  0.32139380E-02,  0.13830222E-01,  0.00000000E+00
       95.,  0.17101007E-02,  0.14698463E-01,  0.00000000E+00
       96.,  0.19032990E-17,  0.15000000E-01,  0.00000000E+00
       97., -0.17101007E-02,  0.14698463E-01,  0.00000000E+00
       98., -0.32139380E-02,  0.13830222E-01,  0.00000000E+00
       99., -0.43301270E-02,  0.12500000E-01,  0.50000000E-02
      100., -0.43301270E-02,  0.12500000E-01,  0.33333333E-02
      101., -0.43301270E-02,  0.12500000E-01,  0.16666667E-02
      102.,  0.32139380E-02,  0.13830222E-01,  0.50000000E-02
      103.,  0.17101007E-02,  0.14698463E-01,  0.50000000E-02
      104.,  0.19032990E-17,  0.15000000E-01,  0.50000000E-02
      105., -0.17101007E-02,  0.14698463E-01,  0.50000000E-02
      106., -0.32139380E-02,  0.13830222E-01,  0.50000000E-02
      107., -0.12990381E-01, -0.25000000E-02,  0.00000000E+00
      108., -0.51961524E-02,  0.11000000E-01,  0.00000000E+00
      109., -0.60621778E-02,  0.95000000E-02,  0.00000000E+00
      110., -0.69282032E-02,  0.80000000E-02,  0.00000000E+00
      111., -0.77942286E-02,  0.65000000E-02,  0.00000000E+00
      112., -0.86602540E-02,  0.50000000E-02,  0.00000000E+00
      113., -0.95262794E-02,  0.35000000E-02,  0.00000000E+00
      114., -0.10392305E-01,  0.20000000E-02,  0.00000000E+00
      115., -0.11258330E-01,  0.50000000E-03,  0.00000000E+00
      116., -0.12124356E-01, -0.10000000E-02,  0.00000000E+00
      117., -0.12990381E-01, -0.25000000E-02,  0.50000000E-02
      118., -0.12990381E-01, -0.25000000E-02,  0.33333333E-02
      119., -0.12990381E-01, -0.25000000E-02,  0.16666667E-02
      120., -0.51961524E-02,  0.11000000E-01,  0.50000000E-02
      121., -0.60621778E-02,  0.95000000E-02,  0.50000000E-02
      122., -0.69282032E-02,  0.80000000E-02,  0.50000000E-02
      123., -0.77942286E-02,  0.65000000E-02,  0.50000000E-02
      124., -0.86602540E-02,  0.50000000E-02,  0.50000000E-02
      125., -0.95262794E-02,  0.35000000E-02,  0.50000000E-02
      126., -0.10392305E-01,  0.20000000E-02,  0.50000000E-02
      127., -0.11258330E-01,  0.50000000E-03,  0.50000000E-02
      128., -0.12124356E-01, -0.10000000E-02,  0.50000000E-02
      129., -0.13489883E-01, -0.37059048E-02,  0.50000000E-02
      130., -0.13489883E-01, -0.37059048E-02,  0.00000000E+00
      131., -0.69282032E-02, -0.10000000E-01,  0.00000000E+00
      132., -0.51961524E-02, -0.10000000E-01,  0.00000000E+00
      133., -0.34641016E-02, -0.10000000E-01,  0.00000000E+00
      134., -0.17320508E-02, -0.10000000E-01,  0.00000000E+00
      135.,  0.31086245E-17, -0.10000000E-01,  0.00000000E+00
      136.,  0.17320508E-02, -0.10000000E-01,  0.00000000E+00
      137.,  0.34641016E-02, -0.10000000E-01,  0.00000000E+00
      138.,  0.51961524E-02, -0.10000000E-01,  0.00000000E+00
      139.,  0.69282032E-02, -0.10000000E-01,  0.00000000E+00
      140., -0.69282032E-02, -0.10000000E-01,  0.50000000E-02
      141., -0.51961524E-02, -0.10000000E-01,  0.50000000E-02
      142., -0.34641016E-02, -0.10000000E-01,  0.50000000E-02
      143., -0.17320508E-02, -0.10000000E-01,  0.50000000E-02
      144.,  0.31086245E-17, -0.10000000E-01,  0.50000000E-02
      145.,  0.17320508E-02, -0.10000000E-01,  0.50000000E-02
      146.,  0.34641016E-02, -0.10000000E-01,  0.50000000E-02
      147.,  0.51961524E-02, -0.10000000E-01,  0.50000000E-02
      148.,  0.69282032E-02, -0.10000000E-01,  0.50000000E-02
      149.,  0.25980762E-02,  0.11500000E-01,  0.50000000E-02
      150.,  0.10392305E-01, -0.20000000E-02,  0.50000000E-02
      151.,  0.95262794E-02, -0.50000000E-03,  0.50000000E-02
      152.,  0.86602540E-02,  0.10000000E-02,  0.50000000E-02
      153.,  0.77942286E-02,  0.25000000E-02,  0.50000000E-02
      154.,  0.69282032E-02,  0.40000000E-02,  0.50000000E-02
      155.,  0.60621778E-02,  0.55000000E-02,  0.50000000E-02
      156.,  0.51961524E-02,  0.70000000E-02,  0.50000000E-02
      157.,  0.43301270E-02,  0.85000000E-02,  0.50000000E-02
      158.,  0.34641016E-02,  0.10000000E-01,  0.50000000E-02
      159.,  0.86602540E-02, -0.80000000E-02,  0.50000000E-02
      160.,  0.10160254E-01, -0.75980762E-02,  0.50000000E-02
      161.,  0.11258330E-01, -0.65000000E-02,  0.50000000E-02
      162., -0.86602540E-02, -0.80000000E-02,  0.50000000E-02
      163., -0.69282032E-02, -0.80000000E-02,  0.50000000E-02
      164., -0.51961524E-02, -0.80000000E-02,  0.50000000E-02
      165., -0.34641016E-02, -0.80000000E-02,  0.50000000E-02
      166., -0.17320508E-02, -0.80000000E-02,  0.50000000E-02
      167.,  0.31086245E-17, -0.80000000E-02,  0.50000000E-02
      168.,  0.17320508E-02, -0.80000000E-02,  0.50000000E-02
      169.,  0.34641016E-02, -0.80000000E-02,  0.50000000E-02
      170.,  0.51961524E-02, -0.80000000E-02,  0.50000000E-02
      171.,  0.69282032E-02, -0.80000000E-02,  0.50000000E-02
      172., -0.11258330E-01, -0.35000000E-02,  0.50000000E-02
      173., -0.11660254E-01, -0.50000000E-02,  0.50000000E-02
      174., -0.11258330E-01, -0.65000000E-02,  0.50000000E-02
      175., -0.10160254E-01, -0.75980762E-02,  0.50000000E-02
      176., -0.25980762E-02,  0.11500000E-01,  0.50000000E-02
      177., -0.34641016E-02,  0.10000000E-01,  0.50000000E-02
      178., -0.43301270E-02,  0.85000000E-02,  0.50000000E-02
      179., -0.51961524E-02,  0.70000000E-02,  0.50000000E-02
      180., -0.60621778E-02,  0.55000000E-02,  0.50000000E-02
      181., -0.69282032E-02,  0.40000000E-02,  0.50000000E-02
      182., -0.77942286E-02,  0.25000000E-02,  0.50000000E-02
      183., -0.86602540E-02,  0.10000000E-02,  0.50000000E-02
      184., -0.95262794E-02, -0.50000000E-03,  0.50000000E-02
      185., -0.10392305E-01, -0.20000000E-02,  0.50000000E-02
      186.,  0.15000000E-02,  0.12598076E-01,  0.50000000E-02
      187.,  0.14781886E-16,  0.13000000E-01,  0.50000000E-02
      188., -0.15000000E-02,  0.12598076E-01,  0.50000000E-02
      189.,  0.86602540E-02, -0.80000000E-02,  0.25000000E-02
      190.,  0.10160254E-01, -0.75980762E-02,  0.25000000E-02
      191.,  0.11258330E-01, -0.65000000E-02,  0.25000000E-02
      192.,  0.86602540E-02, -0.80000000E-02,  0.37500000E-02
      193., -0.86602540E-02, -0.80000000E-02,  0.25000000E-02
      194., -0.69282032E-02, -0.80000000E-02,  0.25000000E-02
      195., -0.51961524E-02, -0.80000000E-02,  0.25000000E-02
      196., -0.34641016E-02, -0.80000000E-02,  0.25000000E-02
      197., -0.17320508E-02, -0.80000000E-02,  0.25000000E-02
      198.,  0.31086245E-17, -0.80000000E-02,  0.25000000E-02
      199.,  0.17320508E-02, -0.80000000E-02,  0.25000000E-02
      200.,  0.34641016E-02, -0.80000000E-02,  0.25000000E-02
      201.,  0.51961524E-02, -0.80000000E-02,  0.25000000E-02
      202.,  0.69282032E-02, -0.80000000E-02,  0.25000000E-02
      203., -0.86602540E-02, -0.80000000E-02,  0.37500000E-02
      204., -0.11258330E-01, -0.35000000E-02,  0.25000000E-02
      205., -0.11660254E-01, -0.50000000E-02,  0.25000000E-02
      206., -0.11258330E-01, -0.65000000E-02,  0.25000000E-02
      207., -0.10160254E-01, -0.75980762E-02,  0.25000000E-02
      208., -0.11258330E-01, -0.35000000E-02,  0.37500000E-02
      209., -0.25980762E-02,  0.11500000E-01,  0.25000000E-02
      210., -0.34641016E-02,  0.10000000E-01,  0.25000000E-02
      211., -0.43301270E-02,  0.85000000E-02,  0.25000000E-02
      212., -0.51961524E-02,  0.70000000E-02,  0.25000000E-02
      213., -0.60621778E-02,  0.55000000E-02,  0.25000000E-02
      214., -0.69282032E-02,  0.40000000E-02,  0.25000000E-02
      215., -0.77942286E-02,  0.25000000E-02,  0.25000000E-02
      216., -0.86602540E-02,  0.10000000E-02,  0.25000000E-02
      217., -0.95262794E-02, -0.50000000E-03,  0.25000000E-02
      218., -0.10392305E-01, -0.20000000E-02,  0.25000000E-02
      219., -0.25980762E-02,  0.11500000E-01,  0.37500000E-02
      220.,  0.25980762E-02,  0.11500000E-01,  0.25000000E-02
      221.,  0.15000000E-02,  0.12598076E-01,  0.25000000E-02
      222.,  0.14781886E-16,  0.13000000E-01,  0.25000000E-02
      223., -0.15000000E-02,  0.12598076E-01,  0.25000000E-02
      224.,  0.25980762E-02,  0.11500000E-01,  0.37500000E-02
      225.,  0.10392305E-01, -0.20000000E-02,  0.25000000E-02
      226.,  0.95262794E-02, -0.50000000E-03,  0.25000000E-02
      227.,  0.86602540E-02,  0.10000000E-02,  0.25000000E-02
      228.,  0.77942286E-02,  0.25000000E-02,  0.25000000E-02
      229.,  0.69282032E-02,  0.40000000E-02,  0.25000000E-02
      230.,  0.60621778E-02,  0.55000000E-02,  0.25000000E-02
      231.,  0.51961524E-02,  0.70000000E-02,  0.25000000E-02
      232.,  0.43301270E-02,  0.85000000E-02,  0.25000000E-02
      233.,  0.34641016E-02,  0.10000000E-01,  0.25000000E-02
      234., -0.30310889E-02, -0.17500000E-02,  0.25000000E-02
      235., -0.17500000E-02, -0.30310889E-02,  0.25000000E-02
      236., -0.64293957E-18, -0.35000000E-02,  0.25000000E-02
      237.,  0.17500000E-02, -0.30310889E-02,  0.25000000E-02
      238.,  0.30310889E-02, -0.17500000E-02,  0.25000000E-02
      239., -0.30310889E-02, -0.17500000E-02,  0.50000000E-02
      240., -0.17500000E-02, -0.30310889E-02,  0.50000000E-02
      241., -0.64293957E-18, -0.35000000E-02,  0.50000000E-02
      242.,  0.17500000E-02, -0.30310889E-02,  0.50000000E-02
      243.,  0.30310889E-02, -0.17500000E-02,  0.50000000E-02
      244.,  0.20225425E-02,  0.14694631E-02,  0.50000000E-02
      245.,  0.77254249E-03,  0.23776413E-02,  0.50000000E-02
      246., -0.77254249E-03,  0.23776413E-02,  0.50000000E-02
      247., -0.20225425E-02,  0.14694631E-02,  0.50000000E-02
      248., -0.20225425E-02,  0.14694631E-02,  0.25000000E-02
      249., -0.77254249E-03,  0.23776413E-02,  0.25000000E-02
      250.,  0.77254249E-03,  0.23776413E-02,  0.25000000E-02
      251.,  0.20225425E-02,  0.14694631E-02,  0.25000000E-02
      252.,  0.12728915E-02,  0.14835261E-01,  0.20839266E-02
      253., -0.20533885E-02,  0.14558903E-01,  0.32026713E-02
      254.,  0.12211267E-01, -0.85199868E-02,  0.20839266E-02
      255.,  0.13652051E-01, -0.52862991E-02,  0.31537883E-02
      256., -0.11755421E-01, -0.89268237E-02,  0.25477220E-02
      257.,  0.17320507E-02,  0.67500000E-02,  0.25000000E-02
      258., -0.67116971E-02, -0.18750000E-02,  0.25000000E-02
      259.,  0.49796461E-02, -0.48750000E-02,  0.25000000E-02
      260.,  0.81189881E-02, -0.41875000E-02,  0.25000000E-02
      261., -0.76859760E-02, -0.49375000E-02,  0.25000000E-02
      262., -0.43301281E-03,  0.91250000E-02,  0.25000000E-02
      263., -0.14368008E-02,  0.60548793E-02,  0.25000000E-02
      264., -0.45252790E-02, -0.42717456E-02,  0.25000000E-02
      265.,  0.59620796E-02, -0.17831337E-02,  0.25000000E-02
      266.,  0.66164751E-02,  0.61369775E-03,  0.25000000E-02
      267., -0.27767598E-02, -0.60368844E-02,  0.25000000E-02
      268., -0.38397156E-02,  0.54231866E-02,  0.25000000E-02
      269.,  0.41015076E-02,  0.46426968E-02,  0.25000000E-02
      270., -0.60714476E-02,  0.12306614E-02,  0.25000000E-02
      271.,  0.19699396E-02, -0.58733582E-02,  0.25000000E-02
      272.,  0.20297196E-04,  0.54062500E-02,  0.00000000E+00
      273.,  0.14938855E-02, -0.27662373E-02,  0.00000000E+00
      274., -0.45057370E-02, -0.49700648E-03,  0.00000000E+00
      275.,  0.51961523E-02, -0.20000000E-02,  0.00000000E+00
      276., -0.65696348E-02, -0.38566485E-02,  0.00000000E+00
      277.,  0.25980759E-02,  0.15000000E-02,  0.00000000E+00
      278., -0.26268403E-02,  0.90487497E-02,  0.00000000E+00
      279., -0.10719765E-01, -0.37716135E-02,  0.00000000E+00
      280.,  0.50822077E-03, -0.71842416E-02,  0.00000000E+00
      281.,  0.43301271E-02, -0.60000000E-02,  0.00000000E+00
      282., -0.64690082E-02,  0.32528323E-02,  0.00000000E+00
      283.,  0.35751538E-02,  0.79136099E-02,  0.00000000E+00
      284., -0.10825321E-02,  0.25000000E-03,  0.00000000E+00
      285., -0.45275559E-02,  0.62104816E-02,  0.00000000E+00
      286.,  0.64230216E-02,  0.25833333E-02,  0.00000000E+00
      287., -0.24215207E-02, -0.40891628E-02,  0.00000000E+00
      288., -0.22748157E-03,  0.11724232E-01,  0.00000000E+00
      289., -0.83159739E-02, -0.73540041E-02,  0.00000000E+00
      290., -0.85602741E-02, -0.84145149E-04,  0.00000000E+00
      291., -0.50426600E-02, -0.75453935E-02,  0.00000000E+00
      292.,  0.82632959E-02,  0.11512245E-03,  0.00000000E+00
      293.,  0.48990464E-02,  0.52643515E-02,  0.00000000E+00
      294., -0.26522031E-02,  0.30000000E-02,  0.00000000E+00
      295., -0.11022796E-01, -0.67251441E-02,  0.00000000E+00
      296.,  0.10726612E-01, -0.25588140E-02,  0.00000000E+00
      297.,  0.79293555E-02, -0.27598128E-02,  0.00000000E+00
      298.,  0.11196949E-01, -0.63799137E-02,  0.00000000E+00
      299.,  0.77316877E-02, -0.77075555E-02,  0.00000000E+00
      300.,  0.67469403E-02, -0.46111176E-02,  0.00000000E+00
      301., -0.24030330E-02, -0.75179391E-02,  0.00000000E+00
      302.,  0.79661417E-03,  0.89430762E-02,  0.00000000E+00
      303.,  0.32419417E-02,  0.10622540E-01,  0.00000000E+00
      304.,  0.30398833E-02, -0.83723452E-02,  0.00000000E+00
      305., -0.56772777E-02, -0.10000000E-01,  0.25000000E-02
      306., -0.25980764E-02, -0.10000000E-01,  0.25000000E-02
      307.,  0.86602541E-03, -0.10000000E-01,  0.25000000E-02
      308.,  0.48314164E-02, -0.10000000E-01,  0.25000000E-02
      309., -0.58216152E-02,  0.99166667E-02,  0.25000000E-02
      310., -0.73612158E-02,  0.72500001E-02,  0.25000000E-02
      311., -0.90932667E-02,  0.42500000E-02,  0.25000000E-02
      312., -0.11075962E-01,  0.81587065E-03,  0.25000000E-02
      313.,  0.11498893E-01,  0.83333317E-04,  0.25000000E-02
      314.,  0.99592922E-02,  0.27499999E-02,  0.25000000E-02
      315.,  0.82272413E-02,  0.57500000E-02,  0.25000000E-02
      316.,  0.62445458E-02,  0.91841293E-02,  0.25000000E-02
      317.,  0.36226957E-10,  0.17763568E-17,  0.25000000E-02
      318.,  0.12400956E-01, -0.40333249E-02,  0.38195091E-02
      319.,  0.56868538E-02, -0.87882388E-02,  0.15041035E-02
      320.,  0.89375671E-02,  0.21398679E-02,  0.13020833E-02
      321.,  0.25980762E-02, -0.90000000E-02,  0.12500000E-02
      322.,  0.60621778E-02, -0.90000000E-02,  0.37500000E-02
      323., -0.65187934E-02,  0.65321895E-02,  0.13162879E-02
      324., -0.93186320E-02,  0.17485448E-02,  0.38194444E-02
      325.,  0.12473171E-01, -0.52448100E-02,  0.12883208E-02
      326., -0.42679447E-02, -0.89576322E-02,  0.13446970E-02
      327.,  0.48153811E-02,  0.19398614E-02,  0.13541667E-02
      328.,  0.48296133E-02,  0.96211357E-02,  0.38851896E-02
      329., -0.29209225E-02,  0.12301515E-01,  0.13147503E-02
      330.,  0.10825318E-01, -0.75000000E-03,  0.12500000E-02
      331., -0.56893058E-02,  0.79791667E-02,  0.38541667E-02
      332.,  0.10211103E-01,  0.18422067E-03,  0.38310185E-02
      333.,  0.61004589E-02,  0.72112699E-02,  0.37528578E-02
      334.,  0.11732746E-01, -0.72427782E-02,  0.39245544E-02
      335., -0.40782645E-02, -0.89239940E-02,  0.36201862E-02
      336., -0.84450704E-02, -0.27759228E-02,  0.12500000E-02
      337.,  0.16973452E-02,  0.10221538E-01,  0.12500000E-02
      338.,  0.32370208E-02, -0.90000000E-02,  0.35221354E-02
      339.,  0.11193433E-01, -0.37794070E-02,  0.12500000E-02
      340., -0.23776413E-02, -0.77254249E-03,  0.50000000E-02
      341., -0.25000000E-02,  0.00000000E+00,  0.43750000E-02
      342., -0.30000000E-02,  0.00000000E+00,  0.50000000E-02
      343., -0.27655445E-02,  0.87500000E-03,  0.50000000E-02
      344., -0.30000000E-02,  0.00000000E+00,  0.43750000E-02
      345., -0.27655445E-02, -0.87500000E-03,  0.50000000E-02
      346., -0.23776413E-02,  0.77254249E-03,  0.50000000E-02
      347.,  0.23776413E-02, -0.77254249E-03,  0.50000000E-02
      348.,  0.25000000E-02,  0.30616170E-18,  0.43750000E-02
      349.,  0.30000000E-02,  0.36739404E-18,  0.50000000E-02
      350.,  0.27655445E-02,  0.87500000E-03,  0.50000000E-02
      351.,  0.30000000E-02,  0.36739404E-18,  0.43750000E-02
      352.,  0.27655445E-02, -0.87500000E-03,  0.50000000E-02
      353.,  0.23776413E-02,  0.77254249E-03,  0.50000000E-02
      354., -0.14694631E-02, -0.20225425E-02,  0.50000000E-02
      355., -0.20225425E-02, -0.14694631E-02,  0.37500000E-02
      356., -0.23776413E-02, -0.77254249E-03,  0.43750000E-02
      357., -0.25268157E-02, -0.16097316E-02,  0.50000000E-02
      358., -0.18862712E-02, -0.22502760E-02,  0.50000000E-02
      359., -0.45924255E-18, -0.25000000E-02,  0.50000000E-02
      360., -0.77254249E-03, -0.23776413E-02,  0.37500000E-02
      361., -0.14694631E-02, -0.20225425E-02,  0.37500000E-02
      362., -0.12612712E-02, -0.27043651E-02,  0.50000000E-02
      363., -0.38627124E-03, -0.29388206E-02,  0.50000000E-02
      364.,  0.14694631E-02, -0.20225425E-02,  0.50000000E-02
      365.,  0.77254249E-03, -0.23776413E-02,  0.37500000E-02
      366., -0.17510364E-18, -0.25000000E-02,  0.37500000E-02
      367.,  0.38627124E-03, -0.29388206E-02,  0.50000000E-02
      368.,  0.12612712E-02, -0.27043651E-02,  0.50000000E-02
      369.,  0.23776413E-02, -0.77254249E-03,  0.43750000E-02
      370.,  0.20225425E-02, -0.14694631E-02,  0.37500000E-02
      371.,  0.14694631E-02, -0.20225425E-02,  0.37500000E-02
      372.,  0.18862712E-02, -0.22502760E-02,  0.50000000E-02
      373.,  0.25268157E-02, -0.16097316E-02,  0.50000000E-02
      374.,  0.25000000E-02,  0.30616170E-18,  0.31250000E-02
      375.,  0.23776413E-02, -0.77254249E-03,  0.25000000E-02
      376.,  0.30000000E-02,  0.36739404E-18,  0.25000000E-02
      377.,  0.27655445E-02,  0.87500000E-03,  0.25000000E-02
      378.,  0.27655445E-02, -0.87500000E-03,  0.25000000E-02
      379.,  0.23776413E-02,  0.77254249E-03,  0.25000000E-02
      380.,  0.25490380E-02,  0.75000000E-03,  0.12500000E-02
      381.,  0.12500000E-02,  0.10412593E-17,  0.25000000E-02
      382.,  0.23776413E-02, -0.77254249E-03,  0.31250000E-02
      383.,  0.27655445E-02,  0.87500000E-03,  0.43750000E-02
      384.,  0.30000000E-02,  0.36739404E-18,  0.31250000E-02
      385.,  0.30000000E-02,  0.36739404E-18,  0.37500000E-02
      386.,  0.27655445E-02,  0.87500000E-03,  0.31250000E-02
      387.,  0.27655445E-02, -0.87500000E-03,  0.31250000E-02
      388.,  0.27655445E-02, -0.87500000E-03,  0.43750000E-02
      389.,  0.23776413E-02,  0.77254249E-03,  0.43750000E-02
      390.,  0.23776413E-02,  0.77254249E-03,  0.31250000E-02
      391., -0.23776413E-02, -0.77254249E-03,  0.25000000E-02
      392., -0.25000000E-02,  0.00000000E+00,  0.31250000E-02
      393., -0.30000000E-02,  0.00000000E+00,  0.25000000E-02
      394., -0.27655445E-02,  0.87500000E-03,  0.25000000E-02
      395., -0.30000000E-02,  0.00000000E+00,  0.31250000E-02
      396., -0.27655445E-02, -0.87500000E-03,  0.25000000E-02
      397., -0.23776413E-02,  0.77254249E-03,  0.25000000E-02
      398., -0.35028685E-02, -0.24850324E-03,  0.12500000E-02
      399., -0.17912660E-02,  0.12500000E-03,  0.12500000E-02
      400., -0.12500000E-02,  0.88817842E-18,  0.25000000E-02
      401.,  0.14694631E-02, -0.20225425E-02,  0.25000000E-02
      402.,  0.18862712E-02, -0.22502760E-02,  0.25000000E-02
      403.,  0.25268157E-02, -0.16097316E-02,  0.25000000E-02
      404.,  0.18862712E-02, -0.22502760E-02,  0.37500000E-02
      405.,  0.25268157E-02, -0.16097316E-02,  0.37500000E-02
      406.,  0.17582140E-02, -0.21178502E-02,  0.12500000E-02
      407.,  0.23103092E-02,  0.15268435E-04,  0.12500000E-02
      408.,  0.10112713E-02, -0.73473157E-03,  0.25000000E-02
      409.,  0.15308085E-18, -0.25000000E-02,  0.25000000E-02
      410.,  0.38627124E-03, -0.29388206E-02,  0.25000000E-02
      411.,  0.12612712E-02, -0.27043651E-02,  0.25000000E-02
      412.,  0.38627124E-03, -0.29388206E-02,  0.37500000E-02
      413.,  0.12612712E-02, -0.27043651E-02,  0.37500000E-02
      414.,  0.11332140E-02, -0.25719393E-02,  0.12500000E-02
      415.,  0.38627126E-03, -0.11888206E-02,  0.25000000E-02
      416., -0.14694631E-02, -0.20225425E-02,  0.25000000E-02
      417., -0.12612712E-02, -0.27043651E-02,  0.25000000E-02
      418., -0.38627124E-03, -0.29388206E-02,  0.25000000E-02
      419., -0.12612712E-02, -0.27043651E-02,  0.37500000E-02
      420., -0.38627124E-03, -0.29388206E-02,  0.37500000E-02
      421.,  0.36067153E-03, -0.25719393E-02,  0.12500000E-02
      422., -0.92753727E-03, -0.10638206E-02,  0.12500000E-02
      423., -0.15970316E-02, -0.32334021E-02,  0.12500000E-02
      424., -0.38627122E-03, -0.11888206E-02,  0.25000000E-02
      425., -0.23776413E-02, -0.77254249E-03,  0.31250000E-02
      426., -0.25268157E-02, -0.16097316E-02,  0.25000000E-02
      427., -0.18862712E-02, -0.22502760E-02,  0.25000000E-02
      428., -0.25268157E-02, -0.16097316E-02,  0.37500000E-02
      429., -0.18862712E-02, -0.22502760E-02,  0.37500000E-02
      430., -0.32641397E-02, -0.98323481E-03,  0.12500000E-02
      431., -0.15525373E-02, -0.60973157E-03,  0.12500000E-02
      432., -0.22220316E-02, -0.27793130E-02,  0.12500000E-02
      433., -0.10112712E-02, -0.73473157E-03,  0.25000000E-02
      434., -0.27655445E-02,  0.87500000E-03,  0.43750000E-02
      435., -0.27655445E-02,  0.87500000E-03,  0.31250000E-02
      436., -0.30000000E-02,  0.00000000E+00,  0.37500000E-02
      437., -0.27655445E-02, -0.87500000E-03,  0.31250000E-02
      438., -0.27655445E-02, -0.87500000E-03,  0.43750000E-02
      439., -0.23776413E-02,  0.77254249E-03,  0.43750000E-02
      440., -0.23776413E-02,  0.77254249E-03,  0.31250000E-02
      441.,  0.33807404E-02,  0.90586666E-03,  0.50000000E-02
      442.,  0.35000000E-02,  0.42862638E-18,  0.43750000E-02
      443.,  0.33807404E-02, -0.90586666E-03,  0.50000000E-02
      444., -0.33807404E-02,  0.90586666E-03,  0.50000000E-02
      445., -0.35000000E-02,  0.00000000E+00,  0.43750000E-02
      446., -0.33807404E-02, -0.90586666E-03,  0.50000000E-02
      447.,  0.24748737E-02,  0.24748737E-02,  0.50000000E-02
      448.,  0.33807404E-02,  0.90586666E-03,  0.43750000E-02
      449.,  0.30310889E-02,  0.17500000E-02,  0.37500000E-02
      450.,  0.24748737E-02,  0.24748737E-02,  0.37500000E-02
      451.,  0.25268157E-02,  0.16097316E-02,  0.50000000E-02
      452.,  0.90586666E-03,  0.33807404E-02,  0.50000000E-02
      453.,  0.17500000E-02,  0.30310889E-02,  0.37500000E-02
      454.,  0.90586666E-03,  0.33807404E-02,  0.37500000E-02
      455.,  0.18862712E-02,  0.22502760E-02,  0.50000000E-02
      456.,  0.12612712E-02,  0.27043651E-02,  0.50000000E-02
      457., -0.90586666E-03,  0.33807404E-02,  0.50000000E-02
      458.,  0.21431319E-18,  0.35000000E-02,  0.37500000E-02
      459., -0.90586666E-03,  0.33807404E-02,  0.37500000E-02
      460.,  0.38627124E-03,  0.29388206E-02,  0.50000000E-02
      461., -0.38627124E-03,  0.29388206E-02,  0.50000000E-02
      462., -0.24748737E-02,  0.24748737E-02,  0.50000000E-02
      463., -0.17500000E-02,  0.30310889E-02,  0.37500000E-02
      464., -0.24748737E-02,  0.24748737E-02,  0.37500000E-02
      465., -0.12612712E-02,  0.27043651E-02,  0.50000000E-02
      466., -0.18862712E-02,  0.22502760E-02,  0.50000000E-02
      467., -0.30310889E-02,  0.17500000E-02,  0.37500000E-02
      468., -0.33807404E-02,  0.90586666E-03,  0.43750000E-02
      469., -0.25268157E-02,  0.16097316E-02,  0.50000000E-02
      470.,  0.35000000E-02,  0.42862638E-18,  0.31250000E-02
      471.,  0.33807404E-02,  0.90586666E-03,  0.25000000E-02
      472.,  0.33807404E-02, -0.90586666E-03,  0.25000000E-02
      473.,  0.47310398E-02, -0.89156685E-03,  0.25000000E-02
      474.,  0.50582376E-02,  0.30684887E-03,  0.25000000E-02
      475.,  0.43480762E-02, -0.10000000E-02,  0.12500000E-02
      476.,  0.30490380E-02,  0.75000000E-03,  0.12500000E-02
      477.,  0.41576905E-02,  0.96993071E-03,  0.19270833E-02
      478.,  0.33807404E-02,  0.90586666E-03,  0.31250000E-02
      479.,  0.33807404E-02, -0.90586666E-03,  0.31250000E-02
      480.,  0.33807404E-02, -0.90586666E-03,  0.43750000E-02
      481., -0.33807404E-02,  0.90586666E-03,  0.25000000E-02
      482., -0.35000000E-02,  0.00000000E+00,  0.31250000E-02
      483., -0.33807404E-02, -0.90586666E-03,  0.25000000E-02
      484., -0.51058485E-02, -0.93750000E-03,  0.25000000E-02
      485., -0.47857238E-02,  0.61533070E-03,  0.25000000E-02
      486., -0.40028685E-02, -0.24850324E-03,  0.12500000E-02
      487.,  0.24748737E-02,  0.24748737E-02,  0.25000000E-02
      488.,  0.49796461E-02,  0.28750000E-02,  0.25000000E-02
      489.,  0.25268157E-02,  0.16097316E-02,  0.37500000E-02
      490.,  0.25268157E-02,  0.16097316E-02,  0.25000000E-02
      491.,  0.48237820E-02,  0.11818489E-02,  0.25000000E-02
      492.,  0.35662983E-02,  0.31963484E-02,  0.25000000E-02
      493.,  0.28145824E-02,  0.16250000E-02,  0.12500000E-02
      494.,  0.39232350E-02,  0.18449307E-02,  0.19270833E-02
      495.,  0.90586666E-03,  0.33807404E-02,  0.25000000E-02
      496.,  0.18862712E-02,  0.22502760E-02,  0.37500000E-02
      497.,  0.12612712E-02,  0.27043651E-02,  0.37500000E-02
      498.,  0.12612712E-02,  0.27043651E-02,  0.25000000E-02
      499.,  0.18862712E-02,  0.22502760E-02,  0.25000000E-02
      500.,  0.17410253E-02,  0.48905445E-02,  0.25000000E-02
      501.,  0.29257538E-02,  0.38368928E-02,  0.25000000E-02
      502.,  0.88514860E-03,  0.42186695E-02,  0.12500000E-02
      503.,  0.21740380E-02,  0.22655445E-02,  0.12500000E-02
      504.,  0.33245232E-02,  0.41477202E-02,  0.12500000E-02
      505., -0.90586666E-03,  0.33807404E-02,  0.25000000E-02
      506.,  0.38627124E-03,  0.29388206E-02,  0.37500000E-02
      507., -0.38627124E-03,  0.29388206E-02,  0.37500000E-02
      508., -0.38627124E-03,  0.29388206E-02,  0.25000000E-02
      509.,  0.38627124E-03,  0.29388206E-02,  0.25000000E-02
      510.,  0.86602535E-03,  0.51250000E-02,  0.25000000E-02
      511., -0.71840039E-03,  0.47774396E-02,  0.25000000E-02
      512.,  0.10148598E-04,  0.44531250E-02,  0.12500000E-02
      513.,  0.12990380E-02,  0.25000000E-02,  0.12500000E-02
      514., -0.54126603E-03,  0.18750000E-02,  0.12500000E-02
      515., -0.13261016E-02,  0.32500000E-02,  0.12500000E-02
      516., -0.24748737E-02,  0.24748737E-02,  0.25000000E-02
      517., -0.12612712E-02,  0.27043651E-02,  0.37500000E-02
      518., -0.18862712E-02,  0.22502760E-02,  0.37500000E-02
      519., -0.18862712E-02,  0.22502760E-02,  0.25000000E-02
      520., -0.12612712E-02,  0.27043651E-02,  0.25000000E-02
      521., -0.15934004E-02,  0.45429841E-02,  0.25000000E-02
      522., -0.27948578E-02,  0.42271378E-02,  0.25000000E-02
      523., -0.22011016E-02,  0.30155445E-02,  0.12500000E-02
      524., -0.33807404E-02,  0.90586666E-03,  0.31250000E-02
      525., -0.49796461E-02,  0.28750000E-02,  0.25000000E-02
      526., -0.25268157E-02,  0.16097316E-02,  0.37500000E-02
      527., -0.25268157E-02,  0.16097316E-02,  0.25000000E-02
      528., -0.34354023E-02,  0.35865933E-02,  0.25000000E-02
      529., -0.45512682E-02,  0.14903307E-02,  0.25000000E-02
      530., -0.37684130E-02,  0.62649676E-03,  0.12500000E-02
      531., -0.47500485E-02,  0.25014161E-02,  0.12500000E-02
      532., -0.20568105E-02,  0.10000000E-02,  0.12500000E-02
      533., -0.28416460E-02,  0.23750000E-02,  0.12500000E-02
      534., -0.33807404E-02, -0.90586666E-03,  0.31250000E-02
      535., -0.33807404E-02, -0.90586666E-03,  0.43750000E-02
      536.,  0.11558032E-01, -0.42235429E-02,  0.25000000E-02
      537.,  0.11660254E-01, -0.50000000E-02,  0.31250000E-02
      538.,  0.11558032E-01, -0.42235429E-02,  0.31250000E-02
      539.,  0.12325318E-01, -0.37500000E-02,  0.20833333E-02
      540.,  0.11558032E-01, -0.57764571E-02,  0.25000000E-02
      541.,  0.12656152E-01, -0.51431495E-02,  0.28268941E-02
      542.,  0.98896211E-02, -0.45937500E-02,  0.25000000E-02
      543.,  0.12030605E-01, -0.45166624E-02,  0.31597545E-02
      544.,  0.12066712E-01, -0.51224050E-02,  0.18941604E-02
      545.,  0.11426844E-01, -0.43897035E-02,  0.18750000E-02
      546.,  0.11258330E-01, -0.35000000E-02,  0.31250000E-02
      547.,  0.12124356E-01, -0.30000000E-02,  0.29166667E-02
      548.,  0.12124356E-01, -0.30000000E-02,  0.20833333E-02
      549.,  0.10825318E-01, -0.27500000E-02,  0.25000000E-02
      550.,  0.96886592E-02, -0.38437500E-02,  0.25000000E-02
      551.,  0.11829643E-01, -0.37666624E-02,  0.31597545E-02
      552.,  0.11225882E-01, -0.36397035E-02,  0.18750000E-02
      553.,  0.11660254E-01, -0.50000000E-02,  0.43750000E-02
      554.,  0.11558032E-01, -0.42235429E-02,  0.50000000E-02
      555.,  0.11558032E-01, -0.42235429E-02,  0.43750000E-02
      556.,  0.12622273E-01, -0.54341204E-02,  0.50000000E-02
      557.,  0.12622273E-01, -0.45658796E-02,  0.50000000E-02
      558.,  0.11558032E-01, -0.57764571E-02,  0.50000000E-02
      559.,  0.12030605E-01, -0.45166624E-02,  0.44097545E-02
      560.,  0.11558032E-01, -0.42235429E-02,  0.37500000E-02
      561.,  0.12622273E-01, -0.54341204E-02,  0.43750000E-02
      562.,  0.11558032E-01, -0.57764571E-02,  0.43750000E-02
      563.,  0.11558032E-01, -0.57764571E-02,  0.31250000E-02
      564.,  0.12656152E-01, -0.51431495E-02,  0.34518941E-02
      565.,  0.12030605E-01, -0.45166624E-02,  0.37847545E-02
      566.,  0.11696500E-01, -0.61213891E-02,  0.38372772E-02
      567.,  0.11258330E-01, -0.35000000E-02,  0.43750000E-02
      568.,  0.12124356E-01, -0.30000000E-02,  0.50000000E-02
      569.,  0.12421312E-01, -0.38158796E-02,  0.50000000E-02
      570.,  0.10825318E-01, -0.27500000E-02,  0.50000000E-02
      571.,  0.11829643E-01, -0.37666624E-02,  0.44097545E-02
      572.,  0.12124356E-01, -0.30000000E-02,  0.43750000E-02
      573.,  0.12124356E-01, -0.30000000E-02,  0.35416667E-02
      574.,  0.11691343E-01, -0.22500000E-02,  0.43750000E-02
      575.,  0.10825318E-01, -0.27500000E-02,  0.43750000E-02
      576.,  0.10825318E-01, -0.27500000E-02,  0.31250000E-02
      577.,  0.11829643E-01, -0.37666624E-02,  0.37847545E-02
      578., -0.13598696E-01, -0.57821723E-02,  0.50000000E-02
      579., -0.13660254E-01, -0.50000000E-02,  0.41666667E-02
      580., -0.13617478E-01, -0.43473690E-02,  0.50000000E-02
      581., -0.12660254E-01, -0.50000000E-02,  0.50000000E-02
      582., -0.94424264E-02, -0.99384417E-02,  0.50000000E-02
      583., -0.86602540E-02, -0.10000000E-01,  0.41666667E-02
      584., -0.77942286E-02, -0.10000000E-01,  0.50000000E-02
      585., -0.86602540E-02, -0.90000000E-02,  0.50000000E-02
      586., -0.77942286E-02, -0.90000000E-02,  0.50000000E-02
      587., -0.86602540E-02, -0.90000000E-02,  0.43750000E-02
      588., -0.13115287E-01, -0.72699525E-02,  0.50000000E-02
      589., -0.13598696E-01, -0.57821723E-02,  0.41666667E-02
      590., -0.12537895E-01, -0.57725425E-02,  0.50000000E-02
      591., -0.12336933E-01, -0.65225425E-02,  0.50000000E-02
      592., -0.12336933E-01, -0.65225425E-02,  0.37500000E-02
      593., -0.12762151E-01, -0.78590982E-02,  0.37738611E-02
      594., -0.12195788E-01, -0.85355339E-02,  0.50000000E-02
      595., -0.11981835E-01, -0.72194631E-02,  0.50000000E-02
      596., -0.12264388E-01, -0.84655760E-02,  0.37738611E-02
      597., -0.10930207E-01, -0.94550326E-02,  0.50000000E-02
      598., -0.11428755E-01, -0.77725425E-02,  0.50000000E-02
      599., -0.10879717E-01, -0.83215806E-02,  0.50000000E-02
      600., -0.10879717E-01, -0.83215806E-02,  0.37500000E-02
      601., -0.11677880E-01, -0.89867198E-02,  0.37738611E-02
      602., -0.94424264E-02, -0.99384417E-02,  0.41666667E-02
      603., -0.94327965E-02, -0.88776413E-02,  0.50000000E-02
      604., -0.10182797E-01, -0.86766794E-02,  0.50000000E-02
      605., -0.94327965E-02, -0.88776413E-02,  0.43750000E-02
      606., -0.10182797E-01, -0.86766794E-02,  0.37500000E-02
      607., -0.11017067E-01, -0.94096974E-02,  0.37738611E-02
      608., -0.13660254E-01, -0.50000000E-02,  0.83333333E-03
      609., -0.13598696E-01, -0.57821723E-02,  0.00000000E+00
      610., -0.13617478E-01, -0.43473690E-02,  0.00000000E+00
      611., -0.12660254E-01, -0.50000000E-02,  0.12500000E-02
      612., -0.12190009E-01, -0.43858067E-02,  0.00000000E+00
      613., -0.12341525E-01, -0.58625721E-02,  0.00000000E+00
      614., -0.13660254E-01, -0.50000000E-02,  0.25000000E-02
      615., -0.13489883E-01, -0.37059048E-02,  0.33333333E-02
      616., -0.13489883E-01, -0.37059048E-02,  0.25000000E-02
      617., -0.13617478E-01, -0.43473690E-02,  0.41666667E-02
      618., -0.12660254E-01, -0.50000000E-02,  0.41666667E-02
      619., -0.12660254E-01, -0.50000000E-02,  0.29166667E-02
      620., -0.12459292E-01, -0.57500000E-02,  0.29166667E-02
      621., -0.12459292E-01, -0.42500000E-02,  0.35416667E-02
      622., -0.13158911E-01, -0.71822199E-02,  0.29405277E-02
      623., -0.13598696E-01, -0.57821723E-02,  0.83333333E-03
      624., -0.13489883E-01, -0.37059048E-02,  0.16666667E-02
      625., -0.13617478E-01, -0.43473690E-02,  0.83333333E-03
      626., -0.12660254E-01, -0.50000000E-02,  0.20833333E-02
      627., -0.12459292E-01, -0.57500000E-02,  0.20833333E-02
      628., -0.13158911E-01, -0.71822199E-02,  0.21071944E-02
      629., -0.94424264E-02, -0.99384417E-02,  0.00000000E+00
      630., -0.86602540E-02, -0.10000000E-01,  0.83333333E-03
      631., -0.77942286E-02, -0.10000000E-01,  0.00000000E+00
      632., -0.84881140E-02, -0.86770020E-02,  0.00000000E+00
      633., -0.13115287E-01, -0.72699525E-02,  0.00000000E+00
      634., -0.12537895E-01, -0.57725425E-02,  0.12500000E-02
      635., -0.12336933E-01, -0.65225425E-02,  0.12500000E-02
      636., -0.12762151E-01, -0.78590982E-02,  0.12738611E-02
      637., -0.12219166E-01, -0.66351145E-02,  0.00000000E+00
      638., -0.12195788E-01, -0.85355339E-02,  0.00000000E+00
      639., -0.12264388E-01, -0.84655760E-02,  0.12738611E-02
      640., -0.11864067E-01, -0.73320352E-02,  0.00000000E+00
      641., -0.10930207E-01, -0.94550326E-02,  0.00000000E+00
      642., -0.11677880E-01, -0.89867198E-02,  0.12738611E-02
      643., -0.11310988E-01, -0.78851145E-02,  0.00000000E+00
      644., -0.94424264E-02, -0.99384417E-02,  0.83333333E-03
      645., -0.10182797E-01, -0.86766794E-02,  0.12500000E-02
      646., -0.11017067E-01, -0.94096974E-02,  0.12738611E-02
      647., -0.92606564E-02, -0.85546433E-02,  0.00000000E+00
      648., -0.10614067E-01, -0.82402133E-02,  0.00000000E+00
      649., -0.86602540E-02, -0.10000000E-01,  0.25000000E-02
      650., -0.77942286E-02, -0.10000000E-01,  0.41666667E-02
      651., -0.86602540E-02, -0.90000000E-02,  0.29166667E-02
      652., -0.77942286E-02, -0.90000000E-02,  0.29166667E-02
      653., -0.86602540E-02, -0.90000000E-02,  0.35416667E-02
      654., -0.94102540E-02, -0.87990381E-02,  0.29166667E-02
      655., -0.10298223E-01, -0.97240935E-02,  0.29405277E-02
      656., -0.71687659E-02, -0.10000000E-01,  0.29166667E-02
      657., -0.77942286E-02, -0.10000000E-01,  0.83333333E-03
      658., -0.86602540E-02, -0.90000000E-02,  0.20833333E-02
      659., -0.77942286E-02, -0.90000000E-02,  0.20833333E-02
      660., -0.94102540E-02, -0.87990381E-02,  0.20833333E-02
      661., -0.10298223E-01, -0.97240935E-02,  0.21071944E-02
      662., -0.84881140E-02, -0.86770020E-02,  0.83333333E-03
      663., -0.71687659E-02, -0.10000000E-01,  0.20833333E-02
      664.,  0.95284949E-02, -0.99240388E-02,  0.00000000E+00
      665.,  0.86602540E-02, -0.10000000E-01,  0.83333333E-03
      666.,  0.77942286E-02, -0.10000000E-01,  0.00000000E+00
      667.,  0.81959709E-02, -0.88537778E-02,  0.00000000E+00
      668.,  0.13358717E-01, -0.32898993E-02,  0.00000000E+00
      669.,  0.12990381E-01, -0.25000000E-02,  0.83333333E-03
      670.,  0.12557368E-01, -0.17500000E-02,  0.00000000E+00
      671.,  0.11858497E-01, -0.25294070E-02,  0.00000000E+00
      672.,  0.11160254E-01, -0.93301270E-02,  0.00000000E+00
      673.,  0.95284949E-02, -0.99240388E-02,  0.83333333E-03
      674.,  0.10265304E-01, -0.86482697E-02,  0.12500000E-02
      675.,  0.11355997E-01, -0.92110532E-02,  0.10419633E-02
      676.,  0.10783652E-01, -0.80391884E-02,  0.00000000E+00
      677.,  0.90510212E-02, -0.87030093E-02,  0.00000000E+00
      678.,  0.12490476E-01, -0.82139380E-02,  0.00000000E+00
      679.,  0.12046284E-01, -0.86789670E-02,  0.10419633E-02
      680.,  0.11535570E-01, -0.76050680E-02,  0.00000000E+00
      681.,  0.13358717E-01, -0.67101007E-02,  0.00000000E+00
      682.,  0.12124356E-01, -0.70000000E-02,  0.12500000E-02
      683.,  0.12633689E-01, -0.80350972E-02,  0.10419633E-02
      684.,  0.13450837E-01, -0.64318926E-02,  0.15768941E-02
      685.,  0.12093665E-01, -0.69399569E-02,  0.00000000E+00
      686.,  0.12731776E-01, -0.63724050E-02,  0.64416038E-03
      687.,  0.13660254E-01, -0.50000000E-02,  0.00000000E+00
      688.,  0.13626703E-01, -0.55782632E-02,  0.15768941E-02
      689.,  0.12390621E-01, -0.61240773E-02,  0.00000000E+00
      690.,  0.13028732E-01, -0.55565254E-02,  0.64416038E-03
      691.,  0.13358717E-01, -0.32898993E-02,  0.83333333E-03
      692.,  0.13651665E-01, -0.47070632E-02,  0.15768941E-02
      693.,  0.12155453E-01, -0.33452866E-02,  0.00000000E+00
      694.,  0.12390621E-01, -0.52558364E-02,  0.00000000E+00
      695.,  0.13028732E-01, -0.46882846E-02,  0.64416038E-03
      696.,  0.12388863E-01, -0.39555831E-02,  0.62500000E-03
      697.,  0.12990381E-01, -0.25000000E-02,  0.41666667E-02
      698.,  0.13358717E-01, -0.32898993E-02,  0.50000000E-02
      699.,  0.12557368E-01, -0.17500000E-02,  0.50000000E-02
      700.,  0.11691343E-01, -0.22500000E-02,  0.50000000E-02
      701.,  0.12695668E-01, -0.32666624E-02,  0.44097545E-02
      702.,  0.12990381E-01, -0.25000000E-02,  0.25000000E-02
      703.,  0.13358717E-01, -0.32898993E-02,  0.41666667E-02
      704.,  0.12557368E-01, -0.17500000E-02,  0.41666667E-02
      705.,  0.11691343E-01, -0.22500000E-02,  0.29166667E-02
      706.,  0.13524967E-01, -0.38447642E-02,  0.32435608E-02
      707.,  0.12244637E-01, -0.12083333E-02,  0.29166667E-02
      708.,  0.12695668E-01, -0.32666624E-02,  0.35764212E-02
      709.,  0.12557368E-01, -0.17500000E-02,  0.83333333E-03
      710.,  0.11691343E-01, -0.22500000E-02,  0.20833333E-02
      711.,  0.13524967E-01, -0.38447642E-02,  0.24102275E-02
      712.,  0.11858497E-01, -0.25294070E-02,  0.83333333E-03
      713.,  0.12244637E-01, -0.12083333E-02,  0.20833333E-02
      714.,  0.12695668E-01, -0.32666624E-02,  0.27430879E-02
      715.,  0.12731776E-01, -0.38724050E-02,  0.14774937E-02
      716.,  0.11907849E-01, -0.16250000E-02,  0.14583333E-02
      717.,  0.12091907E-01, -0.31397035E-02,  0.14583333E-02
      718.,  0.95284949E-02, -0.99240388E-02,  0.50000000E-02
      719.,  0.86602540E-02, -0.10000000E-01,  0.41666667E-02
      720.,  0.77942286E-02, -0.10000000E-01,  0.50000000E-02
      721.,  0.86602540E-02, -0.90000000E-02,  0.50000000E-02
      722.,  0.77942286E-02, -0.90000000E-02,  0.50000000E-02
      723.,  0.86602540E-02, -0.90000000E-02,  0.43750000E-02
      724.,  0.11160254E-01, -0.93301270E-02,  0.50000000E-02
      725.,  0.95284949E-02, -0.99240388E-02,  0.41666667E-02
      726.,  0.95153044E-02, -0.88492316E-02,  0.50000000E-02
      727.,  0.10265304E-01, -0.86482697E-02,  0.50000000E-02
      728.,  0.10265304E-01, -0.86482697E-02,  0.37500000E-02
      729.,  0.95153044E-02, -0.88492316E-02,  0.43750000E-02
      730.,  0.11355997E-01, -0.92110532E-02,  0.35419633E-02
      731.,  0.11051550E-01, -0.84706207E-02,  0.44622772E-02
      732.,  0.12490476E-01, -0.82139380E-02,  0.50000000E-02
      733.,  0.11017223E-01, -0.82141492E-02,  0.50000000E-02
      734.,  0.11566261E-01, -0.76651111E-02,  0.50000000E-02
      735.,  0.12046284E-01, -0.86789670E-02,  0.35419633E-02
      736.,  0.11803469E-01, -0.80365002E-02,  0.44622772E-02
      737.,  0.13358717E-01, -0.67101007E-02,  0.50000000E-02
      738.,  0.12124356E-01, -0.70000000E-02,  0.50000000E-02
      739.,  0.12633689E-01, -0.80350972E-02,  0.35419633E-02
      740.,  0.13450837E-01, -0.64318926E-02,  0.40768941E-02
      741.,  0.12361563E-01, -0.73713891E-02,  0.44622772E-02
      742.,  0.13660254E-01, -0.50000000E-02,  0.50000000E-02
      743.,  0.12421312E-01, -0.61841204E-02,  0.50000000E-02
      744.,  0.13626703E-01, -0.55782632E-02,  0.40768941E-02
      745.,  0.12992624E-01, -0.49507829E-02,  0.44097545E-02
      746.,  0.12658519E-01, -0.65555096E-02,  0.44622772E-02
      747.,  0.13651665E-01, -0.47070632E-02,  0.40768941E-02
      748.,  0.12992624E-01, -0.40825420E-02,  0.44097545E-02
      749.,  0.86602540E-02, -0.10000000E-01,  0.25000000E-02
      750.,  0.77942286E-02, -0.10000000E-01,  0.41666667E-02
      751.,  0.86602540E-02, -0.90000000E-02,  0.29166667E-02
      752.,  0.94102540E-02, -0.87990381E-02,  0.29166667E-02
      753.,  0.86602540E-02, -0.90000000E-02,  0.35416667E-02
      754.,  0.77942286E-02, -0.90000000E-02,  0.29166667E-02
      755.,  0.10583801E-01, -0.96151887E-02,  0.27086300E-02
      756.,  0.67458352E-02, -0.10000000E-01,  0.29166667E-02
      757.,  0.71735539E-02, -0.93941194E-02,  0.24187184E-02
      758.,  0.73612159E-02, -0.95000000E-02,  0.35416667E-02
      759.,  0.77942286E-02, -0.10000000E-01,  0.83333333E-03
      760.,  0.86602540E-02, -0.90000000E-02,  0.20833333E-02
      761.,  0.94102540E-02, -0.87990381E-02,  0.20833333E-02
      762.,  0.77942286E-02, -0.90000000E-02,  0.20833333E-02
      763.,  0.10583801E-01, -0.96151887E-02,  0.18752966E-02
      764.,  0.81959709E-02, -0.88537778E-02,  0.83333333E-03
      765.,  0.67458352E-02, -0.10000000E-01,  0.20833333E-02
      766.,  0.71735539E-02, -0.93941194E-02,  0.15853851E-02
      767.,  0.47631397E-02,  0.11750000E-01,  0.00000000E+00
      768.,  0.43301270E-02,  0.12500000E-01,  0.83333333E-03
      769.,  0.38302222E-02,  0.13213938E-01,  0.00000000E+00
      770.,  0.37860344E-02,  0.11561270E-01,  0.00000000E+00
      771.,  0.11691343E-01, -0.25000000E-03,  0.00000000E+00
      772.,  0.11425484E-01, -0.17794070E-02,  0.00000000E+00
      773.,  0.11811624E-01, -0.45833334E-03,  0.12500000E-02
      774.,  0.11474837E-01, -0.87500000E-03,  0.62500000E-03
      775.,  0.10825318E-01,  0.12500000E-02,  0.00000000E+00
      776.,  0.97608131E-02,  0.30756123E-03,  0.00000000E+00
      777.,  0.10992471E-01, -0.10294070E-02,  0.00000000E+00
      778.,  0.11378612E-01,  0.29166666E-03,  0.12500000E-02
      779.,  0.10097949E-01,  0.13199339E-02,  0.65104167E-03
      780.,  0.11041824E-01, -0.12500000E-03,  0.62500000E-03
      781.,  0.99592921E-02,  0.27500000E-02,  0.00000000E+00
      782.,  0.93278004E-02,  0.10575612E-02,  0.00000000E+00
      783.,  0.10945599E-01,  0.10416667E-02,  0.12500000E-02
      784.,  0.10175799E-01,  0.23749999E-02,  0.12500000E-02
      785.,  0.96649360E-02,  0.20699339E-02,  0.65104167E-03
      786.,  0.90932667E-02,  0.42500000E-02,  0.00000000E+00
      787.,  0.79746505E-02,  0.30416667E-02,  0.00000000E+00
      788.,  0.88947877E-02,  0.18075612E-02,  0.00000000E+00
      789.,  0.97427858E-02,  0.31249999E-02,  0.12500000E-02
      790.,  0.88767604E-02,  0.46250000E-02,  0.12500000E-02
      791.,  0.92319233E-02,  0.28199339E-02,  0.65104167E-03
      792.,  0.82272413E-02,  0.57500000E-02,  0.00000000E+00
      793.,  0.77942286E-02,  0.45000000E-02,  0.12500000E-02
      794.,  0.73612159E-02,  0.52500000E-02,  0.12500000E-02
      795.,  0.75416378E-02,  0.37916667E-02,  0.00000000E+00
      796.,  0.67796502E-02,  0.51321757E-02,  0.00000000E+00
      797.,  0.84437477E-02,  0.53750000E-02,  0.12500000E-02
      798.,  0.87989106E-02,  0.35699339E-02,  0.65104167E-03
      799.,  0.73612159E-02,  0.72500000E-02,  0.00000000E+00
      800.,  0.69282032E-02,  0.60000000E-02,  0.12500000E-02
      801.,  0.64951905E-02,  0.67500000E-02,  0.12500000E-02
      802.,  0.63466375E-02,  0.58821757E-02,  0.00000000E+00
      803.,  0.80107350E-02,  0.61250000E-02,  0.12500000E-02
      804.,  0.64951905E-02,  0.87500000E-02,  0.00000000E+00
      805.,  0.60621778E-02,  0.75000000E-02,  0.12500000E-02
      806.,  0.56291651E-02,  0.82500000E-02,  0.12500000E-02
      807.,  0.52516785E-02,  0.79568050E-02,  0.00000000E+00
      808.,  0.59136248E-02,  0.66321757E-02,  0.00000000E+00
      809.,  0.75777223E-02,  0.68750000E-02,  0.12500000E-02
      810.,  0.65863745E-02,  0.85920647E-02,  0.12500000E-02
      811.,  0.56291651E-02,  0.10250000E-01,  0.00000000E+00
      812.,  0.51961524E-02,  0.90000000E-02,  0.12500000E-02
      813.,  0.48186658E-02,  0.87068050E-02,  0.00000000E+00
      814.,  0.61533618E-02,  0.93420647E-02,  0.12500000E-02
      815.,  0.47631397E-02,  0.11750000E-01,  0.83333333E-03
      816.,  0.47631397E-02,  0.97500000E-02,  0.12500000E-02
      817.,  0.43301270E-02,  0.10500000E-01,  0.12500000E-02
      818.,  0.43856531E-02,  0.94568050E-02,  0.00000000E+00
      819.,  0.42190471E-02,  0.10811270E-01,  0.00000000E+00
      820.,  0.57203491E-02,  0.10092065E-01,  0.12500000E-02
      821.,  0.43301270E-02,  0.12500000E-01,  0.41666667E-02
      822.,  0.47631397E-02,  0.11750000E-01,  0.50000000E-02
      823.,  0.38302222E-02,  0.13213938E-01,  0.50000000E-02
      824.,  0.34641016E-02,  0.12000000E-01,  0.50000000E-02
      825.,  0.34641016E-02,  0.12000000E-01,  0.43750000E-02
      826.,  0.43301270E-02,  0.12500000E-01,  0.25000000E-02
      827.,  0.47631397E-02,  0.11750000E-01,  0.41666667E-02
      828.,  0.38302222E-02,  0.13213938E-01,  0.41666667E-02
      829.,  0.34641016E-02,  0.12000000E-01,  0.29166667E-02
      830.,  0.29150635E-02,  0.12549038E-01,  0.29166667E-02
      831.,  0.34641016E-02,  0.12000000E-01,  0.35416667E-02
      832.,  0.38971143E-02,  0.11250000E-01,  0.29166667E-02
      833.,  0.30350973E-02,  0.13973435E-01,  0.27086300E-02
      834.,  0.52873364E-02,  0.10842065E-01,  0.29166667E-02
      835.,  0.45798702E-02,  0.11060568E-01,  0.36092615E-02
      836.,  0.38302222E-02,  0.13213938E-01,  0.83333333E-03
      837.,  0.34641016E-02,  0.12000000E-01,  0.20833333E-02
      838.,  0.29150635E-02,  0.12549038E-01,  0.20833333E-02
      839.,  0.38971143E-02,  0.11250000E-01,  0.20833333E-02
      840.,  0.30350972E-02,  0.13973435E-01,  0.18752966E-02
      841.,  0.37860344E-02,  0.11561270E-01,  0.83333333E-03
      842.,  0.52873364E-02,  0.10842065E-01,  0.20833333E-02
      843.,  0.11691343E-01, -0.25000000E-03,  0.50000000E-02
      844.,  0.11258330E-01, -0.15000000E-02,  0.50000000E-02
      845.,  0.10825318E-01, -0.75000000E-03,  0.50000000E-02
      846.,  0.11258330E-01, -0.15000000E-02,  0.37500000E-02
      847.,  0.11811624E-01, -0.45833334E-03,  0.37500000E-02
      848.,  0.11167729E-01, -0.40788967E-03,  0.44155093E-02
      849.,  0.10825318E-01,  0.12500000E-02,  0.50000000E-02
      850.,  0.10392305E-01,  0.27533531E-16,  0.50000000E-02
      851.,  0.99592921E-02,  0.75000000E-03,  0.50000000E-02
      852.,  0.11378612E-01,  0.29166666E-03,  0.37500000E-02
      853.,  0.10734717E-01,  0.34211033E-03,  0.44155093E-02
      854.,  0.99592921E-02,  0.27500000E-02,  0.50000000E-02
      855.,  0.95262794E-02,  0.15000000E-02,  0.50000000E-02
      856.,  0.90932667E-02,  0.22500000E-02,  0.50000000E-02
      857.,  0.10945599E-01,  0.10416667E-02,  0.37500000E-02
      858.,  0.10175799E-01,  0.23749999E-02,  0.37500000E-02
      859.,  0.10301704E-01,  0.10921103E-02,  0.44155093E-02
      860.,  0.90932667E-02,  0.42500000E-02,  0.50000000E-02
      861.,  0.86602540E-02,  0.30000000E-02,  0.50000000E-02
      862.,  0.82272413E-02,  0.37500000E-02,  0.50000000E-02
      863.,  0.86602540E-02,  0.30000000E-02,  0.37500000E-02
      864.,  0.82272413E-02,  0.37500000E-02,  0.37500000E-02
      865.,  0.97427858E-02,  0.31249999E-02,  0.37500000E-02
      866.,  0.88767604E-02,  0.46250000E-02,  0.37500000E-02
      867.,  0.82272413E-02,  0.57500000E-02,  0.50000000E-02
      868.,  0.77942286E-02,  0.45000000E-02,  0.50000000E-02
      869.,  0.73612159E-02,  0.52500000E-02,  0.50000000E-02
      870.,  0.84437477E-02,  0.53750000E-02,  0.37500000E-02
      871.,  0.73612159E-02,  0.72500000E-02,  0.50000000E-02
      872.,  0.69282032E-02,  0.60000000E-02,  0.50000000E-02
      873.,  0.64951905E-02,  0.67500000E-02,  0.50000000E-02
      874.,  0.80107350E-02,  0.61250000E-02,  0.37500000E-02
      875.,  0.69473437E-02,  0.68556349E-02,  0.43764289E-02
      876.,  0.64951905E-02,  0.87500000E-02,  0.50000000E-02
      877.,  0.60621778E-02,  0.75000000E-02,  0.50000000E-02
      878.,  0.56291651E-02,  0.82500000E-02,  0.50000000E-02
      879.,  0.75777223E-02,  0.68750000E-02,  0.37500000E-02
      880.,  0.65863745E-02,  0.85920647E-02,  0.37500000E-02
      881.,  0.58789083E-02,  0.88105678E-02,  0.44425948E-02
      882.,  0.65143310E-02,  0.76056349E-02,  0.43764289E-02
      883.,  0.56291651E-02,  0.10250000E-01,  0.50000000E-02
      884.,  0.51961524E-02,  0.90000000E-02,  0.50000000E-02
      885.,  0.47631397E-02,  0.97500000E-02,  0.50000000E-02
      886.,  0.61533618E-02,  0.93420647E-02,  0.37500000E-02
      887.,  0.54458956E-02,  0.95605678E-02,  0.44425948E-02
      888.,  0.38971143E-02,  0.11250000E-01,  0.50000000E-02
      889.,  0.43301270E-02,  0.10500000E-01,  0.50000000E-02
      890.,  0.38971143E-02,  0.11250000E-01,  0.43750000E-02
      891.,  0.57203491E-02,  0.10092065E-01,  0.37500000E-02
      892.,  0.50128829E-02,  0.10310568E-01,  0.44425948E-02
      893., -0.38302222E-02,  0.13213938E-01,  0.00000000E+00
      894., -0.43301270E-02,  0.12500000E-01,  0.83333333E-03
      895., -0.47631397E-02,  0.11750000E-01,  0.00000000E+00
      896., -0.34784837E-02,  0.10774375E-01,  0.00000000E+00
      897., -0.22788043E-02,  0.12112116E-01,  0.00000000E+00
      898., -0.36255248E-02,  0.12400758E-01,  0.65737515E-03
      899.,  0.25000000E-02,  0.14330127E-01,  0.00000000E+00
      900.,  0.29060071E-02,  0.12665111E-01,  0.12500000E-02
      901.,  0.23569690E-02,  0.13214149E-01,  0.12500000E-02
      902.,  0.22990073E-02,  0.14440109E-01,  0.10419633E-02
      903.,  0.14932282E-02,  0.12777227E-01,  0.00000000E+00
      904.,  0.32279399E-02,  0.12226381E-01,  0.00000000E+00
      905.,  0.24556416E-02,  0.12025880E-01,  0.62500000E-03
      906.,  0.86824089E-03,  0.14924039E-01,  0.00000000E+00
      907.,  0.16050504E-02,  0.13648270E-01,  0.12500000E-02
      908.,  0.85505036E-03,  0.13849232E-01,  0.12500000E-02
      909.,  0.14930636E-02,  0.14771872E-01,  0.10419633E-02
      910.,  0.74130957E-03,  0.13211347E-01,  0.00000000E+00
      911., -0.86824089E-03,  0.14924039E-01,  0.00000000E+00
      912.,  0.83425925E-17,  0.14000000E-01,  0.12500000E-02
      913.,  0.64175379E-03,  0.14958644E-01,  0.10419633E-02
      914., -0.10501156E-02,  0.14888482E-01,  0.16013356E-02
      915., -0.11374078E-03,  0.13362116E-01,  0.00000000E+00
      916., -0.25000000E-02,  0.14330127E-01,  0.00000000E+00
      917., -0.85505036E-03,  0.13849232E-01,  0.12500000E-02
      918., -0.16050504E-02,  0.13648270E-01,  0.12500000E-02
      919., -0.18830379E-02,  0.14631864E-01,  0.16013356E-02
      920., -0.96879114E-03,  0.13211347E-01,  0.00000000E+00
      921., -0.23155116E-02,  0.13499989E-01,  0.65737515E-03
      922., -0.38302222E-02,  0.13213938E-01,  0.83333333E-03
      923., -0.26587452E-02,  0.14234510E-01,  0.16013356E-02
      924., -0.17207098E-02,  0.12777227E-01,  0.00000000E+00
      925., -0.30674303E-02,  0.13065869E-01,  0.65737515E-03
      926., -0.43301270E-02,  0.12500000E-01,  0.41666667E-02
      927., -0.38302222E-02,  0.13213938E-01,  0.50000000E-02
      928., -0.47631397E-02,  0.11750000E-01,  0.50000000E-02
      929., -0.34641016E-02,  0.12000000E-01,  0.50000000E-02
      930., -0.38971143E-02,  0.11250000E-01,  0.50000000E-02
      931., -0.34641016E-02,  0.12000000E-01,  0.43750000E-02
      932., -0.43301270E-02,  0.12500000E-01,  0.25000000E-02
      933., -0.38302222E-02,  0.13213938E-01,  0.41666667E-02
      934., -0.47631397E-02,  0.11750000E-01,  0.41666667E-02
      935., -0.34641016E-02,  0.12000000E-01,  0.29166667E-02
      936., -0.38971143E-02,  0.11250000E-01,  0.29166667E-02
      937., -0.34641016E-02,  0.12000000E-01,  0.35416667E-02
      938., -0.29150635E-02,  0.12549038E-01,  0.29166667E-02
      939., -0.33536678E-02,  0.13708492E-01,  0.32680023E-02
      940., -0.50758711E-02,  0.11208333E-01,  0.29166667E-02
      941., -0.36255248E-02,  0.12400758E-01,  0.23240418E-02
      942., -0.47631397E-02,  0.11750000E-01,  0.83333333E-03
      943., -0.38971143E-02,  0.11250000E-01,  0.20833333E-02
      944., -0.33536678E-02,  0.13708492E-01,  0.24346690E-02
      945., -0.50758711E-02,  0.11208333E-01,  0.20833333E-02
      946., -0.36255248E-02,  0.12400758E-01,  0.14907085E-02
      947.,  0.25000000E-02,  0.14330127E-01,  0.50000000E-02
      948.,  0.29060071E-02,  0.12665111E-01,  0.50000000E-02
      949.,  0.23569690E-02,  0.13214149E-01,  0.50000000E-02
      950.,  0.23569690E-02,  0.13214149E-01,  0.37500000E-02
      951.,  0.29060071E-02,  0.12665111E-01,  0.43750000E-02
      952.,  0.22990073E-02,  0.14440109E-01,  0.35419633E-02
      953.,  0.86824089E-03,  0.14924039E-01,  0.50000000E-02
      954.,  0.16050504E-02,  0.13648270E-01,  0.50000000E-02
      955.,  0.85505036E-03,  0.13849232E-01,  0.50000000E-02
      956.,  0.16050504E-02,  0.13648270E-01,  0.37500000E-02
      957.,  0.85505036E-03,  0.13849232E-01,  0.37500000E-02
      958.,  0.14930636E-02,  0.14771872E-01,  0.35419633E-02
      959., -0.86824089E-03,  0.14924039E-01,  0.50000000E-02
      960.,  0.83425925E-17,  0.14000000E-01,  0.50000000E-02
      961.,  0.83425925E-17,  0.14000000E-01,  0.37500000E-02
      962.,  0.64175372E-03,  0.14958644E-01,  0.35419633E-02
      963., -0.10501156E-02,  0.14888482E-01,  0.41013356E-02
      964., -0.25000000E-02,  0.14330127E-01,  0.50000000E-02
      965., -0.85505036E-03,  0.13849232E-01,  0.50000000E-02
      966., -0.16050504E-02,  0.13648270E-01,  0.50000000E-02
      967., -0.18830379E-02,  0.14631864E-01,  0.41013356E-02
      968., -0.29060071E-02,  0.12665111E-01,  0.50000000E-02
      969., -0.23569690E-02,  0.13214149E-01,  0.50000000E-02
      970., -0.29060071E-02,  0.12665111E-01,  0.43750000E-02
      971., -0.26587452E-02,  0.14234510E-01,  0.41013356E-02
      972., -0.12557368E-01, -0.17500000E-02,  0.00000000E+00
      973., -0.12990381E-01, -0.25000000E-02,  0.83333333E-03
      974., -0.13279652E-01, -0.30865828E-02,  0.00000000E+00
      975., -0.11855073E-01, -0.31358067E-02,  0.00000000E+00
      976., -0.56291651E-02,  0.10250000E-01,  0.00000000E+00
      977., -0.43301270E-02,  0.10500000E-01,  0.12500000E-02
      978., -0.47631397E-02,  0.97500000E-02,  0.12500000E-02
      979., -0.39114964E-02,  0.10024375E-01,  0.00000000E+00
      980., -0.55088838E-02,  0.10458333E-01,  0.12500000E-02
      981., -0.40585375E-02,  0.11650758E-01,  0.65737515E-03
      982., -0.64951905E-02,  0.87500000E-02,  0.00000000E+00
      983., -0.51961524E-02,  0.90000000E-02,  0.12500000E-02
      984., -0.43445091E-02,  0.92743749E-02,  0.00000000E+00
      985., -0.52948669E-02,  0.78552408E-02,  0.00000000E+00
      986., -0.59418965E-02,  0.97083333E-02,  0.12500000E-02
      987., -0.62904856E-02,  0.80160948E-02,  0.65814394E-03
      988., -0.73612159E-02,  0.72500000E-02,  0.00000000E+00
      989., -0.57278796E-02,  0.71052408E-02,  0.00000000E+00
      990., -0.63749092E-02,  0.89583333E-02,  0.12500000E-02
      991., -0.71447095E-02,  0.76250001E-02,  0.12500000E-02
      992., -0.67234983E-02,  0.72660948E-02,  0.65814394E-03
      993., -0.82272413E-02,  0.57500000E-02,  0.00000000E+00
      994., -0.71316184E-02,  0.48764161E-02,  0.00000000E+00
      995., -0.61608923E-02,  0.63552408E-02,  0.00000000E+00
      996., -0.75777222E-02,  0.68750001E-02,  0.12500000E-02
      997., -0.84437477E-02,  0.53750000E-02,  0.12500000E-02
      998., -0.71565110E-02,  0.65160948E-02,  0.65814394E-03
      999., -0.90932667E-02,  0.42500000E-02,  0.00000000E+00
     1000., -0.77942286E-02,  0.45000000E-02,  0.12500000E-02
     1001., -0.82272413E-02,  0.37500000E-02,  0.12500000E-02
     1002., -0.75646311E-02,  0.41264161E-02,  0.00000000E+00
     1003., -0.88767604E-02,  0.46250000E-02,  0.12500000E-02
     1004., -0.75895237E-02,  0.57660948E-02,  0.65814394E-03
     1005., -0.99592921E-02,  0.27500000E-02,  0.00000000E+00
     1006., -0.86602540E-02,  0.30000000E-02,  0.12500000E-02
     1007., -0.90932667E-02,  0.22500000E-02,  0.12500000E-02
     1008., -0.79976438E-02,  0.33764161E-02,  0.00000000E+00
     1009., -0.90432768E-02,  0.17079274E-02,  0.00000000E+00
     1010., -0.93097731E-02,  0.38750000E-02,  0.12500000E-02
     1011., -0.10825318E-01,  0.12500000E-02,  0.00000000E+00
     1012., -0.95262794E-02,  0.15000000E-02,  0.12500000E-02
     1013., -0.94762895E-02,  0.95792743E-03,  0.00000000E+00
     1014., -0.97427858E-02,  0.31250000E-02,  0.12500000E-02
     1015., -0.10734134E-01,  0.14079353E-02,  0.12500000E-02
     1016., -0.11691343E-01, -0.25000000E-03,  0.00000000E+00
     1017., -0.99592921E-02,  0.75000000E-03,  0.12500000E-02
     1018., -0.10392305E-01,  0.34638958E-16,  0.12500000E-02
     1019., -0.99093022E-02,  0.20792743E-03,  0.00000000E+00
     1020., -0.11167146E-01,  0.65793533E-03,  0.12500000E-02
     1021., -0.12557368E-01, -0.17500000E-02,  0.83333333E-03
     1022., -0.10825318E-01, -0.75000000E-03,  0.12500000E-02
     1023., -0.11258330E-01, -0.15000000E-02,  0.12500000E-02
     1024., -0.11422060E-01, -0.23858067E-02,  0.00000000E+00
     1025., -0.10342315E-01, -0.54207257E-03,  0.00000000E+00
     1026., -0.11600159E-01, -0.92064674E-04,  0.12500000E-02
     1027., -0.12990381E-01, -0.25000000E-02,  0.41666667E-02
     1028., -0.12557368E-01, -0.17500000E-02,  0.50000000E-02
     1029., -0.13279652E-01, -0.30865828E-02,  0.50000000E-02
     1030., -0.12124356E-01, -0.30000000E-02,  0.50000000E-02
     1031., -0.11691343E-01, -0.22500000E-02,  0.50000000E-02
     1032., -0.12124356E-01, -0.30000000E-02,  0.43750000E-02
     1033., -0.12990381E-01, -0.25000000E-02,  0.25000000E-02
     1034., -0.12557368E-01, -0.17500000E-02,  0.41666667E-02
     1035., -0.13279652E-01, -0.30865828E-02,  0.41666667E-02
     1036., -0.12124356E-01, -0.30000000E-02,  0.29166667E-02
     1037., -0.12325318E-01, -0.37500000E-02,  0.29166667E-02
     1038., -0.12124356E-01, -0.30000000E-02,  0.35416667E-02
     1039., -0.11691343E-01, -0.22500000E-02,  0.29166667E-02
     1040., -0.12033172E-01, -0.84206467E-03,  0.29166667E-02
     1041., -0.13279652E-01, -0.30865828E-02,  0.83333333E-03
     1042., -0.12124356E-01, -0.30000000E-02,  0.20833333E-02
     1043., -0.12325318E-01, -0.37500000E-02,  0.20833333E-02
     1044., -0.11691343E-01, -0.22500000E-02,  0.20833333E-02
     1045., -0.11855073E-01, -0.31358067E-02,  0.83333333E-03
     1046., -0.12033172E-01, -0.84206467E-03,  0.20833333E-02
     1047., -0.56291651E-02,  0.10250000E-01,  0.50000000E-02
     1048., -0.43301270E-02,  0.10500000E-01,  0.50000000E-02
     1049., -0.47631397E-02,  0.97500000E-02,  0.50000000E-02
     1050., -0.43301270E-02,  0.10500000E-01,  0.37500000E-02
     1051., -0.38971143E-02,  0.11250000E-01,  0.43750000E-02
     1052., -0.55088838E-02,  0.10458333E-01,  0.37500000E-02
     1053., -0.64951905E-02,  0.87500000E-02,  0.50000000E-02
     1054., -0.51961524E-02,  0.90000000E-02,  0.50000000E-02
     1055., -0.56291651E-02,  0.82500000E-02,  0.50000000E-02
     1056., -0.59418965E-02,  0.97083333E-02,  0.37500000E-02
     1057., -0.58757418E-02,  0.87395833E-02,  0.44270833E-02
     1058., -0.73612159E-02,  0.72500000E-02,  0.50000000E-02
     1059., -0.60621778E-02,  0.75000000E-02,  0.50000000E-02
     1060., -0.64951905E-02,  0.67500000E-02,  0.50000000E-02
     1061., -0.63749092E-02,  0.89583333E-02,  0.37500000E-02
     1062., -0.71447095E-02,  0.76250001E-02,  0.37500000E-02
     1063., -0.63087545E-02,  0.79895833E-02,  0.44270833E-02
     1064., -0.82272413E-02,  0.57500000E-02,  0.50000000E-02
     1065., -0.69282032E-02,  0.60000000E-02,  0.50000000E-02
     1066., -0.73612159E-02,  0.52500000E-02,  0.50000000E-02
     1067., -0.69282032E-02,  0.60000000E-02,  0.37500000E-02
     1068., -0.73612159E-02,  0.52500000E-02,  0.37500000E-02
     1069., -0.75777222E-02,  0.68750001E-02,  0.37500000E-02
     1070., -0.84437477E-02,  0.53750000E-02,  0.37500000E-02
     1071., -0.90932667E-02,  0.42500000E-02,  0.50000000E-02
     1072., -0.77942286E-02,  0.45000000E-02,  0.50000000E-02
     1073., -0.82272413E-02,  0.37500000E-02,  0.50000000E-02
     1074., -0.77942286E-02,  0.45000000E-02,  0.37500000E-02
     1075., -0.88767604E-02,  0.46250000E-02,  0.37500000E-02
     1076., -0.99592921E-02,  0.27500000E-02,  0.50000000E-02
     1077., -0.86602540E-02,  0.30000000E-02,  0.50000000E-02
     1078., -0.90932667E-02,  0.22500000E-02,  0.50000000E-02
     1079., -0.93097731E-02,  0.38750000E-02,  0.37500000E-02
     1080., -0.94224557E-02,  0.26242724E-02,  0.44097222E-02
     1081., -0.10825318E-01,  0.12500000E-02,  0.50000000E-02
     1082., -0.95262794E-02,  0.15000000E-02,  0.50000000E-02
     1083., -0.97427858E-02,  0.31250000E-02,  0.37500000E-02
     1084., -0.10734134E-01,  0.14079353E-02,  0.37500000E-02
     1085., -0.98554684E-02,  0.18742724E-02,  0.44097222E-02
     1086., -0.11691343E-01, -0.25000000E-03,  0.50000000E-02
     1087., -0.99592921E-02,  0.75000000E-03,  0.50000000E-02
     1088., -0.10392305E-01,  0.34638958E-16,  0.50000000E-02
     1089., -0.11167146E-01,  0.65793533E-03,  0.37500000E-02
     1090., -0.10288481E-01,  0.11242724E-02,  0.44097222E-02
     1091., -0.10825318E-01, -0.75000000E-03,  0.50000000E-02
     1092., -0.11258330E-01, -0.15000000E-02,  0.50000000E-02
     1093., -0.11691343E-01, -0.22500000E-02,  0.43750000E-02
     1094., -0.11258330E-01, -0.15000000E-02,  0.37500000E-02
     1095., -0.11600159E-01, -0.92064674E-04,  0.37500000E-02
     1096., -0.12374107E-01, -0.36029524E-02,  0.50000000E-02
     1097., -0.12575069E-01, -0.43529524E-02,  0.50000000E-02
     1098., -0.12374107E-01, -0.36029524E-02,  0.43750000E-02
     1099., -0.12575069E-01, -0.43529524E-02,  0.12500000E-02
     1100., -0.12104824E-01, -0.37387591E-02,  0.00000000E+00
     1101., -0.60621778E-02, -0.10000000E-01,  0.00000000E+00
     1102., -0.69282032E-02, -0.90000000E-02,  0.12500000E-02
     1103., -0.76220885E-02, -0.86770020E-02,  0.00000000E+00
     1104., -0.59854316E-02, -0.87726968E-02,  0.00000000E+00
     1105., -0.63027404E-02, -0.10000000E-01,  0.12500000E-02
     1106., -0.55980740E-02, -0.94788161E-02,  0.67234848E-03
     1107., -0.43301270E-02, -0.10000000E-01,  0.00000000E+00
     1108., -0.51194062E-02, -0.87726968E-02,  0.00000000E+00
     1109., -0.54367150E-02, -0.10000000E-01,  0.12500000E-02
     1110., -0.47320486E-02, -0.94788161E-02,  0.67234848E-03
     1111., -0.25980762E-02, -0.10000000E-01,  0.00000000E+00
     1112., -0.42533808E-02, -0.87726968E-02,  0.00000000E+00
     1113., -0.29335673E-02, -0.87589695E-02,  0.00000000E+00
     1114., -0.45706896E-02, -0.10000000E-01,  0.12500000E-02
     1115., -0.30310890E-02, -0.10000000E-01,  0.12500000E-02
     1116., -0.38660232E-02, -0.94788161E-02,  0.67234848E-03
     1117., -0.86602540E-03, -0.10000000E-01,  0.00000000E+00
     1118., -0.17320508E-02, -0.90000000E-02,  0.12500000E-02
     1119., -0.86602540E-03, -0.90000000E-02,  0.12500000E-02
     1120., -0.61191502E-03, -0.85921208E-02,  0.00000000E+00
     1121., -0.20675419E-02, -0.87589695E-02,  0.00000000E+00
     1122., -0.21650636E-02, -0.10000000E-01,  0.12500000E-02
     1123., -0.43301270E-03, -0.10000000E-01,  0.12500000E-02
     1124., -0.29999978E-02, -0.94788161E-02,  0.67234848E-03
     1125.,  0.86602540E-03, -0.10000000E-01,  0.00000000E+00
     1126.,  0.31086245E-17, -0.90000000E-02,  0.12500000E-02
     1127.,  0.25411038E-03, -0.85921208E-02,  0.00000000E+00
     1128.,  0.43301271E-03, -0.10000000E-01,  0.12500000E-02
     1129.,  0.12990381E-02, -0.95000000E-02,  0.62500000E-03
     1130.,  0.25980762E-02, -0.10000000E-01,  0.00000000E+00
     1131.,  0.11201358E-02, -0.85921208E-02,  0.00000000E+00
     1132.,  0.23859671E-02, -0.91861726E-02,  0.00000000E+00
     1133.,  0.12990381E-02, -0.10000000E-01,  0.12500000E-02
     1134.,  0.21650635E-02, -0.95000000E-02,  0.62500000E-03
     1135.,  0.43301270E-02, -0.10000000E-01,  0.00000000E+00
     1136.,  0.32519925E-02, -0.91861726E-02,  0.00000000E+00
     1137.,  0.21650635E-02, -0.10000000E-01,  0.12500000E-02
     1138.,  0.41477590E-02, -0.10000000E-01,  0.12500000E-02
     1139.,  0.30310889E-02, -0.95000000E-02,  0.62500000E-03
     1140.,  0.60621778E-02, -0.10000000E-01,  0.00000000E+00
     1141.,  0.47631398E-02, -0.80000000E-02,  0.00000000E+00
     1142.,  0.64639201E-02, -0.88537778E-02,  0.00000000E+00
     1143.,  0.41180179E-02, -0.91861726E-02,  0.00000000E+00
     1144.,  0.50137844E-02, -0.10000000E-01,  0.12500000E-02
     1145.,  0.54415031E-02, -0.93941194E-02,  0.75205177E-03
     1146.,  0.38971143E-02, -0.95000000E-02,  0.62500000E-03
     1147.,  0.73299455E-02, -0.88537778E-02,  0.00000000E+00
     1148.,  0.58798098E-02, -0.10000000E-01,  0.12500000E-02
     1149.,  0.63075285E-02, -0.93941194E-02,  0.75205177E-03
     1150., -0.60621778E-02, -0.10000000E-01,  0.50000000E-02
     1151., -0.69282032E-02, -0.90000000E-02,  0.50000000E-02
     1152., -0.60621778E-02, -0.90000000E-02,  0.50000000E-02
     1153., -0.69282032E-02, -0.90000000E-02,  0.37500000E-02
     1154., -0.77942286E-02, -0.90000000E-02,  0.43750000E-02
     1155., -0.63027404E-02, -0.10000000E-01,  0.37500000E-02
     1156., -0.43301270E-02, -0.10000000E-01,  0.50000000E-02
     1157., -0.51961524E-02, -0.90000000E-02,  0.50000000E-02
     1158., -0.43301270E-02, -0.90000000E-02,  0.50000000E-02
     1159., -0.54367150E-02, -0.10000000E-01,  0.37500000E-02
     1160., -0.46372084E-02, -0.94619970E-02,  0.43100931E-02
     1161., -0.25980762E-02, -0.10000000E-01,  0.50000000E-02
     1162., -0.34641016E-02, -0.90000000E-02,  0.50000000E-02
     1163., -0.25980762E-02, -0.90000000E-02,  0.50000000E-02
     1164., -0.45706896E-02, -0.10000000E-01,  0.37500000E-02
     1165., -0.30310890E-02, -0.10000000E-01,  0.37500000E-02
     1166., -0.37711830E-02, -0.94619970E-02,  0.43100931E-02
     1167., -0.86602540E-03, -0.10000000E-01,  0.50000000E-02
     1168., -0.17320508E-02, -0.90000000E-02,  0.50000000E-02
     1169., -0.86602540E-03, -0.90000000E-02,  0.50000000E-02
     1170., -0.17320508E-02, -0.90000000E-02,  0.37500000E-02
     1171., -0.21650636E-02, -0.10000000E-01,  0.37500000E-02
     1172., -0.43301270E-03, -0.10000000E-01,  0.37500000E-02
     1173.,  0.86602540E-03, -0.10000000E-01,  0.50000000E-02
     1174.,  0.31086245E-17, -0.90000000E-02,  0.50000000E-02
     1175.,  0.43301271E-03, -0.10000000E-01,  0.37500000E-02
     1176.,  0.25980762E-02, -0.10000000E-01,  0.50000000E-02
     1177.,  0.86602540E-03, -0.90000000E-02,  0.50000000E-02
     1178.,  0.17320508E-02, -0.90000000E-02,  0.50000000E-02
     1179.,  0.12990381E-02, -0.10000000E-01,  0.37500000E-02
     1180.,  0.43301270E-02, -0.10000000E-01,  0.50000000E-02
     1181.,  0.25980762E-02, -0.90000000E-02,  0.50000000E-02
     1182.,  0.34641016E-02, -0.90000000E-02,  0.50000000E-02
     1183.,  0.21650635E-02, -0.10000000E-01,  0.37500000E-02
     1184.,  0.41477590E-02, -0.10000000E-01,  0.37500000E-02
     1185.,  0.33505612E-02, -0.95000000E-02,  0.42610677E-02
     1186.,  0.60621778E-02, -0.10000000E-01,  0.50000000E-02
     1187.,  0.43301270E-02, -0.90000000E-02,  0.50000000E-02
     1188.,  0.51961524E-02, -0.90000000E-02,  0.50000000E-02
     1189.,  0.50137844E-02, -0.10000000E-01,  0.37500000E-02
     1190.,  0.56291651E-02, -0.95000000E-02,  0.43750000E-02
     1191.,  0.42165866E-02, -0.95000000E-02,  0.42610677E-02
     1192.,  0.60621778E-02, -0.90000000E-02,  0.50000000E-02
     1193.,  0.69282032E-02, -0.90000000E-02,  0.50000000E-02
     1194.,  0.77942286E-02, -0.90000000E-02,  0.43750000E-02
     1195.,  0.58798098E-02, -0.10000000E-01,  0.37500000E-02
     1196.,  0.64951905E-02, -0.95000000E-02,  0.43750000E-02
     1197.,  0.30310889E-02,  0.10750000E-01,  0.50000000E-02
     1198.,  0.21213203E-02,  0.12121320E-01,  0.50000000E-02
     1199.,  0.25980762E-02,  0.11500000E-01,  0.43750000E-02
     1200.,  0.99592921E-02, -0.12500000E-02,  0.50000000E-02
     1201.,  0.10392305E-01, -0.20000000E-02,  0.37500000E-02
     1202.,  0.99592921E-02, -0.12500000E-02,  0.37500000E-02
     1203.,  0.10301704E-01, -0.90788967E-03,  0.44155093E-02
     1204.,  0.90932667E-02,  0.25000000E-03,  0.50000000E-02
     1205.,  0.95262794E-02, -0.50000000E-03,  0.37500000E-02
     1206.,  0.90932667E-02,  0.25000000E-03,  0.37500000E-02
     1207.,  0.98686914E-02, -0.15788967E-03,  0.44155093E-02
     1208.,  0.82272413E-02,  0.17500000E-02,  0.50000000E-02
     1209.,  0.86602540E-02,  0.10000000E-02,  0.37500000E-02
     1210.,  0.82272413E-02,  0.17500000E-02,  0.37500000E-02
     1211.,  0.93097731E-02,  0.18749999E-02,  0.37500000E-02
     1212.,  0.94356787E-02,  0.59211033E-03,  0.44155093E-02
     1213.,  0.73612159E-02,  0.32500000E-02,  0.50000000E-02
     1214.,  0.77942286E-02,  0.25000000E-02,  0.37500000E-02
     1215.,  0.73612159E-02,  0.32500000E-02,  0.37500000E-02
     1216.,  0.88767604E-02,  0.26249999E-02,  0.37500000E-02
     1217.,  0.64951905E-02,  0.47500000E-02,  0.50000000E-02
     1218.,  0.69282032E-02,  0.40000000E-02,  0.37500000E-02
     1219.,  0.64951905E-02,  0.47500000E-02,  0.37500000E-02
     1220.,  0.75777223E-02,  0.48750000E-02,  0.37500000E-02
     1221.,  0.56291651E-02,  0.62500000E-02,  0.50000000E-02
     1222.,  0.60621778E-02,  0.55000000E-02,  0.37500000E-02
     1223.,  0.56291651E-02,  0.62500000E-02,  0.37500000E-02
     1224.,  0.71447096E-02,  0.56250000E-02,  0.37500000E-02
     1225.,  0.60813183E-02,  0.63556349E-02,  0.43764289E-02
     1226.,  0.47631397E-02,  0.77500000E-02,  0.50000000E-02
     1227.,  0.51961524E-02,  0.70000000E-02,  0.37500000E-02
     1228.,  0.47631397E-02,  0.77500000E-02,  0.37500000E-02
     1229.,  0.56483056E-02,  0.71056349E-02,  0.43764289E-02
     1230.,  0.38971143E-02,  0.92500000E-02,  0.50000000E-02
     1231.,  0.43301270E-02,  0.85000000E-02,  0.37500000E-02
     1232.,  0.38971143E-02,  0.92500000E-02,  0.37500000E-02
     1233.,  0.45798702E-02,  0.90605678E-02,  0.44425948E-02
     1234.,  0.52152929E-02,  0.78556349E-02,  0.43764289E-02
     1235.,  0.30310889E-02,  0.10750000E-01,  0.43750000E-02
     1236.,  0.34641016E-02,  0.10000000E-01,  0.37500000E-02
     1237.,  0.41468575E-02,  0.98105678E-02,  0.44425948E-02
     1238.,  0.94367112E-02, -0.78977775E-02,  0.50000000E-02
     1239.,  0.77942286E-02, -0.80000000E-02,  0.50000000E-02
     1240.,  0.86602540E-02, -0.80000000E-02,  0.43750000E-02
     1241.,  0.10781574E-01, -0.71213203E-02,  0.50000000E-02
     1242.,  0.10160254E-01, -0.75980762E-02,  0.37500000E-02
     1243.,  0.94367112E-02, -0.78977775E-02,  0.43750000E-02
     1244.,  0.10946500E-01, -0.74204272E-02,  0.44622772E-02
     1245.,  0.10781574E-01, -0.71213204E-02,  0.37500000E-02
     1246.,  0.11258330E-01, -0.65000000E-02,  0.37500000E-02
     1247.,  0.11495538E-01, -0.68713891E-02,  0.44622772E-02
     1248., -0.77942286E-02, -0.80000000E-02,  0.50000000E-02
     1249., -0.94367112E-02, -0.78977775E-02,  0.50000000E-02
     1250., -0.86602540E-02, -0.80000000E-02,  0.43750000E-02
     1251., -0.60621778E-02, -0.80000000E-02,  0.50000000E-02
     1252., -0.69282032E-02, -0.80000000E-02,  0.37500000E-02
     1253., -0.77942286E-02, -0.80000000E-02,  0.43750000E-02
     1254., -0.43301270E-02, -0.80000000E-02,  0.50000000E-02
     1255., -0.60621778E-02, -0.80000000E-02,  0.37500000E-02
     1256., -0.51961524E-02, -0.80000000E-02,  0.37500000E-02
     1257., -0.54367150E-02, -0.90000000E-02,  0.37500000E-02
     1258., -0.46372084E-02, -0.84619970E-02,  0.43100931E-02
     1259., -0.25980762E-02, -0.80000000E-02,  0.50000000E-02
     1260., -0.43301270E-02, -0.80000000E-02,  0.37500000E-02
     1261., -0.34641016E-02, -0.80000000E-02,  0.37500000E-02
     1262., -0.37711830E-02, -0.84619970E-02,  0.43100931E-02
     1263., -0.86602540E-03, -0.80000000E-02,  0.50000000E-02
     1264., -0.25980762E-02, -0.80000000E-02,  0.37500000E-02
     1265., -0.17320508E-02, -0.80000000E-02,  0.37500000E-02
     1266., -0.21650636E-02, -0.90000000E-02,  0.37500000E-02
     1267., -0.29051576E-02, -0.84619970E-02,  0.43100931E-02
     1268.,  0.86602540E-03, -0.80000000E-02,  0.50000000E-02
     1269., -0.86602540E-03, -0.80000000E-02,  0.37500000E-02
     1270.,  0.31086245E-17, -0.80000000E-02,  0.37500000E-02
     1271.,  0.43301271E-03, -0.90000000E-02,  0.37500000E-02
     1272.,  0.25980762E-02, -0.80000000E-02,  0.50000000E-02
     1273.,  0.86602540E-03, -0.80000000E-02,  0.37500000E-02
     1274.,  0.17320508E-02, -0.80000000E-02,  0.37500000E-02
     1275.,  0.12990381E-02, -0.90000000E-02,  0.37500000E-02
     1276.,  0.24845358E-02, -0.85000000E-02,  0.42610677E-02
     1277.,  0.43301270E-02, -0.80000000E-02,  0.50000000E-02
     1278.,  0.25980762E-02, -0.80000000E-02,  0.37500000E-02
     1279.,  0.34641016E-02, -0.80000000E-02,  0.37500000E-02
     1280.,  0.47631397E-02, -0.85000000E-02,  0.43750000E-02
     1281.,  0.33505612E-02, -0.85000000E-02,  0.42610677E-02
     1282.,  0.60621778E-02, -0.80000000E-02,  0.50000000E-02
     1283.,  0.43301270E-02, -0.80000000E-02,  0.37500000E-02
     1284.,  0.51961524E-02, -0.80000000E-02,  0.37500000E-02
     1285.,  0.56291651E-02, -0.85000000E-02,  0.43750000E-02
     1286.,  0.77942286E-02, -0.80000000E-02,  0.43750000E-02
     1287.,  0.60621778E-02, -0.80000000E-02,  0.37500000E-02
     1288.,  0.69282032E-02, -0.80000000E-02,  0.37500000E-02
     1289.,  0.64951905E-02, -0.85000000E-02,  0.43750000E-02
     1290., -0.11558032E-01, -0.42235429E-02,  0.50000000E-02
     1291., -0.10825318E-01, -0.27500000E-02,  0.50000000E-02
     1292., -0.11258330E-01, -0.35000000E-02,  0.43750000E-02
     1293., -0.11558032E-01, -0.57764571E-02,  0.50000000E-02
     1294., -0.11660254E-01, -0.50000000E-02,  0.37500000E-02
     1295., -0.11558032E-01, -0.57764571E-02,  0.37500000E-02
     1296., -0.11558032E-01, -0.42235429E-02,  0.43750000E-02
     1297., -0.10781574E-01, -0.71213203E-02,  0.50000000E-02
     1298., -0.11258330E-01, -0.65000000E-02,  0.37500000E-02
     1299., -0.10781574E-01, -0.71213203E-02,  0.37500000E-02
     1300., -0.11506875E-01, -0.77134118E-02,  0.37738610E-02
     1301., -0.94367112E-02, -0.78977775E-02,  0.43750000E-02
     1302., -0.10160254E-01, -0.75980762E-02,  0.37500000E-02
     1303., -0.30310889E-02,  0.10750000E-01,  0.50000000E-02
     1304., -0.21213203E-02,  0.12121320E-01,  0.50000000E-02
     1305., -0.25980762E-02,  0.11500000E-01,  0.43750000E-02
     1306., -0.38971143E-02,  0.92500000E-02,  0.50000000E-02
     1307., -0.34641016E-02,  0.10000000E-01,  0.37500000E-02
     1308., -0.30310889E-02,  0.10750000E-01,  0.43750000E-02
     1309., -0.47631397E-02,  0.77500000E-02,  0.50000000E-02
     1310., -0.38971143E-02,  0.92500000E-02,  0.37500000E-02
     1311., -0.43301270E-02,  0.85000000E-02,  0.37500000E-02
     1312., -0.50758711E-02,  0.92083333E-02,  0.37500000E-02
     1313., -0.50097164E-02,  0.82395833E-02,  0.44270833E-02
     1314., -0.56291651E-02,  0.62500000E-02,  0.50000000E-02
     1315., -0.47631397E-02,  0.77500000E-02,  0.37500000E-02
     1316., -0.51961524E-02,  0.70000000E-02,  0.37500000E-02
     1317., -0.54427291E-02,  0.74895833E-02,  0.44270833E-02
     1318., -0.64951905E-02,  0.47500000E-02,  0.50000000E-02
     1319., -0.56291651E-02,  0.62500000E-02,  0.37500000E-02
     1320., -0.60621778E-02,  0.55000000E-02,  0.37500000E-02
     1321., -0.67116968E-02,  0.63750001E-02,  0.37500000E-02
     1322., -0.58757418E-02,  0.67395833E-02,  0.44270833E-02
     1323., -0.73612159E-02,  0.32500000E-02,  0.50000000E-02
     1324., -0.64951905E-02,  0.47500000E-02,  0.37500000E-02
     1325., -0.69282032E-02,  0.40000000E-02,  0.37500000E-02
     1326., -0.82272413E-02,  0.17500000E-02,  0.50000000E-02
     1327., -0.73612159E-02,  0.32500000E-02,  0.37500000E-02
     1328., -0.77942286E-02,  0.25000000E-02,  0.37500000E-02
     1329., -0.84437477E-02,  0.33750000E-02,  0.37500000E-02
     1330., -0.85564303E-02,  0.21242724E-02,  0.44097222E-02
     1331., -0.90932667E-02,  0.25000000E-03,  0.50000000E-02
     1332., -0.82272413E-02,  0.17500000E-02,  0.37500000E-02
     1333., -0.86602540E-02,  0.10000000E-02,  0.37500000E-02
     1334., -0.90932667E-02,  0.25000000E-03,  0.37500000E-02
     1335., -0.89894430E-02,  0.13742724E-02,  0.44097222E-02
     1336., -0.99592921E-02, -0.12500000E-02,  0.50000000E-02
     1337., -0.95262794E-02, -0.50000000E-03,  0.37500000E-02
     1338., -0.99592921E-02, -0.12500000E-02,  0.37500000E-02
     1339., -0.10301121E-01,  0.15793533E-03,  0.37500000E-02
     1340., -0.94224557E-02,  0.62427239E-03,  0.44097222E-02
     1341., -0.10825318E-01, -0.27500000E-02,  0.43750000E-02
     1342., -0.10392305E-01, -0.20000000E-02,  0.37500000E-02
     1343.,  0.77645714E-03,  0.12897777E-01,  0.50000000E-02
     1344.,  0.15000000E-02,  0.12598076E-01,  0.37500000E-02
     1345.,  0.77645714E-03,  0.12897777E-01,  0.37500000E-02
     1346.,  0.21213203E-02,  0.12121320E-01,  0.43750000E-02
     1347., -0.77645714E-03,  0.12897777E-01,  0.50000000E-02
     1348.,  0.14781886E-16,  0.13000000E-01,  0.37500000E-02
     1349., -0.77645714E-03,  0.12897777E-01,  0.37500000E-02
     1350., -0.10266942E-02,  0.13779451E-01,  0.41013357E-02
     1351., -0.21213203E-02,  0.12121320E-01,  0.43750000E-02
     1352., -0.15000000E-02,  0.12598076E-01,  0.37500000E-02
     1353., -0.17766942E-02,  0.13578490E-01,  0.41013357E-02
     1354.,  0.94367112E-02, -0.78977775E-02,  0.25000000E-02
     1355.,  0.86602540E-02, -0.80000000E-02,  0.31250000E-02
     1356.,  0.77942286E-02, -0.80000000E-02,  0.25000000E-02
     1357.,  0.83896211E-02, -0.60937500E-02,  0.25000000E-02
     1358.,  0.81959709E-02, -0.78537778E-02,  0.12500000E-02
     1359.,  0.10781574E-01, -0.71213203E-02,  0.25000000E-02
     1360.,  0.94367112E-02, -0.78977775E-02,  0.31250000E-02
     1361.,  0.11185761E-01, -0.80590315E-02,  0.22919633E-02
     1362.,  0.91396211E-02, -0.58927881E-02,  0.25000000E-02
     1363.,  0.10678601E-01, -0.69889950E-02,  0.12500000E-02
     1364.,  0.89459709E-02, -0.76528159E-02,  0.12500000E-02
     1365.,  0.10946500E-01, -0.74204272E-02,  0.32122772E-02
     1366.,  0.11734799E-01, -0.75099934E-02,  0.22919633E-02
     1367.,  0.12455190E-01, -0.58931495E-02,  0.28268941E-02
     1368.,  0.96886592E-02, -0.53437500E-02,  0.25000000E-02
     1369.,  0.11227640E-01, -0.64399569E-02,  0.12500000E-02
     1370.,  0.11865751E-01, -0.58724050E-02,  0.18941604E-02
     1371.,  0.11495538E-01, -0.68713891E-02,  0.32122772E-02
     1372.,  0.11225882E-01, -0.51397035E-02,  0.18750000E-02
     1373.,  0.77942286E-02, -0.80000000E-02,  0.31250000E-02
     1374.,  0.73612159E-02, -0.85000000E-02,  0.37500000E-02
     1375., -0.77942286E-02, -0.80000000E-02,  0.25000000E-02
     1376., -0.86602540E-02, -0.80000000E-02,  0.31250000E-02
     1377., -0.94367112E-02, -0.78977775E-02,  0.25000000E-02
     1378., -0.81731150E-02, -0.64687500E-02,  0.25000000E-02
     1379., -0.84881140E-02, -0.76770020E-02,  0.12500000E-02
     1380., -0.60621778E-02, -0.80000000E-02,  0.25000000E-02
     1381., -0.77942286E-02, -0.80000000E-02,  0.31250000E-02
     1382., -0.73070896E-02, -0.64687500E-02,  0.25000000E-02
     1383., -0.76220885E-02, -0.76770020E-02,  0.12500000E-02
     1384., -0.59854316E-02, -0.77726968E-02,  0.12500000E-02
     1385., -0.63027404E-02, -0.90000000E-02,  0.25000000E-02
     1386., -0.55980740E-02, -0.84788161E-02,  0.19223485E-02
     1387., -0.43301270E-02, -0.80000000E-02,  0.25000000E-02
     1388., -0.64410642E-02, -0.64687500E-02,  0.25000000E-02
     1389., -0.48607157E-02, -0.61358728E-02,  0.25000000E-02
     1390., -0.39864561E-02, -0.70184422E-02,  0.25000000E-02
     1391., -0.51194062E-02, -0.77726968E-02,  0.12500000E-02
     1392., -0.54367150E-02, -0.90000000E-02,  0.25000000E-02
     1393., -0.47320486E-02, -0.84788161E-02,  0.19223485E-02
     1394., -0.46372084E-02, -0.84619970E-02,  0.30600931E-02
     1395., -0.25980762E-02, -0.80000000E-02,  0.25000000E-02
     1396., -0.31204307E-02, -0.70184422E-02,  0.25000000E-02
     1397., -0.42533808E-02, -0.77726968E-02,  0.12500000E-02
     1398., -0.29335673E-02, -0.77589695E-02,  0.12500000E-02
     1399., -0.30310890E-02, -0.90000000E-02,  0.25000000E-02
     1400., -0.38660232E-02, -0.84788161E-02,  0.19223485E-02
     1401., -0.37711830E-02, -0.84619970E-02,  0.30600931E-02
     1402., -0.86602540E-03, -0.80000000E-02,  0.25000000E-02
     1403., -0.22544053E-02, -0.70184422E-02,  0.25000000E-02
     1404., -0.20675419E-02, -0.77589695E-02,  0.12500000E-02
     1405., -0.21650636E-02, -0.90000000E-02,  0.25000000E-02
     1406., -0.43301270E-03, -0.90000000E-02,  0.25000000E-02
     1407., -0.29999978E-02, -0.84788161E-02,  0.19223485E-02
     1408.,  0.86602540E-03, -0.80000000E-02,  0.25000000E-02
     1409.,  0.12328424E-17, -0.57500000E-02,  0.25000000E-02
     1410., -0.13883799E-02, -0.70184422E-02,  0.25000000E-02
     1411.,  0.98496978E-03, -0.69366791E-02,  0.25000000E-02
     1412.,  0.25411038E-03, -0.75921208E-02,  0.12500000E-02
     1413., -0.12015165E-02, -0.77589695E-02,  0.12500000E-02
     1414.,  0.43301271E-03, -0.90000000E-02,  0.25000000E-02
     1415.,  0.12990381E-02, -0.85000000E-02,  0.18750000E-02
     1416.,  0.25980762E-02, -0.80000000E-02,  0.25000000E-02
     1417.,  0.18509952E-02, -0.69366791E-02,  0.25000000E-02
     1418.,  0.11201358E-02, -0.75921208E-02,  0.12500000E-02
     1419.,  0.23859671E-02, -0.81861726E-02,  0.12500000E-02
     1420.,  0.12990381E-02, -0.90000000E-02,  0.25000000E-02
     1421.,  0.21650635E-02, -0.85000000E-02,  0.18750000E-02
     1422.,  0.24845358E-02, -0.85000000E-02,  0.30110677E-02
     1423.,  0.43301270E-02, -0.80000000E-02,  0.25000000E-02
     1424.,  0.42218738E-02, -0.64375000E-02,  0.25000000E-02
     1425.,  0.27170206E-02, -0.69366791E-02,  0.25000000E-02
     1426.,  0.38971143E-02, -0.70000000E-02,  0.12500000E-02
     1427.,  0.32519925E-02, -0.81861726E-02,  0.12500000E-02
     1428.,  0.41477590E-02, -0.90000000E-02,  0.25000000E-02
     1429.,  0.45754777E-02, -0.83941194E-02,  0.20020518E-02
     1430.,  0.30310889E-02, -0.85000000E-02,  0.18750000E-02
     1431.,  0.47631397E-02, -0.85000000E-02,  0.31250000E-02
     1432.,  0.33505612E-02, -0.85000000E-02,  0.30110677E-02
     1433.,  0.60621778E-02, -0.80000000E-02,  0.25000000E-02
     1434.,  0.50878992E-02, -0.64375000E-02,  0.25000000E-02
     1435.,  0.47631398E-02, -0.70000000E-02,  0.12500000E-02
     1436.,  0.50137844E-02, -0.90000000E-02,  0.25000000E-02
     1437.,  0.54415031E-02, -0.83941194E-02,  0.20020518E-02
     1438.,  0.56291651E-02, -0.85000000E-02,  0.31250000E-02
     1439.,  0.59539246E-02, -0.64375000E-02,  0.25000000E-02
     1440.,  0.75235957E-02, -0.60937500E-02,  0.25000000E-02
     1441.,  0.56291652E-02, -0.70000000E-02,  0.12500000E-02
     1442.,  0.73299455E-02, -0.78537778E-02,  0.12500000E-02
     1443.,  0.68375718E-02, -0.63055588E-02,  0.12500000E-02
     1444.,  0.63075285E-02, -0.83941194E-02,  0.20020518E-02
     1445.,  0.64951905E-02, -0.85000000E-02,  0.31250000E-02
     1446., -0.94367112E-02, -0.78977775E-02,  0.31250000E-02
     1447., -0.11558032E-01, -0.42235429E-02,  0.25000000E-02
     1448., -0.11258330E-01, -0.35000000E-02,  0.31250000E-02
     1449., -0.10825318E-01, -0.27500000E-02,  0.25000000E-02
     1450., -0.94721531E-02, -0.42187500E-02,  0.25000000E-02
     1451., -0.10989047E-01, -0.36358067E-02,  0.12500000E-02
     1452., -0.11558032E-01, -0.57764571E-02,  0.25000000E-02
     1453., -0.11558032E-01, -0.42235429E-02,  0.31250000E-02
     1454., -0.96731150E-02, -0.49687500E-02,  0.25000000E-02
     1455., -0.11190009E-01, -0.43858067E-02,  0.12500000E-02
     1456., -0.11341525E-01, -0.58625721E-02,  0.12500000E-02
     1457., -0.10781574E-01, -0.71213203E-02,  0.25000000E-02
     1458., -0.11506875E-01, -0.77134118E-02,  0.25238610E-02
     1459., -0.94721531E-02, -0.57187500E-02,  0.25000000E-02
     1460., -0.11140563E-01, -0.66125721E-02,  0.12500000E-02
     1461., -0.10957837E-01, -0.82624499E-02,  0.25238610E-02
     1462., -0.89231150E-02, -0.62677881E-02,  0.25000000E-02
     1463., -0.92381140E-02, -0.74760401E-02,  0.12500000E-02
     1464., -0.10591525E-01, -0.71616102E-02,  0.12500000E-02
     1465., -0.10825318E-01, -0.27500000E-02,  0.31250000E-02
     1466., -0.30310889E-02,  0.10750000E-01,  0.25000000E-02
     1467., -0.25980762E-02,  0.11500000E-01,  0.31250000E-02
     1468., -0.21213203E-02,  0.12121320E-01,  0.25000000E-02
     1469., -0.15155445E-02,  0.10312500E-01,  0.25000000E-02
     1470., -0.26124582E-02,  0.10274375E-01,  0.12500000E-02
     1471., -0.14127789E-02,  0.11612116E-01,  0.12500000E-02
     1472., -0.27594994E-02,  0.11900758E-01,  0.19073751E-02
     1473., -0.38971143E-02,  0.92500000E-02,  0.25000000E-02
     1474., -0.30310889E-02,  0.10750000E-01,  0.31250000E-02
     1475., -0.19485572E-02,  0.95625000E-02,  0.25000000E-02
     1476., -0.30454710E-02,  0.95243749E-02,  0.12500000E-02
     1477., -0.46428584E-02,  0.99583333E-02,  0.25000000E-02
     1478., -0.31925121E-02,  0.11150758E-01,  0.19073751E-02
     1479., -0.47631397E-02,  0.77500000E-02,  0.25000000E-02
     1480., -0.23815699E-02,  0.88125000E-02,  0.25000000E-02
     1481., -0.28834639E-02,  0.72774396E-02,  0.25000000E-02
     1482., -0.40849213E-02,  0.69615933E-02,  0.25000000E-02
     1483., -0.34784837E-02,  0.87743749E-02,  0.12500000E-02
     1484., -0.44288415E-02,  0.73552408E-02,  0.12500000E-02
     1485., -0.50758711E-02,  0.92083333E-02,  0.25000000E-02
     1486., -0.54244602E-02,  0.75160948E-02,  0.19081439E-02
     1487., -0.50097164E-02,  0.82395833E-02,  0.31770833E-02
     1488., -0.56291651E-02,  0.62500000E-02,  0.25000000E-02
     1489., -0.45179340E-02,  0.62115933E-02,  0.25000000E-02
     1490., -0.48618542E-02,  0.66052408E-02,  0.12500000E-02
     1491., -0.55088838E-02,  0.84583333E-02,  0.25000000E-02
     1492., -0.62786841E-02,  0.71250001E-02,  0.25000000E-02
     1493., -0.58574729E-02,  0.67660948E-02,  0.19081439E-02
     1494., -0.54427291E-02,  0.74895833E-02,  0.31770833E-02
     1495., -0.64951905E-02,  0.47500000E-02,  0.25000000E-02
     1496., -0.49509467E-02,  0.54615933E-02,  0.25000000E-02
     1497., -0.62655930E-02,  0.43764161E-02,  0.12500000E-02
     1498., -0.52948669E-02,  0.58552408E-02,  0.12500000E-02
     1499., -0.67116968E-02,  0.63750001E-02,  0.25000000E-02
     1500., -0.75777223E-02,  0.48750000E-02,  0.25000000E-02
     1501., -0.62904856E-02,  0.60160948E-02,  0.19081439E-02
     1502., -0.73612159E-02,  0.32500000E-02,  0.25000000E-02
     1503., -0.53839594E-02,  0.47115933E-02,  0.25000000E-02
     1504., -0.64998254E-02,  0.26153307E-02,  0.25000000E-02
     1505., -0.66986057E-02,  0.36264161E-02,  0.12500000E-02
     1506., -0.80107350E-02,  0.41250000E-02,  0.25000000E-02
     1507., -0.67234983E-02,  0.52660948E-02,  0.19081439E-02
     1508., -0.82272413E-02,  0.17500000E-02,  0.25000000E-02
     1509., -0.69328381E-02,  0.18653307E-02,  0.25000000E-02
     1510., -0.71316184E-02,  0.28764161E-02,  0.12500000E-02
     1511., -0.81772514E-02,  0.12079274E-02,  0.12500000E-02
     1512., -0.84437477E-02,  0.33750000E-02,  0.25000000E-02
     1513., -0.85564303E-02,  0.21242724E-02,  0.31597222E-02
     1514., -0.90932667E-02,  0.25000000E-03,  0.25000000E-02
     1515., -0.76859756E-02, -0.43750000E-03,  0.25000000E-02
     1516., -0.73658508E-02,  0.11153307E-02,  0.25000000E-02
     1517., -0.86102641E-02,  0.45792743E-03,  0.12500000E-02
     1518., -0.88767604E-02,  0.26250000E-02,  0.25000000E-02
     1519., -0.98681081E-02,  0.90793533E-03,  0.25000000E-02
     1520., -0.89894430E-02,  0.13742724E-02,  0.31597222E-02
     1521., -0.99592921E-02, -0.12500000E-02,  0.25000000E-02
     1522., -0.81189883E-02, -0.11875000E-02,  0.25000000E-02
     1523., -0.90432768E-02, -0.29207257E-03,  0.12500000E-02
     1524., -0.10301121E-01,  0.15793533E-03,  0.25000000E-02
     1525., -0.94224557E-02,  0.62427239E-03,  0.31597222E-02
     1526., -0.85520010E-02, -0.19375000E-02,  0.25000000E-02
     1527., -0.90391404E-02, -0.34687500E-02,  0.25000000E-02
     1528., -0.10556035E-01, -0.28858067E-02,  0.12500000E-02
     1529., -0.94762895E-02, -0.10420726E-02,  0.12500000E-02
     1530., -0.10734134E-01, -0.59206467E-03,  0.25000000E-02
     1531., -0.94186876E-02, -0.23879614E-02,  0.18750000E-02
     1532., -0.21213203E-02,  0.12121320E-01,  0.31250000E-02
     1533., -0.23257324E-02,  0.13029451E-01,  0.34763357E-02
     1534.,  0.21213203E-02,  0.12121320E-01,  0.25000000E-02
     1535.,  0.25980762E-02,  0.11500000E-01,  0.31250000E-02
     1536.,  0.30310889E-02,  0.10750000E-01,  0.25000000E-02
     1537.,  0.10825317E-02,  0.10312500E-01,  0.25000000E-02
     1538.,  0.29200090E-02,  0.11061270E-01,  0.12500000E-02
     1539.,  0.21477107E-02,  0.10860769E-01,  0.18750000E-02
     1540.,  0.77645714E-03,  0.12897777E-01,  0.25000000E-02
     1541.,  0.21213203E-02,  0.12121320E-01,  0.31250000E-02
     1542.,  0.13864457E-02,  0.13716669E-01,  0.22919633E-02
     1543.,  0.53349360E-03,  0.10861538E-01,  0.25000000E-02
     1544.,  0.63625922E-03,  0.12161154E-01,  0.12500000E-02
     1545.,  0.15986726E-02,  0.11409807E-01,  0.18750000E-02
     1546., -0.77645714E-03,  0.12897777E-01,  0.25000000E-02
     1547.,  0.63644574E-03,  0.13917630E-01,  0.22919633E-02
     1548., -0.10266942E-02,  0.13779451E-01,  0.28513357E-02
     1549., -0.21650640E-03,  0.11062500E-01,  0.25000000E-02
     1550., -0.11374078E-03,  0.12362116E-01,  0.12500000E-02
     1551., -0.17766942E-02,  0.13578490E-01,  0.28513357E-02
     1552., -0.96650640E-03,  0.10861538E-01,  0.25000000E-02
     1553., -0.86374078E-03,  0.12161154E-01,  0.12500000E-02
     1554., -0.22104613E-02,  0.12449796E-01,  0.19073751E-02
     1555.,  0.30310889E-02,  0.10750000E-01,  0.31250000E-02
     1556.,  0.37138448E-02,  0.10560568E-01,  0.38175948E-02
     1557.,  0.99592921E-02, -0.12500000E-02,  0.25000000E-02
     1558.,  0.92556465E-02, -0.30937500E-02,  0.25000000E-02
     1559.,  0.10559459E-01, -0.22794070E-02,  0.12500000E-02
     1560.,  0.10945599E-01, -0.95833334E-03,  0.25000000E-02
     1561.,  0.10608811E-01, -0.13750000E-02,  0.18750000E-02
     1562.,  0.10301704E-01, -0.90788967E-03,  0.31655093E-02
     1563.,  0.10792869E-01, -0.28897035E-02,  0.18750000E-02
     1564.,  0.90932667E-02,  0.25000000E-03,  0.25000000E-02
     1565.,  0.88226338E-02, -0.23437500E-02,  0.25000000E-02
     1566.,  0.77441795E-02, -0.11415669E-02,  0.25000000E-02
     1567.,  0.80713773E-02,  0.56848873E-04,  0.25000000E-02
     1568.,  0.88947877E-02, -0.19243877E-03,  0.12500000E-02
     1569.,  0.10126446E-01, -0.15294070E-02,  0.12500000E-02
     1570.,  0.87278175E-02, -0.16299064E-02,  0.12500000E-02
     1571.,  0.10512586E-01, -0.20833334E-03,  0.25000000E-02
     1572.,  0.10175798E-01, -0.62500000E-03,  0.18750000E-02
     1573.,  0.98686914E-02, -0.15788967E-03,  0.31655093E-02
     1574.,  0.82272413E-02,  0.17500000E-02,  0.25000000E-02
     1575.,  0.76383646E-02,  0.80684887E-03,  0.25000000E-02
     1576.,  0.84617750E-02,  0.55756123E-03,  0.12500000E-02
     1577.,  0.10079573E-01,  0.54166666E-03,  0.25000000E-02
     1578.,  0.93097731E-02,  0.18749999E-02,  0.25000000E-02
     1579.,  0.87989106E-02,  0.15699339E-02,  0.19010417E-02
     1580.,  0.97427858E-02,  0.12500000E-03,  0.18750000E-02
     1581.,  0.94356787E-02,  0.59211033E-03,  0.31655093E-02
     1582.,  0.73612159E-02,  0.32500000E-02,  0.25000000E-02
     1583.,  0.72053519E-02,  0.15568489E-02,  0.25000000E-02
     1584.,  0.71086251E-02,  0.25416667E-02,  0.12500000E-02
     1585.,  0.88767604E-02,  0.26249999E-02,  0.25000000E-02
     1586.,  0.80107350E-02,  0.41250000E-02,  0.25000000E-02
     1587.,  0.83658979E-02,  0.23199339E-02,  0.19010417E-02
     1588.,  0.64951905E-02,  0.47500000E-02,  0.25000000E-02
     1589.,  0.67723392E-02,  0.23068489E-02,  0.25000000E-02
     1590.,  0.55148554E-02,  0.43213484E-02,  0.25000000E-02
     1591.,  0.66756124E-02,  0.32916667E-02,  0.12500000E-02
     1592.,  0.59136248E-02,  0.46321757E-02,  0.12500000E-02
     1593.,  0.75777223E-02,  0.48750000E-02,  0.25000000E-02
     1594.,  0.79328852E-02,  0.30699339E-02,  0.19010417E-02
     1595.,  0.58717921E-02,  0.29699307E-02,  0.19270833E-02
     1596.,  0.56291651E-02,  0.62500000E-02,  0.25000000E-02
     1597.,  0.50818427E-02,  0.50713484E-02,  0.25000000E-02
     1598.,  0.54806121E-02,  0.53821757E-02,  0.12500000E-02
     1599.,  0.71447096E-02,  0.56250000E-02,  0.25000000E-02
     1600.,  0.60813183E-02,  0.63556349E-02,  0.31264289E-02
     1601.,  0.47631397E-02,  0.77500000E-02,  0.25000000E-02
     1602.,  0.34641016E-02,  0.68750000E-02,  0.25000000E-02
     1603.,  0.46488300E-02,  0.58213484E-02,  0.25000000E-02
     1604.,  0.43856531E-02,  0.74568050E-02,  0.12500000E-02
     1605.,  0.50475994E-02,  0.61321757E-02,  0.12500000E-02
     1606.,  0.67116969E-02,  0.63750000E-02,  0.25000000E-02
     1607.,  0.57203491E-02,  0.80920647E-02,  0.25000000E-02
     1608.,  0.56483056E-02,  0.71056349E-02,  0.31264289E-02
     1609.,  0.38971143E-02,  0.92500000E-02,  0.25000000E-02
     1610.,  0.30310889E-02,  0.76250000E-02,  0.25000000E-02
     1611.,  0.39526404E-02,  0.82068050E-02,  0.12500000E-02
     1612.,  0.52873364E-02,  0.88420647E-02,  0.25000000E-02
     1613.,  0.45798702E-02,  0.90605678E-02,  0.31925948E-02
     1614.,  0.52152929E-02,  0.78556349E-02,  0.31264289E-02
     1615.,  0.25980762E-02,  0.83750000E-02,  0.25000000E-02
     1616.,  0.15155444E-02,  0.95625000E-02,  0.25000000E-02
     1617.,  0.35196277E-02,  0.89568050E-02,  0.12500000E-02
     1618.,  0.33530217E-02,  0.10311270E-01,  0.12500000E-02
     1619.,  0.48543237E-02,  0.95920647E-02,  0.25000000E-02
     1620.,  0.41468575E-02,  0.98105678E-02,  0.31925948E-02
     1621.,  0.25807234E-02,  0.10110769E-01,  0.18750000E-02
     1622., -0.24748737E-02, -0.24748737E-02,  0.25000000E-02
     1623., -0.30310889E-02, -0.17500000E-02,  0.37500000E-02
     1624., -0.24748737E-02, -0.24748737E-02,  0.37500000E-02
     1625., -0.48713930E-02, -0.18125000E-02,  0.25000000E-02
     1626., -0.37781840E-02, -0.30108728E-02,  0.25000000E-02
     1627., -0.37684130E-02, -0.11235032E-02,  0.12500000E-02
     1628., -0.27263048E-02, -0.29195814E-02,  0.12500000E-02
     1629., -0.90586666E-03, -0.33807404E-02,  0.25000000E-02
     1630., -0.17500000E-02, -0.30310889E-02,  0.37500000E-02
     1631., -0.90586666E-03, -0.33807404E-02,  0.37500000E-02
     1632., -0.31376395E-02, -0.36514172E-02,  0.25000000E-02
     1633., -0.22633799E-02, -0.45339867E-02,  0.25000000E-02
     1634., -0.20857604E-02, -0.35601259E-02,  0.12500000E-02
     1635.,  0.90586666E-03, -0.33807404E-02,  0.25000000E-02
     1636., -0.64293957E-18, -0.35000000E-02,  0.37500000E-02
     1637.,  0.90586666E-03, -0.33807404E-02,  0.37500000E-02
     1638., -0.13883799E-02, -0.47684422E-02,  0.25000000E-02
     1639.,  0.98496978E-03, -0.46866791E-02,  0.25000000E-02
     1640.,  0.74694277E-03, -0.31331186E-02,  0.12500000E-02
     1641.,  0.25411038E-03, -0.53421208E-02,  0.12500000E-02
     1642., -0.12107604E-02, -0.37945814E-02,  0.12500000E-02
     1643.,  0.24748737E-02, -0.24748737E-02,  0.25000000E-02
     1644.,  0.17500000E-02, -0.30310889E-02,  0.37500000E-02
     1645.,  0.24748737E-02, -0.24748737E-02,  0.37500000E-02
     1646.,  0.33648230E-02, -0.39530445E-02,  0.25000000E-02
     1647.,  0.18599698E-02, -0.44522236E-02,  0.25000000E-02
     1648.,  0.16219428E-02, -0.28986631E-02,  0.12500000E-02
     1649.,  0.30310889E-02, -0.17500000E-02,  0.37500000E-02
     1650.,  0.40053675E-02, -0.33125000E-02,  0.25000000E-02
     1651.,  0.44965843E-02, -0.17665669E-02,  0.25000000E-02
     1652.,  0.22624872E-02, -0.22581186E-02,  0.12500000E-02
     1653.,  0.41136206E-02, -0.18750000E-02,  0.12500000E-02
     1654.,  0.28145824E-02, -0.12500000E-03,  0.12500000E-02
     1655., -0.24748737E-02, -0.24748737E-02,  0.50000000E-02
     1656., -0.90586666E-03, -0.33807404E-02,  0.50000000E-02
     1657.,  0.90586666E-03, -0.33807404E-02,  0.50000000E-02
     1658.,  0.24748737E-02, -0.24748737E-02,  0.50000000E-02
     1659.,  0.14694631E-02,  0.20225425E-02,  0.50000000E-02
     1660.,  0.20225425E-02,  0.14694631E-02,  0.37500000E-02
     1661.,  0.15308085E-18,  0.25000000E-02,  0.50000000E-02
     1662.,  0.77254249E-03,  0.23776413E-02,  0.37500000E-02
     1663.,  0.14694631E-02,  0.20225425E-02,  0.37500000E-02
     1664., -0.14694631E-02,  0.20225425E-02,  0.50000000E-02
     1665., -0.77254249E-03,  0.23776413E-02,  0.37500000E-02
     1666., -0.17510364E-18,  0.25000000E-02,  0.37500000E-02
     1667., -0.20225425E-02,  0.14694631E-02,  0.37500000E-02
     1668., -0.14694631E-02,  0.20225425E-02,  0.37500000E-02
     1669., -0.14694631E-02,  0.20225425E-02,  0.25000000E-02
     1670., -0.15525373E-02,  0.85973157E-03,  0.12500000E-02
     1671., -0.23373728E-02,  0.22347316E-02,  0.12500000E-02
     1672., -0.10112712E-02,  0.73473157E-03,  0.25000000E-02
     1673., -0.45924255E-18,  0.25000000E-02,  0.25000000E-02
     1674., -0.92753727E-03,  0.13138206E-02,  0.12500000E-02
     1675., -0.17123728E-02,  0.26888206E-02,  0.12500000E-02
     1676., -0.38627122E-03,  0.11888206E-02,  0.25000000E-02
     1677.,  0.14694631E-02,  0.20225425E-02,  0.25000000E-02
     1678.,  0.16853092E-02,  0.19388206E-02,  0.12500000E-02
     1679., -0.15499478E-03,  0.13138206E-02,  0.12500000E-02
     1680.,  0.38627126E-03,  0.11888206E-02,  0.25000000E-02
     1681.,  0.23103092E-02,  0.14847316E-02,  0.12500000E-02
     1682.,  0.10112713E-02,  0.73473157E-03,  0.25000000E-02
     1683., -0.41398950E-03,  0.14982832E-01,  0.26432990E-02
     1684., -0.24871555E-02,  0.13430209E-01,  0.22587108E-02
     1685.,  0.13227429E-01, -0.70349243E-02,  0.26188574E-02
     1686.,  0.11704108E-01, -0.74499502E-02,  0.10419633E-02
     1687.,  0.11972006E-01, -0.78813825E-02,  0.30042405E-02
     1688.,  0.13026503E-01, -0.46598120E-02,  0.34866487E-02
     1689.,  0.13062611E-01, -0.52655545E-02,  0.22210545E-02
     1690.,  0.12692398E-01, -0.62645387E-02,  0.35391713E-02
     1691., -0.11389108E-01, -0.78259839E-02,  0.12738610E-02
     1692.,  0.64951894E-03,  0.79375000E-02,  0.25000000E-02
     1693.,  0.14762495E-03,  0.64024396E-02,  0.25000000E-02
     1694.,  0.29167792E-02,  0.56963484E-02,  0.25000000E-02
     1695.,  0.87617394E-03,  0.60781250E-02,  0.12500000E-02
     1696.,  0.26536022E-02,  0.73318050E-02,  0.12500000E-02
     1697.,  0.33155485E-02,  0.60071757E-02,  0.12500000E-02
     1698.,  0.12643324E-02,  0.78465381E-02,  0.12500000E-02
     1699.,  0.17146979E-02,  0.84857690E-02,  0.18750000E-02
     1700., -0.71988365E-02, -0.34062500E-02,  0.25000000E-02
     1701., -0.56184880E-02, -0.30733728E-02,  0.25000000E-02
     1702., -0.63915723E-02, -0.32216930E-03,  0.25000000E-02
     1703., -0.56087170E-02, -0.11860032E-02,  0.12500000E-02
     1704., -0.66406659E-02, -0.28658243E-02,  0.12500000E-02
     1705., -0.76359856E-02, -0.97957257E-03,  0.12500000E-02
     1706., -0.75783837E-02, -0.23254614E-02,  0.18750000E-02
     1707.,  0.65493171E-02, -0.45312500E-02,  0.25000000E-02
     1708.,  0.54708628E-02, -0.33290669E-02,  0.25000000E-02
     1709.,  0.34747928E-02, -0.53741791E-02,  0.25000000E-02
     1710.,  0.32367658E-02, -0.38206186E-02,  0.12500000E-02
     1711.,  0.50878992E-02, -0.34375000E-02,  0.12500000E-02
     1712.,  0.46548866E-02, -0.54375000E-02,  0.12500000E-02
     1713.,  0.58632932E-02, -0.47430588E-02,  0.12500000E-02
     1714.,  0.70405339E-02, -0.29853169E-02,  0.25000000E-02
     1715.,  0.94228003E-02, -0.33731570E-02,  0.12500000E-02
     1716.,  0.80241718E-02, -0.34736564E-02,  0.12500000E-02
     1717.,  0.96579684E-02, -0.52837069E-02,  0.12500000E-02
     1718.,  0.79253379E-02, -0.59475278E-02,  0.12500000E-02
     1719.,  0.74329642E-02, -0.43993088E-02,  0.12500000E-02
     1720.,  0.96562107E-02, -0.39834535E-02,  0.18750000E-02
     1721., -0.61056275E-02, -0.46046228E-02,  0.25000000E-02
     1722., -0.71278054E-02, -0.43970743E-02,  0.12500000E-02
     1723., -0.92028703E-02, -0.43545567E-02,  0.12500000E-02
     1724., -0.80009749E-02, -0.61457520E-02,  0.12500000E-02
     1725., -0.63643180E-02, -0.62414468E-02,  0.12500000E-02
     1726., -0.93543859E-02, -0.58313221E-02,  0.12500000E-02
     1727., -0.80655232E-02, -0.38567114E-02,  0.18750000E-02
     1728., -0.93490680E-03,  0.75899396E-02,  0.25000000E-02
     1729., -0.15299265E-02,  0.90868749E-02,  0.12500000E-02
     1730., -0.33024719E-03,  0.10424616E-01,  0.12500000E-02
     1731.,  0.18180068E-03,  0.90340381E-02,  0.12500000E-02
     1732.,  0.63216619E-03,  0.96732690E-02,  0.18750000E-02
     1733., -0.26382582E-02,  0.57390329E-02,  0.25000000E-02
     1734., -0.70825180E-03,  0.57305646E-02,  0.12500000E-02
     1735., -0.20318205E-02,  0.75518145E-02,  0.12500000E-02
     1736., -0.29821783E-02,  0.61326804E-02,  0.12500000E-02
     1737., -0.20445019E-02,  0.45274396E-02,  0.12500000E-02
     1738., -0.32009331E-03,  0.74989777E-02,  0.12500000E-02
     1739., -0.36510194E-02, -0.51543150E-02,  0.25000000E-02
     1740., -0.45155080E-02, -0.23843760E-02,  0.12500000E-02
     1741., -0.55474569E-02, -0.40641970E-02,  0.12500000E-02
     1742., -0.34733999E-02, -0.41804542E-02,  0.12500000E-02
     1743., -0.47839695E-02, -0.59085695E-02,  0.12500000E-02
     1744.,  0.62892774E-02, -0.58471798E-03,  0.25000000E-02
     1745.,  0.55791160E-02, -0.18915669E-02,  0.12500000E-02
     1746.,  0.71126878E-02, -0.83400563E-03,  0.12500000E-02
     1747.,  0.69457176E-02, -0.22714732E-02,  0.12500000E-02
     1748.,  0.63545100E-02, -0.31971257E-02,  0.12500000E-02
     1749.,  0.59063137E-02, -0.69315113E-03,  0.12500000E-02
     1750.,  0.65197484E-02,  0.15985155E-02,  0.12500000E-02
     1751.,  0.74398855E-02,  0.36441010E-03,  0.12500000E-02
     1752.,  0.77770211E-02,  0.13767828E-02,  0.19010417E-02
     1753.,  0.57159281E-02,  0.12767796E-02,  0.19270833E-02
     1754., -0.11342695E-02, -0.66105630E-02,  0.12500000E-02
     1755., -0.25991403E-02, -0.50630236E-02,  0.12500000E-02
     1756., -0.39097099E-02, -0.67911390E-02,  0.12500000E-02
     1757., -0.25898964E-02, -0.67774118E-02,  0.12500000E-02
     1758., -0.51543619E-02,  0.43380094E-02,  0.12500000E-02
     1759., -0.41836357E-02,  0.58168341E-02,  0.12500000E-02
     1760., -0.32459594E-02,  0.42115933E-02,  0.12500000E-02
     1761.,  0.33497918E-02,  0.30713484E-02,  0.12500000E-02
     1762.,  0.45002770E-02,  0.49535241E-02,  0.12500000E-02
     1763.,  0.44584443E-02,  0.32912791E-02,  0.19270833E-02
     1764., -0.52885923E-02,  0.36682746E-03,  0.12500000E-02
     1765., -0.62702279E-02,  0.22417468E-02,  0.12500000E-02
     1766., -0.73158608E-02,  0.57325812E-03,  0.12500000E-02
     1767.,  0.17319126E-02, -0.43197977E-02,  0.12500000E-02
     1768.,  0.12390802E-02, -0.65287999E-02,  0.12500000E-02
     1769.,  0.31500333E-02, -0.59366791E-02,  0.12500000E-02
     1770.,  0.25049114E-02, -0.71228517E-02,  0.12500000E-02
     1771.,  0.13091866E-02,  0.34531250E-02,  0.00000000E+00
     1772., -0.13032715E-02,  0.72274999E-02,  0.00000000E+00
     1773.,  0.17977255E-02,  0.66599300E-02,  0.00000000E+00
     1774., -0.22536294E-02,  0.58083658E-02,  0.00000000E+00
     1775.,  0.24596718E-02,  0.53353007E-02,  0.00000000E+00
     1776., -0.13159530E-02,  0.42031250E-02,  0.00000000E+00
     1777.,  0.40845568E-03,  0.71746631E-02,  0.00000000E+00
     1778.,  0.33450189E-02, -0.23831186E-02,  0.00000000E+00
     1779.,  0.20459807E-02, -0.63311863E-03,  0.00000000E+00
     1780.,  0.10010532E-02, -0.49752394E-02,  0.00000000E+00
     1781.,  0.29120063E-02, -0.43831186E-02,  0.00000000E+00
     1782.,  0.20567674E-03, -0.12581186E-02,  0.00000000E+00
     1783., -0.46381760E-03, -0.34277001E-02,  0.00000000E+00
     1784.,  0.74694279E-03, -0.13831186E-02,  0.12500000E-02
     1785., -0.55376859E-02, -0.21768275E-02,  0.00000000E+00
     1786., -0.54873726E-02,  0.13779129E-02,  0.00000000E+00
     1787., -0.27941345E-02, -0.12350324E-03,  0.00000000E+00
     1788., -0.34636289E-02, -0.22930847E-02,  0.00000000E+00
     1789., -0.65330055E-02, -0.29057582E-03,  0.00000000E+00
     1790., -0.35789701E-02,  0.12514968E-02,  0.00000000E+00
     1791.,  0.38971141E-02, -0.25000000E-03,  0.00000000E+00
     1792.,  0.47631397E-02, -0.40000000E-02,  0.00000000E+00
     1793.,  0.58095870E-02,  0.29166667E-03,  0.00000000E+00
     1794.,  0.67297241E-02, -0.94243877E-03,  0.00000000E+00
     1795.,  0.65627539E-02, -0.23799064E-02,  0.00000000E+00
     1796.,  0.59715463E-02, -0.33055588E-02,  0.00000000E+00
     1797.,  0.50057667E-02, -0.30069287E-04,  0.67708333E-03
     1798., -0.86446997E-02, -0.38141310E-02,  0.00000000E+00
     1799., -0.44955778E-02, -0.39729057E-02,  0.00000000E+00
     1800., -0.74428043E-02, -0.56053263E-02,  0.00000000E+00
     1801., -0.75649544E-02, -0.19703968E-02,  0.00000000E+00
     1802., -0.58061474E-02, -0.57010210E-02,  0.00000000E+00
     1803., -0.75073526E-02, -0.33162857E-02,  0.62500000E-03
     1804.,  0.75777195E-03,  0.87500000E-03,  0.00000000E+00
     1805.,  0.45105488E-02,  0.20416667E-02,  0.00000000E+00
     1806.,  0.37485612E-02,  0.33821757E-02,  0.00000000E+00
     1807., -0.27063584E-04,  0.22500000E-02,  0.00000000E+00
     1808.,  0.12990380E-02,  0.75000000E-03,  0.12500000E-02
     1809.,  0.37067285E-02,  0.17199307E-02,  0.67708333E-03
     1810., -0.35771981E-02,  0.76296157E-02,  0.00000000E+00
     1811., -0.14271609E-02,  0.10386491E-01,  0.00000000E+00
     1812., -0.91511306E-03,  0.89959130E-02,  0.00000000E+00
     1813., -0.27738814E-02,  0.10675133E-01,  0.65737515E-03
     1814., -0.95178692E-02, -0.55628088E-02,  0.00000000E+00
     1815., -0.96400193E-02, -0.19278793E-02,  0.00000000E+00
     1816., -0.10871280E-01, -0.52483788E-02,  0.00000000E+00
     1817., -0.95824175E-02, -0.32737682E-02,  0.62500000E-03
     1818.,  0.24191739E-02, -0.65921208E-02,  0.00000000E+00
     1819., -0.95664999E-03, -0.56367022E-02,  0.00000000E+00
     1820., -0.94740612E-03, -0.73510903E-02,  0.00000000E+00
     1821.,  0.17740520E-02, -0.77782934E-02,  0.00000000E+00
     1822.,  0.15531485E-02, -0.80921208E-02,  0.62500000E-03
     1823.,  0.60309074E-02, -0.68537778E-02,  0.00000000E+00
     1824.,  0.55385337E-02, -0.53055588E-02,  0.00000000E+00
     1825.,  0.36850052E-02, -0.71861726E-02,  0.00000000E+00
     1826.,  0.50084905E-02, -0.73941194E-02,  0.75205177E-03
     1827., -0.54982820E-02,  0.47316569E-02,  0.00000000E+00
     1828., -0.75146411E-02,  0.15843436E-02,  0.00000000E+00
     1829., -0.45606056E-02,  0.31264161E-02,  0.00000000E+00
     1830., -0.64939008E-02,  0.48925109E-02,  0.65814394E-03
     1831.,  0.42371001E-02,  0.65889807E-02,  0.00000000E+00
     1832.,  0.21858840E-02,  0.84283431E-02,  0.00000000E+00
     1833.,  0.34085477E-02,  0.92680747E-02,  0.00000000E+00
     1834.,  0.26362495E-02,  0.90675740E-02,  0.62500000E-03
     1835., -0.17520264E-02, -0.19195814E-02,  0.00000000E+00
     1836., -0.18673676E-02,  0.16250000E-02,  0.00000000E+00
     1837., -0.54126601E-03,  0.12500000E-03,  0.12500000E-02
     1838., -0.35898795E-02,  0.46052408E-02,  0.00000000E+00
     1839., -0.55231746E-02,  0.63713356E-02,  0.65814394E-03
     1840.,  0.73431588E-02,  0.13492279E-02,  0.00000000E+00
     1841.,  0.56610340E-02,  0.39238424E-02,  0.00000000E+00
     1842.,  0.76802944E-02,  0.23616006E-02,  0.65104167E-03
     1843.,  0.56192013E-02,  0.22615974E-02,  0.67708333E-03
     1844., -0.37320904E-02, -0.58172782E-02,  0.00000000E+00
     1845., -0.24122769E-02, -0.58035510E-02,  0.00000000E+00
     1846.,  0.28456630E-03,  0.10333654E-01,  0.00000000E+00
     1847.,  0.15072301E-02,  0.11173386E-01,  0.00000000E+00
     1848., -0.15742020E-02,  0.12012873E-01,  0.65737515E-03
     1849.,  0.73493181E-03,  0.10972885E-01,  0.62500000E-03
     1850., -0.66793169E-02, -0.74496988E-02,  0.00000000E+00
     1851., -0.96693848E-02, -0.70395741E-02,  0.00000000E+00
     1852., -0.85026722E-02, -0.14300340E-02,  0.62500000E-03
     1853., -0.37228465E-02, -0.75316663E-02,  0.00000000E+00
     1854., -0.46553023E-02, -0.82515128E-02,  0.67234848E-03
     1855.,  0.94949542E-02, -0.12218458E-02,  0.00000000E+00
     1856.,  0.80963257E-02, -0.13223452E-02,  0.00000000E+00
     1857.,  0.86004315E-02,  0.11274952E-02,  0.65104167E-03
     1858.,  0.95443067E-02, -0.31743877E-03,  0.62500000E-03
     1859.,  0.48572137E-02,  0.36021065E-02,  0.67708333E-03
     1860.,  0.93279840E-02, -0.26593134E-02,  0.00000000E+00
     1861.,  0.10961781E-01, -0.44693639E-02,  0.00000000E+00
     1862.,  0.10775965E-01, -0.16544070E-02,  0.62500000E-03
     1863.,  0.10960023E-01, -0.31691105E-02,  0.62500000E-03
     1864.,  0.95631521E-02, -0.45698632E-02,  0.00000000E+00
     1865.,  0.73381479E-02, -0.36854652E-02,  0.00000000E+00
     1866.,  0.94643182E-02, -0.70437346E-02,  0.00000000E+00
     1867.,  0.89719446E-02, -0.54955157E-02,  0.00000000E+00
     1868.,  0.11835060E-01, -0.58123618E-02,  0.64416038E-03
     1869.,  0.11195191E-01, -0.50796604E-02,  0.62500000E-03
     1870.,  0.72393140E-02, -0.61593366E-02,  0.00000000E+00
     1871.,  0.67092708E-02, -0.82478972E-02,  0.75205177E-03
     1872., -0.33354889E-02, -0.82377856E-02,  0.67234848E-03
     1873.,  0.20192779E-02,  0.97828079E-02,  0.00000000E+00
     1874.,  0.12469797E-02,  0.95823071E-02,  0.62500000E-03
     1875.,  0.24696434E-02,  0.10422039E-01,  0.62500000E-03
     1876.,  0.43633686E-02, -0.85802920E-02,  0.75205177E-03
     1877.,  0.28189798E-02, -0.86861726E-02,  0.62500000E-03
     1878., -0.41376770E-02, -0.10000000E-01,  0.25000000E-02
     1879., -0.49726112E-02, -0.94788161E-02,  0.19223485E-02
     1880., -0.48777711E-02, -0.94619970E-02,  0.30600931E-02
     1881., -0.86602548E-03, -0.10000000E-01,  0.25000000E-02
     1882., -0.34330105E-02, -0.94788161E-02,  0.19223485E-02
     1883., -0.33381704E-02, -0.94619970E-02,  0.30600931E-02
     1884.,  0.28487209E-02, -0.10000000E-01,  0.25000000E-02
     1885.,  0.17320508E-02, -0.95000000E-02,  0.18750000E-02
     1886.,  0.20515231E-02, -0.95000000E-02,  0.30110677E-02
     1887.,  0.52591351E-02, -0.93941194E-02,  0.20020518E-02
     1888.,  0.37147463E-02, -0.95000000E-02,  0.18750000E-02
     1889.,  0.54467971E-02, -0.95000000E-02,  0.31250000E-02
     1890.,  0.40342186E-02, -0.95000000E-02,  0.30110677E-02
     1891., -0.65914155E-02,  0.85833334E-02,  0.25000000E-02
     1892., -0.61702043E-02,  0.82244281E-02,  0.19081439E-02
     1893., -0.57554605E-02,  0.89479167E-02,  0.31770833E-02
     1894., -0.82272413E-02,  0.57500001E-02,  0.25000000E-02
     1895., -0.69400046E-02,  0.68910948E-02,  0.19081439E-02
     1896., -0.65252608E-02,  0.76145834E-02,  0.31770833E-02
     1897., -0.10084614E-01,  0.25329353E-02,  0.25000000E-02
     1898., -0.78060301E-02,  0.53910948E-02,  0.19081439E-02
     1899., -0.92059494E-02,  0.29992724E-02,  0.31597222E-02
     1900., -0.10197297E-01,  0.12822077E-02,  0.31597222E-02
     1901.,  0.10729093E-01,  0.14166666E-02,  0.25000000E-02
     1902.,  0.10218230E-01,  0.11116006E-02,  0.19010417E-02
     1903.,  0.11162105E-01, -0.33333334E-03,  0.18750000E-02
     1904.,  0.10854998E-01,  0.13377699E-03,  0.31655093E-02
     1905.,  0.90932668E-02,  0.42499999E-02,  0.25000000E-02
     1906.,  0.94484297E-02,  0.24449339E-02,  0.19010417E-02
     1907.,  0.10085198E-01,  0.14671103E-02,  0.31655093E-02
     1908.,  0.72358936E-02,  0.74670647E-02,  0.25000000E-02
     1909.,  0.85824042E-02,  0.39449339E-02,  0.19010417E-02
     1910.,  0.71638501E-02,  0.64806349E-02,  0.31264289E-02
     1911.,  0.55370796E-02,  0.94026325E-02,  0.31925948E-02
     1912.,  0.61725023E-02,  0.81976996E-02,  0.31264289E-02
     1913.,  0.41424650E-02, -0.88941194E-02,  0.13770518E-02
     1914.,  0.58745158E-02, -0.88941194E-02,  0.26270518E-02
     1915.,  0.98814423E-02,  0.69493393E-03,  0.12760417E-02
     1916.,  0.29175485E-02, -0.90000000E-02,  0.23860677E-02
     1917.,  0.46495993E-02, -0.90000000E-02,  0.36360677E-02
     1918.,  0.11833302E-01, -0.45121085E-02,  0.12691604E-02
     1919., -0.41731046E-02, -0.89408131E-02,  0.24824416E-02
     1920.,  0.54650361E-02,  0.84162028E-02,  0.38190237E-02
