Node Number	Normal Stress (Pa)
1	-5.527e+007
2	1.5934e+007
3	-5.488e+007
4	-5.7284e+007
5	-6.5547e+007
6	-7.3016e+007
7	-6.6568e+007
8	-6.6914e+007
9	-5.9274e+007
10	-5.029e+007
11	-3.9681e+007
12	-2.7318e+007
13	-1.5491e+007
14	-5.7996e+006
15	2.4772e+006
16	9.6473e+006
17	1.1804e+007
18	6.8212e+007
19	-1.0111e+006
20	-6.9707e+005
21	2.7756e+005
22	-6.9092e+006
23	-1.1846e+008
24	5.7108e+007
25	5.8636e+007
26	4.3052e+007
27	2.5054e+007
28	2.156e+006
29	-1.7201e+007
30	-4.3548e+007
31	-6.101e+007
32	-8.8254e+007
33	-1.0019e+008
34	-1.0804e+008
35	-1.045e+008
36	-1.1898e+008
37	-1.2563e+008
38	-1.0144e+008
39	6.163e+006
40	-8.7228e+005
41	-65122
42	8.8438e+006
43	4.3291e+007
44	-6.0434e+007
45	5.0652e+007
46	5.736e+007
47	5.4816e+007
48	5.8834e+007
49	6.0598e+007
50	6.771e+007
51	6.2155e+007
52	6.2453e+007
53	5.4264e+007
54	4.8272e+007
55	3.602e+007
56	2.9228e+007
57	1.6621e+007
58	5.3911e+006
59	-5.8325e+006
60	-1.4362e+007
61	-2.3186e+007
62	-3.3604e+007
63	-4.1407e+007
64	-4.9958e+007
65	-5.0534e+007
66	8.405e+007
67	-4.0097e+006
68	-3.8694e+005
69	-8.8292e+005
70	-1.1039e+007
71	-3.3385e+008
72	7.7828e+007
73	7.9465e+007
74	1.0542e+008
75	8.816e+007
76	7.8646e+007
77	6.7012e+007
78	5.6749e+007
79	4.5683e+007
80	2.843e+007
81	1.9892e+007
82	1.828e+006
83	-1.5339e+007
84	-3.57e+007
85	-5.8316e+007
86	-7.3972e+007
87	-1.0189e+008
88	-1.5711e+008
89	-1.8009e+008
90	-2.238e+008
91	-2.0922e+008
92	-2.2648e+008
93	1.1407e+007
94	2.3933e+006
95	4.9374e+005
96	4.9956e+007
97	1.4401e+007
98	1.3818e+007
99	1.6563e+007
100	1.4564e+007
101	1.2041e+007
102	-3.3922e+005
103	-1.2662e+006
104	-3.5814e+005
105	-8.7574e+005
106	-1.6142e+005
107	1.6345e+005
108	-2.4139e+005
109	-2.793e+005
110	-4.3905e+005
111	-1.1675e+006
112	-1.422e+006
113	-1.6349e+006
114	-1.4353e+006
115	-6.2003e+005
116	-3.0932e+007
117	-1.5735e+006
118	-2.3276e+006
119	-2.472e+006
120	-2.3685e+006
121	-2.7667e+006
122	-3.5379e+006
123	-4.5142e+006
124	-5.3691e+006
125	-6.7371e+006
126	-7.98e+006
127	-9.4381e+006
128	-1.1895e+007
129	-1.3983e+007
130	-1.8238e+007
131	-2.2294e+007
132	1.4873e+006
133	-96002
134	5.06e+005
135	-1.4751e+005
136	1.558e+005
137	1.4388e+005
138	-4.2634e+005
139	1.1915e+005
140	-3.8441e+005
141	-9.8234e+005
142	1.2915e+007
143	2.7255e+006
144	2.7437e+006
145	2.4443e+006
146	4.5692e+006
147	4.3007e+006
148	5.059e+006
149	5.4583e+006
150	5.4831e+006
151	5.8489e+006
152	6.0223e+006
153	6.8459e+006
154	7.2097e+006
155	7.8838e+006
156	7.859e+006
157	9.1936e+006
158	-2.5664e+007
159	-2.1244e+007
160	-1.7731e+007
161	-1.438e+007
162	-1.0644e+007
163	-6.6346e+006
164	-2.2411e+006
165	1.9123e+006
166	6.1233e+006
167	1.5535e+006
168	-72422
169	3.4575e+006
170	3.7042e+006
171	4.4005e+006
172	4.8018e+006
173	5.1386e+006
174	4.6426e+006
175	4.3446e+006
176	3.8273e+006
177	3.2489e+006
178	2.4335e+006
179	1.8255e+006
180	1.2121e+006
181	7.5336e+005
182	3.6609e+005
183	1.733e+005
184	1.1658e+005
185	1.2178e+005
186	1.3684e+005
187	1.5027e+005
188	1.8284e+005
189	5.8907e+005
190	-7.4582e+005
191	-6.8854e+005
192	-8.8204e+005
193	-9.4454e+005
194	-9.5082e+005
195	-7.5445e+005
196	-3.7137e+005
197	-1.4022e+005
198	92556
199	-1.9777e+006
200	-2.9648e+005
201	1.3133e+005
202	1.4374e+006
203	2.3117e+006
204	1.8735e+006
205	2.4084e+006
206	2.0846e+006
207	1.6139e+006
208	1.0499e+006
209	9.4845e+005
210	5.4018e+005
211	3.1615e+005
212	71802
213	54328
214	1.6053e+005
215	91640
216	2.1595e+005
217	5.3595e+005
218	4.6462e+005
219	6.2783e+005
220	-80701
221	6.3264e+005
222	8.5038e+005
223	1.3445e+006
224	1.4704e+006
225	1.2449e+006
226	1.1466e+006
227	2.817e+005
228	4.2306e+005
229	1.1881e+006
230	-66087
231	-4.791e+005
232	-5.8402e+005
233	-1.0007e+006
234	-1.1349e+006
235	-1.3881e+006
236	-1.657e+006
237	-1.8431e+006
238	-2.0301e+006
239	-2.2123e+006
240	-2.5964e+006
241	-2.8496e+006
242	-3.2384e+006
243	-3.3233e+006
244	-3.6383e+006
245	-3.8953e+006
246	-3.8186e+006
247	-3.8359e+006
248	-3.6768e+006
249	-3.6708e+006
250	-3.5e+006
251	-3.3176e+006
252	-2.8464e+006
253	-2.6215e+006
254	-2.1389e+006
255	-1.8112e+006
256	-1.2272e+006
257	-9.5706e+005
258	-4.608e+005
259	-1.6642e+005
260	1.7371e+005
261	4.6079e+005
262	8.6129e+005
263	1.0682e+006
264	-1.9427e+006
265	-8.4096e+005
266	-7.5791e+005
267	-9.6974e+005
268	-9.8536e+005
269	-9.6348e+005
270	-9.3611e+005
271	-6.0931e+005
272	-3.0475e+005
273	-1.9547e+005
274	88264
275	-6.812e+005
276	-3.3181e+005
277	-8.1014e+005
278	-5.6846e+005
279	-1.0167e+006
280	-7.6972e+005
281	-8.3561e+005
282	-6.4169e+005
283	-4.1278e+005
284	-1.8839e+005
285	51159
286	2.6384e+005
287	4.5773e+005
288	6.2811e+005
289	7.1402e+005
290	7.6796e+005
291	7.8923e+005
292	7.0413e+005
293	5.639e+005
294	3.9958e+005
295	1.6237e+005
296	-1.6405e+005
297	-4.6864e+005
298	-7.7414e+005
299	-1.2899e+006
300	-1.5152e+006
301	-1.8209e+006
302	-2.048e+006
303	-2.5312e+006
304	-2.4266e+006
305	-2.6212e+006
306	-2.7371e+006
307	-2.2959e+006
308	3.4037e+006
309	1.3611e+006
310	1.9359e+006
311	2.3486e+006
312	3.2775e+006
313	4.0505e+006
314	4.8987e+006
315	5.7909e+006
316	6.4273e+006
317	7.1057e+006
318	7.3744e+006
319	7.5464e+006
320	7.4813e+006
321	7.2543e+006
322	6.6971e+006
323	5.8697e+006
324	5.0793e+006
325	4.2119e+006
326	3.3545e+006
327	2.3762e+006
328	2.4322e+006
329	-5.656e+006
330	3.2085e+005
331	4.0964e+005
332	2.1635e+005
333	4.6875e+005
334	4.6881e+005
335	4.5314e+005
336	3.6721e+005
337	1.9975e+005
338	-3.6513e+005
339	-1.6519e+006
340	-1.7311e+006
341	-1.3502e+006
342	-9.6375e+005
343	-5.7923e+005
344	-80713
345	1.839e+005
346	5.8713e+005
347	9.6563e+005
348	1.1982e+006
349	1.293e+006
350	1.1652e+006
351	1.1667e+006
352	6.4995e+005
353	7.1067e+005
354	-3.0255e+005
355	-1.1026e+006
356	-1.907e+006
357	-2.2759e+006
358	-3.7057e+006
359	4.3362e+006
360	3.1444e+006
361	2.5067e+006
362	4.1744e+006
363	4.5077e+006
364	4.6425e+006
365	4.4195e+006
366	5.5591e+006
367	5.5588e+006
368	7.0865e+006
369	7.9028e+006
370	9.8916e+006
371	1.0422e+007
372	1.1661e+007
373	1.2042e+007
374	1.3743e+007
375	1.4703e+007
376	1.5685e+007
377	1.6128e+007
378	1.6596e+007
379	1.6131e+007
380	1.7185e+007
381	1.6757e+007
382	1.6214e+007
383	1.5556e+007
384	1.4941e+007
385	1.4167e+007
386	1.2775e+007
387	1.2786e+007
388	1.177e+007
389	1.0415e+007
390	9.1355e+006
391	8.3988e+006
392	7.3347e+006
393	6.224e+006
394	-3.2422e+006
395	-5.2298e+006
396	-4.7336e+006
397	-3.311e+006
398	-2.7525e+006
399	-2.0487e+006
400	-6.943e+005
401	8.2362e+005
402	2.2086e+006
403	4.3556e+006
404	-5.5777e+006
405	-5.3674e+006
406	-7.4876e+006
407	-8.2385e+006
408	-8.9966e+006
409	-9.9577e+006
410	-1.0229e+007
411	-1.1621e+007
412	-1.307e+007
413	-1.4043e+007
414	-1.569e+007
415	-1.703e+007
416	-1.7863e+007
417	-1.9748e+007
418	-2.0311e+007
419	-2.3267e+007
420	-2.3161e+007
421	-2.4979e+007
422	-2.4295e+007
423	-2.5579e+007
424	-2.5438e+007
425	-2.6081e+007
426	-2.5684e+007
427	-2.5779e+007
428	-2.4499e+007
429	-2.4044e+007
430	-2.2518e+007
431	-2.1177e+007
432	-1.9923e+007
433	-1.7771e+007
434	-1.6224e+007
435	-1.3564e+007
436	-1.0349e+007
437	-7.0273e+006
438	-2.1514e+006
439	-1.551e+006
440	4.2549e+005
441	1.5903e+005
442	-3.4733e+005
443	3.2816e+006
444	2.2609e+006
445	8.2323e+005
446	2.5405e+005
447	2.9202e+005
448	1.6776e+007
449	2.057e+007
450	2.4714e+007
451	2.8685e+007
452	3.326e+007
453	3.7389e+007
454	4.1223e+007
455	4.5129e+007
456	4.8505e+007
457	5.1245e+007
458	5.3834e+007
459	5.5053e+007
460	5.6084e+007
461	5.58e+007
462	5.493e+007
463	5.3376e+007
464	5.0778e+007
465	4.7801e+007
466	4.4582e+007
467	4.0422e+007
468	3.609e+007
469	3.183e+007
470	2.7578e+007
471	2.3814e+007
472	1.9184e+007
473	1.6152e+007
474	1.2872e+007
475	1.0277e+007
476	7.3075e+006
477	5.1769e+006
478	3.9081e+006
479	2.8537e+006
480	1.449e+006
481	1.2917e+006
482	-4.1108e+007
483	-4.9344e+007
484	-5.5947e+007
485	-6.2953e+007
486	-6.8661e+007
487	-7.3564e+007
488	-7.8521e+007
489	-8.2541e+007
490	-8.5732e+007
491	-8.837e+007
492	-9.0013e+007
493	-9.0813e+007
494	-9.061e+007
495	-8.9617e+007
496	-8.766e+007
497	-8.5367e+007
498	-8.1645e+007
499	-7.6294e+007
500	-7.2321e+007
501	-6.7042e+007
502	-6.125e+007
503	-5.5622e+007
504	-4.9665e+007
505	-4.4349e+007
506	-3.8713e+007
507	-3.3346e+007
508	-2.8353e+007
509	-2.4024e+007
510	-2.0241e+007
511	-1.7516e+007
512	-1.3502e+007
513	-1.016e+007
514	-7.295e+006
515	-4.2073e+006
516	-4.1251e+006
517	-2.2304e+005
518	8.0086e+005
519	7.2559e+005
520	6.8654e+005
521	9.6114e+005
522	1.3225e+006
523	1.3816e+006
524	1.5904e+006
525	1.8004e+006
526	1.925e+006
527	2.043e+006
528	2.2666e+006
529	2.4053e+006
530	2.4727e+006
531	2.6395e+006
532	2.6392e+006
533	2.6809e+006
534	2.7046e+006
535	2.6153e+006
536	2.5084e+006
537	2.3926e+006
538	2.2205e+006
539	1.9417e+006
540	1.6907e+006
541	1.491e+006
542	1.0753e+006
543	7.4177e+005
544	3.6967e+005
545	1.0239e+005
546	-8.073e+005
547	-9.2139e+005
548	-1.0297e+006
549	-1.7347e+006
550	-2.1101e+006
551	-2.2405e+007
552	-2.5778e+007
553	-2.8665e+007
554	-2.4057e+007
555	-2.0687e+007
556	-1.6462e+007
557	-1.1161e+007
558	-6.9847e+006
559	-4.0468e+006
560	-1.7803e+006
561	-3.7831e+007
562	-3.6267e+007
563	-3.775e+007
564	-4.0757e+007
565	-4.4106e+007
566	-4.6499e+007
567	-5.0394e+007
568	-5.3716e+007
569	-5.6301e+007
570	-5.9726e+007
571	-6.1856e+007
572	-6.3479e+007
573	-6.5316e+007
574	-6.6007e+007
575	-6.5486e+007
576	-6.6066e+007
577	-6.4976e+007
578	-6.2364e+007
579	-6.1275e+007
580	-5.8445e+007
581	-5.5434e+007
582	-5.1974e+007
583	-4.8389e+007
584	-4.5356e+007
585	-4.1068e+007
586	-3.7374e+007
587	-3.4471e+007
588	-3.0007e+007
589	-2.6944e+007
590	-2.4742e+007
591	-2.1412e+007
592	-1.928e+007
593	-1.8589e+007
594	-1.8702e+007
595	-1.919e+007
596	-9.5071e+006
597	-1.0156e+007
598	-6.2598e+006
599	-3.149e+006
600	-3.1523e+006
601	-4.0936e+006
602	-6.9706e+006
603	-1.1743e+007
604	-1.4893e+007
605	-2.0333e+007
606	-2.6497e+007
607	-3.1681e+007
608	-3.655e+007
609	-1.0926e+007
610	-8.7859e+006
611	-7.5074e+006
612	-7.6288e+006
613	-7.9919e+006
614	-8.8006e+006
615	-9.434e+006
616	-1.0112e+007
617	-1.0502e+007
618	-1.1279e+007
619	-1.3029e+007
620	-1.4452e+007
621	-1.3762e+007
622	-1.5431e+007
623	-1.6929e+007
624	-1.6839e+007
625	-1.7287e+007
626	-1.8418e+007
627	-1.9076e+007
628	-1.8366e+007
629	-1.8767e+007
630	-1.838e+007
631	-1.8831e+007
632	-1.8164e+007
633	-1.7492e+007
634	-1.6846e+007
635	-1.5843e+007
636	-1.504e+007
637	-1.3891e+007
638	-1.2785e+007
639	-1.2177e+007
640	-1.1147e+007
641	-1.0302e+007
642	-9.9322e+006
643	-1.1767e+007
644	-7.3089e+006
645	-1.104e+007
646	-1.4103e+007
647	-1.9265e+007
648	-2.3318e+007
649	-2.5508e+007
650	-2.7983e+007
651	-2.8681e+007
652	-2.7222e+007
653	-2.3163e+007
654	-1.9816e+007
655	-1.5342e+007
656	-4.2117e+006
657	4.2706e+005
658	6.7768e+006
659	6.2748e+006
660	8.6437e+006
661	1.1795e+007
662	1.5866e+007
663	1.7426e+007
664	2.1549e+007
665	1.45e+007
666	-1.107e+007
667	-1.6376e+007
668	-1.9984e+007
669	-2.2246e+007
670	-1.0927e+006
671	-3.847e+006
672	-3.8594e+006
673	-4.7374e+006
674	-7.1894e+006
675	-7.1005e+006
676	-8.773e+006
677	-9.7693e+006
678	-1.0636e+007
679	-1.3216e+007
680	-1.1401e+007
681	-1.1672e+007
682	-1.3028e+007
683	-1.6913e+007
684	-9.4751e+006
685	-1.1359e+007
686	-1.4819e+007
687	-1.5963e+007
688	-1.3822e+007
689	-1.5833e+007
690	-2.0201e+007
691	-1.7255e+007
692	-1.3162e+007
693	-1.7636e+007
694	-1.3797e+007
695	-1.465e+007
696	-1.376e+007
697	-1.2067e+007
698	-1.3773e+007
699	-1.1141e+007
700	-1.3105e+007
701	-9.8204e+006
702	-8.0382e+006
703	-7.3685e+006
704	-5.7737e+006
705	-1.4572e+007
706	-2.1896e+007
707	-2.8482e+007
708	-3.1891e+007
709	3.2095e+007
710	3.7893e+007
711	3.6767e+007
712	3.6616e+007
713	3.7563e+007
714	3.3335e+007
715	3.3204e+007
716	2.1149e+007
717	2.5164e+007
718	1.8758e+007
719	1.5785e+007
720	1.0291e+007
721	1.9026e+006
722	-7.6606e+006
723	-9.2055e+006
724	-1.1888e+007
725	-1.4877e+007
726	-1.8732e+007
727	-2.3476e+007
728	-2.6999e+007
729	-2.7618e+007
730	-3.5907e+007
731	-3.1729e+007
732	-4.5143e+007
733	-4.572e+007
734	-5.6194e+007
735	-4.4e+007
736	-5.0069e+007
737	-4.4014e+007
738	-4.632e+007
739	-3.6213e+007
740	-4.1804e+007
741	-3.9364e+007
742	-3.233e+007
743	-2.7531e+007
744	-3.3256e+007
745	-2.1507e+007
746	-1.8908e+007
747	-7.7269e+006
748	-9.2163e+006
749	-4.0491e+006
750	1.9305e+006
751	4.5347e+006
752	1.3886e+007
753	1.4037e+007
754	1.6205e+007
755	2.1071e+007
756	2.4017e+007
757	3.0212e+007
758	2.9702e+007
759	3.5773e+007
760	2.9044e+007
761	-2.1471e+006
762	-4.1949e+006
763	-5.4015e+006
764	-5.7241e+006
765	1.1587e+006
766	7.8644e+005
767	2.0876e+006
768	6.6133e+005
769	1.4192e+006
770	-8.5761e+005
771	-1.3045e+006
772	-4.0824e+006
773	-4.0854e+006
774	-6.7714e+006
775	-9.139e+006
776	-1.1789e+007
777	-1.2737e+007
778	-2.048e+006
779	-1.4363e+006
780	-1.4784e+006
781	-1.6133e+006
782	1.4787e+007
783	1.4533e+007
784	1.2821e+007
785	1.2959e+007
786	1.2347e+007
787	1.1999e+007
788	1.4189e+007
789	1.0071e+007
790	9.0004e+006
791	8.6812e+006
792	6.4874e+006
793	5.6003e+006
794	5.5977e+006
795	4.2422e+006
796	4.2881e+006
797	4.7177e+006
798	3.2095e+006
799	5.5274e+006
800	3.9871e+006
801	5.0208e+006
802	4.6917e+006
803	5.7944e+006
804	4.8884e+006
805	5.4721e+006
806	5.3133e+006
807	5.2725e+006
808	4.9618e+006
809	4.959e+006
810	3.07e+006
811	3.3879e+006
812	3.6494e+006
813	2.0344e+006
814	1.4801e+006
815	7.9418e+005
816	-2.9099e+008
817	-2.9619e+008
818	-2.4829e+008
819	-2.8902e+008
820	-2.5927e+008
821	-2.8304e+008
822	-2.5853e+008
823	-2.476e+008
824	-2.33e+008
825	-1.8244e+008
826	-1.6187e+008
827	-1.3761e+008
828	-1.2748e+008
829	-9.1918e+007
830	-5.4202e+007
831	-3.5367e+007
832	-1.4165e+007
833	5.7014e+006
834	2.4947e+007
835	4.0685e+007
836	5.6114e+007
837	-5.7274e+007
838	-6.1033e+007
839	-5.7025e+007
840	-6.4128e+007
841	-6.7526e+007
842	-7.3903e+007
843	-6.0183e+007
844	-6.9129e+007
845	-6.2286e+007
846	-5.722e+007
847	-4.4415e+007
848	-4.0135e+007
849	-2.5765e+007
850	-1.5112e+007
851	-4.2006e+006
852	5.3658e+006
853	1.4819e+007
854	1.9883e+007
855	2.7471e+007
856	3.9392e+007
857	3.4808e+007
858	2.1712e+007
859	2.8371e+007
860	2.1438e+007
861	2.322e+007
862	2.2208e+007
863	2.0546e+007
864	1.4635e+007
865	7.583e+006
866	1.9331e+005
867	-9.1599e+006
868	-1.9557e+007
869	-2.8289e+007
870	-3.5996e+007
871	-4.329e+007
872	-4.1766e+007
873	-1.0075e+008
874	-1.117e+008
875	-8.8535e+007
876	-6.295e+007
877	-5.1744e+007
878	-3.6504e+007
879	-1.5772e+007
880	2.4827e+006
881	2.3003e+007
882	4.1769e+007
883	5.5996e+007
884	6.4592e+007
885	6.303e+007
886	6.3541e+007
887	5.8522e+007
888	-3.0728e+006
889	9.2621e+006
890	1.2394e+007
891	5.7915e+006
892	-8.0001e+006
893	-1.5902e+007
894	-6.1214e+006
895	-3.8734e+006
896	-7.2644e+006
897	-2.5182e+007
898	-1.4059e+007
899	-46198
900	4.0225e+006
901	-3.9016e+006
902	-3.6072e+005
903	7.6023e+005
904	1.092e+007
905	1.0726e+007
906	-1.8824e+006
907	-1.3859e+007
908	-1.2513e+007
909	1.7406e+006
910	-2.6789e+006
911	9.8979e+006
912	1.2198e+007
913	4.983e+006
914	-1.0174e+007
915	-1.8881e+007
916	-1.3045e+007
917	-1.6163e+007
918	-2.211e+007
919	-7.7084e+006
920	6.1713e+006
921	9.7785e+005
922	4.7981e+006
923	9.8314e+006
924	-3.7949e+006
925	-1.7159e+007
926	-2.0487e+007
927	-2.3891e+007
928	-1.4163e+007
929	2.1888e+006
930	1.0129e+007
931	3.2153e+007
932	2.2371e+007
933	-9.9928e+006
934	-3.6976e+007
935	-9.2873e+007
936	-7.8256e+007
937	-6.5361e+007
938	-4.4218e+007
939	-1.9712e+007
940	-5.0926e+006
941	-1.7607e+006
942	-4.7424e+006
943	1.7999e+006
944	-6.7309e+006
945	-1.2021e+007
946	-2.1899e+007
947	-2.4111e+007
948	-1.9386e+007
949	-9.3209e+006
950	-1.4845e+006
951	1.9435e+006
952	-3.8897e+006
953	-5.5948e+005
954	5.6688e+006
955	-9.5357e+006
956	-1.7305e+007
957	-5.0348e+007
958	-5.8727e+007
959	-4.5364e+007
960	-2.5034e+007
961	-9.748e+006
962	-4.2343e+006
963	-2.0208e+006
964	-5.5126e+005
965	5.139e+005
966	-1.5679e+007
967	-2.8834e+007
968	-4.3431e+007
969	-5.0712e+007
970	-4.3126e+007
971	-2.9758e+007
972	-1.3441e+007
973	-3.5259e+006
974	-3.1548e+005
975	-1.1242e+007
976	-2.4465e+007
977	-3.1245e+007
978	-2.8528e+007
979	-1.9027e+007
980	-8.6854e+006
981	-1.136e+006
982	1.0311e+006
983	-3.1614e+005
984	-3.9583e+006
985	-1.7577e+007
986	-3.2922e+007
987	-4.4501e+007
988	-4.4568e+007
989	-3.4079e+007
990	-1.8602e+007
991	-6.5619e+006
992	7.0795e+005
993	-7.3272e+006
994	-7.0245e+006
995	-1.5673e+007
996	-2.6641e+007
997	-2.8241e+007
998	-2.3554e+007
999	-1.2838e+007
1000	-3.915e+006
1001	-8.9278e+006
1002	-1.3396e+007
1003	-1.4515e+007
1004	-1.2024e+007
1005	-5.5891e+006
1006	-1.048e+007
1007	-4.3414e+006
1008	-2.1786e+007
1009	-2.6638e+007
1010	-2.614e+007
1011	-1.8426e+007
1012	-7.7914e+006
1013	-8.7614e+006
1014	-8.5283e+006
1015	-7.4269e+006
1016	-1.3964e+007
1017	-1.251e+007
1018	-1.9095e+007
1019	-1.7623e+007
1020	-1.4115e+007
1021	-9.0408e+006
1022	-2.2133e+007
1023	-2.2972e+007
1024	-2.0315e+007
1025	-1.7079e+007
1026	-2.0374e+007
1027	-8.4085e+006
1028	-1.5732e+006
1029	-8.35e+006
1030	-1.5878e+007
1031	-2.6757e+007
1032	-3.4954e+007
1033	1.2418e+006
1034	-1.7675e+006
1035	-7.0712e+006
1036	-1.2291e+007
1037	-1.5791e+007
1038	-1.7323e+007
1039	-3.1358e+007
1040	-7.0601e+006
1041	-3.637e+006
1042	-1.1803e+007
1043	-2.078e+007
1044	-3.0081e+007
1045	-3.1904e+006
1046	-2.0275e+007
1047	-2.4804e+007
1048	-4.1046e+006
1049	-5.6741e+005
1050	-2.9522e+006
1051	-9.8447e+006
1052	-1.7216e+007
1053	-2.4253e+007
1054	-3.6266e+006
1055	-6.1253e+006
1056	-1.6155e+007
1057	-2.2738e+007
1058	-4.0607e+006
1059	-1.2273e+007
1060	-2.8005e+007
1061	-2.4532e+007
1062	-1.407e+007
1063	-4.1572e+006
1064	-1.3289e+007
1065	-6.1231e+006
1066	-3.9188e+006
1067	-7.0434e+005
1068	-1.1852e+006
1069	-1.9176e+007
1070	-2.748e+007
1071	-1.8767e+007
1072	-1.037e+007
1073	-1.7061e+007
1074	-1.0896e+007
1075	-6.4684e+006
1076	-1.6897e+006
1077	-2.3919e+007
1078	-2.2292e+007
1079	-7.76e+006
1080	-1.0048e+007
1081	-4.3822e+006
1082	-2.2573e+007
1083	-1.777e+007
1084	-1.3696e+007
1085	-1.4564e+007
1086	-4.8098e+005
1087	5.842e+005
1088	1.4752e+005
1089	49272
1090	-3.1741e+005
1091	2.2712e+005
1092	-1.4375e+006
1093	-1.8283e+006
1094	-9.5068e+005
1095	4.8791e+005
1096	2.2681e+006
1097	-1.0199e+006
1098	-4.9192e+005
1099	-2.9926e+005
1100	-3.001e+005
1101	-1.8323e+005
1102	-8.1912e+005
1103	-5.6478e+005
1104	60475
1105	-1.9874e+005
1106	-5.825e+005
1107	2583.4
1108	7.4707e+005
1109	1.4817e+006
1110	3.0489e+006
1111	4.3297e+006
1112	5.4303e+006
1113	5.5348e+006
1114	4.7759e+006
1115	3.5097e+006
1116	1.9001e+006
1117	3.9646e+005
1118	-3.7863e+005
1119	-1.884e+005
1120	5.7835e+005
1121	1.3084e+006
1122	2.1997e+006
1123	2.6226e+006
1124	2.5617e+006
1125	2.468e+006
1126	1.2013e+006
1127	4.3404e+005
1128	-5.9582e+005
1129	-8.4242e+005
1130	-8.8652e+005
1131	-6.6343e+005
1132	-3.5085e+005
1133	8.1858e+005
1134	8.0151e+005
1135	3.9056e+005
1136	1.8256e+006
1137	2.8551e+006
1138	3.8816e+006
1139	4.3685e+006
1140	4.2122e+006
1141	3.335e+006
1142	2.2484e+006
1143	1.1213e+006
1144	-6.6435e+005
1145	-1.0059e+006
1146	2.9039e+005
1147	62461
1148	4.7921e+005
1149	1.2918e+006
1150	2.3488e+006
1151	3.0257e+006
1152	3.2602e+006
1153	3.0982e+006
1154	2.3159e+006
1155	1.2951e+006
1156	-4.9798e+005
1157	1.6446e+005
1158	9.527e+005
1159	1.8545e+006
1160	2.6039e+006
1161	3.0515e+006
1162	3.0002e+006
1163	2.5215e+006
1164	8.9816e+005
1165	-9.5783e+005
1166	-8.9851e+005
1167	1.176e+006
1168	8.9028e+005
1169	6.6252e+005
1170	1.2494e+006
1171	1.7995e+006
1172	2.2591e+006
1173	2.4826e+006
1174	2.0794e+006
1175	1.3026e+006
1176	8.8156e+005
1177	-2.5035e+005
1178	3.64e+005
1179	1.2373e+006
1180	2.025e+006
1181	2.5821e+006
1182	2.8283e+006
1183	2.5287e+006
1184	2.003e+006
1185	-7.5916e+005
1186	-1.0737e+006
1187	-4.2895e+005
1188	-3.0428e+005
1189	4.2208e+005
1190	1.0603e+006
1191	1.1486e+006
1192	1.4106e+006
1193	1.3193e+006
1194	-1.9575e+005
1195	3.833e+005
1196	1.2152e+006
1197	1.9846e+006
1198	2.5118e+006
1199	2.5664e+006
1200	2.3453e+006
1201	1.5273e+006
1202	-1.0667e+006
1203	1.332e+006
1204	6.8936e+005
1205	8.6279e+005
1206	8.7032e+005
1207	5.0026e+005
1208	1.3387e+006
1209	1.7819e+006
1210	2.4556e+006
1211	2.4444e+006
1212	1.7601e+006
1213	-7.1661e+005
1214	-9.8536e+005
1215	9.3874e+005
1216	-8.5614e+005
1217	-2.6984e+005
1218	84466
1219	4.9881e+005
1220	8.9342e+005
1221	-4.5183e+005
1222	4.444e+005
1223	9.8222e+005
1224	1.5439e+006
1225	1.8092e+006
1226	1.9869e+006
1227	-9.0525e+005
1228	9.8471e+005
1229	94193
1230	3.1297e+005
1231	8.636e+005
1232	8.8594e+005
1233	-3.3348e+005
1234	8.7189e+005
1235	1.6107e+006
1236	1.4346e+006
1237	-9.5514e+005
1238	-6.5125e+005
1239	-2.5384e+005
1240	-1.0007e+005
1241	1.3888e+005
1242	6.1186e+005
1243	-7.0832e+005
1244	6.835e+005
1245	1.4088e+006
1246	1.2837e+006
1247	1.1634e+006
1248	2.5927e+006
1249	3.1369e+006
1250	3.8171e+006
1251	3.2048e+006
1252	2.1676e+006
1253	1.0733e+006
1254	2.6038e+005
1255	17994
1256	1.7817e+005
1257	3.3037e+005
1258	1.7532e+006
1259	2.474e+006
1260	2.4851e+006
1261	2.0746e+006
1262	1.1051e+006
1263	4.9486e+005
1264	1.0863e+005
1265	28003
1266	-10602
1267	-1.0172e+005
1268	-4.1363e+005
1269	-5.4452e+005
1270	-4.2075e+005
1271	1.5747e+006
1272	1.8696e+006
1273	1.633e+006
1274	1.4847e+006
1275	8.2803e+005
1276	3.2327e+006
1277	3.2252e+006
1278	2.3121e+006
1279	1.3721e+006
1280	6.0749e+005
1281	1.1992e+005
1282	45863
1283	1.2043e+005
1284	51629
1285	1.9263e+006
1286	1.4919e+006
1287	1.2135e+006
1288	1.8052e+006
1289	2.3882e+006
1290	2.0276e+006
1291	1.4934e+006
1292	7.7907e+005
1293	2.406e+005
1294	11225
1295	95232
1296	2.8281e+006
1297	2.6729e+006
1298	2.3051e+006
1299	1.7109e+006
1300	8.5411e+005
1301	3.5248e+005
1302	21239
1303	39262
1304	-65158
1305	-1.9451e+005
1306	-3.8111e+005
1307	-59253
1308	1.9361e+006
1309	1.4236e+006
1310	1.8875e+006
1311	1.4273e+006
1312	8.0903e+005
1313	2.4303e+005
1314	10856
1315	-867.17
1316	68076
1317	2.7393e+006
1318	2.636e+006
1319	2.048e+006
1320	1.2785e+006
1321	5.599e+005
1322	1.6569e+005
1323	24058
1324	-10482
1325	2.4671e+006
1326	1.8142e+006
1327	1.2608e+006
1328	1.2159e+006
1329	1.1656e+006
1330	5.9719e+005
1331	3.5611e+005
1332	52574
1333	-2.5863e+005
1334	2.5853e+006
1335	2.4948e+006
1336	1.6462e+006
1337	8.5833e+005
1338	3.5227e+005
1339	1.5723e+005
1340	16760
1341	-11481
1342	-1.803e+005
1343	-1.5136e+005
1344	1.6143e+006
1345	-1.1771e+005
1346	-1.0987e+005
1347	1.9376e+006
1348	1.1845e+006
1349	5.8977e+005
1350	1.7664e+005
1351	-8598.6
1352	-1.0008e+005
1353	-1.0927e+005
1354	2.2133e+006
1355	1.0875e+006
1356	7.9766e+005
1357	4.3745e+005
1358	1.4523e+005
1359	39986
1360	25703
1361	1.789e+006
1362	1.2969e+006
1363	6.7078e+005
1364	2.2669e+005
1365	-92445
1366	-17410
1367	-2.3225e+005
1368	1.8399e+006
1369	67080
1370	-1.7941e+005
1371	-1.7765e+005
1372	-85655
1373	1.1576e+006
1374	2.7111e+005
1375	-12165
1376	76903
1377	1.0595e+006
1378	5.5932e+005
1379	5.0441e+005
1380	25325
1381	-1.9236e+005
1382	-59669
1383	9.0981e+005
1384	-6652.7
1385	-1.7008e+005
1386	-1.6147e+005
1387	8.3922e+005
1388	1.1122e+005
1389	-9.3957e+005
1390	-2.7426e+006
1391	-5.1066e+006
1392	-8.6353e+006
1393	-1.3409e+007
1394	-8.0122e+005
1395	-25823
1396	7.2065e+005
1397	1.8192e+006
1398	2.1616e+006
1399	2.731e+006
1400	2.5729e+006
1401	1.7406e+005
1402	-75247
1403	-2.5156e+005
1404	-3.075e+005
1405	-1.4393e+005
1406	-1.6213e+007
1407	-1.2246e+007
1408	-7.0516e+006
1409	-4.2407e+005
1410	1.2559e+006
1411	-6.0945e+005
1412	-1.4846e+006
1413	-3.1854e+006
1414	-5.5643e+006
1415	-9.05e+006
1416	4.9544e+005
1417	1.8704e+005
1418	7.832e+005
1419	8.8492e+005
1420	1.454e+006
1421	1.6079e+006
1422	-3.3873e+005
1423	-1.2361e+007
1424	-9.4363e+006
1425	-4.1861e+006
1426	76780
1427	-1.0271e+006
1428	-2.2188e+006
1429	-3.9717e+006
1430	-6.3518e+006
1431	-1.029e+007
1432	26413
1433	-1.0183e+005
1434	-62969
1435	-3.6827e+005
1436	-6.1573e+005
1437	-7.2206e+005
1438	-7.1032e+005
1439	-958.27
1440	-2.2274e+005
1441	-5.1183e+005
1442	-1.6573e+005
1443	-9.9766e+006
1444	-7.6785e+006
1445	-2.0763e+006
1446	-8.3415e+006
1447	-3.1571e+005
1448	-5.2542e+006
1449	-4.176e+005
1450	-5.7323e+005
1451	-1.4891e+006
1452	-2.8227e+006
1453	-4.8081e+006
1454	-6.8939e+006
1455	-7.4405e+005
1456	-8.7205e+005
1457	-1.9866e+006
1458	-2.4996e+006
1459	-3.6416e+006
1460	-31919
1461	-9.3875e+005
1462	-1.0441e+006
1463	-8.251e+006
1464	-8.1606e+006
1465	-2.3533e+006
1466	-3.9928e+006
1467	-6.0383e+006
1468	-6.2629e+006
1469	-7.1163e+005
1470	-1.4468e+006
1471	-3.1684e+006
1472	-4.867e+006
1473	-7.0554e+006
1474	-1.468e+006
1475	-2.3207e+006
1476	-3.1197e+006
1477	-3.9738e+006
1478	-4.4204e+006
1479	-1.1001e+006
1480	-6.8582e+006
1481	-2.1506e+006
1482	-3.9307e+006
1483	-6.0781e+006
1484	-3.1263e+006
1485	-4.1541e+006
1486	-1.4633e+006
1487	-3.2448e+006
1488	-5.1157e+006
1489	-4.1698e+006
1490	-5.2968e+006
1491	-2.6108e+006
1492	-4.248e+006
1493	-4.8146e+006
1494	-2.1586e+006
1495	-8.483e+005
1496	-6.9961e+005
1497	-1.6651e+006
1498	-1.8172e+006
1499	-1.2611e+006
1500	-1.4893e+006
1501	5.1198e+006
1502	1.3099e+007
1503	1.897e+007
1504	1.8356e+007
1505	1.1653e+007
1506	3.2799e+006
1507	-2.8633e+006
1508	-2.424e+006
1509	6.5565e+006
1510	-6.7363e+006
1511	-7.0278e+006
1512	-1.6647e+005
1513	5.5912e+006
1514	8.7157e+006
1515	3.3465e+006
1516	-9.3104e+006
1517	-2.0962e+007
1518	-2.6032e+007
1519	-9.1509e+006
1520	2.7749e+005
1521	3.0906e+006
1522	-3.4092e+006
1523	4.0746e+006
1524	8.5031e+006
1525	9.5136e+005
1526	-7.5227e+005
1527	2.5544e+006
1528	4.8374e+006
1529	-2.2952e+006
1530	-1.1001e+007
1531	-1.7446e+007
1532	-1.2174e+007
1533	1.3273e+007
1534	-3.3525e+005
1535	-1.0056e+006
1536	2.5824e+006
1537	5.4531e+006
1538	1.2441e+007
1539	1.3786e+007
1540	1.018e+007
1541	2.0993e+006
1542	-4.9202e+006
1543	-8.3628e+006
1544	86925
1545	2.8949e+006
1546	7.2761e+006
1547	8.7178e+006
1548	6.5319e+006
1549	-9.8475e+005
1550	-9.4286e+006
1551	-1.4206e+007
1552	-5.994e+006
1553	-6.8362e+006
1554	4.6191e+006
1555	1.0293e+007
1556	1.3725e+007
1557	1.1505e+007
1558	4.2932e+006
1559	-3.503e+006
1560	-8.6814e+006
1561	-6.4971e+006
1562	1.7394e+006
1563	6.161e+006
1564	-3.3393e+006
1565	-4.9555e+006
1566	-2.13e+007
1567	-4.2982e+007
1568	-4.3916e+007
1569	-2.6242e+007
1570	-7.1759e+006
1571	-8.6173e+005
1572	3.2533e+006
1573	-1.106e+007
1574	-2.6022e+007
1575	-4.7236e+007
1576	-4.7813e+007
1577	-3.4953e+007
1578	9.1629e+006
1579	-1.0111e+006
1580	-3.4256e+006
1581	-3.6834e+007
1582	-4.8057e+007
1583	-4.08e+007
1584	-2.0708e+007
1585	-4.8062e+006
1586	-8.1256e+005
1587	-6.0923e+006
1588	-3.1693e+007
1589	-4.4438e+007
1590	-5.2058e+007
1591	-3.7667e+007
1592	-1.8243e+007
1593	-4.5563e+006
1594	-1.5744e+007
1595	-3.5274e+007
1596	-4.7842e+007
1597	-5.3284e+007
1598	-2.5644e+007
1599	-1.6968e+007
1600	-5.3539e+007
1601	-5.1553e+007
1602	-3.2408e+007
1603	-1.1995e+007
1604	-2.1729e+007
1605	-4.5924e+007
1606	-5.4984e+007
1607	-4.7769e+007
1608	36340
1609	3.3552e+006
1610	-2.5948e+006
1611	2.7742e+006
1612	-1.9415e+006
1613	-3.3915e+006
1614	-2.0352e+007
1615	-3.3225e+006
1616	-1.6288e+006
1617	-7.165e+006
1618	-5.306e+006
1619	-9.5102e+006
1620	-1.7765e+007
1621	-8.8659e+006
1622	-3.4749e+007
1623	-1.9125e+007
1624	-7.7359e+006
1625	-1.1227e+007
1626	-7.2307e+006
1627	-6.2419e+006
1628	52887
1629	-2.0028e+007
1630	-1.0714e+007
1631	-2.6801e+007
1632	-2.9e+007
1633	-5.1967e+007
1634	-2.6913e+007
1635	-2.4161e+007
1636	-1.984e+007
1637	-6.6105e+007
1638	-1.8222e+007
1639	-7.6546e+007
1640	-7.9251e+007
1641	-7.3612e+007
1642	-6.0978e+007
1643	-4.6276e+007
1644	-4.4374e+006
1645	-1.9237e+006
1646	-3.2293e+007
1647	1.7506e+005
1648	1.3619e+006
1649	1.9199e+006
1650	-1.8286e+007
1651	-1.3026e+007
1652	1.9954e+006
1653	2.1724e+006
1654	3.981e+006
1655	3.0225e+006
1656	4.6763e+006
1657	-2.9209e+007
1658	2.5674e+006
1659	-5.7114e+006
1660	-5.7012e+006
1661	2.1804e+006
1662	-2.417e+007
1663	-9.64e+005
1664	-6.8393e+007
1665	-7.1871e+007
1666	-2.1081e+007
1667	-2.4247e+007
1668	-1.1243e+007
1669	-4.0997e+006
1670	-1.2428e+007
1671	-9.2637e+006
1672	5.2345e+006
1673	-9.0429e+006
1674	-4.4545e+007
1675	-1.8734e+007
1676	-1.4987e+007
1677	-6.5574e+006
1678	3.6912e+006
1679	2.0771e+006
1680	-7.9182e+007
1681	1.751e+006
1682	8.3981e+005
1683	-3.8197e+007
1684	-3.4573e+006
1685	-5.2763e+007
1686	-7.788e+007
1687	-1.8323e+007
1688	-5.8866e+007
1689	-2.642e+007
1690	-2.897e+007
1691	-1.5575e+007
1692	-7.1929e+005
1693	-2.5107e+006
1694	1.662e+006
1695	-1.1245e+007
1696	-8.2597e+006
1697	-7.1026e+006
1698	-1.2372e+007
1699	-2.0257e+007
1700	-5.4478e+007
1701	1.7238e+007
1702	82060
1703	8.4466e+006
1704	-5.3714e+007
1705	-1.9731e+007
1706	1.3188e+007
1707	-8.6955e+006
1708	-5.8118e+007
1709	-2.1943e+007
1710	-8.5873e+007
1711	1.8505e+007
1712	-7.3838e+007
1713	1.9938e+007
1714	-2.7288e+007
1715	-7.4917e+007
1716	-6.2382e+007
1717	-1.0813e+007
1718	-6.7352e+006
1719	-3.5018e+007
1720	1.335e+007
1721	-1.0211e+008
1722	7.9015e+006
1723	-1.4315e+007
1724	8.2474e+006
1725	2.3047e+007
1726	4.7096e+006
1727	1.2693e+007
1728	-2.6143e+007
1729	-4.5293e+007
1730	-7.4482e+007
1731	1.1164e+007
1732	2.0119e+006
1733	-3.6238e+007
1734	2.5289e+007
1735	6.7999e+006
1736	9.1606e+005
1737	1.8895e+007
1738	1.6768e+007
1739	-5.6891e+007
1740	-2.1792e+007
1741	-7.7053e+006
1742	-9.0159e+007
1743	-4.5542e+007
1744	-8.0182e+007
1745	-3.9375e+007
1746	1.3564e+007
1747	-3.7376e+007
1748	-7.2606e+005
1749	1.5857e+007
1750	-2.0499e+007
1751	-5.9793e+007
1752	-1.7336e+007
1753	1.1284e+007
1754	-6.9954e+007
1755	-3.8944e+007
1756	-1.0099e+008
1757	-4.3963e+007
1758	-2.5564e+007
1759	-4.6092e+007
1760	-1.2478e+007
1761	7.835e+006
1762	1.4252e+007
1763	-2.3016e+007
1764	-5.2479e+007
1765	-3.176e+007
1766	-8.6285e+007
1767	-4.2623e+006
1768	-4.0291e+007
1769	1.461e+007
1770	1.2696e+007
1771	5.2447e+006
1772	-4.5412e+006
1773	-2.0639e+007
1774	1.2032e+007
1775	1.2793e+007
1776	-1.0989e+008
1777	5.4564e+006
1778	-7.6225e+006
1779	-5.6747e+006
1780	2.5357e+007
1781	9.1478e+006
1782	-2.608e+006
1783	-2.7414e+007
1784	1.2967e+007
1785	1.8476e+007
1786	1.2087e+007
1787	2.3741e+007
1788	-8.2637e+007
1789	-3.3184e+007
1790	-8.8988e+005
1791	-4.4936e+007
1792	-7.0632e+007
1793	-4.3179e+007
1794	-5.8983e+007
1795	-9.2064e+007
1796	2.4003e+007
1797	-9.0671e+006
1798	-6.668e+007
1799	-7.1732e+006
1800	-5.9525e+007
1801	-4.8404e+007
1802	-2.952e+007
1803	-1.0895e+008
1804	-3.7737e+006
1805	1.5158e+007
1806	-4.3873e+007
1807	-1.7786e+007
1808	4.3084e+006
1809	-2.3123e+006
1810	2.4317e+007
1811	-7.7192e+007
1812	-1.2295e+008
1813	-1.3702e+008
1814	-2.476e+007
1815	-1.2187e+008
1816	-5.1526e+007
1817	-1.0128e+007
1818	1.4427e+007
1819	1.335e+007
1820	1.023e+007
1821	-1.5681e+007
1822	-1.6582e+007
1823	-1.4156e+007
1824	1.4933e+006
1825	3.6331e+006
1826	2.8386e+007
1827	-3.0831e+006
1828	-2.8559e+007
1829	-5.5643e+007
1830	-2.3594e+007
1831	-5.3754e+007
1832	1.359e+007
1833	5.0524e+006
1834	9.9407e+006
1835	1.4798e+007
1836	-2.3856e+006
1837	1.2994e+007
1838	1.335e+007
1839	-1.3445e+008
1840	1.5865e+007
1841	-3.3391e+006
1842	-6.7105e+007
1843	-7.8228e+006
1844	-3.7201e+007
1845	1.0915e+007
1846	9.1521e+006
1847	2.2516e+006
1848	-1.2239e+007
1849	-7.427e+006
1850	-1.5752e+007
1851	-2.6567e+007
1852	1.8584e+007
1853	-5.4388e+007
1854	-5.7435e+007
1855	3.8649e+006
1856	-8.7963e+007
1857	1.2684e+007
1858	1.4519e+007
1859	-9.8247e+007
1860	-2.5475e+007
1861	-5.5699e+007
1862	-9.3057e+006
1863	-1.2838e+008
1864	-7.8327e+007
1865	1.3061e+007
1866	-6.5508e+007
1867	-1.0081e+008
1868	9.1312e+006
1869	1.9854e+007
1870	1.235e+007
1871	-5.6479e+007
1872	1.5049e+007
1873	1.0441e+007
1874	-1.6448e+007
1875	2.1049e+007
1876	7.9629e+006
1877	2.2323e+007
1878	2.1749e+007
1879	-5.1655e+007
1880	-1.199e+007
1881	1.8908e+007
1882	2.2611e+007
1883	1.2118e+007
1884	-4.82e+007
1885	-7.4957e+007
1886	-4.3294e+007
1887	8.4549e+006
1888	1.917e+007
1889	-4.7412e+007
1890	-7.8796e+007
1891	-2.6749e+007
1892	-2.5138e+007
1893	-2.4072e+007
1894	1.4656e+007
1895	1.0598e+007
1896	4.718e+007
1897	-8.1051e+007
1898	1.538e+007
1899	1.9955e+007
1900	1.3016e+007
1901	-5.7012e+007
1902	-1.3497e+007
1903	1.2224e+007
1904	1.2822e+007
1905	-3.8754e+007
1906	-1.4262e+008
1907	-1.8809e+006
1908	-3.2671e+007
1909	-1.806e+006
1910	-2.1426e+007
1911	-6.1939e+007
1912	-4.8045e+006
1913	-6.4457e+007
1914	-3.1677e+007
1915	-4.095e+005
1916	-2.7463e+007
1917	-4.6569e+007
1918	-9.3109e+007
1919	-1.6439e+008
1920	-9.0548e+006
1921	-5.7933e+006
1922	8.6272e+006
1923	1.1283e+007
1924	4.0818e+006
1925	-7.3861e+007
1926	-9.9862e+007
1927	-4.8275e+007
1928	-6.7777e+007
1929	1.6687e+007
1930	-3.4105e+006
1931	1.4614e+007
1932	-3.8398e+007
1933	1.3591e+007
1934	-1.7172e+007
1935	-1.2148e+007
1936	4.0297e+006
1937	-2.6854e+007
1938	-3.7548e+007
1939	-5.1343e+007
1940	1.5409e+007
1941	1.7054e+007
1942	-5.7096e+007
1943	-6.8295e+007
1944	5.1863e+006
1945	-3.0838e+007
1946	1.9964e+007
1947	-3.7861e+007
1948	-5.6369e+007
1949	1.7528e+007
1950	-4.1887e+007
1951	-1.5481e+007
1952	1.4262e+006
1953	-4.2021e+007
1954	2.7368e+007
1955	-3.4565e+007
1956	1.0785e+006
1957	1.4832e+006
1958	-2.7008e+006
1959	-1.7482e+007
1960	-7.7719e+007
1961	-2.0583e+007
1962	-3.925e+007
1963	-4.1103e+007
1964	7.4177e+006
1965	2.0832e+007
1966	-4.8193e+007
1967	-1.6697e+008
1968	-8.5602e+006
1969	-2.1437e+007
1970	1.0277e+007
1971	-1.055e+007
1972	-1.6455e+007
1973	9.4837e+006
1974	-7.5863e+007
1975	-3.5623e+006
1976	1.4458e+007
1977	5.0522e+006
1978	-1.2223e+008
1979	-3.6466e+006
1980	-1.1045e+008
1981	1.8082e+007
1982	1.0638e+007
1983	4.9565e+006
1984	-4.3194e+007
1985	-1.0684e+007
1986	-1.246e+007
1987	-4.9181e+007
1988	5.2207e+007
1989	1.4277e+007
1990	-4.3154e+007
1991	4.7561e+006
1992	9.6321e+006
1993	-3.3715e+007
1994	1.7498e+007
1995	-1.0648e+008
1996	-1.0412e+008
1997	-1.048e+008
1998	1.8419e+007
1999	2.264e+007
2000	1.2959e+007
2001	9.563e+006
2002	1.6226e+007
2003	2.9455e+007
2004	1.3775e+008
2005	-4.8654e+007
2006	5.3758e+007
2007	2.9897e+007
2008	1.1645e+008
2009	-6.126e+006
2010	6.9318e+007
2011	7.16e+006
2012	2.6811e+007
2013	7.47e+006
2014	-1.3894e+007
2015	1.3523e+007
2016	9.3478e+007
2017	5.4271e+007
2018	2.4392e+007
2019	1.667e+008
2020	-1.2516e+007
2021	1.4415e+008
2022	3.367e+006
2023	-2.7752e+006
2024	67017
2025	-5.1582e+006
2026	1.1782e+007
2027	5.3177e+007
2028	7.1042e+007
2029	1.7276e+007
2030	-1.6996e+007
2031	3.5865e+007
2032	-9.4614e+006
2033	-9.1369e+006
2034	-3.2277e+007
2035	-1.9571e+007
2036	-1.7177e+007
2037	8.1606e+007
2038	5.5799e+007
2039	1.0507e+008
2040	4.1629e+007
2041	3.9447e+007
2042	8.0213e+006
2043	2.3274e+006
2044	-3.1236e+006
2045	1.5695e+006
2046	1.8816e+008
2047	-3.15e+006
2048	1.9592e+007
2049	-5.6508e+006
2050	-5.0279e+006
2051	1.082e+007
2052	1.3974e+007
2053	-8.5751e+006
2054	2.4081e+007
2055	5.6595e+007
2056	8.9977e+006
2057	1.7244e+007
2058	1.4591e+008
2059	8.8819e+007
2060	9.909e+007
2061	1.1753e+006
2062	8.5483e+007
2063	3.5517e+007
2064	7.231e+007
2065	7.1324e+007
2066	6.9253e+007
2067	2.8141e+007
2068	-7.5975e+006
2069	1.3311e+008
2070	1.2265e+008
2071	7.3377e+007
2072	-5.7604e+006
2073	3.1147e+007
2074	2.8356e+007
2075	-9.2617e+006
2076	-4.0907e+007
2077	-1.1848e+007
2078	1.2068e+007
2079	3.073e+006
2080	-1.272e+007
2081	3.4355e+007
2082	-9.9886e+005
2083	7.5059e+007
2084	2.3329e+007
2085	-7.7385e+006
2086	1.1039e+007
2087	1.2153e+008
2088	1.8557e+008
2089	2.1962e+007
2090	5.7079e+007
2091	3.4385e+007
2092	-6.9918e+006
2093	4.3423e+007
2094	7.0235e+007
2095	-3.1182e+007
2096	3.9746e+006
2097	1.6256e+008
2098	-9.5126e+006
2099	7.9667e+007
2100	-6.7568e+006
2101	1.0898e+008
2102	5.8694e+007
2103	1.399e+007
2104	1.0939e+005
2105	3.9573e+007
2106	3.041e+006
2107	-8.4161e+006
2108	2.1538e+007
2109	3.9142e+006
2110	9.2625e+007
2111	-3.4459e+006
2112	9.0988e+007
2113	-6.4338e+006
2114	5.9001e+006
2115	-1.2947e+006
2116	2.1249e+007
2117	1.486e+007
2118	-1.0182e+007
2119	2.7166e+007
2120	1.6457e+008
2121	4.0306e+007
2122	6.8231e+007
2123	9.6207e+005
2124	6.6861e+007
2125	-8.6579e+006
2126	-3.7497e+006
2127	-4.9442e+006
2128	8.0334e+006
2129	2.567e+007
2130	7.0495e+007
2131	1.0569e+007
2132	1.0052e+008
2133	7.1916e+006
2134	4.3689e+006
2135	1.2211e+006
2136	-8.092e+006
2137	1.7838e+007
2138	1.2739e+007
2139	-6.1677e+006
2140	-2.1881e+007
2141	-1.942e+007
2142	-1.5142e+007
2143	-8.8197e+006
2144	9.7921e+006
2145	4.7686e+007
2146	-3.7301e+007
2147	-4.608e+007
2148	-1.3156e+007
2149	-4.0653e+006
2150	5.0595e+006
2151	2.9316e+007
2152	1.8048e+007
2153	-4.5011e+006
2154	-6.5791e+005
2155	-8.6169e+006
2156	1.0281e+008
2157	-2.0958e+007
2158	-7.3766e+006
2159	-1.0076e+007
2160	2.3202e+006
2161	3.4284e+007
2162	6.0126e+007
2163	-2.3124e+007
2164	3.2427e+007
2165	-4.8919e+006
2166	-2.9985e+006
2167	-9.1338e+006
2168	4.0978e+006
2169	1.4185e+008
2170	-1.2051e+007
2171	-5.9677e+006
2172	-1.403e+007
2173	-1.7082e+007
2174	9.6009e+006
2175	1.5692e+007
2176	-8.0323e+006
2177	4.9588e+007
2178	5.066e+007
2179	6.6281e+007
2180	9.7478e+007
2181	7.4864e+007
2182	4.5052e+007
2183	4.1142e+007
2184	1.1925e+008
2185	1.9871e+007
2186	2.4982e+007
2187	1.7825e+007
2188	2.4358e+007
2189	1.4252e+008
2190	5.5458e+007
2191	2.3433e+007
2192	4.3351e+006
2193	2.5902e+007
2194	-2.8213e+007
2195	8.5155e+007
2196	1.8055e+006
2197	-2.0202e+006
2198	-1.044e+007
2199	4.5783e+007
2200	1.0357e+008
2201	-4.9345e+007
2202	-4.0001e+007
2203	-6.1205e+006
2204	-4.7227e+006
2205	4.602e+007
2206	3.6959e+007
2207	-4.5974e+006
2208	5.0392e+007
2209	1.8014e+008
2210	9.0391e+007
2211	1.5277e+007
2212	4.5615e+006
2213	1.9853e+008
2214	9.1751e+007
2215	-7.6999e+006
2216	1.8697e+008
2217	2.2275e+007
2218	2.8912e+007
2219	4.3946e+007
2220	5.5994e+007
2221	-7.0959e+006
2222	-9.5802e+006
2223	4.4072e+007
2224	-3.958e+007
2225	-2.1198e+007
2226	-4.6432e+007
2227	-2.1547e+007
2228	4.3744e+007
2229	2.7313e+007
2230	1.035e+006
2231	1.1855e+007
2232	-8.2614e+006
2233	7.5214e+006
2234	3.4735e+006
2235	-1.0257e+006
2236	-1.8562e+007
2237	-7.6589e+006
2238	1.6887e+008
2239	-7.9234e+005
2240	3.8922e+006
2241	2.1508e+007
2242	8.4866e+006
2243	9.9685e+007
2244	-8.4876e+005
2245	-2.7656e+006
2246	1.7817e+006
2247	3.7291e+007
2248	-5.4029e+006
2249	1.1203e+008
2250	1.7721e+008
2251	-9.0616e+006
2252	-3.4686e+006
2253	1.6207e+008
2254	2.3306e+007
2255	1.5692e+007
2256	1.0841e+006
2257	-2.5743e+006
2258	5.3612e+007
2259	5.6945e+007
2260	8.0799e+006
2261	6.2693e+006
2262	5.263e+007
2263	9.8953e+006
2264	6.4896e+007
2265	-5.5227e+006
2266	-1.5208e+007
2267	-4.4295e+006
2268	2.3373e+007
2269	1.375e+006
2270	2.4e+007
2271	-2.851e+007
2272	7.2111e+006
2273	4.7233e+006
2274	1.3031e+007
2275	-3.6108e+006
2276	-2.9323e+006
2277	1.6201e+008
2278	-1.2212e+007
2279	2.6158e+007
2280	5.0282e+007
2281	-1.3412e+007
2282	7.1392e+006
2283	5.6086e+006
2284	5.5232e+007
2285	5.3556e+007
2286	2.6506e+007
2287	1.3421e+007
2288	3.8214e+005
2289	3.5643e+007
2290	1.4052e+007
2291	1.9742e+007
2292	2.9225e+007
2293	7.3133e+007
2294	3.7981e+006
2295	4.165e+007
2296	2.028e+006
2297	1.0586e+005
2298	1.4194e+007
2299	9.4475e+007
2300	1.569e+007
2301	-7.4475e+006
2302	6.8043e+005
2303	-55518
2304	2.2065e+007
2305	3.7707e+007
2306	6.9574e+007
2307	1.2556e+007
2308	1.0709e+008
2309	1.6412e+008
2310	1.1581e+008
2311	7.0758e+007
2312	1.9356e+008
2313	1.0671e+007
2314	1.2835e+008
2315	1.082e+008
2316	8.2313e+007
2317	1.6716e+008
2318	4.048e+007
2319	5.0862e+007
2320	-8.7588e+006
2321	-5.383e+006
2322	5.3623e+005
2323	5.1697e+007
2324	1.2931e+008
2325	-6.2781e+006
2326	5.9765e+007
2327	4.5388e+007
2328	2.7566e+007
2329	4.7508e+007
2330	8.7346e+007
2331	9.2062e+006
2332	3.2348e+007
2333	-1.9441e+006
2334	9.1756e+006
2335	1.1966e+008
2336	6.3407e+005
2337	6.2527e+006
2338	1.5431e+007
2339	6.4016e+007
2340	5.5437e+007
2341	-9.7979e+006
2342	4.458e+006
2343	8.6567e+007
2344	-6.2429e+005
2345	7.4721e+007
2346	6.4795e+007
2347	1.7027e+007
2348	-1.1575e+007
2349	1.0736e+007
2350	4.676e+007
2351	-2.5739e+006
2352	8.2012e+006
2353	5.2298e+007
2354	-2.6265e+006
2355	-7.8778e+006
2356	2.6795e+007
2357	1.5641e+008
2358	1.6788e+006
2359	1.1241e+007
2360	-1.4163e+006
2361	-2.2877e+006
2362	5.7492e+007
2363	1.2833e+008
2364	8.11e+007
2365	2.2056e+007
2366	4.2995e+006
2367	3.0123e+007
2368	1.5706e+007
2369	5.5995e+006
2370	-4.083e+006
2371	-1.1843e+007
2372	6.1167e+007
2373	2.5035e+007
2374	5.7552e+006
2375	-8.9361e+006
2376	3.2768e+007
2377	3.7366e+006
2378	1.4939e+007
2379	2.34e+006
2380	-2.5485e+007
2381	3.5306e+007
2382	-9.1136e+006
2383	-4.536e+006
2384	6.8773e+007
2385	1.3093e+008
2386	8.2352e+007
2387	5.1976e+006
2388	3.8205e+007
2389	8.9583e+006
2390	1.4257e+008
2391	2.7097e+007
2392	1.5786e+007
2393	-3.9437e+006
2394	-9.3947e+006
2395	9.4135e+007
2396	5.3312e+007
2397	-9.8199e+006
2398	3.0289e+006
2399	1.3594e+008
2400	3.5406e+006
2401	1.3111e+007
2402	-9.6285e+006
2403	6.2276e+007
2404	1.0628e+008
2405	1.3334e+006
2406	8.11e+007
2407	7.8866e+007
2408	8.4843e+007
2409	4.9154e+006
2410	9.7446e+006
2411	6.8765e+007
2412	1.8339e+007
2413	-1.3641e+007
2414	1.9879e+007
2415	2.3788e+006
2416	-1.4636e+007
2417	7.1349e+007
2418	4.0824e+006
2419	1.0001e+007
2420	4.9048e+007
2421	-5.161e+006
2422	7.8668e+007
2423	9.4183e+007
2424	1.0546e+008
2425	-1.0338e+007
2426	1.1312e+006
2427	1.2634e+008
2428	7.6296e+007
2429	5.3699e+006
2430	5.8845e+007
2431	7.2589e+006
2432	2.1572e+007
2433	1.4195e+007
2434	8.9449e+006
2435	1.8305e+006
2436	3.7086e+007
2437	1.8905e+007
2438	-6.3548e+006
2439	-9.8227e+006
2440	3.322e+007
2441	1.1078e+008
2442	-1.9044e+006
2443	-1.0805e+006
2444	5.1492e+007
2445	5.6803e+007
2446	5.24e+007
2447	3.8671e+007
2448	5.1379e+007
2449	-7.7158e+006
2450	6.6295e+006
2451	9.9777e+007
2452	5.922e+006
2453	4.1367e+007
2454	-3.0326e+006
2455	5.8167e+006
2456	1.4259e+008
2457	-6.1827e+006
2458	1.1239e+007
2459	2.2022e+007
2460	1.5673e+007
2461	6.1807e+007
2462	2.63e+007
2463	1.1383e+007
2464	8.8596e+006
2465	1.0687e+007
2466	-9.6229e+006
2467	-3.7275e+005
2468	-3.2713e+006
2469	-4.8624e+006
2470	-5.7203e+006
2471	-8.4269e+006
2472	2.6472e+007
2473	-1.9993e+006
2474	3.7705e+007
2475	5.5314e+007
2476	3.6799e+007
2477	-6.2868e+006
2478	1.9175e+007
2479	9.3587e+006
2480	1.0221e+008
2481	-2.931e+007
2482	-8.7944e+006
2483	-6.4804e+006
2484	3.9313e+007
2485	2.869e+007
2486	2.9098e+006
2487	-9.257e+006
2488	-1.0976e+007
2489	-5.8639e+006
2490	-1.2494e+007
2491	1.1222e+007
2492	1.183e+007
2493	2.1441e+007
2494	9.8417e+006
2495	1.9218e+007
2496	3.8242e+007
2497	-3.6249e+006
2498	-2.3053e+007
2499	-2.8417e+007
2500	3.7985e+007
2501	-2.4116e+006
2502	5.5085e+007
2503	3.7817e+007
2504	-3.6164e+006
2505	-6.7063e+005
2506	2.5921e+006
2507	-2.8031e+007
2508	4.844e+007
2509	-4.6464e+006
2510	1.5849e+007
2511	-5.5018e+007
2512	4.6701e+007
2513	-3.4458e+006
2514	-1.4462e+007
2515	-2.6694e+007
2516	1.0279e+008
2517	2.7633e+007
2518	-2.6819e+007
2519	-1.1607e+007
2520	1.8856e+007
2521	6.2226e+007
2522	5.5356e+007
2523	-7.0256e+006
2524	2.0821e+007
2525	4.5972e+007
2526	1.9637e+006
2527	2.3675e+007
2528	-6.1655e+006
2529	-1.1984e+007
2530	-7.1615e+006
2531	1.319e+008
2532	9.3625e+006
2533	-7.9613e+006
2534	7.1248e+007
2535	3.8275e+007
2536	4.0447e+007
2537	3.116e+006
2538	-4.7852e+007
2539	-1.8184e+007
2540	-4.1009e+007
2541	-1.8849e+007
2542	-1.2003e+007
2543	4.5526e+006
2544	1.3463e+008
2545	2.3656e+007
2546	-3.6849e+006
2547	-3.8859e+006
2548	8.8515e+007
2549	1.5945e+007
2550	2.3019e+007
2551	4127.3
2552	4.7798e+005
2553	5.9074e+005
2554	7.6785e+005
2555	1.1389e+006
2556	9.3785e+005
2557	7.5153e+005
2558	4.3925e+005
2559	-31026
2560	-1.5775e+005
2561	-1.0894e+006
2562	-6.8824e+005
2563	-4.7832e+005
2564	-2.5679e+005
2565	-3.2151e+005
2566	-4.6082e+005
2567	-7.4542e+005
2568	3.4619e+005
2569	-4.6723e+005
2570	4.1724e+005
2571	-7.3849e+005
2572	-2.7241e+005
2573	1.0992e+006
2574	1.5108e+005
2575	1.5422e+006
2576	1.0818e+005
2577	1.7728e+006
2578	-2.8938e+005
2579	1.5219e+006
2580	-3.0596e+005
2581	1.8199e+006
2582	-2.5889e+005
2583	1.876e+006
2584	1.1072e+006
2585	-4.8972e+005
2586	-8.8898e+005
2587	-4.1177e+006
2588	-78765
2589	-3.845e+006
2590	-7.2323e+006
2591	-8.0497e+006
2592	-9.1654e+006
2593	-8.5089e+006
2594	-8.9641e+006
2595	-8.3178e+006
2596	-1.1405e+007
2597	-7.2443e+005
2598	-1.1462e+007
2599	-6.0689e+006
2600	-1.0582e+007
2601	-3.9526e+006
2602	-4.3593e+006
2603	-4.2299e+006
2604	-3.6821e+006
2605	-1.0473e+007
2606	-4.3861e+006
2607	-7.5676e+006
2608	-2.8024e+006
2609	-6.3191e+006
2610	-1.0792e+007
2611	-1.2194e+007
2612	-5.0145e+006
2613	-3.6656e+006
2614	-1.1608e+007
2615	-1.9746e+006
2616	-6.533e+006
2617	-1.1708e+007
2618	-4.8456e+006
2619	-1.2325e+007
2620	-5.5964e+006
2621	-1.4329e+007
2622	-1.8835e+007
2623	-2.0309e+007
2624	-2.731e+007
2625	-3.1242e+007
2626	-3.2625e+007
2627	-3.3028e+007
2628	-3.1428e+007
2629	-2.7663e+007
2630	-2.3363e+007
2631	-2.4302e+007
2632	-1.6387e+007
2633	-1.1965e+007
2634	-3.3109e+007
2635	-1.3557e+007
2636	-9.4467e+006
2637	-9.8622e+006
2638	-1.0477e+007
2639	-1.935e+007
2640	-3.7471e+007
2641	-1.5296e+007
2642	-1.3773e+007
2643	-2.6089e+007
2644	-1.6435e+007
2645	-3.3799e+007
2646	-4.6831e+007
2647	-2.1058e+007
2648	-1.9451e+007
2649	-4.7158e+007
2650	-4.0858e+007
2651	-1.7755e+007
2652	-2.0694e+007
2653	-4.4513e+007
2654	-4.3159e+007
2655	-1.8254e+007
2656	-1.8725e+007
2657	-2.088e+007
2658	-1.5403e+007
2659	-6.6729e+006
2660	-1.354e+006
2661	-1.6749e+007
2662	3.1913e+006
2663	-3.4035e+007
2664	5.7673e+006
2665	-4.3787e+007
2666	3.9826e+006
2667	-3.8929e+007
2668	-1.2396e+006
2669	-7.8455e+006
2670	-2.1088e+006
2671	1.1352e+006
2672	-4.6478e+007
2673	-2.9392e+007
2674	1.1358e+007
2675	-4.927e+007
2676	1.742e+007
2677	-5.5442e+007
2678	1.6038e+007
2679	-1.1344e+007
2680	-4.4051e+006
2681	-1.2257e+006
2682	-7.8174e+006
2683	8.3643e+005
2684	-6.5702e+006
2685	8.3476e+006
2686	1.9271e+007
2687	2.7992e+007
2688	2.215e+007
2689	6.4872e+006
2690	-4.8117e+007
2691	-3.2285e+007
2692	-4.9806e+007
2693	-1.4057e+007
2694	1.1855e+006
2695	-1.5483e+007
2696	4.6947e+006
2697	-3.5222e+007
2698	-5.8475e+007
2699	-1.7133e+007
2700	-3.0174e+007
2701	-3.3385e+007
2702	-1.6265e+007
2703	-2.5349e+007
2704	-6.141e+006
2705	-2.5489e+007
2706	-5.7128e+006
2707	3.4478e+007
2708	-7.3163e+007
2709	2.9668e+007
2710	-6.2053e+007
2711	1.1766e+007
2712	-3.4831e+007
2713	2.2827e+007
2714	-9.0066e+006
2715	-2.9897e+007
2716	1.0508e+006
2717	-3.1691e+006
2718	-1.2673e+006
2719	-6.2049e+007
2720	2.1785e+006
2721	-7.3075e+007
2722	-6.8172e+007
2723	-4.418e+007
2724	-1.9451e+007
2725	5.9173e+006
2726	-2.1965e+006
2727	-5.3537e+007
2728	-7.2168e+007
2729	-2.6529e+007
2730	1.4614e+006
2731	-3.0139e+007
2732	1.9407e+007
2733	-5.2226e+006
2734	7.7869e+005
2735	-7.0116e+007
2736	-1.3236e+007
2737	3.7553e+007
2738	3.8068e+007
2739	2.1619e+007
2740	5.5828e+006
2741	2.3843e+006
2742	-3.8934e+005
2743	-2.1996e+006
2744	-4.3784e+006
2745	-6.1113e+006
2746	-4.9534e+006
2747	-1.2257e+007
2748	8.0662e+005
2749	-1.059e+007
2750	1.2409e+006
2751	-6.0722e+006
2752	1.4649e+006
2753	-1.909e+006
2754	4.2954e+005
2755	2.2529e+005
2756	-6.7537e+006
2757	-9.0866e+005
2758	-1.8732e+006
2759	-1.508e+007
2760	4.5114e+006
2761	-1.2002e+007
2762	3.6982e+006
2763	-6.156e+006
2764	2.0222e+006
2765	-1.3416e+007
2766	3.9219e+006
2767	-1.3206e+006
2768	-2.0389e+006
2769	-17026
2770	-2.1449e+006
2771	-1.2054e+007
2772	-3.4773e+005
2773	7.1528e+006
2774	4.5812e+006
2775	4745.5
2776	6.8328e+006
2777	-9.0596e+006
2778	-1.3316e+007
2779	-4.0939e+006
2780	-1.3462e+007
2781	5.0124e+006
2782	3.1419e+005
2783	1.2378e+006
2784	-1.1815e+006
2785	-3.5879e+006
2786	-2.9601e+006
2787	4.0473e+006
2788	7.4152e+005
2789	-9.1757e+006
2790	-6.6822e+006
2791	-2.161e+006
2792	-6.738e+006
2793	-3.9994e+006
2794	-7.248e+006
2795	-9.8766e+005
2796	-9.2529e+006
2797	3.2826e+006
2798	-9.3199e+006
2799	7.5272e+006
2800	-1.6682e+007
2801	7.9189e+006
2802	-1.9738e+007
2803	-2.0306e+005
2804	-1.2802e+007
2805	-4.3418e+005
2806	2.2209e+005
2807	-3.3809e+006
2808	-7.1867e+006
2809	-1.5345e+007
2810	-2.0213e+007
2811	-1.8682e+007
2812	-5.5258e+005
2813	-9.1434e+006
2814	-6.3818e+006
2815	-1.8903e+007
2816	-1.2426e+007
2817	-1.9433e+007
2818	-5.7106e+005
2819	-5.981e+005
2820	-9.3631e+006
2821	4.6266e+006
2822	-5.8182e+006
2823	-1.6844e+007
2824	7.9362e+006
2825	2.7642e+006
2826	7.7634e+006
2827	1.0881e+007
2828	8.9315e+006
2829	-89171
2830	-2.0095e+006
2831	-2.1199e+006
2832	-1.8838e+006
2833	-1.9123e+006
2834	-1.7854e+006
2835	-1.5092e+006
2836	-2.1637e+006
2837	-1.1543e+006
2838	-2.4206e+006
2839	-1.6891e+006
2840	-2.2432e+006
2841	-2.1593e+006
2842	-1.7273e+006
2843	-1.3869e+006
2844	-1.7819e+006
2845	-1.4533e+006
2846	-2.0748e+006
2847	-1.0174e+006
2848	-2.3371e+006
2849	-8.5877e+005
2850	-2.6624e+006
2851	-1.6894e+006
2852	-2.3352e+006
2853	-1.836e+006
2854	-1.4087e+006
2855	-2.1936e+006
2856	-2.0924e+006
2857	-2.2236e+006
2858	-1.8889e+006
2859	-1.7724e+006
2860	-2.8545e+005
2861	-2.85e+006
2862	-2.6415e+006
2863	-1.5358e+006
2864	-1.8071e+006
2865	-1.1089e+006
2866	-1.0306e+006
2867	-2.0436e+006
2868	-1.6267e+006
2869	-7.1035e+005
2870	-1.4599e+006
2871	-1.0902e+006
2872	-2.1639e+006
2873	-2.3472e+006
2874	-1.4469e+006
2875	-1.1717e+006
2876	-9.217e+005
2877	-1.5515e+006
2878	-1.5931e+006
2879	-2.0615e+006
2880	-1.6631e+006
2881	-1.9069e+006
2882	-1.803e+006
2883	-2.1334e+006
2884	-1.9473e+006
2885	-2.3362e+006
2886	-1.0267e+006
2887	-3.1431e+006
2888	-1.2649e+005
2889	-2.2204e+006
2890	-7.7134e+005
2891	-9.3854e+005
2892	-1.6293e+006
2893	-1.83e+006
2894	-1.2234e+006
2895	-2.0072e+006
2896	-1.3671e+006
2897	-2.2719e+005
2898	-4.3173e+005
2899	-1.455e+006
2900	-24161
2901	-1.2765e+006
2902	-1.4569e+006
2903	-1.8317e+005
2904	-6.2157e+005
2905	-1.0888e+006
2906	-1.9351e+006
2907	-4.6641e+005
2908	-1.9547e+006
2909	-4.1321e+005
2910	-1.736e+006
2911	-1.5035e+006
2912	-1.0378e+006
2913	-1.9573e+006
2914	-3.2714e+006
2915	-2.8995e+006
2916	-1.336e+006
2917	-1.675e+006
2918	-4.2182e+007
2919	-4.2224e+007
2920	-5.5386e+007
2921	-1.168e+007
2922	-1.6973e+007
2923	-9.4494e+007
2924	-1.1226e+008
2925	1.6176e+007
2926	-7.165e+007
2927	-7.6538e+007
2928	-9.3567e+007
2929	-2.4427e+007
2930	-2.0682e+007
2931	-6.9624e+007
2932	-8.7848e+006
2933	-9.9573e+007
2934	1.6603e+007
2935	-1.2037e+008
2936	1.1466e+007
2937	8.1402e+006
2938	-7.2067e+007
2939	-4.8881e+007
2940	-4.7066e+007
2941	-2.9259e+006
2942	3.078e+006
2943	-1.771e+006
2944	-5.7423e+006
2945	-2.0939e+007
2946	-4.8923e+007
2947	4.5166e+006
2948	-6.3187e+006
2949	1.3809e+007
2950	-1.7947e+007
2951	-1.3046e+006
2952	-1.4704e+007
2953	9.2776e+005
2954	-9.5547e+006
2955	1.0406e+007
2956	-1.9361e+006
2957	-1.6277e+007
2958	4.6864e+006
2959	-5.5089e+005
2960	-2.8124e+006
2961	-3.6444e+007
2962	8.9575e+006
2963	-2.3947e+006
2964	2.4627e+007
2965	-1.9838e+007
2966	-3.4977e+006
2967	1.1557e+007
2968	1.1219e+006
2969	-74577
2970	3.1549e+007
2971	-4.1094e+005
2972	-1.2134e+006
2973	3.0262e+005
2974	4.9614e+006
2975	-42989
2976	1.7945e+006
2977	2.7425e+005
2978	-6.4684e+007
2979	5.5671e+006
2980	-7.4733e+007
2981	5.5743e+006
2982	-2.3746e+007
2983	-2.136e+007
2984	-4.8117e+006
2985	-1.2404e+007
2986	-1.6161e+007
2987	1.0662e+007
2988	5.3682e+006
2989	-6.837e+007
2990	4.3619e+006
2991	-4.5485e+006
2992	-5.4485e+007
2993	5.1135e+006
2994	-2.7061e+007
2995	-1.6974e+006
2996	-2.0023e+005
2997	-4.465e+006
2998	-5.7733e+006
2999	-2.5134e+006
3000	5.9987e+006
3001	1.9122e+007
3002	6.4665e+006
3003	-2.3596e+005
3004	-4.5603e+005
3005	4.5019e+005
3006	-2.5223e+006
3007	-3.0023e+007
3008	-2.9375e+006
3009	4.565e+006
3010	1.7981e+007
3011	81504
3012	2.3772e+007
3013	-9.9654e+005
3014	-2.6928e+007
3015	1.4552e+006
3016	-1.5508e+007
3017	-8.2774e+006
3018	-2.5065e+006
3019	4.2523e+006
3020	1.414e+007
3021	-2.3027e+007
3022	-2.2293e+007
3023	-5.8177e+006
3024	-6.6817e+007
3025	3.5631e+006
3026	-5.1059e+007
3027	-9.2807e+006
3028	-2.0649e+007
3029	-2.6215e+007
3030	-4.9081e+006
3031	-4.614e+006
3032	1.0189e+006
3033	-1.3726e+006
3034	3.9033e+006
3035	1.8864e+007
3036	-97569
3037	3.0455e+006
3038	1.3923e+006
3039	1.0108e+006
3040	-1.7901e+006
3041	-3.0129e+006
3042	4.9105e+005
3043	1.9654e+007
3044	2.084e+007
3045	-4.4799e+005
3046	-1.0654e+007
3047	66448
3048	-7.9393e+005
3049	1.3051e+006
3050	-9.1533e+006
3051	1.055e+007
3052	-5.205e+006
3053	-2.6526e+005
3054	4.0119e+007
3055	5.4076e+006
3056	1.0532e+007
3057	2118.8
3058	-2.9829e+006
3059	5.2538e+006
3060	-3.4332e+005
3061	-4.6643e+007
3062	2.9137e+006
3063	-4.5198e+006
3064	-4.6679e+006
3065	1.3453e+007
3066	-2.2432e+005
3067	6.4201e+006
3068	4.3618e+006
3069	2.4453e+006
3070	-7.8826e+006
3071	1.9682e+006
3072	-4.4871e+005
3073	9.0945e+006
3074	2.8383e+007
3075	2.8676e+007
3076	9.9912e+006
3077	2.8794e+007
3078	-5.3472e+006
3079	-4.1852e+007
3080	7.333e+006
3081	-9.8473e+005
3082	-1.5078e+007
3083	-9.3411e+006
3084	-2.9465e+007
3085	8.7055e+006
3086	2.755e+007
3087	4.0585e+006
3088	-1.0513e+007
3089	-1.2738e+006
3090	-9.8513e+007
3091	2.9485e+006
3092	4.6957e+006
3093	-8.8318e+006
3094	9.282e+006
3095	2.9277e+007
3096	-3.973e+007
3097	-3.4935e+006
3098	7.1822e+006
3099	-3.9322e+006
3100	-7.8918e+005
3101	1.1203e+007
3102	1.1248e+006
3103	1.6532e+006
3104	-6.6493e+005
3105	-1.1525e+007
3106	-5.4707e+005
3107	-3.4817e+006
3108	-3.4498e+006
3109	-5.8833e+006
3110	7.5273e+005
3111	1.5348e+006
3112	8.0734e+005
3113	2.6028e+006
3114	-1.7745e+006
3115	4.1229e+005
3116	1.789e+007
3117	5.4766e+006
3118	-1.3134e+007
3119	-4.3236e+005
3120	-4.3609e+005
3121	-2.5305e+006
3122	1.6194e+006
3123	8.9808e+005
3124	-1.3516e+007
3125	-3.7875e+005
3126	-7.8195e+006
3127	1.8216e+006
3128	-2.3838e+007
3129	-7.5847e+006
3130	-4.0289e+007
3131	89567
3132	-1.7962e+006
3133	-1.2143e+007
3134	-4.6137e+007
3135	-3.7258e+007
3136	-4.4943e+006
3137	-6.8035e+006
3138	4.1281e+007
3139	2.3201e+007
3140	-1.4762e+006
3141	15093
3142	8.1645e+006
3143	-3.3914e+007
3144	1.9201e+007
3145	4.2911e+005
3146	-6.4542e+006
3147	-1.259e+007
3148	4.3057e+006
3149	-6.9181e+006
3150	2.1231e+007
3151	-3.6557e+007
3152	5.6967e+007
3153	9.2507e+006
3154	1.645e+007
3155	-4.6448e+007
3156	1.8934e+007
3157	-1.2133e+007
3158	-1.9902e+007
3159	-2.8381e+006
3160	6.7059e+006
3161	-8.6625e+006
3162	1.1084e+006
3163	-3.1101e+006
3164	8.6972e+006
3165	1.2295e+007
3166	-3.7654e+006
3167	-2.0239e+005
3168	-5.1844e+006
3169	-3.9288e+006
3170	2.4483e+006
3171	3.472e+007
3172	1.9433e+006
3173	8.301e+005
3174	-1.2893e+007
3175	-2.2848e+007
3176	5.9082e+006
3177	3.5873e+007
3178	4.6337e+006
3179	-7.599e+006
3180	-1.6451e+006
3181	8.2833e+005
3182	-4.2277e+006
3183	6.3298e+005
3184	-9.3643e+005
3185	3.8743e+005
3186	8.4396e+006
3187	-4.3083e+005
3188	-1.7513e+006
3189	2.2106e+006
3190	1.7219e+006
3191	-3.8255e+005
3192	-6.9779e+005
3193	-3.3143e+006
3194	-2.2e+006
3195	-1.266e+006
3196	5.38e+005
3197	1.4321e+005
3198	2.0799e+006
3199	-2.2221e+006
3200	-2.592e+005
3201	-1.5311e+006
3202	-1.2175e+006
3203	-6.9316e+006
3204	-5.8891e+006
3205	48899
3206	8.14e+005
3207	3.6535e+005
3208	-2.6739e+006
3209	-5.5572e+006
3210	-1.2966e+006
3211	-1.0368e+007
3212	-1.3391e+007
3213	-3.0711e+006
3214	-6.9558e+006
3215	-7.8282e+006
3216	7.3107e+006
3217	1.628e+007
3218	-6.5019e+007
3219	-1.2147e+008
3220	-5.6903e+007
3221	-8.2294e+006
3222	-3.2001e+007
3223	-3.04e+007
3224	-4.6624e+007
3225	-3.6175e+007
3226	-2.4662e+005
3227	-7.2548e+006
3228	-3.8141e+006
3229	6.3283e+006
3230	-1.4617e+007
3231	-1.4608e+006
3232	3.6494e+007
3233	5.6778e+005
3234	6.3968e+006
3235	1.1457e+007
3236	-2.1716e+006
3237	-5.4396e+006
3238	-1.8815e+006
3239	4.4194e+006
3240	-3.3053e+006
3241	3.804e+006
3242	2.8203e+006
3243	2.656e+005
3244	-2.0684e+007
3245	3.4447e+005
3246	-7.0942e+005
3247	2.9831e+006
3248	-1.0744e+007
3249	-2.3346e+007
3250	1.8568e+006
3251	1.3092e+006
3252	-1.1891e+007
3253	1.6547e+006
3254	-7.4905e+006
3255	2.8502e+005
3256	4.4899e+006
3257	1.4767e+007
3258	2.9912e+007
3259	3.9124e+005
3260	1.1291e+007
3261	2.2814e+007
3262	-2.9799e+006
3263	9.6836e+005
3264	7.5959e+005
3265	-3.3552e+005
3266	5.6977e+005
3267	-3.405e+006
3268	5.415e+006
3269	1.0465e+006
3270	-1.3672e+007
3271	3.5349e+006
3272	-1.0061e+007
3273	-2.6107e+005
3274	-1.8302e+006
3275	-9.2639e+005
3276	5.9467e+006
3277	1.2344e+006
3278	-8.6313e+005
3279	1.5717e+006
3280	-1.3659e+006
3281	-2.185e+006
3282	-1.1746e+007
3283	7.605e+005
3284	-1.5546e+007
3285	3.5006e+007
3286	-1.8347e+007
3287	-4.3724e+007
3288	2.6821e+007
3289	1.3915e+006
3290	-9.4929e+007
3291	-3.9953e+007
3292	-5.5891e+007
3293	1.4873e+007
3294	-6.467e+007
3295	-1.5171e+007
3296	-2.4563e+007
3297	-8.7192e+007
3298	-1.1783e+007
3299	-8.6603e+006
3300	-1.7142e+007
3301	2.0308e+007
3302	-2.2427e+006
3303	3.4474e+006
3304	5.3998e+006
3305	-1.2312e+007
3306	-8.8457e+006
3307	-1.0087e+007
3308	-1.3171e+007
3309	2.3139e+006
3310	-2.0057e+006
3311	-2.4404e+006
3312	-1.1955e+007
3313	-3.9578e+007
3314	-4.1155e+006
3315	-3.8344e+007
3316	5.2446e+006
3317	-1.3269e+007
3318	2.8322e+005
3319	-1.4663e+006
3320	-4.394e+006
3321	1.8636e+006
3322	9.3633e+005
3323	-1.01e+006
3324	3.7661e+007
3325	-1.1551e+007
3326	-2.7768e+006
3327	6.4425e+005
3328	-4.7066e+006
3329	-1.6533e+005
3330	8.1968e+005
3331	4.5895e+005
3332	-2.1353e+006
3333	-8.1705e+006
3334	4.9041e+005
3335	-3.4479e+006
3336	-1.5228e+006
3337	1.8614e+005
3338	2.3159e+006
3339	-2.2909e+007
3340	-1.388e+007
3341	3.3802e+006
3342	-5.272e+007
3343	-8.5094e+006
3344	-1.5396e+007
3345	-1.3934e+007
3346	-8.2182e+006
3347	-7.6557e+006
3348	4.689e+006
3349	-2.3646e+006
3350	-1.6202e+007
3351	1.6445e+007
3352	-1.7441e+006
3353	-1.3195e+007
3354	-7.7009e+005
3355	-6.037e+005
3356	-2.4248e+005
3357	2.0466e+006
3358	-1.9516e+006
3359	-2.678e+006
3360	1.3727e+006
3361	9.6276e+005
3362	-1.4557e+005
3363	-5.7927e+006
3364	2.4486e+005
3365	-3.8751e+005
3366	-1.0127e+007
3367	5.3253e+006
3368	-3.2676e+006
3369	-2.0287e+006
3370	-3.2603e+006
3371	1.1991e+006
3372	1.3379e+006
3373	-3.0016e+005
3374	-7.939e+006
3375	-1.9243e+007
3376	1.903e+007
3377	-1.3819e+007
3378	-9.4817e+006
3379	-1.2831e+006
3380	-4.1902e+006
3381	1.0202e+007
3382	1.3098e+007
3383	-6.2326e+005
3384	-7.2367e+005
3385	2.5339e+006
3386	-2.7679e+006
3387	2.1869e+006
3388	-2.3239e+006
3389	-3.5093e+006
3390	2.0987e+007
3391	-8.3433e+006
3392	2.0721e+006
3393	3.9778e+006
3394	-3.1942e+006
3395	1.4389e+007
3396	7.4162e+006
3397	-3.5834e+006
3398	-1.9928e+006
3399	-1.1752e+006
3400	2.3344e+005
3401	2.8168e+007
3402	4.4758e+007
3403	1.1324e+006
3404	-8.5727e+006
3405	-8.2008e+006
3406	-7.8119e+006
3407	-7.5831e+007
3408	-4.4244e+007
3409	1.8526e+005
3410	-9.0755e+006
3411	-6.2488e+006
3412	2.3782e+006
3413	-4.6847e+007
3414	-8.0493e+007
3415	-1.1403e+007
3416	-5.3235e+006
3417	-4.3346e+007
3418	3.9481e+005
3419	-6.6156e+007
3420	-5.9477e+007
3421	-6.0214e+006
3422	-4.0078e+006
3423	6.3818e+006
3424	-3.6016e+006
3425	-5.0092e+005
3426	-3.1081e+006
3427	2.7951e+007
3428	6.302e+006
3429	6.3264e+007
3430	4.7225e+007
3431	-3.7866e+007
3432	-6.8064e+007
3433	-3.5869e+006
3434	5.6654e+005
3435	-4.5027e+006
3436	-1.6048e+006
3437	-3.7395e+006
3438	-5.7655e+007
3439	2.1547e+006
3440	1.6688e+007
3441	-5.4034e+006
3442	-1.2051e+006
3443	6.4116e+006
3444	7.6554e+006
3445	-1.6249e+006
3446	-7.4989e+006
3447	-5.2414e+006
3448	-6.853e+005
3449	6.2647e+005
3450	-2.1366e+006
3451	5.0177e+007
3452	4.1316e+006
3453	-9.6065e+006
3454	-1.8153e+006
3455	-3.9297e+005
3456	4.6126e+005
3457	7.4484e+005
3458	8.7203e+006
3459	7.1735e+005
3460	-1.9224e+007
3461	-1.1031e+005
3462	3.7698e+005
3463	3.965e+007
3464	5.7872e+005
3465	-2.1684e+005
3466	8.4825e+006
3467	1.1572e+006
3468	1.0311e+006
3469	1.1379e+007
3470	1.0783e+006
3471	6.7554e+005
3472	4.3112e+005
3473	-1.8595e+007
3474	1.6026e+007
3475	9.521e+005
3476	1.1924e+007
3477	-2.2852e+006
3478	-1.8674e+006
3479	3.7901e+005
3480	-4.9526e+007
3481	6.2875e+006
3482	2.2175e+006
3483	1.6223e+006
3484	-3.9621e+006
3485	-1.762e+006
3486	-5.5152e+006
3487	8.196e+006
3488	9.4023e+006
3489	-2.1725e+007
3490	4.0312e+007
3491	1.9029e+007
3492	-2.9747e+006
3493	-1.2617e+005
3494	6.2598e+007
3495	-7.8971e+006
3496	3.2239e+006
3497	9.0092e+006
3498	-1.5693e+006
3499	8.6123e+006
3500	4.374e+006
3501	-5.6479e+007
3502	5.422e+006
3503	1.7231e+006
3504	-6.5098e+007
3505	3.8814e+006
3506	-4.3586e+007
3507	-3.9355e+005
3508	4.7294e+006
3509	-2.1778e+006
3510	-7.4364e+006
3511	-2.4863e+006
3512	-1.0748e+008
3513	-1.192e+008
3514	-8.1026e+007
3515	-8.9282e+007
3516	1.8136e+007
3517	-2.7464e+006
3518	-54868
3519	1.3373e+007
3520	-2.1642e+006
3521	-3.642e+006
3522	7.2086e+006
3523	1.3704e+007
3524	-1.0644e+006
3525	1.0508e+007
3526	-7.64e+006
3527	-1.2714e+006
3528	1.5126e+007
3529	-1.4381e+007
3530	-2.1205e+007
3531	1.7461e+006
3532	-8.1687e+005
3533	-1.0665e+006
3534	-1.1222e+007
3535	-2.1151e+007
3536	2.4326e+007
3537	7372.3
3538	-1.9329e+006
3539	-1.5481e+006
3540	1.4786e+006
3541	1.9236e+006
3542	-5.5763e+005
3543	3.0087e+006
3544	1.8915e+005
3545	-7.1291e+005
3546	1.4543e+006
3547	-4.1027e+006
3548	2.2111e+007
3549	-8.2979e+007
3550	6.6163e+005
3551	-5.6043e+006
3552	-1.9497e+006
3553	2.4445e+007
3554	-1.1013e+006
3555	2.8746e+006
3556	-7.642e+006
3557	1.877e+007
3558	1.229e+006
3559	-8.485e+005
3560	-2.5464e+006
3561	1.2969e+007
3562	-1.2863e+006
3563	1.1301e+007
3564	3.8351e+005
3565	-1.9665e+007
3566	5.1577e+007
3567	5.7707e+006
3568	2.3592e+007
3569	-1.997e+006
3570	-4.032e+006
3571	1.0489e+007
3572	-2.0664e+005
3573	-1.72e+007
3574	-1.0317e+007
3575	4.5256e+006
3576	-4.8532e+005
3577	41050
3578	1.0102e+006
3579	-3.2888e+006
3580	-5.6746e+006
3581	3.3848e+006
3582	4.9454e+006
3583	-9.665e+005
3584	-1.7527e+006
3585	1.4296e+007
3586	-1.4352e+006
3587	-1.1458e+007
3588	1.1075e+007
3589	-1.8511e+006
3590	-1.3327e+006
3591	-1.9251e+007
3592	-1.1734e+008
3593	-1.3724e+007
3594	-1.9482e+007
3595	-1.9147e+006
3596	-7.5311e+006
3597	-5.9016e+006
3598	2.5503e+007
3599	-5.3929e+007
3600	4.8077e+007
3601	1.9695e+006
3602	-1.1227e+005
3603	-4.0366e+006
3604	37569
3605	-6.4121e+006
3606	87382
3607	7.2946e+007
3608	2.3374e+006
3609	1.333e+005
3610	-8.6529e+005
3611	-8.2402e+005
3612	3.9866e+007
3613	6.0785e+007
3614	1.7601e+007
3615	-7.4153e+006
3616	-2.0796e+007
3617	7.2479e+005
3618	-1.6128e+007
3619	-2.2509e+006
3620	2.6512e+006
3621	7.7063e+006
3622	-2.2563e+007
3623	-1.563e+007
3624	1.6794e+006
3625	2.0321e+005
3626	8.0033e+006
3627	-7.9026e+005
3628	3.0556e+007
3629	1.9159e+006
3630	-1.3013e+007
3631	4.4196e+006
3632	-1.4906e+006
3633	3.1468e+006
3634	3.3897e+006
3635	1.1816e+006
3636	-7.9131e+005
3637	4.8177e+007
3638	-9.5009e+006
3639	2.5517e+007
3640	3.3731e+006
3641	-2.8114e+006
3642	-2.3708e+007
3643	2.8264e+007
3644	7.5937e+006
3645	3.3742e+006
3646	-2.1882e+007
3647	-4.7671e+006
3648	-1.7581e+007
3649	6.8345e+006
3650	3.4252e+007
3651	7.8433e+006
3652	8.7787e+005
3653	-6.2372e+007
3654	-1.5815e+006
3655	1.252e+006
3656	8.3269e+005
3657	-9.0928e+005
3658	1.3458e+006
3659	1.0353e+006
3660	-3.9366e+006
3661	-6.1133e+005
3662	6.3507e+006
3663	4.409e+006
3664	-1.8381e+007
3665	-9.5346e+006
3666	-9.7855e+005
3667	-3.4938e+005
3668	-1.6819e+006
3669	-2.253e+007
3670	8.0296e+006
3671	3.9308e+007
3672	-3.1019e+006
3673	7.3549e+006
3674	-1.4384e+007
3675	6.7018e+006
3676	9.0727e+006
3677	1.0525e+006
3678	-1.999e+006
3679	1.9641e+007
3680	3.106e+005
3681	-4.9269e+006
3682	6.27e+005
3683	3.5404e+007
3684	-6.4937e+007
3685	2.7389e+005
3686	-1.0567e+007
3687	8.6638e+006
3688	-5.5396e+006
3689	-7.9673e+006
3690	3.5997e+007
3691	6.1866e+006
3692	4.2582e+005
3693	3.2549e+006
3694	84845
3695	1.0068e+007
3696	2.5299e+006
3697	1.3309e+007
3698	7.2913e+005
3699	-2.2236e+007
3700	-1.6005e+006
3701	3.3565e+006
3702	-2.4e+006
3703	9.3183e+005
3704	-1.8269e+007
3705	-2.4655e+006
3706	-4.5927e+006
3707	-1.8411e+007
3708	-4.4378e+007
3709	6.6231e+006
3710	-1.2454e+006
3711	-1.9646e+006
3712	3.548e+006
3713	2.9789e+007
3714	-1.9578e+007
3715	-3.1066e+006
3716	9.4975e+006
3717	-4.3979e+006
3718	-6.6744e+006
3719	-3.3236e+006
3720	-3.3943e+006
3721	5.8933e+006
3722	-5.1528e+005
3723	-1.5167e+006
3724	3.3725e+006
3725	-1.5572e+007
3726	4.2338e+006
3727	4.6091e+007
3728	-3.8639e+006
3729	9.5095e+006
3730	-1.3994e+007
3731	-2.943e+006
3732	-1.0429e+007
3733	-3.5023e+006
3734	-1.0719e+007
3735	1.2861e+007
3736	4.3959e+006
3737	1.0959e+007
3738	4.6342e+006
3739	7.8781e+006
3740	-2.1493e+007
3741	-8.2018e+006
3742	6.9201e+005
3743	-2.1419e+006
3744	9.3563e+006
3745	-3.7781e+005
3746	-6.9489e+006
3747	1.8515e+006
3748	-7.8766e+005
3749	2.8913e+007
3750	-4.0921e+007
3751	1.6432e+006
3752	-6.3275e+006
3753	2.2525e+007
3754	-1.1555e+006
3755	-9.235e+005
3756	-5.8746e+006
3757	6.4192e+006
3758	-4.4835e+007
3759	-4.4226e+007
3760	-7.1966e+007
3761	-1.4494e+007
3762	-2.2954e+007
3763	-4.6768e+006
3764	4.9739e+007
3765	1.2919e+005
3766	-6.357e+006
3767	5.8439e+006
3768	6.6709e+006
3769	-3.0194e+007
3770	7.58e+006
3771	-5.4531e+006
3772	-5.3472e+006
3773	1.1802e+006
3774	-7.6145e+007
3775	-3.5721e+006
3776	-1.5233e+007
3777	1.2558e+006
3778	-5.507e+006
3779	-8.2956e+005
3780	-5.9562e+005
3781	5.7545e+005
3782	-3.4162e+006
3783	6.0039e+007
3784	-4.9163e+006
3785	2.1809e+005
3786	8.7163e+006
3787	4.6557e+007
3788	-1.1478e+006
3789	-1.7666e+006
3790	2.2686e+007
3791	-1.7214e+006
3792	-8.0176e+006
3793	9.1554e+006
3794	-4.6901e+005
3795	6.2849e+006
3796	3.2011e+006
3797	-2.8226e+007
3798	2.7199e+006
3799	1.8981e+006
3800	-1.1569e+007
3801	1.2254e+006
3802	1.2592e+007
3803	1.0159e+007
3804	-1.2931e+007
3805	-6.1036e+005
3806	-2.2492e+006
3807	-5.9207e+006
3808	5.9075e+006
3809	-6.3394e+005
3810	8.9493e+005
3811	-1.3465e+007
3812	-8.1724e+006
3813	-6.6191e+006
3814	-1.8373e+005
3815	9.4089e+006
3816	2.0287e+007
3817	-1.49e+007
3818	8.1007e+006
3819	-1.0928e+008
3820	-1.1688e+006
3821	2.1287e+006
3822	8.9286e+006
3823	5.4155e+006
3824	1.1133e+005
3825	-3.7255e+007
3826	-4.7576e+006
3827	-1.3767e+007
3828	21654
3829	2.5288e+005
3830	6.4597e+006
3831	7.5147e+006
3832	-6.3038e+006
3833	2.9515e+006
3834	3.5091e+006
3835	5.5498e+006
3836	-5.2267e+006
3837	-2.5677e+007
3838	57167
3839	-7.263e+006
3840	70002
3841	-6.8125e+007
3842	2.6979e+006
3843	1.0549e+007
3844	1.5241e+006
3845	1.2684e+007
3846	-6.258e+006
3847	-1.9661e+006
3848	-9.3901e+006
3849	6.8136e+005
3850	7.6381e+006
3851	1.1594e+007
3852	-2.9841e+007
3853	1.3121e+005
3854	1.225e+007
3855	-3.6283e+005
3856	-1.6923e+006
3857	-4.0129e+005
3858	-7.4094e+006
3859	7.3313e+007
3860	5.3925e+005
3861	-1.0023e+007
3862	-1.1741e+006
3863	-9.1959e+006
3864	1.3741e+006
3865	-8.4104e+005
3866	-9.5942e+006
3867	2.3131e+006
3868	3.1646e+006
3869	-3.0589e+007
3870	3.7016e+007
3871	-1.0578e+005
3872	2.0795e+006
3873	1.9814e+006
3874	2.0876e+007
3875	-4.4469e+007
3876	-4.9542e+006
3877	3.7385e+006
3878	-4.9721e+007
3879	1.3493e+006
3880	-2.1622e+006
3881	-1.2768e+007
3882	7.5785e+005
3883	6.8787e+005
3884	-6.8256e+007
3885	-60893
3886	4.1755e+007
3887	-1.2439e+006
3888	-2.2803e+006
3889	2.5331e+006
3890	-3.1667e+007
3891	1.907e+007
3892	7.1866e+006
3893	-2.1455e+006
3894	3.9159e+007
3895	-1.1196e+007
3896	4.3183e+007
3897	-5.7764e+006
3898	-1.3651e+005
3899	-2.2439e+007
3900	-2.7386e+006
3901	-1.3499e+007
3902	-3.5887e+006
3903	6.4224e+007
3904	-2.1043e+007
3905	-1.2322e+007
3906	-2.1806e+006
3907	5.8363e+006
3908	-1.0032e+006
3909	9.03e+007
3910	-4.3641e+006
3911	-3.4909e+006
3912	4.086e+007
3913	-5.027e+006
3914	3.7499e+007
3915	6.4897e+005
3916	-1.1146e+006
3917	-1.6395e+007
3918	-5.9409e+007
3919	1.0294e+007
3920	3.3769e+007
3921	2.6774e+006
3922	-1.3952e+007
3923	-6.7804e+006
3924	6.0474e+005
3925	-1.2742e+006
3926	3.4221e+006
3927	-1.5831e+007
3928	1.3504e+006
3929	5.3461e+006
3930	3.9395e+007
3931	-4.37e+006
3932	-6.1351e+006
3933	62053
3934	1.1457e+007
3935	2.9804e+006
3936	-3.44e+006
3937	1181.2
3938	-1.2335e+006
3939	-4.6133e+006
3940	-1.5596e+005
3941	-2.629e+007
3942	-1.2968e+006
3943	4.9568e+005
3944	2.5969e+005
3945	-1.9007e+007
3946	7.1623e+006
3947	66761
3948	8.1696e+006
3949	1.1502e+007
3950	-2.5321e+005
3951	7.0246e+006
3952	-1.0575e+007
3953	-2.55e+007
3954	2.9162e+006
3955	-1.1099e+007
3956	7.8249e+006
3957	-6.0979e+006
3958	9.4329e+006
3959	-1.5623e+007
3960	6.634e+006
3961	-4.6304e+006
3962	1.8294e+007
3963	-6.8128e+006
3964	-8.3593e+006
3965	1.0948e+007
3966	-1.9001e+006
3967	-3.9978e+005
3968	9.9318e+006
3969	-4.1092e+006
3970	6.4716e+006
3971	2.4865e+006
3972	1.8748e+005
3973	-2.5333e+005
3974	-2.088e+007
3975	3.072e+007
3976	-5.5075e+007
3977	-2.4553e+007
3978	-5.7852e+007
3979	-5.2902e+007
3980	-5.6272e+007
3981	-4.8518e+007
3982	-2.7758e+007
3983	-3.4019e+007
3984	1.3869e+007
3985	7.4614e+006
3986	2.9612e+007
3987	3.3293e+007
3988	2.5371e+007
3989	1.8823e+007
3990	5.7197e+006
3991	8.9902e+006
3992	-5.6082e+007
3993	-2.4358e+007
3994	-5.6077e+007
3995	-5.7956e+007
3996	-2.9918e+007
3997	-3.04e+007
3998	-3.3824e+007
3999	-6.1415e+007
4000	-5.9158e+007
4001	-5.7155e+007
4002	-3.112e+007
4003	-3.3313e+007
4004	-3.1602e+007
4005	-6.9281e+007
4006	-6.1286e+007
4007	-6.4837e+007
4008	-6.6536e+007
4009	-3.5251e+007
4010	-4.3423e+007
4011	-3.7444e+007
4012	-6.9792e+007
4013	-7.0271e+007
4014	-7.346e+007
4015	-4.7158e+007
4016	-5.4925e+007
4017	-4.7932e+007
4018	-6.6741e+007
4019	-7.0236e+007
4020	-6.3375e+007
4021	-6.7848e+007
4022	-5.4775e+007
4023	-5.1701e+007
4024	-5.1562e+007
4025	-4.4708e+007
4026	-5.5473e+007
4027	-6.3094e+007
4028	-6.8022e+007
4029	-6.46e+007
4030	-5.4948e+007
4031	-5.7485e+007
4032	-5.5646e+007
4033	-5.4782e+007
4034	-6.078e+007
4035	-5.8247e+007
4036	-5.1595e+007
4037	-5.3665e+007
4038	-4.9613e+007
4039	-5.1826e+007
4040	-4.4986e+007
4041	-5.3755e+007
4042	-4.7353e+007
4043	-4.5213e+007
4044	-4.7103e+007
4045	-4.5545e+007
4046	-4.5122e+007
4047	-4.0978e+007
4048	-3.35e+007
4049	-3.9908e+007
4050	-3.2723e+007
4051	-3.2962e+007
4052	-4.0241e+007
4053	-3.5674e+007
4054	-2.1404e+007
4055	-2.6541e+007
4056	-2.1215e+007
4057	-2.678e+007
4058	-2.4013e+007
4059	-2.3983e+007
4060	-1.9031e+007
4061	-2.9492e+007
4062	-1.0645e+007
4063	-1.5302e+007
4064	-9.8456e+006
4065	-5.0624e+006
4066	-1.1333e+007
4067	-1.8099e+007
4068	-1.3117e+007
4069	-8.6174e+006
4070	-1.6612e+006
4071	-2.1689e+005
4072	4.5098e+006
4073	-6.4877e+006
4074	-5.3029e+006
4075	-3.7719e+006
4076	6.0623e+006
4077	8.6481e+006
4078	1.118e+007
4079	1.4974e+007
4080	8.0773e+005
4081	-1.1645e+006
4082	-4.863e+005
4083	3.6652e+005
4084	2.1116e+006
4085	1.0726e+007
4086	1.8559e+007
4087	2.452e+007
4088	4.3928e+006
4089	5.6967e+006
4090	5.3965e+006
4091	2.5598e+007
4092	2.3306e+007
4093	5.4712e+006
4094	5.3965e+006
4095	3.6549e+006
4096	6.7751e+006
4097	3.0651e+007
4098	6.266e+007
4099	6.3367e+007
4100	4.2194e+007
4101	4.0832e+007
4102	4.9062e+007
4103	4.3491e+007
4104	-8.5406e+005
4105	1.035e+007
4106	-2.0419e+006
4107	3.6475e+005
4108	-1.0111e+006
4109	-2.7527e+006
4110	5.1779e+005
4111	-2.0975e+005
4112	-5.2889e+005
4113	5.2175e+005
4114	-2.0531e+006
4115	-5.1616e+005
4116	-8.5408e+005
4117	-7.5481e+005
4118	-2.5957e+006
4119	-64641
4120	6.7479e+005
4121	-1.1332e+006
4122	-8.5013e+005
4123	-3.3158e+006
4124	-41583
4125	-2.675e+005
4126	-2.1084e+006
4127	-3.6621e+005
4128	-6.4588e+005
4129	-3.6282e+005
4130	2.5099e+007
4131	2.5807e+007
4132	-5.4054e+006
4133	-3.635e+006
4134	-1.828e+006
4135	-3.8609e+006
4136	1.1502e+007
4137	2.1911e+006
4138	-3.9596e+006
4139	-3.9562e+006
4140	-1.0995e+008
4141	-5.4806e+007
4142	-1.096e+008
4143	-1.0901e+008
4144	-1.1941e+008
4145	-7.2335e+007
4146	-1.0282e+008
4147	-9.9474e+007
4148	-9.2305e+007
4149	-9.9741e+007
4150	-9.521e+007
4151	5.7872e+007
4152	4.8896e+007
4153	5.6611e+007
4154	3.0181e+007
4155	3.6642e+007
4156	3.4287e+007
4157	3.528e+007
4158	4.351e+007
4159	3.7939e+007
4160	4.035e+007
4161	3.4033e+007
4162	5.0844e+007
4163	3.0944e+007
4164	2.3788e+007
4165	3.5051e+007
4166	2.9603e+007
4167	3.194e+007
4168	4.1114e+007
4169	3.4797e+007
4170	3.4053e+007
4171	1.5996e+007
4172	2.7259e+007
4173	2.4148e+007
4174	2.4677e+007
4175	1.7706e+007
4176	3.3322e+007
4177	2.7006e+007
4178	1.3605e+007
4179	6.9971e+006
4180	4.6552e+006
4181	3.1372e+005
4182	1.826e+007
4183	4.9415e+006
4184	1.5149e+007
4185	1.5678e+007
4186	8.7071e+006
4187	-7.5223e+006
4188	-2.6023e+007
4189	-1.1933e+007
4190	-6.7939e+006
4191	-1.1135e+007
4192	-1.7144e+007
4193	-6.5076e+006
4194	4.229e+006
4195	-2.7162e+007
4196	-2.742e+006
4197	-8.5475e+006
4198	-3.0374e+007
4199	-2.1611e+007
4200	-3.2218e+007
4201	-2.0814e+007
4202	-3.2133e+007
4203	-2.6822e+007
4204	-3.684e+007
4205	-1.8226e+007
4206	-5.2279e+007
4207	-4.5392e+007
4208	-4.5307e+007
4209	-3.9996e+007
4210	-4.3896e+007
4211	-5.0013e+007
4212	-5.4323e+007
4213	-3.1399e+007
4214	-5.1479e+007
4215	-7.4632e+007
4216	-5.4123e+007
4217	-5.4426e+007
4218	-6.6539e+007
4219	-5.4038e+007
4220	-6.469e+007
4221	-7.797e+007
4222	-5.2627e+007
4223	-6.3054e+007
4224	-6.021e+007
4225	-9.4221e+007
4226	-6.8033e+007
4227	-6.8048e+007
4228	-8.016e+007
4229	-9.1591e+007
4230	-6.6249e+007
4231	-1.0412e+008
4232	-7.4001e+007
4233	-6.7571e+007
4234	-9.6878e+007
4235	-8.6128e+007
4236	-9.7559e+007
4237	-8.801e+007
4238	-7.2217e+007
4239	-1.0876e+008
4240	-1.0473e+008
4241	-1.0627e+008
4242	-7.1497e+007
4243	-1.008e+008
4244	-1.1475e+008
4245	-9.1937e+007
4246	-9.5511e+007
4247	-1.1269e+008
4248	-1.0866e+008
4249	-1.1174e+008
4250	-1.8188e+008
4251	-6.9725e+007
4252	-6.5071e+007
4253	-1.0838e+008
4254	-9.9032e+007
4255	-8.5657e+007
4256	-1.1298e+008
4257	-9.0164e+007
4258	-8.1076e+007
4259	-1.0599e+008
4260	-9.3738e+007
4261	-7.4483e+007
4262	-1.223e+008
4263	-5.4907e+007
4264	-7.2311e+007
4265	-1.1562e+008
4266	-9.2897e+007
4267	-8.8316e+007
4268	-1.1323e+008
4269	-1.1353e+008
4270	-5.8232e+007
4271	-1.1894e+008
4272	-1.23e+008
4273	-9.6222e+007
4274	-9.1641e+007
4275	-1.1655e+008
4276	-1.2241e+008
4277	-9.8796e+007
4278	-4.6297e+007
4279	-4.6137e+007
4280	-1.1091e+008
4281	-5.0523e+007
4282	-9.4315e+007
4283	-9.0965e+007
4284	-1.1032e+008
4285	-8.6702e+007
4286	2.6453e+006
4287	-1.7801e+007
4288	3.4616e+006
4289	6.0372e+005
4290	35324
4291	3.089e+006
4292	2.9582e+006
4293	1.2115e+005
4294	-3.3023e+006
4295	-4.687e+005
4296	-56025
4297	-1.7756e+006
4298	-2.1489e+006
4299	-3.4823e+006
4300	-4.2859e+005
4301	-5.5945e+005
4302	-1.0532e+005
4303	4.3893e+006
4304	-1.372e+006
4305	-1.7453e+006
4306	-1.314e+007
4307	-25014
4308	2.9826e+005
4309	3.177e+006
4310	-4.5952e+007
4311	2.4852e+006
4312	3.0824e+006
4313	9.0033e+006
4314	2.7091e+006
4315	-8.6856e+006
4316	4.6175e+006
4317	-3.9174e+007
4318	7.6315e+006
4319	4.6971e+007
4320	1.964e+007
4321	3.9049e+007
4322	1.9398e+007
4323	2.2669e+007
4324	-5.5484e+007
4325	-2.4514e+007
4326	-5.8854e+007
4327	-3.6601e+007
4328	5.4006e+007
4329	2.3321e+007
4330	3.6182e+007
4331	2.4581e+007
4332	2.3621e+007
4333	2.6349e+007
4334	5.6088e+007
4335	3.9536e+007
4336	4.2866e+007
4337	2.7144e+007
4338	2.7936e+007
4339	2.9156e+007
4340	2.9703e+007
4341	5.6825e+007
4342	4.1594e+007
4343	3.8127e+007
4344	2.5872e+007
4345	2.9968e+007
4346	2.7884e+007
4347	2.8931e+007
4348	5.9716e+007
4349	4.0136e+007
4350	3.1977e+007
4351	3.094e+007
4352	3.68e+007
4353	6.4154e+007
4354	4.1018e+007
4355	4.1909e+007
4356	3.2859e+007
4357	3.6848e+007
4358	3.3025e+007
4359	3.7682e+007
4360	6.4933e+007
4361	4.5465e+007
4362	4.4959e+007
4363	4.0405e+007
4364	4.1238e+007
4365	4.5262e+007
4366	6.2304e+007
4367	4.2182e+007
4368	3.7627e+007
4369	4.0563e+007
4370	3.7298e+007
4371	4.2485e+007
4372	5.8358e+007
4373	4.233e+007
4374	4.1499e+007
4375	4.0711e+007
4376	4.2634e+007
4377	4.2569e+007
4378	5.1268e+007
4379	3.7405e+007
4380	3.4449e+007
4381	3.6617e+007
4382	3.631e+007
4383	3.4025e+007
4384	3.8475e+007
4385	4.2146e+007
4386	3.1453e+007
4387	2.7927e+007
4388	3.3314e+007
4389	2.9914e+007
4390	3.5479e+007
4391	3.2624e+007
4392	2.1802e+007
4393	2.7188e+007
4394	2.3837e+007
4395	2.31e+007
4396	2.3788e+007
4397	2.0928e+007
4398	2.2924e+007
4399	1.8406e+007
4400	1.4711e+007
4401	2.0441e+007
4402	1.7532e+007
4403	1.1006e+007
4404	8.4069e+006
4405	3.7303e+006
4406	1.4137e+007
4407	9.9502e+006
4408	9.36e+006
4409	7.2245e+006
4410	1.1228e+007
4411	-2.2069e+005
4412	-1.8844e+006
4413	-7.083e+006
4414	4.3355e+006
4415	1.6098e+006
4416	-4.3343e+005
4417	-1.0097e+007
4418	-1.2695e+007
4419	-1.2763e+006
4420	-4.3479e+006
4421	-5.3764e+006
4422	-6.0453e+006
4423	-1.8774e+007
4424	-1.696e+007
4425	-2.1325e+007
4426	-1.5132e+007
4427	-8.6127e+006
4428	-1.064e+007
4429	-1.031e+007
4430	-2.8395e+007
4431	-2.5737e+007
4432	-2.9591e+007
4433	-1.3025e+007
4434	-1.2805e+007
4435	-1.5052e+007
4436	-1.7204e+007
4437	-3.7506e+007
4438	-3.48e+007
4439	-1.8014e+007
4440	-1.6759e+007
4441	-2.2413e+007
4442	-4.5683e+007
4443	-3.8702e+007
4444	-4.2348e+007
4445	-1.7425e+007
4446	-2.066e+007
4447	-2.0827e+007
4448	-2.6314e+007
4449	-5.0246e+007
4450	-4.6624e+007
4451	-4.5862e+007
4452	-2.1701e+007
4453	-2.5102e+007
4454	-1.9563e+007
4455	-4.615e+007
4456	-2.1989e+007
4457	-2.323e+007
4458	-2.539e+007
4459	-3.1651e+007
4460	3.6506e+007
4461	8.0939e+007
4462	7.0082e+007
4463	5.4669e+007
4464	6.5615e+007
4465	5.6981e+007
4466	5.0369e+007
4467	5.141e+007
4468	-2.1983e+006
4469	1.5399e+007
4470	-2.2846e+006
4471	-3.7094e+006
4472	-4.252e+006
4473	-9.8152e+005
4474	-6.3493e+005
4475	-4.7321e+005
4476	-1.8981e+006
4477	-3.611e+005
4478	-2.4406e+006
4479	-5.9607e+006
4480	-2.8127e+006
4481	-7.212e+005
4482	-7.1709e+005
4483	-3.8096e+006
4484	-6.0909e+005
4485	-2.6886e+006
4486	-9.4644e+005
4487	-9.4305e+005
4488	3.3395e+007
4489	2.2538e+007
4490	-7.8905e+006
4491	-8.8874e+006
4492	9.437e+006
4493	-6.0243e+006
4494	-6.0209e+006
4495	-2.8016e+008
4496	-1.4194e+008
4497	-3.1242e+008
4498	-2.4912e+008
4499	-2.1052e+008
4500	-2.0717e+008
4501	7.8646e+007
4502	6.8175e+007
4503	3.5546e+007
4504	5.0915e+007
4505	6.2504e+007
4506	5.387e+007
4507	4.456e+007
4508	5.2889e+007
4509	4.8299e+007
4510	5.3046e+007
4511	4.8735e+007
4512	9.2441e+007
4513	7.1503e+007
4514	6.8994e+007
4515	3.6364e+007
4516	3.6219e+007
4517	5.1734e+007
4518	6.5836e+007
4519	4.5378e+007
4520	5.8563e+007
4521	5.3708e+007
4522	5.3865e+007
4523	9.6789e+007
4524	4.9195e+007
4525	5.2625e+007
4526	7.8812e+007
4527	7.1539e+007
4528	6.6684e+007
4529	8.3403e+007
4530	4.3997e+007
4531	4.3704e+007
4532	5.8273e+007
4533	5.7764e+007
4534	7.0183e+007
4535	6.2327e+007
4536	6.2911e+007
4537	5.8055e+007
4538	5.6302e+007
4539	5.6831e+007
4540	7.2829e+007
4541	4.2119e+007
4542	3.8947e+007
4543	5.1194e+007
4544	5.3007e+007
4545	5.757e+007
4546	5.1545e+007
4547	5.2075e+007
4548	4.8858e+007
4549	6.188e+007
4550	3.6301e+007
4551	3.4783e+007
4552	4.5376e+007
4553	4.3484e+007
4554	3.8772e+007
4555	5.1753e+007
4556	4.5669e+007
4557	4.5728e+007
4558	4.3041e+007
4559	5.1216e+007
4560	3.2732e+007
4561	2.9652e+007
4562	3.8352e+007
4563	3.364e+007
4564	3.4522e+007
4565	4.6622e+007
4566	4.0537e+007
4567	3.7057e+007
4568	2.7199e+007
4569	2.526e+007
4570	2.7416e+007
4571	3.2819e+007
4572	2.8107e+007
4573	2.8989e+007
4574	3.5004e+007
4575	2.7921e+007
4576	2.4161e+007
4577	1.5888e+007
4578	1.6634e+007
4579	1.8789e+007
4580	1.3312e+007
4581	1.9481e+007
4582	1.5251e+007
4583	1.3682e+007
4584	2.6378e+007
4585	1.2982e+007
4586	1.9294e+007
4587	1.086e+007
4588	1.1619e+007
4589	8.7982e+006
4590	3.1973e+006
4591	9.0428e+006
4592	1.016e+007
4593	9.4125e+006
4594	8.713e+006
4595	1.5025e+007
4596	-6.7554e+006
4597	-3.7412e+006
4598	-2.3358e+005
4599	-5.8344e+006
4600	65311
4601	1.1286e+006
4602	-4.8617e+006
4603	3.8074e+005
4604	-8.2766e+006
4605	-3.1873e+005
4606	-2.552e+007
4607	-1.2325e+007
4608	-1.317e+007
4609	-2.3549e+007
4610	-1.4418e+007
4611	-3.3341e+007
4612	-1.3445e+007
4613	-8.2027e+006
4614	-1.7502e+007
4615	-1.686e+007
4616	-4.7008e+007
4617	-2.8331e+007
4618	-2.3351e+007
4619	-4.3522e+007
4620	-3.1381e+007
4621	-2.3626e+007
4622	-2.7683e+007
4623	-2.7041e+007
4624	-3.2947e+007
4625	-6.6144e+007
4626	-3.9639e+007
4627	-3.7881e+007
4628	-6.6636e+007
4629	-5.483e+007
4630	-4.2688e+007
4631	-5.0951e+007
4632	-3.899e+007
4633	-4.4255e+007
4634	-8.7929e+007
4635	-6.2858e+007
4636	-5.0002e+007
4637	-4.5709e+007
4638	-7.4464e+007
4639	-5.0516e+007
4640	-5.045e+007
4641	-5.8779e+007
4642	-5.2083e+007
4643	-1.295e+008
4644	-8.2418e+007
4645	-7.6815e+007
4646	-6.3959e+007
4647	-5.703e+007
4648	-9.6975e+007
4649	-8.8422e+007
4650	-1.0617e+008
4651	-6.4474e+007
4652	-6.4407e+007
4653	-7.6473e+007
4654	-8.3278e+007
4655	-7.2736e+007
4656	-6.1884e+007
4657	-1.686e+008
4658	-8.3131e+007
4659	-8.4643e+007
4660	-1.3378e+008
4661	-1.0409e+008
4662	-1.1089e+008
4663	-2.0194e+008
4664	-9.4618e+007
4665	-8.3406e+007
4666	-1.5152e+008
4667	-1.4527e+008
4668	-1.1557e+008
4669	-1.2238e+008
4670	-1.1347e+008
4671	-1.3468e+008
4672	-2.1651e+008
4673	-1.1176e+008
4674	-1.0526e+008
4675	-1.7337e+008
4676	-1.8321e+008
4677	-1.3532e+008
4678	-1.5654e+008
4679	-2.1785e+008
4680	-1.0447e+008
4681	-1.0306e+008
4682	-1.7592e+008
4683	-1.1772e+008
4684	-1.2803e+008
4685	-1.4512e+008
4686	-1.4925e+008
4687	-8.8261e+007
4688	-1.1169e+008
4689	-1.0899e+008
4690	-1.6818e+008
4691	-1.8455e+008
4692	-1.9544e+008
4693	-1.2635e+008
4694	-1.5683e+008
4695	-1.3666e+008
4696	-1.5349e+008
4697	-1.4727e+008
4698	-1.5375e+008
4699	6.9001e+006
4700	-2.2934e+007
4701	8.5378e+006
4702	7.7407e+006
4703	5.711e+006
4704	5.5801e+006
4705	-6.804e+005
4706	1.4435e+006
4707	4.0311e+006
4708	1.4536e+006
4709	3.234e+006
4710	6.9385e+005
4711	1.2042e+006
4712	1.0734e+006
4713	1.5275e+006
4714	4.4063e+006
4715	2.5225e+007
4716	1.6323e+007
4717	5.0382e+005
4718	4.4984e+006
4719	-2.5595e+005
4720	3.4565e+006
4721	-1.2052e+008
4722	4.1055e+007
4723	2.923e+007
4724	1.1871e+007
4725	-1.8618e+007
4726	2.8188e+007
4727	1.5482e+007
4728	6.5675e+006
4729	1.445e+007
4730	1.3684e+007
4731	1.4339e+007
4732	9.9877e+006
4733	9.4455e+006
4734	6.8987e+006
4735	8.4675e+006
4736	1.0344e+007
4737	9.6733e+006
4738	6.2011e+006
4739	8.6763e+006
4740	1.293e+007
4741	6.3254e+006
4742	1.4302e+007
4743	1.3584e+007
4744	1.4614e+007
4745	7.4754e+006
4746	7.871e+006
4747	1.0587e+007
4748	9.1071e+006
4749	8.6202e+006
4750	1.5563e+007
4751	7.6482e+006
4752	7.202e+006
4753	1.4765e+007
4754	1.5986e+007
4755	1.1068e+007
4756	1.0754e+007
4757	9.757e+006
4758	1.3302e+007
4759	6.2027e+006
4760	1.4987e+007
4761	1.0069e+007
4762	7.8482e+006
4763	9.7547e+006
4764	1.0959e+007
4765	8.7577e+006
4766	8.993e+006
4767	5.4366e+006
4768	4.9411e+006
4769	5.1878e+006
4770	1.3725e+007
4771	6.5866e+006
4772	6.9822e+006
4773	8.4931e+006
4774	9.6978e+006
4775	7.7314e+006
4776	-2.5032e+005
4777	-2.903e+005
4778	-1.0598e+006
4779	-5.2926e+005
4780	-1.4249e+006
4781	-8.1217e+005
4782	6.6168e+006
4783	-9.8527e+005
4784	-1.7124e+006
4785	-9.3496e+005
4786	-1.6326e+006
4787	8.4262e+005
4788	-6.1694e+005
4789	-5.3124e+005
4790	-1.2584e+006
4791	-6.0322e+005
4792	-4.8092e+005
4793	-1.1786e+006
4794	-5.1858e+005
4795	-7.9004e+005
4796	-1.0305e+006
4797	-1.2827e+006
4798	-8.6202e+005
4799	-7.8767e+005
4800	-7.1331e+005
4801	-7.3972e+005
4802	-1.5998e+006
4803	-1.4374e+006
4804	-2.014e+005
4805	-9.7085e+005
4806	-6.7329e+005
4807	-4.3051e+005
4808	-4.4035e+005
4809	-1.336e+006
4810	-1.2426e+006
4811	-1.8261e+006
4812	-1.378e+005
4813	-6.3591e+005
4814	-29791
4815	1.7593e+006
4816	2.4199e+006
4817	6.4411e+005
4818	-2.6034e+005
4819	-4.705e+005
4820	-4.8034e+005
4821	-3.5917e+005
4822	-4.8945e+005
4823	-1.0482e+006
4824	1.5379e+006
4825	-4.9929e+005
4826	-4.1509e+005
4827	-9.3716e+005
4828	-1.1281e+006
4829	1.4581e+006
4830	3.4286e+005
4831	-1.2948e+006
4832	6.8095e+006
4833	-1.4163e+006
4834	-8.2292e+005
4835	-17538
4836	1.6142e+006
4837	-2.4308e+005
4838	-1.5284e+006
4839	-1.5435e+006
4840	-1.2557e+006
4841	-9.5016e+005
4842	-1.4478e+005
4843	-7.0017e+005
4844	-3.7032e+005
4845	-1.5351e+006
4846	-1.65e+006
4847	-1.726e+006
4848	-1.448e+006
4849	-1.3621e+006
4850	-2.5506e+005
4851	-8.0661e+005
4852	-4.7676e+005
4853	-8.2915e+005
4854	-1.6262e+006
4855	1.6205e+006
4856	-1.2623e+006
4857	-1.5526e+005
4858	-3.7696e+005
4859	-1.0968e+006
4860	-3.5801e+005
4861	-4.8368e+005
4862	-1.6074e+006
4863	-3.5887e+006
4864	-9.9297e+005
4865	-2.6613e+007
4866	-2.8298e+007
4867	-3.602e+007
4868	-3.284e+007
4869	-1.9506e+006
4870	-8.3477e+005
4871	-3.6716e+005
4872	-3.9077e+006
4873	-4.0655e+006
4874	-9.7614e+005
4875	-1.4697e+006
4876	-2.3998e+006
4877	-7.4419e+005
4878	-5.3586e+005
4879	-4.2848e+006
4880	-2.4202e+006
4881	-1.1804e+006
4882	-6.0806e+005
4883	-4.357e+006
4884	-2.5676e+006
4885	-1.1286e+006
4886	-1.489e+006
4887	-3.8373e+006
4888	-4.3052e+006
4889	-1.8326e+006
4890	-1.5781e+006
4891	-3.1523e+006
4892	-1.8532e+006
4893	-1.6881e+006
4894	-4.0364e+006
4895	-1.7772e+006
4896	-4.026e+006
4897	-2.2388e+006
4898	-2.5113e+006
4899	-4.422e+006
4900	-3.1751e+006
4901	-4.9416e+006
4902	-3.6284e+006
4903	-2.9994e+006
4904	-5.8396e+006
4905	-4.9101e+006
4906	-3.6633e+006
4907	-4.7342e+006
4908	-6.0531e+006
4909	-4.0558e+006
4910	-4.2772e+006
4911	-6.267e+006
4912	-5.1616e+006
4913	-7.3585e+006
4914	-5.9219e+006
4915	-4.9612e+006
4916	-6.9511e+006
4917	-5.8457e+006
4918	-8.7091e+006
4919	-6.5433e+006
4920	-6.7721e+006
4921	-7.5725e+006
4922	-1.0204e+007
4923	-7.9041e+006
4924	-6.4671e+006
4925	-1.0666e+007
4926	-9.0367e+006
4927	-7.5012e+006
4928	-1.0933e+007
4929	-8.6332e+006
4930	-1.2939e+007
4931	-1.0265e+007
4932	-1.0472e+007
4933	-1.6123e+007
4934	-1.2161e+007
4935	-1.3194e+007
4936	-1.611e+007
4937	-1.3696e+007
4938	-1.1516e+007
4939	-1.7167e+007
4940	-1.4238e+007
4941	-2.0266e+007
4942	-1.5824e+007
4943	-1.9295e+007
4944	-2.3979e+007
4945	-1.7851e+007
4946	-1.9254e+007
4947	-2.1323e+007
4948	-2.8521e+007
4949	-2.1749e+007
4950	2.5247e+005
4951	2.1064e+006
4952	8.8965e+005
4953	1.3542e+006
4954	2.05e+005
4955	-2.2167e+005
4956	25759
4957	3.7161e+005
4958	39031
4959	-2.3737e+005
4960	-7.3095e+005
4961	1.7924e+005
4962	3.2676e+005
4963	3.4003e+005
4964	63625
4965	-4.2995e+005
4966	1.4458e+005
4967	4141.8
4968	3.5194
4969	-49121
4970	13276
4971	-1.1138e+005
4972	-1.8218e+005
4973	1.4984e+005
4974	1.0253e+005
4975	40275
4976	-47880
4977	9.7512e+005
4978	-30522
4979	6.0414e+005
4980	-1.4123e+005
4981	96578
4982	-86765
4983	-78106
4984	-53838
4985	-97423
4986	9.6917e+005
4987	5.9818e+005
4988	-1.536e+005
4989	-3.7188e+005
4990	-3.6692e+005
4991	-3.8254e+005
4992	6.8405e+005
4993	3.1307e+005
4994	1.4731e+006
4995	-1.3263e+005
4996	-99130
4997	1.7314e+005
4998	-32040
4999	-94175
5000	-12387
5001	1.9652e+005
5002	1.7458e+006
5003	-6.8338e+005
5004	-78643
5005	-5.9282e+005
5006	-2.6417e+005
5007	-3.1018e+005
5008	-6.2377e+005
5009	-55261
5010	1.4941e+006
5011	8.7157e+005
5012	-3.4516e+005
5013	-3.7761e+005
5014	-8.9178e+005
5015	1.194e+005
5016	-9.2274e+005
5017	1.1055e+007
5018	9.5194e+006
5019	1.4846e+007
5020	1.4304e+007
5021	2.7346e+006
5022	9.6214e+005
5023	1.9733e+006
5024	2.9207e+006
5025	2.594e+006
5026	9.7126e+005
5027	3.7335e+006
5028	2.9298e+006
5029	1.1475e+006
5030	3.5067e+006
5031	8.2152e+005
5032	1.2092e+006
5033	3.5838e+006
5034	9.9778e+005
5035	4.435e+006
5036	2.2717e+006
5037	2.5323e+006
5038	4.3335e+006
5039	4.6462e+006
5040	2.4907e+006
5041	4.6799e+006
5042	2.5107e+006
5043	2.3981e+006
5044	4.1993e+006
5045	2.3565e+006
5046	5.2587e+006
5047	2.8898e+006
5048	2.623e+006
5049	4.5784e+006
5050	5.4707e+006
5051	3.6387e+006
5052	2.8227e+006
5053	4.7781e+006
5054	4.6753e+006
5055	3.3817e+006
5056	5.666e+006
5057	3.6511e+006
5058	3.1331e+006
5059	4.6877e+006
5060	3.3941e+006
5061	5.9356e+006
5062	4.0053e+006
5063	3.3161e+006
5064	4.8706e+006
5065	5.3822e+006
5066	3.577e+006
5067	3.3735e+006
5068	6.4341e+006
5069	4.092e+006
5070	3.4536e+006
5071	5.4689e+006
5072	3.4602e+006
5073	4.2777e+006
5074	7.0278e+006
5075	4.7885e+006
5076	3.8654e+006
5077	6.9925e+006
5078	5.8806e+006
5079	5.5491e+006
5080	4.6895e+006
5081	7.5468e+006
5082	4.9703e+006
5083	4.3319e+006
5084	7.1744e+006
5085	5.731e+006
5086	7.8714e+006
5087	5.2284e+006
5088	4.6689e+006
5089	7.5115e+006
5090	8.9424e+006
5091	6.0681e+006
5092	8.5263e+006
5093	5.2159e+006
5094	4.7334e+006
5095	8.9299e+006
5096	7.6585e+006
5097	5.4007e+006
5098	1.2443e+007
5099	9.5972e+006
5100	-2.3454e+007
5101	-3.3386e+007
5102	-2.0939e+007
5103	-3.0206e+007
5104	-2.7781e+007
5105	-3.1461e+007
5106	-2.3434e+007
5107	-2.4309e+007
5108	-1.9488e+007
5109	-1.8729e+007
5110	-2.5571e+007
5111	-2.1225e+007
5112	-2.2099e+007
5113	-1.6056e+007
5114	-1.6972e+007
5115	-1.4989e+007
5116	-1.5046e+007
5117	-2.3814e+007
5118	-1.5775e+007
5119	-1.9468e+007
5120	-1.6681e+007
5121	-2.0343e+007
5122	-1.2512e+007
5123	-1.3313e+007
5124	-1.1908e+007
5125	-1.4932e+007
5126	-2.2139e+007
5127	-1.1329e+007
5128	-1.41e+007
5129	-1.5005e+007
5130	-8.6395e+006
5131	-8.848e+006
5132	-1.004e+007
5133	-1.3064e+007
5134	-9.4609e+006
5135	-1.3137e+007
5136	-7.7857e+006
5137	-4.4378e+006
5138	-6.8431e+006
5139	-5.4103e+006
5140	-1.1059e+007
5141	-4.9018e+006
5142	-7.456e+006
5143	-3.9588e+006
5144	-5.7807e+006
5145	-1.6443e+005
5146	-1.3326e+006
5147	-3.2136e+006
5148	-2.7051e+006
5149	1.8528e+006
5150	-1.7621e+006
5151	-3.584e+006
5152	4.0178e+006
5153	7.441e+005
5154	-6.2842e+005
5155	3.9148e+006
5156	3.9295e+006
5157	1.145e+007
5158	2.8496e+006
5159	3.8656e+006
5160	1.0907e+007
5161	8.0621e+006
5162	6.0203e+006
5163	6.035e+006
5164	2.5055e+006
5165	9.8828e+005
5166	1.4226e+006
5167	2.2316e+006
5168	1.882e+006
5169	55208
5170	10067
5171	-69254
5172	-2.0689e+006
5173	-1.6718e+006
5174	-4.9085e+005
5175	3.5809e+006
5176	1.9403e+006
5177	2.3104e+006
5178	2.8888e+006
5179	3.1836e+006
5180	2.834e+006
5181	4.0523e+006
5182	2.4338e+006
5183	3.1485e+006
5184	3.0122e+006
5185	2.9574e+006
5186	4.6011e+006
5187	3.4966e+006
5188	3.7687e+006
5189	3.3603e+006
5190	2.8877e+006
5191	3.1719e+006
5192	4.9702e+006
5193	3.9694e+006
5194	4.0173e+006
5195	3.0884e+006
5196	3.6969e+006
5197	3.3725e+006
5198	4.8906e+006
5199	4.4778e+006
5200	4.1857e+006
5201	3.8654e+006
5202	4.4936e+006
5203	4.2298e+006
5204	3.9339e+006
5205	2.8388e+006
5206	3.6173e+006
5207	3.1486e+006
5208	4.0859e+006
5209	3.7747e+006
5210	3.7849e+006
5211	2.6898e+006
5212	2.8685e+006
5213	3.5381e+006
5214	3.516e+006
5215	3.0697e+006
5216	2.4312e+006
5217	1.9666e+006
5218	2.6098e+006
5219	2.5883e+006
5220	2.8412e+006
5221	2.7082e+006
5222	2.7805e+006
5223	1.6774e+006
5224	2.2991e+006
5225	2.1295e+006
5226	2.3005e+006
5227	1.9028e+006
5228	1.2697e+006
5229	1.4105e+006
5230	1.8914e+006
5231	1.5188e+006
5232	1.4494e+006
5233	1.5988e+006
5234	3.9989e+005
5235	9.6569e+005
5236	1.1065e+006
5237	9.8274e+005
5238	1.1427e+006
5239	9.098e+005
5240	93182
5241	5.5973e+005
5242	5.0687e+005
5243	6.8043e+005
5244	-1.3619e+005
5245	-3.3146e+005
5246	2.4708e+005
5247	2.697e+005
5248	3.1324e+005
5249	2.4301e+005
5250	-5.2509e+005
5251	53448
5252	1.4494e+005
5253	95648
5254	1.4661e+005
5255	-6.2149e+005
5256	1.1918e+005
5257	67285
5258	81219
5259	-1.2289e+006
5260	-6.4985e+005
5261	-2.9061e+005
5262	1.2931e+005
5263	1.4998e+005
5264	83821
5265	-1.2263e+006
5266	-2.8801e+005
5267	1.4355e+005
5268	1.5751e+005
5269	1.2863e+005
5270	-1.2188e+006
5271	-2.6405e+005
5272	1.6655e+005
5273	2.4032e+005
5274	1.3535e+005
5275	-1.9575e+006
5276	-1.212e+006
5277	-2.5733e+005
5278	1.377e+005
5279	2.566e+005
5280	-1.9412e+006
5281	-3.6322e+005
5282	-78379
5283	6.0845e+005
5284	3.3867e+005
5285	2.6327e+006
5286	-7.1718e+005
5287	-58997
5288	-3.2878e+005
5289	-4.2377e+005
5290	1.9652e+006
5291	-1.2879e+006
5292	95254
5293	2.1719e+005
5294	-7.8529e+005
5295	-3.9513e+005
5296	-5.5109e+005
5297	-1.2593e+006
5298	1.2389e+005
5299	-6500.6
5300	-9.1329e+005
5301	-6.4783e+005
5302	-1.356e+006
5303	1.1993e+005
5304	27146
5305	-1.0325e+005
5306	-9.4768e+005
5307	-6.7908e+005
5308	-7.4453e+005
5309	-1.2022e+006
5310	-1.3873e+006
5311	88682
5312	-1.345e+005
5313	-1.8454e+005
5314	-8.5264e+005
5315	-7.4767e+005
5316	-1.2054e+006
5317	85542
5318	-1.8768e+005
5319	-5.6291e+005
5320	-6.4949e+005
5321	-5.876e+005
5322	-5.6778e+005
5323	-1.1072e+006
5324	-9.8893e+005
5325	1.8373e+005
5326	5.8459e+005
5327	-89499
5328	-6.8241e+005
5329	-2.5579e+005
5330	-3.9606e+005
5331	-1.5987e+005
5332	-7.9739e+005
5333	-9.5121e+005
5334	7.7613e+005
5335	-84081
5336	-6.4032e+005
5337	-4.9086e+005
5338	-23833
5339	-44296
5340	-6.8182e+005
5341	-82191
5342	-8.3564e+005
5343	-5.2475e+005
5344	-3.7529e+005
5345	13235
5346	2.1146e+005
5347	72093
5348	-1.5893e+006
5349	34197
5350	-7.1925e+005
5351	-4.0836e+005
5352	-1.1371e+006
5353	-1.0292e+006
5354	-3.0925e+006
5355	-5.5103e+006
5356	-3.1027e+006
5357	-82577
5358	-1.8859e+005
5359	7.2839e+005
5360	6.3912e+005
5361	-1.8095e+006
5362	-4.6697e+006
5363	-2.2621e+006
5364	7.8435e+005
5365	9.4229e+005
5366	-1.5956e+006
5367	1.8746e+006
5368	1.5953e+006
5369	1.9557e+006
5370	-9.4255e+005
5371	-26603
5372	2.0926e+006
5373	2.3929e+006
5374	2.4923e+006
5375	1.8511e+005
5376	-5.0536e+005
5377	1.2975e+006
5378	4.1058e+005
5379	2.141e+006
5380	2.1793e+006
5381	2.2732e+006
5382	-34031
5383	1.0783e+006
5384	2.2465e+006
5385	2.4468e+006
5386	2.3568e+006
5387	2.3345e+005
5388	1.3458e+006
5389	1.8493e+006
5390	2.0796e+006
5391	2.1949e+006
5392	71556
5393	2.2795e+005
5394	1.6666e+005
5395	1.1839e+006
5396	1.3319e+006
5397	1.8442e+006
5398	1.6624e+006
5399	-7431.3
5400	4.1236e+005
5401	-68715
5402	9.9916e+005
5403	1.0775e+006
5404	1.3804e+006
5405	-2.8944e+005
5406	1.3034e+005
5407	7.4432e+005
5408	1.0268e+006
5409	9.0128e+005
5410	-3.4015e+005
5411	-1.5756e+006
5412	79637
5413	4.2817e+005
5414	5.1752e+005
5415	6.9715e+005
5416	-1.7798e+006
5417	-1.245e+005
5418	-4.6306e+005
5419	1.9398e+005
5420	4.0551e+005
5421	3.3431e+005
5422	-1.5377e+006
5423	-1.8918e+006
5424	-5.7508e+005
5425	63065
5426	90216
5427	2.1214e+005
5428	-1.6599e+006
5429	-6.5039e+005
5430	-6.9725e+005
5431	1.0743e+005
5432	81478
5433	37784
5434	-1.6686e+006
5435	-6.5913e+005
5436	-3.2755e+005
5437	1.2609e+005
5438	94268
5439	90886
5440	98437
5441	-1.6155e+006
5442	-2.7445e+005
5443	1.538e+005
5444	59821
5445	65451
5446	63990
5447	-3.0889e+005
5448	3.7595e+005
5449	1.0268e+005
5450	1.2761e+005
5451	1.2615e+005
5452	5.0029e+005
5453	2.6268e+005
5454	2.8615e+005
5455	1.9456e+006
5456	8.5808e+005
5457	5.4623e+005
5458	2.2701e+005
5459	1.8145e+005
5460	1.9099e+006
5461	8.2241e+005
5462	2.6305e+005
5463	1.9915e+006
5464	2.652e+006
5465	9.0402e+005
5466	2.7597e+005
5467	-2.144e+006
5468	7.4701e+005
5469	-1.1386e+006
5470	-2.1542e+006
5471	7.4151e+005
5472	1.1037e+006
5473	1.2795e+006
5474	-7.8191e+005
5475	-1.7975e+006
5476	-1.0676e+006
5477	-1.9801e+006
5478	1.0974e+006
5479	1.36e+006
5480	1.3884e+006
5481	-2.0844e+005
5482	-6.7303e+005
5483	-9.5878e+005
5484	-1.8712e+006
5485	1.4074e+006
5486	1.6071e+006
5487	1.4888e+006
5488	1.265e+006
5489	38609
5490	4.6677e+005
5491	-1.5031e+005
5492	-7.1172e+005
5493	-1.6241e+006
5494	1.3577e+006
5495	1.5517e+006
5496	1.4812e+006
5497	1.3279e+006
5498	5.2972e+005
5499	-87359
5500	1.1957e+006
5501	1.3648e+006
5502	1.3684e+006
5503	1.2152e+006
5504	1.1478e+006
5505	4.1699e+005
5506	3.9444e+005
5507	1.0375e+006
5508	-2.001e+005
5509	7.1415e+005
5510	1.3157e+006
5511	9.8731e+005
5512	1.0987e+006
5513	9.8834e+005
5514	3.5238e+005
5515	7.2255e+005
5516	5.5487e+005
5517	6.6624e+005
5518	5.559e+005
5519	1.2461e+006
5520	1.1808e+006
5521	8.5739e+005
5522	7.9323e+005
5523	7.3692e+005
5524	1.3168e+006
5525	1.2515e+006
5526	1.1282e+006
5527	4.9632e+005
5528	1.2746e+006
5529	2.3308e+006
5530	-2.7259e+005
5531	-1.6687e+006
5532	-45124
5533	-5.3156e+005
5534	-2.5076e+006
5535	-1.8752e+006
5536	-3.8228e+005
5537	-2.5163e+005
5538	-1.3207e+006
5539	-7.9236e+005
5540	-2.56e+006
5541	-4.3474e+005
5542	-5.2521e+005
5543	-1.0678e+006
5544	-2.7684e+006
5545	-2.8235e+006
5546	-7.3355e+005
5547	-1.2615e+006
5548	-2.8907e+006
5549	-1.0367e+006
5550	-8.0066e+005
5551	-1.9064e+006
5552	-1.5226e+006
5553	-3.4554e+006
5554	-3.0172e+006
5555	-1.1633e+006
5556	-2.033e+006
5557	-1.7501e+006
5558	-3.5899e+006
5559	-1.2978e+006
5560	-1.9366e+006
5561	-3.6829e+006
5562	-2.734e+006
5563	-1.6894e+006
5564	-1.3908e+006
5565	-2.4115e+006
5566	-2.1212e+006
5567	-2.8275e+006
5568	-1.7829e+006
5569	-1.9937e+006
5570	-2.4034e+006
5571	-2.4044e+006
5572	-2.9186e+006
5573	-2.9486e+006
5574	-2.0848e+006
5575	-2.4945e+006
5576	-2.723e+006
5577	-3.1407e+006
5578	-2.4663e+006
5579	-2.2769e+006
5580	-3.044e+006
5581	-3.7235e+006
5582	-4.0053e+006
5583	-3.2673e+006
5584	-2.5929e+006
5585	-2.8935e+006
5586	-3.2808e+006
5587	-3.9179e+006
5588	-2.7873e+006
5589	-3.4808e+006
5590	-3.9122e+006
5591	-3.9603e+006
5592	-2.9824e+006
5593	-2.8298e+006
5594	-3.7668e+006
5595	-4.0697e+006
5596	-3.7621e+006
5597	-3.1399e+006
5598	-3.4548e+006
5599	-3.857e+006
5600	-3.8906e+006
5601	-3.5834e+006
5602	-3.8272e+006
5603	-4.2706e+006
5604	-3.8523e+006
5605	-3.4808e+006
5606	-3.545e+006
5607	-3.5665e+006
5608	-3.7564e+006
5609	-4.2793e+006
5610	-3.4895e+006
5611	-3.6738e+006
5612	-4.2844e+006
5613	-4.1998e+006
5614	-3.41e+006
5615	-3.6244e+006
5616	-3.5854e+006
5617	-4.2814e+006
5618	-3.2604e+006
5619	-3.4069e+006
5620	-3.6214e+006
5621	-3.4088e+006
5622	-4.196e+006
5623	-3.9648e+006
5624	-3.175e+006
5625	-3.1998e+006
5626	-3.082e+006
5627	-3.8735e+006
5628	-3.1085e+006
5629	-2.734e+006
5630	-3.1575e+006
5631	-3.638e+006
5632	-2.5334e+006
5633	-2.873e+006
5634	-2.3802e+006
5635	-3.045e+006
5636	-2.421e+006
5637	-1.9751e+006
5638	-2.8037e+006
5639	-2.3564e+006
5640	-1.973e+006
5641	-2.1797e+006
5642	-1.5192e+006
5643	-2.1926e+006
5644	-1.8092e+006
5645	-1.0921e+006
5646	-1.038e+006
5647	-1.9006e+006
5648	-1.5172e+006
5649	-1.2816e+006
5650	-7.0893e+005
5651	-9.0291e+005
5652	-1.1465e+006
5653	-3.1361e+005
5654	-6.5478e+005
5655	-39328
5656	-7.493e+005
5657	-8.9841e+005
5658	-6.9359e+005
5659	3642.9
5660	1.0786e+005
5661	-6.0211e+005
5662	3.1725e+005
5663	9.8963e+005
5664	2.7793e+005
5665	-2.6832e+005
5666	-4.99e+005
5667	-4.3205e+005
5668	-43682
5669	6.6104e+005
5670	1.1332e+006
5671	-1.2478e+005
5672	99860
5673	4.5987e+005
5674	9.6476e+005
5675	1.3334e+006
5676	1.6006e+006
5677	75470
5678	2.2404e+005
5679	6.6012e+005
5680	4.3638e+005
5681	2.2709e+006
5682	1.7041e+006
5683	3.2751e+005
5684	9.4112e+005
5685	7.6359e+005
5686	-1.3918e+006
5687	-2.1193e+006
5688	-1.7973e+006
5689	-4.8393e+006
5690	-2.9374e+006
5691	-2.6953e+006
5692	-7.9944e+005
5693	-1.5684e+006
5694	-1.2464e+006
5695	-7.1839e+005
5696	-1.0587e+006
5697	-2.3866e+006
5698	-2.1444e+006
5699	-8.6383e+005
5700	-6.7687e+005
5701	-7.1113e+005
5702	-1.0172e+006
5703	-1.1074e+006
5704	-2.345e+006
5705	-1.6442e+006
5706	-2.1029e+006
5707	-9.7755e+005
5708	-9.0608e+005
5709	-8.1705e+005
5710	-1.2133e+006
5711	-1.7501e+006
5712	-1.2463e+006
5713	-1.6275e+006
5714	-9.7442e+005
5715	-9.1389e+005
5716	-9.3594e+005
5717	-1.2161e+006
5718	-1.2211e+006
5719	-1.2541e+006
5720	-1.6353e+006
5721	-9.4979e+005
5722	-9.25e+005
5723	-9.8467e+005
5724	-1.2052e+006
5725	-1.2432e+006
5726	-7.7271e+005
5727	-7.9977e+005
5728	-9.7098e+005
5729	-1.1915e+006
5730	-9.289e+005
5731	-6.3971e+005
5732	-1.2295e+006
5733	-8.8284e+005
5734	-4.5703e+005
5735	-6.3637e+005
5736	-4.8008e+005
5737	-7.6551e+005
5738	-4.7632e+005
5739	-7.1944e+005
5740	-5.053e+005
5741	-2.5011e+005
5742	-1.5108e+005
5743	-3.278e+005
5744	-6.1322e+005
5745	-3.5898e+005
5746	-3.2403e+005
5747	4.0181e+005
5748	2.5462e+005
5749	-3.5302e+005
5750	5.8284e+005
5751	-96442
5752	1.639e+006
5753	-3.0434e+005
5754	3.0927e+005
5755	-2.9647e+005
5756	2.0346e+006
5757	2.3823e+006
5758	-8.7089e+005
5759	5.123e+005
5760	-5.0651e+005
5761	1.6499e+006
5762	-1.378e+006
5763	-1.2556e+006
5764	-5.7098e+005
5765	1.8246e+006
5766	1.6797e+006
5767	-1.2033e+006
5768	-6.893e+005
5769	1.4406e+006
5770	-1.4425e+006
5771	-1.5787e+006
5772	-7.9258e+005
5773	1.227e+006
5774	1.5614e+006
5775	-1.4578e+006
5776	-8.9321e+005
5777	1.0029e+006
5778	-1.682e+006
5779	-1.5119e+006
5780	-4.8782e+005
5781	-8.0267e+005
5782	1.1264e+006
5783	8.9884e+005
5784	-1.3885e+006
5785	-3.6434e+005
5786	-7.3865e+005
5787	8.659e+005
5788	-1.4214e+006
5789	-1.2858e+006
5790	-5.6789e+005
5791	-3.9728e+005
5792	-5.2724e+005
5793	7.6537e+005
5794	9.6286e+005
5795	-1.0044e+006
5796	-1.1888e+006
5797	-4.7093e+005
5798	-2.8982e+005
5799	-3.0059e+005
5800	8.7982e+005
5801	-8.8994e+005
5802	-1.7537e+005
5803	-68616
5804	9.9202e+005
5805	9.9601e+005
5806	-6.0754e+005
5807	-7.7774e+005
5808	-63169
5809	1.575e+005
5810	1.1158e+006
5811	-4.8776e+005
5812	97182
5813	56606
5814	3.6079e+005
5815	1.1296e+006
5816	1.2221e+006
5817	-3.8142e+005
5818	-1.7886e+005
5819	2.0352e+005
5820	5.4292e+005
5821	1.2266e+006
5822	-81919
5823	6.7106e+005
5824	1.3118e+006
5825	1.3526e+006
5826	2.0046e+005
5827	3268.
5828	6.9298e+005
5829	7.4099e+005
5830	1.3955e+006
5831	2.4342e+005
5832	7.3594e+005
5833	6.5938e+005
5834	7.7859e+005
5835	1.3439e+006
5836	1.4225e+006
5837	3.2073e+005
5838	2.7039e+005
5839	6.8635e+005
5840	7.4668e+005
5841	1.3546e+006
5842	1.2701e+006
5843	3.3137e+005
5844	5.7729e+005
5845	6.9699e+005
5846	6.3401e+005
5847	1.2276e+006
5848	2.8882e+005
5849	2.6048e+005
5850	5.3474e+005
5851	4.8174e+005
5852	9.6288e+005
5853	1.1575e+006
5854	1.9037e+005
5855	2.8098e+005
5856	8.8072e+005
5857	6.1969e+005
5858	-16077
5859	1.0821e+005
5860	2.9286e+005
5861	-838.16
5862	5.0109e+005
5863	-1.3468e+005
5864	1.7426e+005
5865	-3.1635e+005
5866	5503.2
5867	3.3788e+005
5868	-4.6769e+005
5869	-2.9789e+005
5870	-3.0007e+005
5871	11047
5872	-6.2139e+005
5873	-1.4679e+005
5874	-7.1632e+005
5875	-6.1999e+005
5876	-4.5237e+005
5877	-1.032e+006
5878	-8.6907e+005
5879	-7.7274e+005
5880	-9.3146e+005
5881	-6.0511e+005
5882	-1.4026e+006
5883	-1.6068e+006
5884	-1.1269e+006
5885	-1.1893e+006
5886	-1.6681e+006
5887	-1.7195e+006
5888	-1.4851e+006
5889	-1.302e+006
5890	-1.6727e+006
5891	-1.9344e+006
5892	-1.8723e+006
5893	-2.6391e+006
5894	-1.6379e+006
5895	-1.8255e+006
5896	-2.2896e+006
5897	-2.7526e+006
5898	-1.7515e+006
5899	-1.7757e+006
5900	-1.9391e+006
5901	-2.4789e+006
5902	-3.4843e+006
5903	-2.9943e+006
5904	-2.0173e+006
5905	-2.1807e+006
5906	-2.5239e+006
5907	-3.432e+006
5908	-2.0995e+006
5909	-2.028e+006
5910	-1.9651e+006
5911	-2.5503e+006
5912	-2.6791e+006
5913	-3.5293e+006
5914	-4.1663e+006
5915	-2.1968e+006
5916	-2.6476e+006
5917	-2.5165e+006
5918	-5.2365e+006
5919	-4.2242e+006
5920	-2.2547e+006
5921	-2.0068e+006
5922	-2.7055e+006
5923	-3.0925e+006
5924	-5.0159e+006
5925	-1.7862e+006
5926	-2.8719e+006
5927	2.918e+006
5928	1.5193e+006
5929	3.2741e+006
5930	7.6167e+006
5931	1.6485e+006
5932	6.8186e+005
5933	2.4173e+006
5934	2.1423e+006
5935	9.6927e+005
5936	1.3415e+006
5937	2.7047e+006
5938	3.0092e+006
5939	1.5222e+006
5940	2.813e+006
5941	1.5478e+006
5942	1.9151e+006
5943	3.2155e+006
5944	3.664e+006
5945	2.3796e+006
5946	2.5516e+006
5947	4.5163e+006
5948	3.68e+006
5949	3.0489e+006
5950	4.4746e+006
5951	3.5497e+006
5952	2.938e+006
5953	4.9028e+006
5954	3.4354e+006
5955	5.3448e+006
5956	3.9738e+006
5957	3.8769e+006
5958	5.3269e+006
5959	4.2168e+006
5960	3.788e+006
5961	6.1091e+006
5962	5.0603e+006
5963	4.323e+006
5964	5.773e+006
5965	6.5249e+006
5966	4.6629e+006
5967	6.7665e+006
5968	5.3785e+006
5969	5.1545e+006
5970	6.8431e+006
5971	7.24e+006
5972	6.268e+006
5973	5.4936e+006
5974	7.6534e+006
5975	7.1823e+006
5976	5.7337e+006
5977	7.4604e+006
5978	6.4024e+006
5979	5.8715e+006
5980	7.7878e+006
5981	5.8681e+006
5982	6.3949e+006
5983	7.5138e+006
5984	6.5406e+006
5985	5.9574e+006
5986	7.8738e+006
5987	8.203e+006
5988	6.4809e+006
5989	7.3678e+006
5990	6.508e+006
5991	5.8468e+006
5992	8.1704e+006
5993	6.479e+006
5994	6.9757e+006
5995	6.0151e+006
5996	5.7333e+006
5997	8.5232e+006
5998	8.0569e+006
5999	6.3655e+006
6000	6.2834e+006
6001	5.7365e+006
6002	5.016e+006
6003	8.2446e+006
6004	8.0279e+006
6005	6.0869e+006
6006	5.4745e+006
6007	4.6897e+006
6008	4.6024e+006
6009	7.6142e+006
6010	5.6732e+006
6011	5.2793e+006
6012	4.6456e+006
6013	4.2945e+006
6014	3.6638e+006
6015	7.4873e+006
6016	7.219e+006
6017	4.7494e+006
6018	3.7832e+006
6019	3.056e+006
6020	3.2302e+006
6021	7.0536e+006
6022	4.3157e+006
6023	2.8653e+006
6024	2.6273e+006
6025	2.2379e+006
6026	6.6249e+006
6027	7.0128e+006
6028	3.1515e+006
6029	3.3644e+006
6030	2.4042e+006
6031	1.3863e+006
6032	1.7487e+006
6033	6.5237e+006
6034	2.8752e+006
6035	1.0335e+006
6036	1.4143e+006
6037	6.5517e+006
6038	7.1309e+006
6039	2.9032e+006
6040	-2.6676e+006
6041	-4.6809e+006
6042	-5.6168e+006
6043	-1.239e+007
6044	3.6525e+005
6045	-1.6924e+006
6046	-2.6284e+006
6047	3.7744e+005
6048	-9.402e+006
6049	-56664
6050	-3.0667e+006
6051	-2.5594e+006
6052	3.13e+005
6053	4.2184e+005
6054	6.1411e+005
6055	-12266
6056	-3.0223e+006
6057	-2.515e+006
6058	-9.1976e+005
6059	3.4255e+005
6060	5.1747e+005
6061	-1.0891e+005
6062	-1.0164e+006
6063	4.6878e+005
6064	6.4367e+005
6065	6.3513e+005
6066	3.9147e+005
6067	17288
6068	-8.3392e+005
6069	-5.2397e+005
6070	-8.902e+005
6071	4.6098e+005
6072	6.3516e+005
6073	3.915e+005
6074	-5.2395e+005
6075	4.1018e+005
6076	6.2733e+005
6077	4.2185e+005
6078	6.7171e+005
6079	3.8367e+005
6080	3.3762e+005
6081	5.3981e+005
6082	-5.3178e+005
6083	2.8348e+005
6084	3.7889e+005
6085	3.288e+005
6086	2.9465e+005
6087	4.9684e+005
6088	-82691
6089	2.4507e+005
6090	2.1092e+005
6091	-1.7641e+005
6092	2.4477e+006
6093	4.1311e+005
6094	1.3897e+006
6095	15665
6096	-37372
6097	5.7323e+006
6098	-4.5885e+005
6099	2.1653e+006
6100	1.5046e+006
6101	-1.6915e+006
6102	-1.0153e+006
6103	-1.1239e+006
6104	-5.2589e+006
6105	-4.6939e+006
6106	-2.792e+006
6107	-1.5406e+006
6108	-1.0549e+006
6109	-5.2985e+006
6110	-1.157e+006
6111	-8.6442e+005
6112	-7.693e+005
6113	-5.1081e+006
6114	-7.7149e+005
6115	-5.7608e+005
6116	-3.9965e+005
6117	-4.9148e+006
6118	-4.0972e+006
6119	-1.9448e+006
6120	-3.2997e+005
6121	-437.44
6122	-2.0739e+005
6123	-3.905e+006
6124	-1.7526e+006
6125	51594
6126	2.4882e+005
6127	4.3599e+005
6128	-3.6557e+006
6129	-6.8876e+005
6130	3.8552e+005
6131	7.4614e+005
6132	5.683e+005
6133	-3.5234e+006
6134	-4.5399e+006
6135	-1.1283e+006
6136	-5.5646e+005
6137	7.7638e+005
6138	9.4776e+005
6139	1.2208e+006
6140	-4.3383e+006
6141	-9.2664e+005
6142	1.0819e+006
6143	1.5827e+006
6144	1.4101e+006
6145	-4.2723e+006
6146	-4.1491e+006
6147	-7.3739e+005
6148	-5.8481e+005
6149	1.2456e+006
6150	1.699e+006
6151	1.9011e+006
6152	-4.156e+006
6153	-4.6852e+005
6154	1.2291e+006
6155	1.9578e+006
6156	1.9485e+006
6157	-4.1086e+006
6158	-3.5633e+005
6159	-4.2111e+005
6160	1.1659e+006
6161	1.8939e+006
6162	2.1083e+006
6163	-4.1725e+006
6164	-5.0387e+006
6165	-9.7242e+005
6166	-4.2025e+005
6167	9.083e+005
6168	1.8642e+006
6169	2.1091e+006
6170	-5.038e+006
6171	-9.717e+005
6172	6.8031e+005
6173	1.6058e+006
6174	1.8251e+006
6175	-5.2883e+006
6176	-5.2963e+006
6177	-1.2301e+006
6178	-8.1518e+005
6179	2.0406e+005
6180	1.5893e+006
6181	1.8554e+006
6182	-5.2579e+006
6183	-7.8482e+005
6184	-7.026e+005
6185	1.0827e+006
6186	1.1095e+006
6187	-5.7645e+006
6188	-2.4852e+006
6189	-1.5048e+006
6190	49346
6191	7.0941e+005
6192	-9.4339e+006
6193	-6.1646e+006
6194	-2.8853e+006
6195	-2.0914e+006
6196	-3.5283e+005
6197	-9.836e+006
6198	-2.9908e+006
6199	-5.3726e+005
6200	-9.2091e+005
6201	-1.002e+007
6202	-3.8577e+006
6203	-1.6358e+006
6204	-1.0735e+007
6205	-1.1415e+007
6206	-4.5727e+006
6207	5.2801e+006
6208	4.3459e+006
6209	3.8089e+006
6210	3.627e+005
6211	9.6229e+005
6212	2.954e+006
6213	2.8256e+006
6214	7.1831e+006
6215	7.487e+006
6216	1.2959e+006
6217	3.9201e+006
6218	3.3405e+006
6219	6.8642e+006
6220	1.0795e+006
6221	9.7705e+005
6222	3.9532e+006
6223	4.341e+006
6224	1.2023e+007
6225	1.1674e+007
6226	7.698e+006
6227	1.9133e+006
6228	1.7881e+006
6229	4.7871e+006
6230	4.5751e+006
6231	1.2189e+007
6232	1.9548e+006
6233	4.531e+006
6234	1.2257e+007
6235	1.0246e+007
6236	2.2197e+006
6237	2.0222e+006
6238	4.9893e+006
6239	1.0134e+007
6240	2.1082e+006
6241	5.5589e+006
6242	1.2232e+007
6243	1.0704e+007
6244	2.678e+006
6245	6.3226e+006
6246	1.2232e+007
6247	2.7818e+006
6248	2.6778e+006
6249	7.4947e+006
6250	1.4329e+007
6251	1.2996e+007
6252	3.5456e+006
6253	4.9254e+006
6254	8.8972e+006
6255	1.4738e+007
6256	5.3335e+006
6257	1.0157e+007
6258	1.7463e+007
6259	1.5732e+007
6260	6.5871e+006
6261	6.3279e+006
6262	1.1632e+007
6263	1.1041e+007
6264	1.7728e+007
6265	6.8521e+006
6266	1.1852e+007
6267	1.9228e+007
6268	1.8348e+007
6269	7.4718e+006
6270	1.2893e+007
6271	1.9419e+007
6272	8.3117e+006
6273	7.6624e+006
6274	1.4223e+007
6275	2.0528e+007
6276	2.0269e+007
6277	9.1622e+006
6278	1.0753e+007
6279	1.5194e+007
6280	2.1008e+007
6281	1.1233e+007
6282	1.5907e+007
6283	2.1499e+007
6284	2.1095e+007
6285	1.1606e+007
6286	1.1724e+007
6287	1.4694e+007
6288	1.6362e+007
6289	2.1317e+007
6290	1.1828e+007
6291	1.6364e+007
6292	2.0477e+007
6293	2.1551e+007
6294	1.2062e+007
6295	1.2651e+007
6296	1.6658e+007
6297	2.0244e+007
6298	1.1642e+007
6299	1.1829e+007
6300	1.2418e+007
6301	1.6971e+007
6302	2.0771e+007
6303	1.8463e+007
6304	1.2169e+007
6305	1.4033e+007
6306	1.6486e+007
6307	1.825e+007
6308	1.3819e+007
6309	1.5885e+007
6310	1.5746e+007
6311	1.7978e+007
6312	1.2067e+007
6313	1.3548e+007
6314	1.2612e+007
6315	1.5249e+007
6316	1.5417e+007
6317	1.1738e+007
6318	1.4554e+007
6319	1.5109e+007
6320	1.3091e+007
6321	1.0887e+007
6322	1.143e+007
6323	1.3471e+007
6324	1.2704e+007
6325	1.05e+007
6326	1.2781e+007
6327	9.514e+006
6328	1.2008e+007
6329	9.8041e+006
6330	1.0853e+007
6331	9.3418e+006
6332	1.2278e+007
6333	9.5195e+006
6334	1.0859e+007
6335	1.1093e+007
6336	9.0115e+006
6337	9.8533e+006
6338	1.0351e+007
6339	9.7751e+006
6340	6.2214e+006
6341	8.3337e+006
6342	9.1755e+006
6343	7.3602e+006
6344	8.7671e+006
6345	5.5817e+006
6346	7.074e+006
6347	6.5914e+006
6348	8.5358e+006
6349	6.7206e+006
6350	7.8667e+006
6351	5.2134e+006
6352	3.8872e+006
6353	6.7056e+006
6354	6.7793e+006
6355	3.3552e+006
6356	6.1735e+006
6357	5.9806e+006
6358	5.2898e+006
6359	1.3066e+006
6360	2.7999e+006
6361	5.4253e+006
6362	3.8979e+006
6363	-4.236e+006
6364	-5.1348e+006
6365	-2.6968e+006
6366	-2.3401e+005
6367	9.9615e+005
6368	-1.6699e+006
6369	-4.9817e+006
6370	-6.1286e+006
6371	-3.6906e+006
6372	-2.8554e+006
6373	-3.3337e+006
6374	-7.1866e+006
6375	-2.6637e+006
6376	-4.0223e+006
6377	-3.0856e+006
6378	-6.9385e+006
6379	-5.5577e+006
6380	-2.4156e+006
6381	-3.0318e+006
6382	-2.3743e+006
6383	-2.5697e+006
6384	-4.8464e+006
6385	-1.5042e+006
6386	-1.7043e+006
6387	-1.41e+006
6388	-2.4006e+006
6389	-2.2904e+006
6390	-1.8862e+006
6391	-2.8563e+006
6392	-4.5672e+006
6393	-1.2249e+006
6394	-1.1307e+006
6395	-4.6546e+005
6396	-1.3715e+006
6397	-1.4997e+006
6398	-1.5343e+006
6399	-2.5044e+006
6400	-7.7882e+005
6401	-1.1357e+005
6402	3.0127e+005
6403	64662
6404	-8.2249e+005
6405	-5.9311e+005
6406	-1.8272e+006
6407	23612
6408	9.7847e+005
6409	2.6555e+005
6410	1.5161e+006
6411	6.5576e+005
6412	1.6585e+005
6413	7.8257e+005
6414	1.0245e+006
6415	3.2821e+006
6416	1.3483e+006
6417	2.2384e+006
6418	1.4751e+006
6419	3.4176e+006
6420	1.1491e+006
6421	1.8902e+006
6422	1.717e+006
6423	3.8186e+006
6424	3.3119e+006
6425	4.4911e+006
6426	2.9637e+006
6427	-5.4726e+006
6428	-1.2351e+007
6429	-1.2156e+007
6430	-3.0059e+006
6431	-6.016e+006
6432	-6.4275e+006
6433	-1.2051e+007
6434	-3.6203e+006
6435	-2.9008e+006
6436	-5.9108e+006
6437	-7.863e+006
6438	-1.2855e+007
6439	-1.3111e+007
6440	-4.6804e+006
6441	-6.9709e+006
6442	-8.6175e+006
6443	-1.323e+007
6444	-1.3281e+007
6445	-5.0558e+006
6446	-5.9132e+006
6447	-9.4772e+006
6448	-1.366e+007
6449	-6.2922e+006
6450	-1.0093e+007
6451	-1.4899e+007
6452	-1.414e+007
6453	-6.7728e+006
6454	-6.6693e+006
6455	-1.0925e+007
6456	-1.5035e+007
6457	-6.8048e+006
6458	-1.2346e+007
6459	-1.5731e+007
6460	-1.6351e+007
6461	-7.5011e+006
6462	-8.7197e+006
6463	-1.0854e+007
6464	-1.3557e+007
6465	-1.8616e+007
6466	-1.7076e+007
6467	-1.0129e+007
6468	-9.4444e+006
6469	-1.1579e+007
6470	-1.4867e+007
6471	-1.9102e+007
6472	-1.0615e+007
6473	-1.636e+007
6474	-1.9925e+007
6475	-2.1055e+007
6476	-1.2505e+007
6477	-1.1439e+007
6478	-1.4431e+007
6479	-1.7446e+007
6480	-2.1725e+007
6481	-1.3175e+007
6482	-1.8805e+007
6483	-2.2388e+007
6484	-2.2141e+007
6485	-1.3591e+007
6486	-1.5145e+007
6487	-1.647e+007
6488	-1.4291e+007
6489	-2.0029e+007
6490	-2.333e+007
6491	-2.4359e+007
6492	-1.6087e+007
6493	-1.7413e+007
6494	-2.1789e+007
6495	-2.4641e+007
6496	-1.7828e+007
6497	-1.6369e+007
6498	-1.7694e+007
6499	-2.3214e+007
6500	-2.6133e+007
6501	-2.6119e+007
6502	-1.9306e+007
6503	-2.407e+007
6504	-2.608e+007
6505	-1.9922e+007
6506	-1.9253e+007
6507	-2.4637e+007
6508	-2.6989e+007
6509	-2.7094e+007
6510	-2.0831e+007
6511	-2.128e+007
6512	-2.4937e+007
6513	-2.6752e+007
6514	-2.0489e+007
6515	-2.1599e+007
6516	-2.0938e+007
6517	-2.5509e+007
6518	-2.619e+007
6519	-2.7394e+007
6520	-2.2241e+007
6521	-2.2087e+007
6522	-2.158e+007
6523	-2.576e+007
6524	-2.612e+007
6525	-2.2826e+007
6526	-2.217e+007
6527	-2.2017e+007
6528	-2.5883e+007
6529	-2.6441e+007
6530	-2.5164e+007
6531	-2.3147e+007
6532	-2.2338e+007
6533	-2.5732e+007
6534	-2.4965e+007
6535	-2.2711e+007
6536	-2.2949e+007
6537	-2.5139e+007
6538	-2.2904e+007
6539	-2.5013e+007
6540	-2.2759e+007
6541	-2.4271e+007
6542	-2.2264e+007
6543	-2.2119e+007
6544	-2.1966e+007
6545	-2.3281e+007
6546	-2.2036e+007
6547	-1.9809e+007
6548	-2.1738e+007
6549	-2.1848e+007
6550	-1.9046e+007
6551	-2.06e+007
6552	-2.0975e+007
6553	-1.7132e+007
6554	-2.055e+007
6555	-1.5945e+007
6556	-1.8376e+007
6557	-1.993e+007
6558	-1.6462e+007
6559	-1.7338e+007
6560	-1.8847e+007
6561	-1.5318e+007
6562	-1.9303e+007
6563	-1.8384e+007
6564	-1.6711e+007
6565	-1.6998e+007
6566	-1.4242e+007
6567	-1.1736e+007
6568	-1.7308e+007
6569	-1.5635e+007
6570	-1.4894e+007
6571	-8.0857e+006
6572	-1.0963e+007
6573	-1.4139e+007
6574	-1.4513e+007
6575	-1.6534e+007
6576	-1.159e+007
6577	-1.4862e+007
6578	-1.1957e+007
6579	-6.7556e+006
6580	-1.2809e+007
6581	-1.026e+007
6582	-8.6882e+006
6583	-5.1481e+006
6584	-2.5573e+006
6585	-1.1202e+007
6586	-9.7463e+006
6587	-8.6524e+006
6588	-6.9689e+006
6589	-8.9642e+005
6590	-8.0853e+006
6591	-3.5625e+006
6592	-1.8512e+006
6593	-1.3162e+006
6594	3.114e+005
6595	-2.4467e+005
6596	-1.1245e+006
6597	-5.6274e+005
6598	-1.016e+006
6599	55543
6600	2.9226e+005
6601	-27743
6602	-1.0846e+006
6603	1.0438e+006
6604	-94154
6605	-1.6097e+005
6606	1.5327e+005
6607	-1.2179e+006
6608	-6.0344e+005
6609	-99907
6610	-1.471e+006
6611	-8.5662e+005
6612	2.7713e+006
6613	2.7749e+006
6614	4.3499e+005
6615	2.4267e+006
6616	1.5421e+006
6617	1.4226e+006
6618	2.2645e+006
6619	-75355
6620	5.3864e+005
6621	7.0372e+005
6622	-5.8801e+005
6623	-7.9421e+005
6624	-1.7542e+005
6625	2.7303e+005
6626	4.1912e+005
6627	2.4059e+005
6628	-8.726e+005
6629	-3.0454e+005
6630	-4.6001e+005
6631	2.5957e+005
6632	7.5658e+005
6633	-8.5362e+005
6634	-2.8556e+005
6635	1.8673e+007
6636	1.6234e+007
6637	2.0074e+007
6638	1.1346e+007
6639	1.1361e+007
6640	2.2642e+007
6641	2.1971e+007
6642	1.4459e+007
6643	1.3244e+007
6644	1.9717e+007
6645	2.6699e+007
6646	2.857e+007
6647	2.4043e+007
6648	1.6531e+007
6649	2.206e+007
6650	2.1789e+007
6651	3.0973e+007
6652	3.0556e+007
6653	2.4046e+007
6654	2.3775e+007
6655	3.5325e+007
6656	3.2843e+007
6657	3.5623e+007
6658	2.8044e+007
6659	2.6334e+007
6660	2.5698e+007
6661	3.9306e+007
6662	3.7687e+007
6663	3.0108e+007
6664	4.3176e+007
6665	4.2483e+007
6666	3.9604e+007
6667	4.3962e+007
6668	3.2025e+007
6669	3.6386e+007
6670	4.6817e+007
6671	4.5915e+007
6672	3.364e+007
6673	3.3978e+007
6674	3.8339e+007
6675	4.9875e+007
6676	4.9683e+007
6677	4.7603e+007
6678	3.5327e+007
6679	4.3029e+007
6680	4.0027e+007
6681	3.859e+007
6682	5.254e+007
6683	5.2429e+007
6684	5.1054e+007
6685	4.4399e+007
6686	3.9961e+007
6687	5.4444e+007
6688	5.3723e+007
6689	4.4156e+007
6690	4.5694e+007
6691	5.5569e+007
6692	5.4333e+007
6693	5.5928e+007
6694	5.5205e+007
6695	4.4765e+007
6696	5.5942e+007
6697	5.572e+007
6698	4.5281e+007
6699	5.5365e+007
6700	5.5557e+007
6701	5.5578e+007
6702	4.1896e+007
6703	4.5139e+007
6704	4.5403e+007
6705	5.4153e+007
6706	5.5122e+007
6707	4.1461e+007
6708	4.6499e+007
6709	4.4968e+007
6710	5.2077e+007
6711	5.2837e+007
6712	5.4345e+007
6713	4.5722e+007
6714	4.4191e+007
6715	4.929e+007
6716	5.1538e+007
6717	4.9609e+007
6718	4.0223e+007
6719	4.4423e+007
6720	4.2749e+007
6721	4.6192e+007
6722	4.8121e+007
6723	3.8735e+007
6724	4.1261e+007
6725	4.2502e+007
6726	4.4817e+007
6727	4.6511e+007
6728	3.7125e+007
6729	3.6688e+007
6730	3.9651e+007
6731	3.8256e+007
6732	4.2737e+007
6733	3.9064e+007
6734	2.9847e+007
6735	3.5045e+007
6736	3.4608e+007
6737	3.396e+007
6738	3.6898e+007
6739	2.7681e+007
6740	2.8854e+007
6741	2.9704e+007
6742	3.0371e+007
6743	3.4768e+007
6744	2.6724e+007
6745	2.5696e+007
6746	2.8245e+007
6747	1.9672e+007
6748	2.4598e+007
6749	2.1499e+007
6750	2.6363e+007
6751	2.2939e+007
6752	1.779e+007
6753	1.7668e+007
6754	2.0625e+007
6755	1.2836e+007
6756	1.5475e+007
6757	1.4512e+007
6758	1.5922e+007
6759	1.9109e+007
6760	1.132e+007
6761	1.1574e+007
6762	1.4282e+007
6763	9.6795e+006
6764	9.2273e+006
6765	8.7921e+006
6766	1.2984e+007
6767	1.083e+007
6768	7.9298e+006
6769	6.2422e+006
6770	8.4542e+006
6771	9.3453e+006
6772	4.743e+006
6773	6.4451e+006
6774	5.8347e+006
6775	4.5425e+006
6776	7.3889e+006
6777	3.6777e+006
6778	4.7694e+006
6779	3.3809e+006
6780	6.7545e+006
6781	4.7538e+006
6782	2.5216e+006
6783	3.0433e+006
6784	4.135e+006
6785	2.1513e+006
6786	3.3259e+006
6787	4.2266e+006
6788	1.9944e+006
6789	2.4668e+006
6790	1.3703e+006
6791	2.6236e+006
6792	1.2921e+006
6793	1.2499e+006
6794	1.7644e+006
6795	2.5449e+006
6796	2.1007e+006
6797	1.1712e+006
6798	1.7511e+006
6799	1.6858e+006
6800	-4.5226e+007
6801	-3.7928e+007
6802	-4.2827e+007
6803	-3.5503e+007
6804	-3.9183e+007
6805	-5.2645e+007
6806	-4.6944e+007
6807	-4.7911e+007
6808	-3.9621e+007
6809	-4.3301e+007
6810	-5.945e+007
6811	-5.3957e+007
6812	-5.0246e+007
6813	-5.1212e+007
6814	-4.6602e+007
6815	-6.5807e+007
6816	-5.746e+007
6817	-6.0909e+007
6818	-5.4715e+007
6819	-6.0714e+007
6820	-5.5938e+007
6821	-7.1113e+007
6822	-6.3764e+007
6823	-6.3568e+007
6824	-5.8792e+007
6825	-7.6042e+007
6826	-6.9835e+007
6827	-6.6215e+007
6828	-6.6019e+007
6829	-6.7806e+007
6830	-6.1244e+007
6831	-8.0531e+007
6832	-7.2313e+007
6833	-7.0285e+007
6834	-8.4136e+007
6835	-7.4323e+007
6836	-7.7206e+007
6837	-7.2295e+007
6838	-7.6329e+007
6839	-7.378e+007
6840	-8.7051e+007
6841	-8.1139e+007
6842	-7.8802e+007
6843	-7.9404e+007
6844	-7.7924e+007
6845	-7.5375e+007
6846	-8.9192e+007
6847	-8.2458e+007
6848	-8.0723e+007
6849	-7.6694e+007
6850	-7.8313e+007
6851	-9.0413e+007
6852	-8.328e+007
6853	-8.4598e+007
6854	-8.1588e+007
6855	-8.1544e+007
6856	-7.9135e+007
6857	-9.0711e+007
6858	-8.4998e+007
6859	-8.1988e+007
6860	-7.6592e+007
6861	-7.9534e+007
6862	-9.0113e+007
6863	-8.493e+007
6864	-8.4896e+007
6865	-8.1886e+007
6866	-8.1389e+007
6867	-7.6491e+007
6868	-8.8638e+007
6869	-8.4434e+007
6870	-8.3748e+007
6871	-8.0892e+007
6872	-7.715e+007
6873	-7.5994e+007
6874	-8.6513e+007
6875	-8.277e+007
6876	-7.7916e+007
6877	-7.9914e+007
6878	-7.6172e+007
6879	-8.3506e+007
6880	-7.9489e+007
6881	-8.1623e+007
6882	-7.6769e+007
6883	-7.5025e+007
6884	-7.897e+007
6885	-7.7629e+007
6886	-7.1849e+007
6887	-7.4909e+007
6888	-7.4308e+007
6889	-7.4953e+007
6890	-7.2344e+007
6891	-6.9173e+007
6892	-6.6599e+007
6893	-6.9681e+007
6894	-6.665e+007
6895	-7.0357e+007
6896	-6.7187e+007
6897	-6.2929e+007
6898	-6.4612e+007
6899	-6.4146e+007
6900	-6.401e+007
6901	-6.029e+007
6902	-5.8436e+007
6903	-6.1114e+007
6904	-5.7006e+007
6905	-5.2715e+007
6906	-5.7394e+007
6907	-5.3937e+007
6908	-5.2643e+007
6909	-5.4192e+007
6910	-4.9901e+007
6911	-5.1123e+007
6912	-4.76e+007
6913	-4.7007e+007
6914	-4.797e+007
6915	-5.1214e+007
6916	-4.2248e+007
6917	-4.6923e+007
6918	-4.4622e+007
6919	-4.1531e+007
6920	-4.5312e+007
6921	-4.1273e+007
6922	-3.959e+007
6923	-3.603e+007
6924	-3.8455e+007
6925	-3.6772e+007
6926	-3.2621e+007
6927	-3.085e+007
6928	-3.282e+007
6929	-3.5772e+007
6930	-2.9938e+007
6931	-2.6189e+007
6932	-3.0323e+007
6933	-2.3902e+007
6934	-2.7441e+007
6935	-2.3788e+007
6936	-2.2133e+007
6937	-2.8159e+007
6938	-2.4097e+007
6939	-2.1738e+007
6940	-2.1624e+007
6941	-1.8878e+007
6942	-2.2205e+007
6943	-1.9846e+007
6944	-1.6738e+007
6945	-1.9732e+007
6946	-1.5509e+007
6947	-1.7901e+007
6948	-2.0843e+007
6949	-1.5376e+007
6950	-1.837e+007
6951	-1.1831e+007
6952	-1.5894e+007
6953	-1.4245e+007
6954	-1.0036e+007
6955	-1.1254e+007
6956	-1.3369e+007
6957	-1.2513e+007
6958	-8.7277e+006
6959	-1.2574e+007
6960	-8.3653e+006
6961	-1.0843e+007
6962	-5.7512e+006
6963	-1.016e+007
6964	-1.1141e+007
6965	-6.9326e+006
6966	-4.7457e+006
6967	-9.4099e+006
6968	-8.6165e+006
6969	-6.6251e+006
6970	-3.2019e+006
6971	-4.2175e+006
6972	-3.1176e+006
6973	-5.717e+006
6974	-2.8692e+006
6975	-5.9305e+006
6976	-4.9589e+006
6977	2.8891e+005
6978	2.2266e+006
6979	-6.5621e+005
6980	7.6322e+005
6981	2.3909e+006
6982	2.7386e+006
6983	-1.4426e+005
6984	7.0607e+005
6985	2.3533e+006
6986	2.2084e+006
6987	-1.8189e+005
6988	2.344e+005
6989	8.8606e+005
6990	8.2384e+005
6991	2.1889e+006
6992	2.1488e+005
6993	8.6654e+005
6994	1.1418e+006
6995	1.9918e+006
6996	2.3262e+006
6997	4.0169e+005
6998	3.5217e+005
6999	6.8919e+005
7000	1.0038e+006
7001	1.352e+006
7002	2.1725e+006
7003	8.6988e+005
7004	1.486e+006
7005	2.202e+006
7006	1.9745e+006
7007	8.994e+005
7008	1.1959e+006
7009	1.6954e+006
7010	2.0789e+006
7011	7.797e+005
7012	1.0038e+006
7013	1.3488e+006
7014	1.1173e+006
7015	1.3003e+006
7016	1.8627e+006
7017	1.9864e+006
7018	2.1839e+006
7019	1.4538e+006
7020	1.2223e+006
7021	1.984e+006
7022	2.0487e+006
7023	1.5161e+006
7024	2.1548e+006
7025	2.1077e+006
7026	2.1117e+006
7027	1.2411e+006
7028	1.7825e+006
7029	1.5751e+006
7030	1.4013e+006
7031	2.3359e+006
7032	2.2235e+006
7033	1.8943e+006
7034	2.439e+006
7035	2.2003e+006
7036	2.2928e+006
7037	1.9636e+006
7038	2.5561e+006
7039	2.2341e+006
7040	1.6121e+006
7041	2.1228e+006
7042	1.9973e+006
7043	2.6393e+006
7044	2.3175e+006
7045	2.3583e+006
7046	2.2062e+006
7047	2.0469e+006
7048	2.6601e+006
7049	2.3581e+006
7050	2.206e+006
7051	2.0467e+006
7052	2.6928e+006
7053	2.3004e+006
7054	2.379e+006
7055	1.8094e+006
7056	2.2269e+006
7057	2.2785e+006
7058	2.0676e+006
7059	2.66e+006
7060	2.3122e+006
7061	2.2278e+006
7062	2.2903e+006
7063	2.0386e+006
7064	2.5619e+006
7065	2.1832e+006
7066	2.2176e+006
7067	2.2457e+006
7068	1.994e+006
7069	2.4505e+006
7070	1.9351e+006
7071	2.1297e+006
7072	2.1641e+006
7073	1.9406e+006
7074	2.3065e+006
7075	1.8772e+006
7076	1.6162e+006
7077	2.1062e+006
7078	1.6777e+006
7079	2.0811e+006
7080	1.5302e+006
7081	1.4942e+006
7082	1.8813e+006
7083	2.0202e+006
7084	1.5916e+006
7085	1.8162e+006
7086	1.0584e+006
7087	1.3908e+006
7088	1.7419e+006
7089	1.4522e+006
7090	1.2953e+006
7091	1.5909e+006
7092	9.3286e+005
7093	3.6333e+005
7094	1.6164e+006
7095	1.1698e+006
7096	1.2832e+006
7097	2.6352e+005
7098	1.0409e+006
7099	1.5166e+006
7100	1.07e+006
7101	9.0855e+005
7102	-4.2418e+005
7103	55664
7104	8.3304e+005
7105	1.0872e+006
7106	2.6413e+005
7107	8.6215e+005
7108	5.5572e+005
7109	-5.9096e+005
7110	9.2046e+005
7111	2.3603e+005
7112	-7.7701e+005
7113	-1.5438e+006
7114	7.3441e+005
7115	-3.4738e+005
7116	-3.5245e+005
7117	-1.6775e+006
7118	2.9019e+005
7119	2.2429e+005
7120	6.0077e+005
7121	-4.8102e+005
7122	-8.6434e+005
7123	-2.6223e+006
7124	-2.1323e+006
7125	-2.3055e+005
7126	-9.3586e+005
7127	-9.7553e+005
7128	-2.6794e+006
7129	-3.3164e+006
7130	-2.876e+005
7131	-1.4437e+006
7132	-1.3822e+006
7133	-3.3705e+006
7134	-5.1277e+005
7135	-8.5896e+005
7136	-3.4174e+005
7137	-1.4979e+006
7138	-1.9224e+006
7139	-4.7353e+006
7140	-3.723e+006
7141	-1.2115e+006
7142	-2.5754e+006
7143	-1.8504e+006
7144	-1.8617e+006
7145	-4.923e+006
7146	-1.3992e+006
7147	-3.9514e+006
7148	-2.7632e+006
7149	-2.4092e+007
7150	-2.0798e+007
7151	-2.2326e+007
7152	-1.5724e+007
7153	-2.7222e+007
7154	-2.4012e+007
7155	-2.6892e+007
7156	-1.7411e+007
7157	-1.8511e+007
7158	-1.9487e+007
7159	-2.6361e+007
7160	-2.8335e+007
7161	-2.8073e+007
7162	-1.9955e+007
7163	-2.2372e+007
7164	-2.4294e+007
7165	-2.5768e+007
7166	-1.2999e+007
7167	-1.7651e+007
7168	-1.8663e+007
7169	-1.8575e+007
7170	-2.261e+007
7171	-1.9727e+007
7172	-1.1314e+007
7173	-1.4474e+007
7174	-1.6978e+007
7175	-1.3811e+007
7176	-1.5266e+007
7177	-1.7615e+007
7178	-1.2361e+007
7179	-9.0727e+006
7180	-1.2615e+007
7181	-1.0765e+007
7182	-7.6302e+006
7183	-9.7103e+006
7184	-9.3256e+006
7185	-8.9706e+006
7186	-5.5157e+006
7187	-5.5709e+006
7188	-8.6774e+006
7189	-5.5422e+006
7190	-6.8825e+006
7191	-2.9135e+006
7192	-4.102e+006
7193	-2.616e+006
7194	-3.7191e+006
7195	-4.0732e+006
7196	-3.7688e+006
7197	-5.4136e+006
7198	-1.4827e+006
7199	-2.5859e+006
7200	-2.1455e+006
7201	-2.6356e+006
7202	-3.7049e+007
7203	-3.719e+007
7204	-3.4861e+007
7205	-3.629e+007
7206	-3.7008e+007
7207	-3.4079e+007
7208	-3.5508e+007
7209	-4.0406e+007
7210	-3.0285e+007
7211	-3.6761e+007
7212	-3.9253e+007
7213	-4.1147e+007
7214	-3.1026e+007
7215	-3.7502e+007
7216	-4.2431e+007
7217	-4.6362e+007
7218	-4.2651e+007
7219	-3.2529e+007
7220	-3.6933e+007
7221	-3.9006e+007
7222	-4.5303e+007
7223	-4.8036e+007
7224	-5.1486e+007
7225	-3.8608e+007
7226	-4.3915e+007
7227	-4.068e+007
7228	-4.8447e+007
7229	-5.2683e+007
7230	-3.4931e+007
7231	-3.9804e+007
7232	-4.1985e+007
7233	-4.5112e+007
7234	-5.2055e+007
7235	-5.825e+007
7236	-5.463e+007
7237	-4.3933e+007
7238	-4.7059e+007
7239	-5.5008e+007
7240	-5.991e+007
7241	-4.5593e+007
7242	-5.8013e+007
7243	-6.1203e+007
7244	-6.4086e+007
7245	-4.1982e+007
7246	-4.6886e+007
7247	-4.973e+007
7248	-5.1374e+007
7249	-6.0791e+007
7250	-6.8136e+007
7251	-6.5799e+007
7252	-5.1443e+007
7253	-5.3087e+007
7254	-6.2667e+007
7255	-6.9201e+007
7256	-5.2507e+007
7257	-6.4397e+007
7258	-7.0012e+007
7259	-7.1331e+007
7260	-4.7453e+007
7261	-5.5318e+007
7262	-5.3319e+007
7263	-5.9685e+007
7264	-6.5662e+007
7265	-7.2249e+007
7266	-5.6237e+007
7267	-6.0603e+007
7268	-6.5746e+007
7269	-7.2629e+007
7270	-7.2595e+007
7271	-5.6583e+007
7272	-6.0949e+007
7273	-6.5776e+007
7274	-7.2368e+007
7275	-7.1683e+007
7276	-4.9257e+007
7277	-5.6158e+007
7278	-5.6322e+007
7279	-5.6064e+007
7280	-6.5521e+007
7281	-7.1973e+007
7282	-5.6448e+007
7283	-6.367e+007
7284	-6.9294e+007
7285	-7.1428e+007
7286	-5.5903e+007
7287	-5.8848e+007
7288	-6.182e+007
7289	-6.7988e+007
7290	-4.7495e+007
7291	-5.4597e+007
7292	-5.3439e+007
7293	-5.7542e+007
7294	-5.986e+007
7295	-6.7444e+007
7296	-6.4834e+007
7297	-5.2894e+007
7298	-5.6998e+007
7299	-5.694e+007
7300	-5.9712e+007
7301	-6.3419e+007
7302	-4.9652e+007
7303	-5.1479e+007
7304	-5.4083e+007
7305	-5.3704e+007
7306	-5.8206e+007
7307	-4.8146e+007
7308	-5.2577e+007
7309	-5.0182e+007
7310	-5.6476e+007
7311	-5.2369e+007
7312	-4.6416e+007
7313	-4.6913e+007
7314	-5.0848e+007
7315	-4.6873e+007
7316	-5.0576e+007
7317	-3.785e+007
7318	-4.1094e+007
7319	-4.4624e+007
7320	-4.5121e+007
7321	-4.3212e+007
7322	-4.5816e+007
7323	-4.9059e+007
7324	-3.9578e+007
7325	-4.3604e+007
7326	-3.9221e+007
7327	-4.3672e+007
7328	-3.9632e+007
7329	-3.7434e+007
7330	-3.5546e+007
7331	-3.5922e+007
7332	-3.7785e+007
7333	-2.8841e+007
7334	-3.1731e+007
7335	-3.5586e+007
7336	-3.3698e+007
7337	-3.2239e+007
7338	-3.3382e+007
7339	-3.6334e+007
7340	-3.028e+007
7341	-2.8476e+007
7342	-3.115e+007
7343	-2.8048e+007
7344	-2.6877e+007
7345	-2.5843e+007
7346	-2.9618e+007
7347	-2.5557e+007
7348	-2.2889e+007
7349	-2.6516e+007
7350	-2.5345e+007
7351	-2.3077e+007
7352	-2.4456e+007
7353	-2.1788e+007
7354	-2.2046e+007
7355	-2.4244e+007
7356	-2.0451e+007
7357	-2.0346e+007
7358	-1.9849e+007
7359	-2.2791e+007
7360	-2.0381e+007
7361	-1.8787e+007
7362	-1.8934e+007
7363	-1.8783e+007
7364	-1.7134e+007
7365	-1.9315e+007
7366	-1.7704e+007
7367	-1.8645e+007
7368	-1.6788e+007
7369	-1.6459e+007
7370	-1.7488e+007
7371	-1.8969e+007
7372	-1.7359e+007
7373	-1.8946e+007
7374	-1.5864e+007
7375	-1.6845e+007
7376	-1.7544e+007
7377	-1.7415e+007
7378	-2.0718e+007
7379	-1.6108e+007
7380	-1.4117e+007
7381	-1.7789e+007
7382	-1.5541e+007
7383	-9.8315e+006
7384	-1.0637e+007
7385	-1.2192e+007
7386	-3.3664e+006
7387	-2.1363e+006
7388	-6.6606e+006
7389	-8.2078e+006
7390	-1.2517e+007
7391	-9.2822e+006
7392	-3.6908e+006
7393	-6.985e+006
7394	-7.8801e+006
7395	-4.7044e+006
7396	-7.3341e+006
7397	-4.4273e+006
7398	-1.7428e+006
7399	-6.0387e+006
7400	-3.1506e+006
7401	-5.7787e+006
7402	-2.3611e+006
7403	-2.8719e+006
7404	-4.8532e+006
7405	-4.4833e+006
7406	-3.6229e+006
7407	-2.3627e+006
7408	-3.3947e+006
7409	-4.6971e+006
7410	-4.8549e+006
7411	-3.9597e+006
7412	-5.5321e+006
7413	-6.2218e+006
7414	-3.8653e+006
7415	-5.1678e+006
7416	-4.9179e+006
7417	-4.4304e+006
7418	-9.3569e+006
7419	-7.6603e+006
7420	-6.6063e+006
7421	-7.0366e+006
7422	-6.3565e+006
7423	-1.3318e+007
7424	-1.0047e+007
7425	-1.381e+007
7426	-1.1773e+007
7427	-9.4229e+006
7428	-1.7613e+007
7429	-1.5386e+007
7430	-1.7837e+007
7431	-1.1029e+007
7432	-1.0998e+007
7433	-2.3415e+007
7434	-2.3545e+007
7435	-2.0556e+007
7436	-1.3749e+007
7437	-1.638e+007
7438	-1.6925e+007
7439	-2.9089e+007
7440	-2.6627e+007
7441	-2.8289e+007
7442	-1.9462e+007
7443	-2.4703e+007
7444	-3.4115e+007
7445	-3.3317e+007
7446	-3.0881e+007
7447	-2.6016e+007
7448	-2.2054e+007
7449	-2.7295e+007
7450	-3.422e+007
7451	-3.5752e+007
7452	-2.8451e+007
7453	-3.5649e+007
7454	-3.0194e+007
7455	-9.8558e+006
7456	-1.3134e+007
7457	-8.3249e+006
7458	-1.5025e+007
7459	-8.1467e+006
7460	-7.255e+006
7461	-1.3955e+007
7462	-1.376e+007
7463	-6.5726e+006
7464	-7.5681e+006
7465	-1.3121e+007
7466	-5.73e+006
7467	-5.9334e+006
7468	-7.5815e+006
7469	-7.8103e+006
7470	-1.2925e+007
7471	-1.3182e+007
7472	-5.7907e+006
7473	-7.6422e+006
7474	-8.3963e+006
7475	-1.3107e+007
7476	-1.3157e+007
7477	-5.9723e+006
7478	-6.1109e+006
7479	-7.8238e+006
7480	-9.1173e+006
7481	-1.3562e+007
7482	-6.5153e+006
7483	-9.7732e+006
7484	-1.4637e+007
7485	-1.3878e+007
7486	-6.7759e+006
7487	-6.832e+006
7488	-9.0472e+006
7489	-1.0307e+007
7490	-1.4976e+007
7491	-1.5597e+007
7492	-7.1151e+006
7493	-8.3227e+006
7494	-9.3864e+006
7495	-1.089e+007
7496	-1.5791e+007
7497	-8.5175e+006
7498	-1.2154e+007
7499	-1.618e+007
7500	-9.4233e+006
7501	-8.906e+006
7502	-1.374e+007
7503	-1.8595e+007
7504	-1.7055e+007
7505	-1.0298e+007
7506	-1.4107e+007
7507	-1.9306e+007
7508	-2.0436e+007
7509	-1.101e+007
7510	-1.3382e+007
7511	-1.4596e+007
7512	-2.0091e+007
7513	-8.8033e+006
7514	-1.0665e+007
7515	-1.3037e+007
7516	-1.618e+007
7517	-2.1172e+007
7518	-2.0925e+007
7519	-9.638e+006
7520	-1.3112e+007
7521	-1.3871e+007
7522	-1.6884e+007
7523	-2.1921e+007
7524	-2.295e+007
7525	-1.386e+007
7526	-1.6081e+007
7527	-1.7063e+007
7528	-2.2905e+007
7529	-1.3815e+007
7530	-1.6036e+007
7531	-1.7853e+007
7532	-2.3143e+007
7533	-2.3129e+007
7534	-1.226e+007
7535	-1.404e+007
7536	-1.4497e+007
7537	-1.626e+007
7538	-1.8747e+007
7539	-2.3709e+007
7540	-1.5063e+007
7541	-1.8721e+007
7542	-2.4038e+007
7543	-2.4142e+007
7544	-1.5392e+007
7545	-1.8567e+007
7546	-2.3787e+007
7547	-1.3208e+007
7548	-1.528e+007
7549	-1.5037e+007
7550	-1.7322e+007
7551	-1.8573e+007
7552	-2.2784e+007
7553	-2.3988e+007
7554	-1.548e+007
7555	-1.7522e+007
7556	-1.8605e+007
7557	-2.2591e+007
7558	-1.5287e+007
7559	-1.5353e+007
7560	-1.7328e+007
7561	-1.8497e+007
7562	-2.2816e+007
7563	-2.1539e+007
7564	-1.5578e+007
7565	-1.7828e+007
7566	-2.1206e+007
7567	-1.5245e+007
7568	-1.7169e+007
7569	-1.876e+007
7570	-2.087e+007
7571	-1.3001e+007
7572	-1.455e+007
7573	-1.4909e+007
7574	-1.5041e+007
7575	-1.6344e+007
7576	-1.8437e+007
7577	-1.4227e+007
7578	-1.5442e+007
7579	-1.7936e+007
7580	-1.5709e+007
7581	-1.3726e+007
7582	-1.3993e+007
7583	-1.4466e+007
7584	-1.5307e+007
7585	-1.2002e+007
7586	-1.3324e+007
7587	-1.3591e+007
7588	-1.3338e+007
7589	-1.2302e+007
7590	-1.4733e+007
7591	-1.1428e+007
7592	-1.2182e+007
7593	-1.3017e+007
7594	-1.2819e+007
7595	-1.2481e+007
7596	-1.1749e+007
7597	-1.1629e+007
7598	-1.1662e+007
7599	-1.1445e+007
7600	-8.939e+006
7601	-1.1379e+007
7602	-1.1325e+007
7603	-9.9982e+006
7604	-1.0724e+007
7605	-8.424e+006
7606	-1.0864e+007
7607	-1.0117e+007
7608	-5.1245e+006
7609	-8.0016e+006
7610	-1.0882e+007
7611	-1.0442e+007
7612	-1.0849e+007
7613	-4.9396e+006
7614	-2.3488e+006
7615	-1.0697e+007
7616	-6.8732e+006
7617	-1.3322e+007
7618	-3.2661e+006
7619	-1.1614e+007
7620	-7.7905e+006
7621	-9.1745e+006
7622	-4.4611e+006
7623	-7.1667e+006
7624	-8.0874e+006
7625	-7.5224e+006
7626	-6.5508e+006
7627	-1.2572e+007
7628	-9.0324e+006
7629	-9.9531e+006
7630	-1.1706e+007
7631	-9.6053e+006
7632	-1.6684e+007
7633	-1.0564e+007
7634	-1.4888e+007
7635	-1.3238e+007
7636	-1.1137e+007
7637	-2.1292e+007
7638	-1.7469e+007
7639	-2.0526e+007
7640	-1.4265e+007
7641	-1.5819e+007
7642	-1.4663e+007
7643	-2.4413e+007
7644	-2.4979e+007
7645	-2.2552e+007
7646	-1.6291e+007
7647	-1.9011e+007
7648	-1.669e+007
7649	-2.6745e+007
7650	-2.6074e+007
7651	-1.7509e+007
7652	-1.7386e+007
7653	-2.0106e+007
7654	-2.8332e+007
7655	-2.7312e+007
7656	-2.8112e+007
7657	-2.731e+007
7658	-1.8746e+007
7659	-1.9613e+007
7660	-2.1343e+007
7661	-1.9969e+007
7662	-2.7952e+007
7663	-2.8461e+007
7664	-2.7411e+007
7665	-1.9962e+007
7666	-2.2442e+007
7667	-2.5192e+007
7668	-2.5388e+007
7669	-2.6681e+007
7670	-1.9232e+007
7671	-2.3739e+007
7672	-2.1712e+007
7673	-2.1489e+007
7674	-2.3358e+007
7675	-2.0794e+007
7676	-2.171e+007
7677	-1.7579e+007
7678	-1.6327e+007
7679	-1.9121e+007
7680	-1.879e+007
7681	-2.0036e+007
7682	-1.6744e+007
7683	-1.0533e+007
7684	-1.409e+007
7685	-1.6553e+007
7686	-1.7233e+007
7687	-1.4507e+007
7688	-1.8923e+006
7689	-7.6409e+006
7690	-4.9927e+006
7691	6.2235e+005
7692	-1.0124e+006
7693	-6.2063e+006
7694	-2.5891e+006
7695	-4.2879e+006
7696	3.6019e+006
7697	-5.3215e+006
7698	-6.4308e+006
7699	2.9417e+006
7700	2.5567e+006
7701	1.307e+006
7702	-2.6972e+005
7703	-44111
7704	-1.9685e+006
7705	6.5258e+006
7706	-3.2559e+006
7707	-5.1422e+006
7708	6.1166e+006
7709	7.702e+006
7710	8.1699e+006
7711	5.7316e+006
7712	3.1308e+006
7713	7.4593e+006
7714	-5.3932e+006
7715	7.9189e+006
7716	5.4806e+006
7717	2.261e+006
7718	6.4883e+006
7719	2.8798e+006
7720	4.1281e+006
7721	2.4922e+005
7722	1.0219e+007
7723	-4.2087e+006
7724	-1.1263e+006
7725	9.4369e+006
7726	9.1033e+006
7727	2.5672e+006
7728	3.4455e+006
7729	7.6727e+006
7730	5.3125e+006
7731	1.4337e+006
7732	1.383e+007
7733	2.8357e+006
7734	4.4914e+005
7735	1.1012e+007
7736	1.2377e+007
7737	6.0695e+006
7738	5.7035e+006
7739	4.1426e+006
7740	8.1601e+006
7741	9.2482e+006
7742	6.888e+006
7743	9.1331e+006
7744	1.6646e+007
7745	4.8713e+006
7746	4.6986e+006
7747	1.4413e+007
7748	7.7391e+006
7749	1.0196e+007
7750	1.1169e+007
7751	1.9488e+007
7752	6.7536e+006
7753	5.4788e+006
7754	1.5852e+007
7755	1.5193e+007
7756	1.0958e+007
7757	8.5192e+006
7758	1.1919e+007
7759	1.1857e+007
7760	1.0976e+007
7761	1.1949e+007
7762	1.8025e+007
7763	8.8154e+006
7764	1.7913e+007
7765	1.302e+007
7766	1.3918e+007
7767	5.2905e+006
7768	6.8977e+006
7769	1.4389e+007
7770	9.4948e+006
7771	1.0394e+007
7772	6.2504e+006
7773	-1.3723e+007
7774	-8.4219e+006
7775	-1.2179e+007
7776	-1.5123e+007
7777	-1.0466e+007
7778	-9.8214e+006
7779	-9.6355e+006
7780	-7.7171e+006
7781	-1.818e+007
7782	-1.7776e+007
7783	-1.6381e+007
7784	-1.3119e+007
7785	-1.4133e+007
7786	-1.2474e+007
7787	-1.2288e+007
7788	-1.5164e+007
7789	-2.1115e+007
7790	-2.3995e+007
7791	-1.958e+007
7792	-2.1952e+007
7793	-1.8186e+007
7794	-1.5937e+007
7795	-1.6968e+007
7796	-2.5126e+007
7797	-1.5645e+007
7798	-1.9317e+007
7799	-1.7068e+007
7800	-1.7721e+007
7801	-1.8099e+007
7802	-2.4699e+006
7803	-7.8322e+006
7804	4.0495e+005
7805	-1.8504e+006
7806	1.6406e+006
7807	-4.2645e+006
7808	-1.1895e+006
7809	-3.8532e+006
7810	-9.2093e+006
7811	-3.2275e+006
7812	-9.7997e+006
7813	-7.9058e+006
7814	2.6345e+005
7815	-5.6417e+006
7816	-2.3187e+006
7817	-4.2984e+006
7818	-9.8059e+006
7819	-7.912e+006
7820	-4.3355e+006
7821	-5.6479e+006
7822	-2.3248e+006
7823	-9.3796e+006
7824	-5.9634e+006
7825	-1.0245e+007
7826	-8.351e+006
7827	-9.1474e+006
7828	-4.7746e+006
7829	-9.3088e+006
7830	-3.3261e+006
7831	-2.7638e+006
7832	-9.8186e+006
7833	-7.145e+006
7834	-1.5975e+007
7835	-1.1471e+007
7836	-1.0373e+007
7837	-1.0535e+007
7838	-4.5521e+006
7839	-7.9368e+006
7840	-1.593e+007
7841	-1.0329e+007
7842	-1.1198e+007
7843	-1.049e+007
7844	-4.5076e+006
7845	-9.2711e+006
7846	-1.6767e+007
7847	-2.0225e+007
7848	-1.2035e+007
7849	-9.5705e+006
7850	-1.1327e+007
7851	-5.3439e+006
7852	-1.0203e+007
7853	-2.3004e+007
7854	-2.0723e+007
7855	-1.2533e+007
7856	-1.0069e+007
7857	-4.6872e+006
7858	-5.842e+006
7859	-1.5631e+007
7860	-1.1926e+007
7861	-2.3437e+007
7862	-1.9149e+007
7863	-1.2966e+007
7864	-1.4445e+007
7865	-1.0502e+007
7866	-1.2013e+007
7867	-5.1206e+006
7868	1.1666e+006
7869	-1.6065e+007
7870	-2.3643e+006
7871	-1.2309e+007
7872	-2.4727e+007
7873	-2.8205e+007
7874	-1.5735e+007
7875	-1.3304e+007
7876	-6.4107e+006
7877	-1.2347e+005
7878	-9.3779e+006
7879	-1.1536e+007
7880	-2.5325e+007
7881	-2.7298e+007
7882	-1.4827e+007
7883	-1.2396e+007
7884	-8.4702e+006
7885	-1.235e+007
7886	-2.5461e+007
7887	-2.155e+007
7888	-1.5562e+007
7889	-1.4963e+007
7890	-1.2531e+007
7891	-9.9508e+006
7892	-2.1036e+007
7893	-5.4559e+006
7894	-8.6059e+006
7895	-1.4971e+007
7896	-3.0614e+007
7897	-2.6139e+007
7898	-1.6239e+007
7899	-1.0629e+007
7900	-2.1714e+007
7901	-6.1338e+006
7902	-1.7632e+007
7903	-1.3194e+007
7904	-3.0438e+007
7905	-3.2556e+007
7906	-1.8182e+007
7907	-1.2571e+007
7908	-8.0764e+006
7909	-9.3643e+006
7910	-1.9575e+007
7911	-1.4006e+007
7912	-1.0417e+007
7913	-2.6719e+007
7914	-2.1252e+007
7915	-1.5267e+007
7916	-1.4463e+007
7917	-5.6452e+006
7918	-1.5856e+007
7919	-1.3089e+007
7920	-2.7661e+007
7921	-1.6209e+007
7922	-1.4853e+007
7923	-6.5871e+006
7924	-1.6798e+007
7925	-1.5391e+007
7926	-2.9391e+007
7927	-3.1612e+007
7928	-1.7939e+007
7929	4.4765e+006
7930	-1.6583e+007
7931	-5.7195e+006
7932	-8.3173e+006
7933	-1.6913e+007
7934	-1.4892e+007
7935	-3.2183e+007
7936	-2.8992e+007
7937	-2.4294e+007
7938	-1.8511e+007
7939	-1.8329e+007
7940	3.9047e+006
7941	-2.2714e+007
7942	-1.7155e+007
7943	-6.2913e+006
7944	-8.0847e+006
7945	-1.7485e+007
7946	-1.4828e+007
7947	-2.7922e+007
7948	-1.7258e+007
7949	-2.1644e+007
7950	-5.221e+006
7951	-7.0144e+006
7952	-1.8017e+007
7953	-2.4509e+007
7954	-2.8927e+007
7955	-1.6794e+007
7956	-1.8264e+007
7957	-2.2649e+007
7958	-9.8811e+006
7959	-6.2266e+006
7960	-8.02e+006
7961	-1.8728e+007
7962	-2.6693e+007
7963	-2.2136e+007
7964	-1.8978e+007
7965	-1.2065e+007
7966	-1.0913e+007
7967	-1.0204e+007
7968	-1.2069e+007
7969	-1.5209e+007
7970	-2.0664e+007
7971	-1.7505e+007
7972	-1.0592e+007
7973	-1.897e+007
7974	-9.4402e+006
7975	-1.1695e+007
7976	-1.5399e+007
7977	-1.8617e+007
7978	-1.5322e+007
7979	-2.0236e+007
7980	-1.4798e+007
7981	-1.5458e+007
7982	-1.6923e+007
7983	-7.3932e+006
7984	-8.5491e+006
7985	-1.3578e+007
7986	-9.6484e+006
7987	-1.5716e+007
7988	-1.7559e+007
7989	-1.7036e+007
7990	-8.6854e+006
7991	-9.6306e+006
7992	-9.9071e+006
7993	-1.0787e+007
7994	-1.5815e+007
7995	-1.1886e+007
7996	-1.4223e+007
7997	-1.3137e+007
7998	-1.5639e+007
7999	-1.5116e+007
8000	-6.7655e+006
8001	-7.9872e+006
8002	-1.3895e+007
8003	-1.4205e+007
8004	-1.3564e+007
8005	-1.1605e+007
8006	-1.7479e+007
8007	-1.5543e+007
8008	-1.3771e+007
8009	-7.1921e+006
8010	-8.4138e+006
8011	-1.4322e+007
8012	-1.0477e+007
8013	-1.0374e+007
8014	-1.2914e+007
8015	-8.0362e+006
8016	-1.116e+007
8017	-1.7034e+007
8018	-1.3767e+007
8019	-1.3327e+007
8020	-1.0032e+007
8021	-9.929e+006
8022	-1.292e+007
8023	-7.1898e+006
8024	-1.292e+007
8025	-1.248e+007
8026	-9.4994e+006
8027	-6.3901e+006
8028	-9.1855e+006
8029	-9.0826e+006
8030	-1.2457e+007
8031	-8.0425e+006
8032	-8.2367e+006
8033	-1.3773e+007
8034	-1.0352e+007
8035	-7.2428e+006
8036	-7.061e+006
8037	-1.0038e+007
8038	-1.2123e+007
8039	-4.8239e+006
8040	-6.9209e+006
8041	-1.4988e+007
8042	-1.0809e+007
8043	-1.2457e+007
8044	-9.0364e+006
8045	-6.537e+006
8046	-5.927e+006
8047	-5.7452e+006
8048	-1.1463e+007
8049	-5.8057e+006
8050	-6.0132e+006
8051	-1.1791e+007
8052	-1.0352e+007
8053	-1.0018e+007
8054	-7.5189e+006
8055	-6.7271e+006
8056	-8.9293e+006
8057	-4.371e+006
8058	-9.6335e+006
8059	-1.0149e+007
8060	-4.4463e+006
8061	-8.7097e+006
8062	-5.8767e+006
8063	-5.0849e+006
8064	-7.7033e+006
8065	-2.8933e+006
8066	-3.4799e+006
8067	-8.7424e+006
8068	-3.5552e+006
8069	-4.2471e+006
8070	-7.8186e+006
8071	-4.9856e+006
8072	-6.7457e+006
8073	-6.5711e+006
8074	-2.5584e+006
8075	-8.4076e+006
8076	-8.6153e+006
8077	-3.2203e+006
8078	-3.9122e+006
8079	-2.5908e+006
8080	-6.4108e+006
8081	-1.5866e+005
8082	-1.761e+006
8083	-7.818e+006
8084	-3.1149e+006
8085	-1.7934e+006
8086	-6.9873e+006
8087	-3.3701e+006
8088	-5.6134e+006
8089	-1.8234e+007
8090	-6.3345e+006
8091	-1.5947e+007
8092	-1.3268e+007
8093	-1.8799e+007
8094	-1.1004e+007
8095	-1.5201e+007
8096	-2.5189e+007
8097	-1.961e+007
8098	-2.6627e+007
8099	-2.335e+007
8100	-2.3099e+007
8101	-1.693e+007
8102	-2.2462e+007
8103	-1.8863e+007
8104	-3.0186e+007
8105	-2.992e+007
8106	-2.6392e+007
8107	-2.5755e+007
8108	-2.616e+007
8109	-2.2157e+007
8110	-3.3422e+007
8111	-3.1625e+007
8112	-3.332e+007
8113	-3.8218e+007
8114	-2.8097e+007
8115	-2.7459e+007
8116	-2.7864e+007
8117	-3.4573e+007
8118	3.4994e+007
8119	1.2217e+007
8120	3.057e+007
8121	2.5286e+007
8122	2.5339e+007
8123	2.2952e+007
8124	1.9238e+007
8125	2.1292e+007
8126	1.7373e+007
8127	1.9901e+007
8128	2.0379e+007
8129	3.733e+007
8130	1.5116e+007
8131	1.9568e+007
8132	2.8185e+007
8133	2.5851e+007
8134	2.2137e+007
8135	2.4191e+007
8136	3.6692e+007
8137	1.9004e+007
8138	1.6788e+007
8139	2.7622e+007
8140	2.5288e+007
8141	2.1046e+007
8142	2.3628e+007
8143	2.2385e+007
8144	3.709e+007
8145	1.7424e+007
8146	1.6713e+007
8147	2.7546e+007
8148	2.8235e+007
8149	2.5213e+007
8150	2.0971e+007
8151	2.2668e+007
8152	2.2549e+007
8153	2.231e+007
8154	3.5449e+007
8155	1.7898e+007
8156	2.8709e+007
8157	2.3142e+007
8158	2.3023e+007
8159	2.2783e+007
8160	2.346e+007
8161	3.3269e+007
8162	1.5784e+007
8163	1.3132e+007
8164	2.6594e+007
8165	1.895e+007
8166	2.1027e+007
8167	2.0909e+007
8168	2.1345e+007
8169	2.7177e+007
8170	1.3066e+007
8171	2.3099e+007
8172	2.6529e+007
8173	1.8885e+007
8174	2.0962e+007
8175	1.8967e+007
8176	1.9914e+007
8177	2.128e+007
8178	2.3157e+007
8179	7.0389e+006
8180	4.4288e+006
8181	5.6522e+006
8182	1.7071e+007
8183	1.2857e+007
8184	6.7822e+006
8185	1.2939e+007
8186	1.3886e+007
8187	1.0497e+007
8188	2.1961e+007
8189	6.4363e+006
8190	1.9079e+007
8191	1.3444e+007
8192	1.4947e+007
8193	1.5757e+007
8194	1.5894e+007
8195	1.2504e+007
8196	1.7272e+007
8197	3.2335e+006
8198	1.484e+006
8199	7.712e+005
8200	1.5876e+007
8201	1.142e+007
8202	1.0241e+007
8203	1.2555e+007
8204	7.6281e+006
8205	9.3012e+006
8206	1.3038e+007
8207	-2653.9
8208	-2.245e+006
8209	9.9335e+006
8210	8.7542e+006
8211	6.2482e+006
8212	1.1068e+007
8213	6.1415e+006
8214	6.0969e+006
8215	-3.5161e+006
8216	-4.992e+006
8217	3.8416e+006
8218	7.1865e+006
8219	-2.6274e+006
8220	4.5024e+006
8221	3.5012e+006
8222	8.3209e+006
8223	1.1368e+006
8224	-7.7104e+006
8225	-3.5274e+005
8226	-6.8217e+006
8227	-2.7669e+006
8228	3.0813e+005
8229	-3.0575e+006
8230	-6.9641e+006
8231	-8.433e+006
8232	1.0692e+007
8233	-3.2094e+006
8234	-7.3603e+006
8235	-9.5326e+006
8236	-6.394e+005
8237	-5.2035e+006
8238	22859
8239	-1.0547e+007
8240	-8.1328e+006
8241	-1.0305e+007
8242	-5.976e+006
8243	-1.3383e+007
8244	-1.0148e+007
8245	-9.4741e+006
8246	-7.9964e+006
8247	-1.1646e+007
8248	-1.1675e+007
8249	-7.8512e+006
8250	-7.3173e+006
8251	-8.7463e+006
8252	-1.1643e+007
8253	-1.317e+007
8254	-9.3458e+006
8255	-1.0241e+007
8256	-2.1104e+007
8257	-1.044e+007
8258	-1.5735e+007
8259	-1.8034e+007
8260	-2.1163e+007
8261	-1.0872e+007
8262	-1.249e+007
8263	-1.2572e+007
8264	-1.1745e+007
8265	-1.1979e+007
8266	-1.3071e+007
8267	-2.5238e+007
8268	-1.2812e+007
8269	-2.3535e+007
8270	-1.21e+007
8271	-1.4863e+007
8272	-1.4117e+007
8273	-1.5443e+007
8274	-2.7309e+007
8275	-2.8259e+007
8276	-2.5296e+007
8277	-1.3862e+007
8278	-1.5732e+007
8279	-1.6624e+007
8280	-1.7448e+007
8281	-1.3989e+007
8282	-1.5878e+007
8283	-1.7204e+007
8284	-3.1763e+007
8285	-2.8569e+007
8286	-1.4254e+007
8287	-1.4171e+007
8288	-1.6042e+007
8289	-1.7758e+007
8290	-1.4298e+007
8291	-1.6988e+007
8292	-3.3818e+007
8293	-3.2713e+007
8294	-3.6554e+007
8295	-1.8398e+007
8296	-2.0186e+007
8297	-2.1902e+007
8298	-2.1132e+007
8299	-3.8436e+007
8300	-3.4465e+007
8301	-1.6309e+007
8302	-1.7706e+007
8303	-2.5783e+007
8304	-1.8097e+007
8305	-1.8172e+007
8306	-2.0287e+007
8307	-1.9813e+007
8308	-1.9043e+007
8309	-4.5432e+007
8310	-4.1172e+007
8311	-4.4149e+007
8312	-2.4413e+007
8313	-2.3559e+007
8314	-3.2491e+007
8315	-2.6995e+007
8316	-5.0957e+007
8317	-4.4437e+007
8318	-2.3848e+007
8319	-3.2779e+007
8320	-2.7283e+007
8321	-3.0052e+007
8322	-5.0097e+007
8323	-5.0868e+007
8324	-4.9674e+007
8325	-2.9084e+007
8326	-3.8016e+007
8327	-3.9951e+007
8328	-3.5289e+007
8329	-4.7035e+007
8330	-4.4771e+007
8331	-2.204e+007
8332	-2.2987e+007
8333	-2.6109e+007
8334	-3.3854e+007
8335	-2.9192e+007
8336	-2.6695e+007
8337	-4.7041e+007
8338	-4.7806e+007
8339	-5.2228e+007
8340	-2.5074e+007
8341	-2.6436e+007
8342	-2.9143e+007
8343	-3.6316e+007
8344	-3.6888e+007
8345	-2.9729e+007
8346	-4.5167e+007
8347	-4.9201e+007
8348	-2.3408e+007
8349	-2.6116e+007
8350	-3.3289e+007
8351	-2.8739e+007
8352	-2.6702e+007
8353	-4.1266e+007
8354	-5.0354e+007
8355	-5.1878e+007
8356	-2.5082e+007
8357	-2.4561e+007
8358	-3.2134e+007
8359	-2.1703e+007
8360	-2.7269e+007
8361	-3.4442e+007
8362	-3.2365e+007
8363	-2.9892e+007
8364	-2.734e+007
8365	-3.9008e+007
8366	-4.6824e+007
8367	-2.0029e+007
8368	-2.1266e+007
8369	-2.708e+007
8370	-2.2747e+007
8371	-2.4839e+007
8372	-2.2286e+007
8373	-4.0584e+007
8374	-5.0393e+007
8375	-4.962e+007
8376	-2.4062e+007
8377	-2.9876e+007
8378	-2.5542e+007
8379	-2.619e+007
8380	-2.5082e+007
8381	-3.1342e+007
8382	-3.5847e+007
8383	-4.9174e+007
8384	-2.2842e+007
8385	-3.0151e+007
8386	-2.4449e+007
8387	-2.8816e+007
8388	-2.497e+007
8389	-3.0122e+007
8390	-2.9931e+007
8391	-4.5657e+007
8392	-4.3986e+007
8393	-1.9781e+007
8394	-1.9325e+007
8395	-1.8588e+007
8396	-2.6635e+007
8397	-2.0932e+007
8398	-2.5299e+007
8399	-3.0394e+007
8400	-4.1587e+007
8401	-1.6189e+007
8402	-2.4235e+007
8403	-1.6358e+007
8404	-1.8533e+007
8405	-2.29e+007
8406	-1.898e+007
8407	-2.7381e+007
8408	-3.9674e+007
8409	-4.4449e+007
8410	-1.9051e+007
8411	-2.7097e+007
8412	-2.7204e+007
8413	-2.349e+007
8414	-2.1843e+007
8415	-2.0208e+007
8416	-3.3799e+007
8417	-1.4778e+007
8418	-1.3261e+007
8419	-1.3176e+007
8420	-1.5169e+007
8421	-1.6455e+007
8422	-2.1329e+007
8423	-1.7615e+007
8424	-1.5968e+007
8425	-1.3318e+007
8426	-3.25e+007
8427	-2.6737e+007
8428	-1.1961e+007
8429	-1.387e+007
8430	-1.5156e+007
8431	-1.3438e+007
8432	-8.4716e+006
8433	-2.1146e+007
8434	-6.3707e+006
8435	-6.6616e+006
8436	-6.3175e+006
8437	-8.2793e+006
8438	-7.8471e+006
8439	-6.6327e+006
8440	-2.7076e+007
8441	-2.0027e+007
8442	-2.1891e+007
8443	-7.4063e+006
8444	-5.8614e+006
8445	-7.0622e+006
8446	-4.4164e+006
8447	-8.5918e+006
8448	-1.0593e+006
8449	-1.7444e+007
8450	-4.8228e+006
8451	-3.2778e+006
8452	-4.4786e+006
8453	-6.0082e+006
8454	-2.055e+006
8455	3.2326e+006
8456	-9.3545e+006
8457	-1.4454e+007
8458	-3.2892e+006
8459	-8.6755e+005
8460	-1.833e+006
8461	-2.88e+005
8462	-1.4888e+006
8463	-5.3298e+006
8464	-1.2724e+005
8465	9.3479e+005
8466	9.2104e+006
8467	-8.0523e+006
8468	-6.6254e+006
8469	4.3456e+005
8470	1.0141e+006
8471	2.7727e+006
8472	1.1749e+006
8473	1.8056e+006
8474	2.2369e+006
8475	1.3961e+007
8476	-1.9497e+006
8477	5.1619e+006
8478	5.1103e+006
8479	7.4484e+006
8480	5.8506e+006
8481	5.6699e+006
8482	1.5121e+007
8483	5.2371e+006
8484	2.5362e+006
8485	5.1855e+006
8486	7.5236e+006
8487	7.714e+006
8488	5.7451e+006
8489	1.8638e+007
8490	6.2155e+006
8491	6.3212e+006
8492	3.6203e+006
8493	5.9093e+006
8494	8.6077e+006
8495	7.0023e+006
8496	1.1758e+007
8497	8.7981e+006
8498	6.8292e+006
8499	1.1196e+007
8500	2.2544e+007
8501	8.6484e+006
8502	8.3423e+006
8503	9.4353e+006
8504	1.4191e+007
8505	1.3629e+007
8506	2.7114e+007
8507	1.0122e+007
8508	1.4487e+007
8509	8.974e+006
8510	9.8154e+006
8511	1.4267e+007
8512	1.0908e+007
8513	1.5664e+007
8514	1.5102e+007
8515	2.9957e+007
8516	1.9682e+007
8517	1.7584e+007
8518	1.2072e+007
8519	1.7364e+007
8520	1.8761e+007
8521	1.871e+007
8522	1.8199e+007
8523	2.1402e+007
8524	3.2738e+007
8525	1.9427e+007
8526	9.1488e+006
8527	1.1817e+007
8528	1.7109e+007
8529	1.8455e+007
8530	1.8704e+007
8531	2.1147e+007
8532	3.2409e+007
8533	2.2463e+007
8534	2.7178e+007
8535	1.2184e+007
8536	2.2434e+007
8537	2.1491e+007
8538	2.174e+007
8539	2.4183e+007
8540	2.3814e+007
8541	8.8199e+006
8542	1.9069e+007
8543	1.8126e+007
8544	1.5848e+007
8545	1.8375e+007
8546	1.8854e+007
8547	-3.171e+006
8548	-7.4421e+006
8549	-3.8681e+006
8550	-1.4357e+006
8551	-3.4523e+006
8552	-3.6869e+006
8553	-4.7982e+006
8554	-4.892e+006
8555	-7.3376e+006
8556	-6.3616e+006
8557	-2.4597e+006
8558	-6.2691e+006
8559	-4.7592e+006
8560	-6.8479e+006
8561	-4.4762e+006
8562	-4.7108e+006
8563	-5.5628e+006
8564	-7.9409e+006
8565	-3.063e+006
8566	-4.8804e+006
8567	-5.3625e+006
8568	-7.4512e+006
8569	-9.2812e+006
8570	-8.1023e+006
8571	-1.2425e+007
8572	-5.0417e+006
8573	-9.6981e+006
8574	-7.6125e+006
8575	9.7257e+005
8576	-4.4464e+005
8577	9.7644e+005
8578	-2.258e+006
8579	-4.3499e+005
8580	3.3669e+005
8581	2.6238e+005
8582	1.437e+006
8583	-6.3077e+005
8584	-1.5643e+006
8585	-2.4441e+006
8586	-2.009e+006
8587	-1.2406e+006
8588	-6.2112e+005
8589	-5.405e+005
8590	1.5056e+005
8591	-18790
8592	76253
8593	1.3744e+006
8594	-9.1374e+005
8595	-2.8519e+006
8596	-1.3585e+006
8597	1.1006e+005
8598	6.3177e+005
8599	1.0403e+006
8600	-4.1332e+006
8601	-3.5651e+006
8602	-2.0716e+006
8603	-8.6669e+005
8604	-1.2664e+006
8605	-6.0305e+005
8606	-3.8692e+005
8607	-81348
8608	2.8081e+005
8609	-3.7543e+006
8610	-1.6927e+006
8611	-2.1871e+006
8612	-4.8774e+005
8613	-8.8749e+005
8614	-7970.2
8615	-2.0439e+006
8616	-1.081e+006
8617	-4.8927e+006
8618	-7.127e+006
8619	-3.3255e+006
8620	-1.3161e+006
8621	-3.3734e+006
8622	-1.1464e+006
8623	-1.3544e+006
8624	-1.9821e+006
8625	-3.1823e+006
8626	-2.6935e+006
8627	-7.3505e+006
8628	-5.1858e+006
8629	-3.5489e+006
8630	-3.5968e+006
8631	-1.5778e+006
8632	-2.2055e+006
8633	-4.0839e+006
8634	-8.7394e+006
8635	-9.2985e+006
8636	-1.1589e+007
8637	-6.5748e+006
8638	-7.3162e+006
8639	-3.4602e+006
8640	-4.9858e+006
8641	-2.9668e+006
8642	-3.5945e+006
8643	-4.3796e+006
8644	-6.8383e+006
8645	-5.4284e+006
8646	-9.3e+006
8647	-7.3177e+006
8648	-3.4617e+006
8649	-3.1248e+006
8650	-2.9683e+006
8651	-4.3811e+006
8652	-7.9552e+006
8653	-1.0643e+007
8654	-9.3977e+006
8655	-1.2197e+007
8656	-8.6607e+006
8657	-5.6456e+006
8658	-8.189e+006
8659	-4.4678e+006
8660	-5.7241e+006
8661	-1.0464e+007
8662	-1.0581e+007
8663	-8.9502e+006
8664	-1.3238e+007
8665	-9.8445e+006
8666	-6.8294e+006
8667	-8.539e+006
8668	-7.3271e+006
8669	-5.6516e+006
8670	-5.6598e+006
8671	-1.2263e+007
8672	-8.689e+006
8673	-1.0275e+007
8674	-1.4563e+007
8675	-9.864e+006
8676	-8.6521e+006
8677	-9.1005e+006
8678	-6.9848e+006
8679	-9.1631e+006
8680	-1.5037e+007
8681	-7.8751e+006
8682	-9.1262e+006
8683	-9.5747e+006
8684	-8.9819e+006
8685	-1.7421e+006
8686	-6.269e+005
8687	-2.9815e+006
8688	-3.1947e+006
8689	-1.3967e+006
8690	-2.6578e+006
8691	-1.341e+006
8692	-1.4573e+006
8693	-2.8889e+006
8694	-1.0623e+006
8695	-1.0909e+006
8696	-2.352e+006
8697	-2.4262e+006
8698	-2.9032e+006
8699	-1.5459e+006
8700	-4.2515e+006
8701	-2.9099e+006
8702	-4.4526e+006
8703	-1.0833e+006
8704	-2.4473e+006
8705	-2.9242e+006
8706	-4.3189e+006
8707	-1.1508e+006
8708	-3.703e+006
8709	-2.5148e+006
8710	-2.9917e+006
8711	1.466e+007
8712	1.4068e+007
8713	7.1541e+006
8714	9.874e+006
8715	1.1071e+007
8716	9.5912e+006
8717	8.9756e+006
8718	1.3677e+007
8719	1.4062e+007
8720	1.3942e+007
8721	7.0275e+006
8722	9.7474e+006
8723	8.1985e+006
8724	9.4647e+006
8725	8.849e+006
8726	1.289e+007
8727	1.3206e+007
8728	6.1713e+006
8729	6.2497e+006
8730	8.8911e+006
8731	7.3422e+006
8732	7.3362e+006
8733	7.9927e+006
8734	1.2653e+007
8735	1.3275e+007
8736	1.3275e+007
8737	6.319e+006
8738	8.9604e+006
8739	9.1835e+006
8740	6.6222e+006
8741	7.4115e+006
8742	7.4055e+006
8743	7.4288e+006
8744	1.2173e+007
8745	1.252e+007
8746	1.2969e+007
8747	6.0128e+006
8748	5.8043e+006
8749	8.8773e+006
8750	6.316e+006
8751	7.1226e+006
8752	1.3094e+007
8753	1.2346e+007
8754	5.6303e+006
8755	8.7034e+006
8756	6.1421e+006
8757	7.692e+006
8758	6.9487e+006
8759	1.213e+007
8760	1.3441e+007
8761	1.3206e+007
8762	6.7251e+006
8763	9.7981e+006
8764	9.8018e+006
8765	8.7867e+006
8766	9.5357e+006
8767	1.0617e+007
8768	1.1148e+007
8769	5.02e+006
8770	4.6662e+006
8771	4.7906e+006
8772	5.5196e+006
8773	7.743e+006
8774	6.7279e+006
8775	8.8408e+006
8776	1.0082e+007
8777	4.2554e+006
8778	4.3089e+006
8779	4.9844e+006
8780	7.2077e+006
8781	5.1147e+006
8782	6.1926e+006
8783	7.5843e+006
8784	9.9226e+006
8785	9.9822e+006
8786	4.0957e+006
8787	4.8248e+006
8788	7.0481e+006
8789	4.9551e+006
8790	7.2626e+006
8791	5.1026e+006
8792	6.0439e+006
8793	8.4642e+006
8794	8.8853e+006
8795	3.4633e+006
8796	3.099e+006
8797	2.9988e+006
8798	3.2162e+006
8799	2.608e+006
8800	3.8582e+006
8801	6.1656e+006
8802	4.0057e+006
8803	5.599e+006
8804	8.0207e+006
8805	2.6555e+006
8806	2.8012e+006
8807	2.7727e+006
8808	2.1645e+006
8809	3.5622e+006
8810	4.9199e+006
8811	8.0193e+006
8812	7.9373e+006
8813	2.6541e+006
8814	2.7999e+006
8815	2.7714e+006
8816	2.1631e+006
8817	3.4249e+006
8818	5.7455e+006
8819	4.2652e+006
8820	7.2596e+006
8821	2.4969e+006
8822	2.1752e+006
8823	1.9764e+006
8824	2.1222e+006
8825	2.7471e+006
8826	5.0678e+006
8827	4.5029e+006
8828	8.5405e+006
8829	7.2826e+006
8830	2.1982e+006
8831	2.1451e+006
8832	2.9538e+006
8833	1.9763e+006
8834	1.1683e+006
8835	2.7701e+006
8836	5.0907e+006
8837	1.5597e+006
8838	3.9636e+006
8839	8.7553e+006
8840	8.8895e+006
8841	7.1749e+006
8842	2.4129e+006
8843	3.1686e+006
8844	2.1911e+006
8845	5.3055e+006
8846	4.3684e+006
8847	6.4208e+006
8848	2.0737e+006
8849	1.6588e+006
8850	1.4753e+006
8851	2.4144e+006
8852	1.437e+006
8853	2.1224e+006
8854	4.7572e+006
8855	9.1119e+006
8856	7.5798e+006
8857	2.6343e+006
8858	4.0651e+006
8859	3.5734e+006
8860	3.2814e+006
8861	5.5386e+006
8862	4.5039e+006
8863	8.3417e+006
8864	1.8406e+006
8865	1.8641e+006
8866	3.295e+006
8867	2.5112e+006
8868	2.1234e+006
8869	4.8562e+006
8870	8.8586e+006
8871	7.2522e+006
8872	2.3574e+006
8873	3.8118e+006
8874	2.4376e+006
8875	3.089e+006
8876	3.0281e+006
8877	2.6402e+006
8878	5.243e+006
8879	7.0877e+006
8880	2.1928e+006
8881	2.273e+006
8882	2.9244e+006
8883	2.8117e+006
8884	3.1674e+006
8885	2.4757e+006
8886	5.3414e+006
8887	8.9407e+006
8888	7.1246e+006
8889	7.639e+006
8890	3.2811e+006
8891	2.9727e+006
8892	2.7442e+006
8893	1.1483e+006
8894	3.4758e+006
8895	3.4127e+006
8896	3.3631e+006
8897	3.7188e+006
8898	5.1802e+006
8899	6.6716e+006
8900	2.5197e+006
8901	2.4069e+006
8902	2.3615e+006
8903	2.9597e+006
8904	2.9101e+006
8905	3.2658e+006
8906	5.3927e+006
8907	6.136e+006
8908	6.9635e+006
8909	2.8116e+006
8910	2.6987e+006
8911	2.6534e+006
8912	2.9812e+006
8913	3.2516e+006
8914	2.6799e+006
8915	4.096e+006
8916	5.2929e+006
8917	6.0566e+006
8918	2.952e+006
8919	2.7322e+006
8920	2.9018e+006
8921	2.6005e+006
8922	5.1171e+006
8923	6.0362e+006
8924	5.0143e+006
8925	2.9316e+006
8926	2.5e+006
8927	2.8815e+006
8928	2.5801e+006
8929	2.73e+006
8930	4.9604e+006
8931	4.8589e+006
8932	2.3447e+006
8933	2.3797e+006
8934	2.7261e+006
8935	2.7642e+006
8936	2.4248e+006
8937	2.5746e+006
8938	4.0145e+006
8939	2.9375e+006
8940	4.8575e+006
8941	2.3433e+006
8942	2.3783e+006
8943	2.7628e+006
8944	2.0552e+006
8945	2.5732e+006
8946	3.229e+006
8947	1.9931e+006
8948	1.774e+006
8949	1.3014e+006
8950	1.3988e+006
8951	8.9814e+005
8952	1.4338e+006
8953	1.8183e+006
8954	1.3382e+006
8955	1.1108e+006
8956	1.2372e+006
8957	3.5186e+006
8958	2.152e+006
8959	1.4892e+006
8960	1.4603e+006
8961	1.0872e+006
8962	1.9772e+006
8963	1.4972e+006
8964	1.2697e+006
8965	9.032e+005
8966	2.8419e+006
8967	1.6199e+006
8968	1.5943e+006
8969	1.5911e+006
8970	1.6279e+006
8971	1.0339e+006
8972	1.7573e+006
8973	-6.5236e+005
8974	8.1246e+005
8975	7.868e+005
8976	2.7911e+005
8977	8.2044e+005
8978	6.0878e+005
8979	2.2646e+005
8980	1.7107e+005
8981	1.1371e+006
8982	-9.2951e+005
8983	5.0965e+005
8984	3.6734e+005
8985	1955.9
8986	3.3162e+005
8987	4.2309e+005
8988	-1.0608e+005
8989	-2.4403e+006
8990	-1.2725e+006
8991	24378
8992	-6.1725e+005
8993	-11344
8994	1.5443e+005
8995	80122
8996	-4.4905e+005
8997	-2.9359e+008
8998	-1.2942e+008
8999	-2.1272e+008
9000	-2.2769e+008
9001	-1.8909e+008
9002	-1.8574e+008
9003	-2.0509e+008
9004	-1.7246e+008
9005	-2.7224e+008
9006	-1.3202e+008
9007	-1.3691e+008
9008	-2.1532e+008
9009	-2.005e+008
9010	-1.9735e+008
9011	-1.8834e+008
9012	-2.0769e+008
9013	-1.7506e+008
9014	-2.6866e+008
9015	-1.1296e+008
9016	-1.2914e+008
9017	-1.7654e+008
9018	-1.5755e+008
9019	-1.734e+008
9020	-1.7789e+008
9021	-1.8374e+008
9022	-1.3031e+008
9023	-2.7415e+008
9024	-1.4951e+008
9025	-1.4928e+008
9026	-2.1302e+008
9027	-2.2799e+008
9028	-1.9691e+008
9029	-1.7792e+008
9030	-1.9377e+008
9031	-1.9825e+008
9032	-1.6693e+008
9033	-2.7116e+008
9034	-1.4812e+008
9035	-1.344e+008
9036	-2.1312e+008
9037	-1.6304e+008
9038	-1.9037e+008
9039	-1.8338e+008
9040	-1.7113e+008
9041	-1.5205e+008
9042	-1.6771e+008
9043	-2.7078e+008
9044	-1.6001e+008
9045	-1.5017e+008
9046	-2.0571e+008
9047	-2.25e+008
9048	-2.0225e+008
9049	-1.8301e+008
9050	-1.7959e+008
9051	-2.5307e+008
9052	-1.757e+008
9053	-1.3792e+008
9054	-1.9345e+008
9055	-1.6663e+008
9056	-1.9e+008
9057	-1.7075e+008
9058	-1.8793e+008
9059	-1.6734e+008
9060	-2.403e+008
9061	-1.7024e+008
9062	-1.4898e+008
9063	-1.8799e+008
9064	-1.7586e+008
9065	-1.6117e+008
9066	-1.7127e+008
9067	-1.8247e+008
9068	-1.7844e+008
9069	-2.0772e+008
9070	-1.5563e+008
9071	-1.4168e+008
9072	-1.6048e+008
9073	-1.6856e+008
9074	-1.5387e+008
9075	-1.6397e+008
9076	-1.7114e+008
9077	-1.7215e+008
9078	-1.3035e+008
9079	-1.2058e+008
9080	-1.2456e+008
9081	-1.352e+008
9082	-1.2859e+008
9083	-1.3868e+008
9084	-1.1334e+008
9085	-1.1598e+008
9086	-1.2377e+008
9087	-1.4974e+008
9088	-1.1361e+008
9089	-1.103e+008
9090	-1.1427e+008
9091	-1.1512e+008
9092	-1.284e+008
9093	-1.057e+008
9094	-1.1348e+008
9095	-1.3255e+008
9096	-1.0149e+008
9097	-9.1489e+007
9098	-1.0215e+008
9099	-9.4635e+007
9100	-9.3398e+007
9101	-1.0299e+008
9102	-9.048e+007
9103	-9.357e+007
9104	-9.7047e+007
9105	-1.0136e+008
9106	-9.8512e+007
9107	-1.097e+008
9108	-8.5847e+007
9109	-8.642e+007
9110	-8.8329e+007
9111	-8.5412e+007
9112	-9.1978e+007
9113	-9.3443e+007
9114	-7.306e+007
9115	-6.8068e+007
9116	-5.8476e+007
9117	-5.9666e+007
9118	-7.0549e+007
9119	-6.4181e+007
9120	-6.7632e+007
9121	-7.4198e+007
9122	-5.6357e+007
9123	-4.4785e+007
9124	-3.6957e+007
9125	-3.9618e+007
9126	-4.0808e+007
9127	-3.3096e+007
9128	-4.5323e+007
9129	-3.4687e+007
9130	-2.9159e+007
9131	-5.5341e+007
9132	-3.0921e+007
9133	-3.6727e+007
9134	-3.7499e+007
9135	-2.4766e+007
9136	-2.754e+007
9137	-2.2558e+007
9138	-1.5867e+007
9139	-2.3679e+007
9140	-2.5269e+007
9141	-1.9741e+007
9142	-2.1504e+007
9143	-4.2316e+006
9144	-9.6286e+006
9145	-1.1956e+007
9146	-5.2657e+006
9147	-5.7441e+005
9148	-1.4668e+007
9149	-9.14e+006
9150	-4.4599e+006
9151	-6.0049e+006
9152	-1.0902e+007
9153	1.5324e+007
9154	3.0439e+005
9155	7.3352e+005
9156	9.3585e+006
9157	5.473e+006
9158	3.928e+006
9159	-9.6928e+005
9160	1.4647e+007
9161	3.2816e+007
9162	1.1593e+007
9163	1.0356e+007
9164	2.4632e+007
9165	1.8982e+007
9166	1.2759e+007
9167	1.5096e+007
9168	1.3551e+007
9169	2.427e+007
9170	4.8399e+007
9171	1.9462e+007
9172	1.7971e+007
9173	2.1969e+007
9174	3.2987e+007
9175	3.2501e+007
9176	3.5299e+007
9177	2.0627e+007
9178	2.142e+007
9179	2.8686e+007
9180	3.2138e+007
9181	2.5686e+007
9182	4.0701e+007
9183	4.3013e+007
9184	3.6401e+007
9185	3.7442e+007
9186	3.9853e+007
9187	-5.9153e+007
9188	-2.7737e+007
9189	-2.5803e+007
9190	-3.1597e+007
9191	-3.5021e+007
9192	-5.9029e+007
9193	-2.9616e+007
9194	-3.1527e+007
9195	-3.3477e+007
9196	-6.0576e+007
9197	-3.1878e+007
9198	-2.9523e+007
9199	-3.3183e+007
9200	-3.1473e+007
9201	-6.5827e+007
9202	-3.5429e+007
9203	-4.2714e+007
9204	-3.6734e+007
9205	-4.3488e+007
9206	-7.0715e+007
9207	-3.7128e+007
9208	-3.9773e+007
9209	-3.9384e+007
9210	-4.4413e+007
9211	-4.5187e+007
9212	-6.7043e+007
9213	-4.2962e+007
9214	-4.8376e+007
9215	-6.4656e+007
9216	-3.6102e+007
9217	-4.1041e+007
9218	-4.2324e+007
9219	-4.837e+007
9220	-4.1515e+007
9221	-6.5707e+007
9222	-4.5514e+007
9223	-5.2843e+007
9224	-5.6753e+007
9225	-5.9753e+007
9226	-4.2092e+007
9227	-4.3198e+007
9228	-4.6765e+007
9229	-5.3332e+007
9230	-5.0818e+007
9231	-4.0665e+007
9232	-4.8586e+007
9233	-5.0799e+007
9234	-4.2275e+007
9235	-3.4263e+007
9236	-3.1901e+007
9237	-3.6472e+007
9238	-4.2184e+007
9239	-3.8041e+007
9240	-3.295e+007
9241	-2.9761e+007
9242	-3.5901e+007
9243	-2.0439e+007
9244	-2.2576e+007
9245	-1.7543e+007
9246	-2.2396e+007
9247	-2.3207e+007
9248	-2.8716e+007
9249	-9.6566e+006
9250	-1.2217e+007
9251	-1.7881e+007
9252	-1.2928e+007
9253	5.8258e+005
9254	-6.7608e+006
9255	-2.8425e+006
9256	-6.443e+006
9257	-7.4725e+006
9258	1.0092e+007
9259	1.9407e+006
9260	-2.6893e+006
9261	1.8108e+006
9262	1.7351e+007
9263	6.6673e+006
9264	8.3813e+006
9265	6.5375e+006
9266	2.3677e+007
9267	1.0913e+007
9268	9.7835e+006
9269	8.2167e+006
9270	9.0695e+006
9271	3.3432e+007
9272	1.1791e+007
9273	1.3578e+007
9274	1.2011e+007
9275	1.4609e+007
9276	3.71e+007
9277	1.7751e+007
9278	2.0569e+007
9279	1.5459e+007
9280	1.7124e+007
9281	1.5157e+007
9282	1.8277e+007
9283	2.5042e+007
9284	9.3194e+006
9285	1.1879e+007
9286	2.4905e+007
9287	1.2649e+007
9288	2.2329e+007
9289	9.1825e+006
9290	1.535e+007
9291	1.2242e+007
9292	1.8102e+007
9293	2.2714e+007
9294	1.6241e+007
9295	1.707e+007
9296	1.8993e+007
9297	2.1377e+007
9298	1.7301e+007
9299	1.6564e+007
9300	1.8487e+007
9301	2.2511e+007
9302	1.759e+007
9303	1.647e+007
9304	1.5636e+007
9305	2.168e+007
9306	2.1616e+007
9307	1.1109e+007
9308	1.0213e+007
9309	1.268e+007
9310	1.3096e+007
9311	1.866e+007
9312	3.8882e+006
9313	6.6872e+006
9314	2.8503e+006
9315	9.5698e+006
9316	6.7097e+006
9317	-4.4833e+006
9318	-3.9034e+006
9319	-8.4456e+005
9320	3.0148e+006
9321	-1.4359e+007
9322	-8.58e+006
9323	-1.1509e+007
9324	-5.6657e+006
9325	-7.7089e+006
9326	-1.6618e+006
9327	-2.3923e+007
9328	-1.773e+007
9329	-1.6708e+007
9330	-1.2908e+007
9331	-3.2143e+007
9332	-2.2096e+007
9333	-2.0401e+007
9334	-1.7603e+007
9335	-1.9755e+007
9336	-3.9643e+007
9337	-2.1059e+007
9338	-2.4255e+007
9339	-2.3609e+007
9340	-4.2528e+007
9341	-2.4705e+007
9342	-2.1768e+007
9343	-2.7256e+007
9344	-2.3944e+007
9345	-2.0503e+007
9346	-2.1006e+007
9347	-1.0622e+008
9348	-5.231e+007
9349	-1.0016e+008
9350	-6.3481e+007
9351	-8.3451e+007
9352	-9.0887e+007
9353	-9.5015e+007
9354	-1.0012e+008
9355	-5.7787e+007
9356	-5.9482e+007
9357	-1.0564e+008
9358	-8.8928e+007
9359	-8.5588e+007
9360	-9.6363e+007
9361	-1.0049e+008
9362	-7.5742e+007
9363	-4.79e+007
9364	-8.0092e+007
9365	-9.4054e+007
9366	-7.6603e+007
9367	-7.4006e+007
9368	-8.8908e+007
9369	-5.7347e+007
9370	-3.5107e+007
9371	-3.9557e+007
9372	-6.73e+007
9373	-4.4939e+007
9374	-6.381e+007
9375	-6.1213e+007
9376	-5.3268e+007
9377	-4.4124e+007
9378	-3.8463e+007
9379	-3.3953e+007
9380	-6.1697e+007
9381	-5.0312e+007
9382	-3.9336e+007
9383	-3.4443e+007
9384	-5.561e+007
9385	-4.7665e+007
9386	-4.0969e+007
9387	-2.6138e+007
9388	-3.0843e+007
9389	-2.5282e+007
9390	-4.2693e+007
9391	-2.6823e+007
9392	-4.0045e+007
9393	-2.8084e+007
9394	-3.3349e+007
9395	-6.6447e+006
9396	-1.4916e+007
9397	-3.2326e+007
9398	-1.6457e+007
9399	-1.3662e+007
9400	-8.4193e+006
9401	-1.7718e+007
9402	-2.2983e+007
9403	1.2743e+007
9404	-5.7884e+006
9405	-2.6128e+006
9406	-9.0997e+006
9407	-2.3199e+007
9408	1.4559e+006
9409	4.4398e+006
9410	-7.3296e+006
9411	-4.5344e+006
9412	7.0809e+005
9413	1.6888e+006
9414	3.2386e+007
9415	1.1479e+007
9416	7.6475e+006
9417	1.1606e+006
9418	1.1716e+007
9419	1.47e+007
9420	1.0968e+007
9421	2.3665e+007
9422	1.6581e+007
9423	1.1949e+007
9424	4.8882e+007
9425	2.0861e+007
9426	2.2896e+007
9427	1.0543e+007
9428	2.4954e+007
9429	2.7032e+007
9430	2.4083e+007
9431	3.0399e+007
9432	3.3047e+007
9433	2.5964e+007
9434	6.0294e+007
9435	3.0009e+007
9436	3.2068e+007
9437	3.4145e+007
9438	4.6245e+007
9439	3.7512e+007
9440	4.0161e+007
9441	6.3811e+007
9442	3.4307e+007
9443	3.2785e+007
9444	4.0598e+007
9445	3.6366e+007
9446	5.0543e+007
9447	4.1811e+007
9448	4.4518e+007
9449	6.3285e+007
9450	2.9564e+007
9451	3.2004e+007
9452	3.9816e+007
9453	4.1076e+007
9454	4.9762e+007
9455	5.0345e+007
9456	4.549e+007
9457	4.1029e+007
9458	4.3737e+007
9459	6.1032e+007
9460	2.982e+007
9461	4.0072e+007
9462	4.1332e+007
9463	3.7416e+007
9464	5.0601e+007
9465	4.5746e+007
9466	2.731e+007
9467	3.7349e+007
9468	3.7563e+007
9469	3.8822e+007
9470	3.5987e+007
9471	4.4217e+007
9472	3.4907e+007
9473	4.3237e+007
9474	3.8646e+007
9475	3.0946e+006
9476	-6.6613e+005
9477	-1.0607e+006
9478	-13648
9479	-5.1309e+005
9480	1.0091e+007
9481	5.5013e+006
9482	9.58e+006
9483	7.0301e+006
9484	6.1538e+006
9485	8.2221e+006
9486	1.2014e+007
9487	1.1657e+007
9488	1.156e+007
9489	1.2296e+007
9490	1.7604e+007
9491	8.2586e+006
9492	1.9545e+006
9493	5.3873e+006
9494	8.674e+006
9495	-4.9412e+006
9496	-1.0929e+007
9497	-9.0873e+006
9498	-5.0858e+006
9499	-1.0819e+006
9500	-1.4881e+007
9501	-1.4208e+007
9502	-1.7392e+007
9503	-1.141e+007
9504	-1.108e+007
9505	-2.6806e+006
9506	-9.3171e+006
9507	-4.4002e+006
9508	-9.5834e+006
9509	2.1754e+005
9510	-3.0172e+006
9511	-3.184e+006
9512	-7.3154e+006
9513	-8.6716e+006
9514	-2.7299e+006
9515	-5.5689e+006
9516	-3.2762e+006
9517	-1.7979e+006
9518	-3.9139e+005
9519	-1.5044e+007
9520	-6.1914e+006
9521	-4.6578e+007
9522	-4.9717e+006
9523	-1.0155e+007
9524	-1.1714e+007
9525	-3.5967e+007
9526	-7.8869e+006
9527	-1.133e+007
9528	-4.8273e+007
9529	-1.9621e+007
9530	-2.0673e+007
9531	-2.3646e+007
9532	-2.4536e+007
9533	-2.6055e+007
9534	-2.1191e+007
9535	-2.7688e+007
9536	-1.8085e+007
9537	-1.0884e+007
9538	-1.4111e+007
9539	-1.2805e+007
9540	-1.563e+007
9541	-2.2127e+007
9542	1.9881e+006
9543	-3.8773e+006
9544	3.0626e+006
9545	1.0713e+006
9546	6.1244e+006
9547	5.0563e+006
9548	4.2436e+005
9549	5.0969e+006
9550	2.5002e+006
9551	7.0758e+006
9552	8.1587e+006
9553	2.0258e+007
9554	6.3694e+006
9555	-2.1312e+006
9556	-1.4619e+006
9557	4.4826e+005
9558	-1.6669e+006
9559	3.6949e+006
9560	1.688e+007
9561	3.6631e+005
9562	6.8992e+005
9563	2.2187e+006
9564	1.0353e+005
9565	5.4653e+006
9566	-6.8196e+005
9567	-9.5936e+005
9568	2.5681e+005
9569	7.1093e+005
9570	1.0409e+007
9571	1.1559e+007
9572	1.2843e+007
9573	1.6867e+007
9574	1.1188e+007
9575	1.1462e+007
9576	7.8544e+006
9577	1.0279e+007
9578	1.1141e+007
9579	9.4451e+006
9580	1.1092e+007
9581	1.677e+007
9582	1.6706e+007
9583	1.5503e+006
9584	-6.0285e+006
9585	-2.8387e+006
9586	4.8371e+006
9587	-2.0626e+006
9588	1.977e+006
9589	-1.2017e+007
9590	-1.637e+007
9591	-1.5509e+007
9592	-8.0153e+006
9593	-1.3896e+007
9594	-1.0058e+007
9595	-1.5697e+007
9596	-1.2779e+007
9597	-1.65e+007
9598	-9.505e+006
9599	-9.7155e+006
9600	-1.3955e+007
9601	-1.1867e+007
9602	3.2693e+006
9603	2.393e+006
9604	1.1542e+006
9605	1.8936e+006
9606	-7.8622e+006
9607	2.0581e+005
9608	-1.4447e+007
9609	-5.5942e+006
9610	-1.0087e+006
9611	1.1048e+007
9612	5.4379e+006
9613	7.348e+006
9614	1.0014e+007
9615	8.54e+006
9616	1.2332e+007
9617	1.0677e+007
9618	1.1015e+007
9619	1.1164e+007
9620	1.1828e+007
9621	1.7506e+007
9622	1.1827e+007
9623	7.4072e+006
9624	5.9406e+005
9625	3.5859e+006
9626	8.2698e+006
9627	6.5738e+006
9628	4.696e+006
9629	-6.9847e+006
9630	-1.3667e+007
9631	-1.2169e+007
9632	-6.1731e+006
9633	-6.2086e+006
9634	-2.1691e+006
9635	-1.802e+007
9636	-1.9684e+007
9637	-2.1386e+007
9638	-1.29e+007
9639	-1.6407e+007
9640	-1.257e+007
9641	-1.4604e+007
9642	-1.6766e+007
9643	-6.4793e+006
9644	-9.7713e+006
9645	-1.0777e+007
9646	-1.4221e+007
9647	-1.2134e+007
9648	-1.8325e+007
9649	-2.0027e+007
9650	-2.1545e+007
9651	-4.0417e+007
9652	-1.578e+007
9653	-1.9635e+007
9654	-2.3001e+007
9655	-1.8137e+007
9656	-2.4519e+007
9657	-1.8022e+007
9658	-1.9655e+007
9659	-5.7517e+006
9660	-1.0936e+007
9661	-2.7598e+006
9662	-4.3466e+006
9663	-4.9756e+006
9664	-9.6299e+006
9665	-1.6497e+006
9666	-3.4067e+006
9667	8.0013e+006
9668	4.1801e+006
9669	8.1502e+006
9670	7.1679e+006
9671	9.2332e+006
9672	8.8144e+006
9673	8.1651e+006
9674	3.5331e+006
9675	2.888e+006
9676	5.5535e+006
9677	1.1279e+005
9678	4.08e+006
9679	1.8736e+007
9680	1.9319e+007
9681	2.806e+006
9682	4.8471e+006
9683	6.2172e+006
9684	4.7086e+006
9685	3.9218e+006
9686	5.9902e+006
9687	2.683e+006
9688	4.7162e+006
9689	6.0101e+006
9690	9.9803e+006
9691	8.9979e+006
9692	1.0644e+007
9693	-8.9789e+006
9694	-8.0306e+005
9695	3.8808e+006
9696	-3.0188e+006
9697	3.0705e+005
9698	-2.0525e+007
9699	-1.5661e+007
9700	-1.0331e+007
9701	-9.6654e+006
9702	-9.7009e+006
9703	-1.5546e+007
9704	-1.718e+007
9705	-2.2189e+007
9706	-1.3703e+007
9707	-1.7942e+007
9708	-1.721e+007
9709	-2.5409e+007
9710	-1.9644e+007
9711	-1.8912e+007
9712	-8.2028e+006
9713	-1.2857e+007
9714	-1.5682e+007
9715	5.1766e+006
9716	3.2989e+006
9717	1.5419e+006
9718	1.1212e+007
9719	1.0793e+007
9720	9.4227e+006
9721	1.0793e+007
9722	2.7262e+007
9723	1.6333e+007
9724	1.6272e+007
9725	-2.752e+007
9726	-4.3522e+007
9727	1.9286e+007
9728	6.189e+006
9729	1.1442e+007
9730	3.3462e+006
9731	9.2063e+006
9732	1.1381e+007
9733	-4.8413e+007
9734	5.0244e+006
9735	-9.7643e+006
9736	-1.2836e+007
9737	-3.8405e+007
9738	-1.1157e+007
9739	-2.3256e+007
9740	-2.714e+007
9741	-3.2905e+007
9742	-5.1896e+007
9743	-7.9221e+007
9744	-4.0722e+007
9745	-5.5089e+007
9746	-7.1611e+007
9747	-6.8152e+007
9748	-6.3913e+007
9749	-7.3679e+007
9750	-1.0717e+008
9751	-1.051e+008
9752	-1.0108e+008
9753	-6.8671e+007
9754	-6.4302e+007
9755	-6.8492e+007
9756	-6.4484e+007
9757	-8.6593e+007
9758	-7.1597e+007
9759	-9.3768e+007
9760	-6.2044e+007
9761	-5.5362e+007
9762	-5.4243e+007
9763	-6.6865e+007
9764	-4.4791e+007
9765	-3.4626e+007
9766	-3.6988e+007
9767	-4.0331e+007
9768	-5.0348e+007
9769	-5.1814e+007
9770	-2.2373e+007
9771	-1.473e+007
9772	-1.6577e+007
9773	-1.7442e+007
9774	-7.4203e+006
9775	-4.6635e+006
9776	-4.3093e+006
9777	-5.433e+006
9778	76001
9779	-3.2516e+006
9780	-2.9975e+006
9781	-1.156e+006
9782	-1.0381e+006
9783	-5.2638e+005
9784	-5.9547e+005
9785	-1.665e+006
9786	-2.6468e+006
9787	-7.4456e+005
9788	1.2585e+007
9789	-2.0863e+006
9790	-2.8762e+006
9791	3.7343e+006
9792	-1.1048e+005
9793	1.1569e+006
9794	-1.0792e+006
9795	-2.0604e+006
9796	-8.2005e+005
9797	-4.3758e+006
9798	-8.9866e+006
9799	-7.029e+006
9800	-8.036e+006
9801	-1.4789e+007
9802	-1.1632e+007
9803	-1.8243e+007
9804	-1.7435e+007
9805	-2.3182e+007
9806	-2.6572e+007
9807	-2.9228e+007
9808	-3.3138e+007
9809	-2.7678e+007
9810	-2.6319e+007
9811	-3.5124e+007
9812	-3.2032e+007
9813	-3.4244e+007
9814	-2.3957e+007
9815	-1.9207e+007
9816	-3.0093e+007
9817	-2.0018e+007
9818	-2.665e+007
9819	-2.967e+007
9820	-3.1806e+007
9821	-2.5526e+007
9822	-1.4174e+007
9823	-9.0031e+006
9824	-1.4985e+007
9825	-1.0033e+007
9826	2.2953e+005
9827	-5.0849e+006
9828	-1.3102e+006
9829	-6.1144e+006
9830	-1.6143e+006
9831	-5.9009e+006
9832	4.0377e+005
9833	1.4873e+006
9834	8.1369e+005
9835	-7.5314e+005
9836	99686
9837	-2.2246e+006
9838	-2.2205e+006
9839	-2.1029e+006
9840	-1.5908e+006
9841	-4.192e+006
9842	-2.7295e+006
9843	-1.0718e+006
9844	-5.5537e+005
9845	-2.5269e+006
9846	-7.8473e+005
9847	-1.0644e+006
9848	3.0914e+006
9849	2.842e+006
9850	-1.2592e+005
9851	-3.5494e+006
9852	1.1144e+006
9853	-1.2607e+007
9854	-1.9185e+007
9855	-1.3556e+007
9856	-3.8176e+007
9857	-1.6441e+007
9858	-2.7002e+007
9859	-1.0929e+007
9860	-2.3069e+007
9861	-3.0368e+007
9862	-2.5114e+007
9863	-6.9386e+007
9864	-3.0887e+007
9865	-4.689e+007
9866	-5.053e+007
9867	-4.7425e+007
9868	-5.2417e+007
9869	-5.7643e+007
9870	-7.9814e+007
9871	-5.4719e+007
9872	-5.0927e+007
9873	-5.1648e+007
9874	-6.3548e+007
9875	-7.6828e+007
9876	-6.1832e+007
9877	-5.1477e+007
9878	-4.4245e+007
9879	-3.7561e+007
9880	-3.9721e+007
9881	-4.0904e+007
9882	-5.6867e+007
9883	-3.9639e+007
9884	-4.4795e+007
9885	-5.2387e+007
9886	-2.7396e+007
9887	-1.9238e+007
9888	-2.1818e+007
9889	-3.0739e+007
9890	-2.0103e+007
9891	-1.1595e+007
9892	-6.637e+006
9893	-8.155e+006
9894	-7.7607e+006
9895	-1.246e+007
9896	-2.2517e+006
9897	-3.8801e+006
9898	-2.2749e+006
9899	-5.0038e+006
9900	-1.8323e+006
9901	5.0513e+005
9902	-2.9896e+006
9903	-4.674e+006
9904	-5.681e+006
9905	-3.9707e+006
9906	-2.7304e+006
9907	78345
9908	9255.3
9909	-7.8062e+005
9910	-1.0603e+006
9911	-1.7222e+006
9912	2.645e+005
9913	4.5257e+005
9914	3.4666e+006
9915	-1.463e+006
9916	-9.8184e+006
9917	-1.6628e+007
9918	-1.1503e+007
9919	-1.4e+007
9920	-2.0038e+007
9921	-2.3205e+007
9922	-3.0878e+007
9923	-2.609e+007
9924	-3.6651e+007
9925	-3.3948e+007
9926	-3.8177e+007
9927	-4.3966e+007
9928	-4.8958e+007
9929	-4.0888e+007
9930	-4.395e+007
9931	-4.0978e+007
9932	-4.7606e+007
9933	-4.764e+007
9934	-5.2598e+007
9935	-4.8425e+007
9936	-5.7824e+007
9937	-3.5827e+007
9938	-4.3847e+007
9939	-3.8603e+007
9940	-5.5748e+007
9941	-4.3676e+007
9942	-2.4392e+007
9943	-3.1919e+007
9944	-2.418e+007
9945	-3.3101e+007
9946	-3.1836e+007
9947	-1.1063e+007
9948	-1.6022e+007
9949	-1.0002e+007
9950	-1.4592e+007
9951	-1.7585e+007
9952	-2.4942e+007
9953	-1.7867e+007
9954	-1.4306e+007
9955	-1.1879e+007
9956	-1.9207e+006
9957	-2.3309e+006
9958	-1.2474e+006
9959	-5.0439e+006
9960	-4.6496e+006
9961	3.5782e+005
9962	-3.1581e+005
9963	1.9624e+005
9964	-2.4359e+006
9965	-3.0444e+006
9966	-1.8826e+006
9967	1.2715e+005
9968	-9.4239e+005
9969	-1.7854e+007
9970	-1.441e+007
9971	-2.2082e+007
9972	-9.2847e+006
9973	-1.0292e+007
9974	-1.7045e+007
9975	-1.7294e+007
9976	-2.7855e+007
9977	-2.8694e+007
9978	-3.4483e+007
9979	-3.0511e+007
9980	-2.3656e+007
9981	-3.1405e+007
9982	-2.9886e+007
9983	-3.7873e+007
9984	-3.7906e+007
9985	-3.9651e+007
9986	-4.2392e+007
9987	-4.2865e+007
9988	-3.8691e+007
9989	-3.3901e+007
9990	-3.7811e+007
9991	-2.3778e+007
9992	-3.6548e+007
9993	-3.1304e+007
9994	-3.7333e+007
9995	-3.4241e+007
9996	-3.6377e+007
9997	-1.3856e+007
9998	-2.6553e+007
9999	-1.8815e+007
10000	-1.9838e+007
10001	-2.6471e+007
10002	-3.1627e+007
10003	-4.9107e+006
10004	-1.3644e+007
10005	-7.6236e+006
10006	-1.5489e+007
10007	-1.4667e+007
10008	-9.7149e+006
10009	-9.5014e+006
10010	-52431
10011	-3.8489e+006
10012	-3.4547e+006
10013	-2.2929e+006
10014	-1.4401e+006
10015	-5.7267e+006
10016	3.5749e+005
10017	-2.3711e+006
10018	-1.2093e+006
10019	1.9591e+005
10020	-1.883e+006
10021	-9.4272e+005
10022	7.1497e+005
10023	-5.6428e+006
10024	-1.7835e+006
10025	-8.1401e+006
10026	-3.6991e+006
10027	-1.2452e+007
10028	-2.0461e+007
10029	-1.495e+007
10030	-2.7885e+007
10031	-2.8134e+007
10032	-3.5633e+007
10033	-3.8696e+007
10034	-4.9493e+007
10035	-4.0529e+007
10036	-4.1423e+007
10037	-4.5353e+007
10038	-5.4753e+007
10039	-4.4397e+007
10040	-3.3997e+007
10041	-3.9153e+007
10042	-2.7523e+007
10043	-2.0448e+007
10044	-1.9625e+007
10045	-2.6258e+007
10046	-1.1153e+007
10047	-6.1676e+006
10048	-1.0867e+007
10049	-8.4397e+006
10050	-4.3068e+005
10051	-8.3341e+006
10052	-1.5336e+007
10053	-9.8246e+006
10054	-5.3836e+006
10055	-1.1349e+007
10056	-7.2257e+006
10057	-7.9452e+006
10058	-7.5975e+006
10059	-6.4086e+006
10060	-5.6973e+006
10061	-1.873e+007
10062	-1.155e+007
10063	-1.4818e+007
10064	-1.4023e+007
10065	-1.2867e+007
10066	-1.1922e+007
10067	-2.4214e+007
10068	-2.6639e+007
10069	-2.4387e+007
10070	-2.0672e+007
10071	-2.7439e+007
10072	-2.719e+007
10073	-2.5606e+007
10074	-1.9742e+007
10075	-2.0098e+007
10076	-2.2221e+007
10077	-2.4847e+007
10078	-2.099e+007
10079	-2.1935e+007
10080	-2.1906e+007
10081	-1.7033e+007
10082	-1.9878e+007
10083	-1.1659e+007
10084	-1.5632e+007
10085	-1.3255e+007
10086	-4.1282e+006
10087	-5.8532e+006
10088	-3.5913e+006
10089	-2.8912e+006
10090	-1.1162e+007
10091	-8.3596e+006
10092	-1.0719e+007
10093	-6.061e+006
10094	-7.2174e+006
10095	-1.2953e+007
10096	-1.6246e+007
10097	-1.5238e+007
10098	-9.6428e+006
10099	-1.1762e+007
10100	-9.4517e+006
10101	-1.1495e+007
10102	-9.0134e+006
10103	-1.6805e+007
10104	-1.6069e+007
10105	-1.7444e+007
10106	-1.2061e+007
10107	-9.5957e+006
10108	-1.2054e+007
10109	-1.0393e+007
10110	-1.4824e+007
10111	-1.307e+007
10112	-8.2719e+006
10113	-8.7695e+006
10114	-8.4701e+006
10115	-7.1752e+006
10116	-7.0587e+006
10117	-5.5521e+006
10118	-5.4079e+006
10119	-1.4453e+007
10120	-9.5043e+006
10121	-1.2298e+007
10122	-1.2076e+007
10123	-9.4119e+006
10124	-9.9906e+006
10125	-6.0664e+006
10126	-5.8841e+006
10127	-6.6911e+006
10128	-4.9493e+006
10129	-6.256e+006
10130	-3.8045e+006
10131	-3.1044e+006
10132	-4.3557e+006
10133	-1.7875e+007
10134	-2.196e+007
10135	-1.9433e+007
10136	-1.8245e+007
10137	-1.5924e+007
10138	-1.5957e+007
10139	-2.2866e+007
10140	-2.4386e+007
10141	-2.4805e+007
10142	-2.3506e+007
10143	-2.0671e+007
10144	-1.9296e+007
10145	-1.8382e+007
10146	-2.4556e+007
10147	-2.3228e+007
10148	-2.1171e+007
10149	-1.627e+007
10150	-1.9371e+007
10151	-1.9341e+007
10152	-1.4469e+007
10153	-1.6049e+007
10154	-1.3384e+007
10155	-1.0151e+007
10156	-8.4161e+006
10157	-6.6743e+006
10158	-5.4928e+006
10159	-4.8294e+006
10160	-8.6448e+006
10161	-1.1438e+007
10162	-7.1383e+006
10163	-1.1322e+007
10164	-8.4358e+006
10165	-7.0217e+006
10166	-6.8775e+006
10167	-1.0695e+007
10168	-8.2338e+006
10169	-7.7987e+006
10170	-5.8984e+006
10171	-1.3237e+007
10172	-1.1502e+007
10173	-1.5521e+007
10174	-9.7605e+006
10175	-1.2012e+007
10176	-1.1067e+007
10177	-1.0775e+007
10178	-1.4794e+007
10179	-9.0335e+006
10180	-1.1285e+007
10181	-7.852e+006
10182	-9.0084e+006
10183	-8.5701e+006
10184	-2.0614e+007
10185	-1.8087e+007
10186	-1.9734e+007
10187	-1.4611e+007
10188	-1.4345e+007
10189	-1.5869e+007
10190	-2.0298e+007
10191	-1.8969e+007
10192	-1.8998e+007
10193	-1.1072e+007
10194	-1.3615e+007
10195	-1.127e+007
10196	-1.7215e+007
10197	-1.2314e+007
10198	-1.1229e+007
10199	-9.8152e+006
10200	-9.5158e+006
10201	-7.299e+006
10202	-8.6056e+006
10203	-1.9606e+007
10204	-1.8419e+007
10205	-1.613e+007
10206	-2.1644e+007
10207	-2.1673e+007
10208	-1.7463e+007
10209	-1.9587e+007
10210	-1.6289e+007
10211	-1.3944e+007
10212	-1.5414e+007
10213	-1.8259e+007
10214	-1.2616e+007
10215	-1.357e+007
10216	-1.3603e+007
10217	-1.0855e+007
10218	-1.6164e+007
10219	-1.525e+007
10220	-1.499e+007
10221	-1.4984e+007
10222	-4.9908e+006
10223	-6.2566e+006
10224	-2.8172e+006
10225	-7.1131e+006
10226	-7.0064e+006
10227	-2.6051e+006
10228	-2.8389e+006
10229	-1.0703e+006
10230	-4.0653e+006
10231	-3.6954e+006
10232	-2.5874e+006
10233	-3.1701e+006
10234	-5.9935e+006
10235	-1.0077e+007
10236	-7.2377e+006
10237	-7.7263e+006
10238	-7.0461e+006
10239	-1.384e+007
10240	-1.8329e+007
10241	-1.6016e+007
10242	-1.1521e+007
10243	-1.149e+007
10244	-1.1341e+007
10245	-2.3768e+007
10246	-2.8419e+007
10247	-2.4747e+007
10248	-1.9592e+007
10249	-2.0137e+007
10250	-2.4833e+007
10251	-3.3156e+007
10252	-3.2517e+007
10253	-2.7653e+007
10254	-2.9396e+007
10255	-2.8932e+007
10256	-2.9091e+006
10257	-9.7431e+005
10258	3.2836e+006
10259	3.8118e+006
10260	5.8655e+006
10261	-4.4194e+006
10262	-2.479e+006
10263	-2.3599e+006
10264	1.7789e+006
10265	-2.6846e+006
10266	3.3575e+006
10267	-5.0117e+006
10268	-8.458e+006
10269	-5.5659e+006
10270	-1.2531e+006
10271	7.0564e+005
10272	-5.5167e+006
10273	-1.1068e+007
10274	-1.4754e+007
10275	-1.2282e+007
10276	-9.9381e+006
10277	-6.2237e+006
10278	-1.8033e+007
10279	-1.6503e+007
10280	-2.0022e+007
10281	-1.5086e+007
10282	-9.5397e+006
10283	-9.6464e+006
10284	-1.8799e+007
10285	-2.1064e+007
10286	-1.6435e+007
10287	-1.6577e+007
10288	-3.072e+007
10289	-2.8081e+007
10290	-2.7806e+007
10291	-2.7598e+007
10292	-2.3452e+007
10293	-2.7134e+007
10294	-2.287e+007
10295	-2.3595e+007
10296	-5.1253e+006
10297	-5.5823e+006
10298	-5.3433e+006
10299	-3.3787e+006
10300	-8.6735e+005
10301	-3.3915e+005
10302	-4.7732e+006
10303	-4.9033e+006
10304	-6.3322e+006
10305	-2.1022e+006
10306	-4.8812e+006
10307	-3.8489e+006
10308	-4.6897e+006
10309	-4.2021e+006
10310	-1.0824e+007
10311	-8.9642e+006
10312	-1.3979e+007
10313	-1.2038e+007
10314	-9.4529e+006
10315	-8.7727e+006
10316	-9.3034e+006
10317	-7.8826e+006
10318	-1.8468e+007
10319	-2.1759e+007
10320	-1.3972e+007
10321	-1.7148e+007
10322	-1.3792e+007
10323	-2.7167e+007
10324	-2.6409e+007
10325	-2.1799e+007
10326	-2.6495e+007
10327	-2.2231e+007
10328	-3.0713e+006
10329	-3.4085e+006
10330	1.0675e+006
10331	-3.396e+006
10332	-2.254e+007
10333	-2.2264e+007
10334	-1.7911e+007
10335	-1.7328e+007
10336	-1.1782e+007
10337	-2.4528e+007
10338	-2.0175e+007
10339	-2.0318e+007
10340	-2.336e+006
10341	-3.8656e+006
10342	-4.9612e+006
10343	-3.8531e+006
10344	-3.2955e+006
10345	-4.8545e+006
10346	-1.7598e+006
10347	-2.097e+006
10348	-2.314e+006
10349	-2.0845e+006
10350	-2.6673e+006
10351	-3.2894e+006
10352	-3.5064e+006
10353	-3.2769e+006
10354	2.7651e+006
10355	-3.4572e+006
10356	-7.985e+006
10357	-6.9527e+006
10358	-1.1059e+007
10359	-2.6399e+006
10360	-8.7147e+006
10361	-8.3241e+006
10362	-6.9034e+006
10363	-2.0734e+007
10364	-1.6686e+007
10365	-1.9977e+007
10366	-1.4744e+007
10367	-1.5366e+007
10368	-1.24e+007
10369	-1.5799e+007
10370	-1.0359e+007
10371	-8.686e+006
10372	-2.3495e+007
10373	-1.9899e+007
10374	-1.9317e+007
10375	8.4938e+005
10376	-3.6141e+006
10377	-3.0564e+006
10378	-5.093e+006
10379	-5.9338e+006
10380	-5.0437e+006
10381	-5.4462e+006
10382	-1.9447e+007
10383	-1.4214e+007
10384	-1.4836e+007
10385	-1.187e+007
10386	-1.1479e+007
10387	-1.8127e+007
10388	-1.856e+007
10389	-3.8312e+006
10390	-4.0114e+006
10391	-4.4139e+006
10392	-9.9287e+006
10393	-9.5382e+006
10394	-2.7743e+007
10395	-2.5962e+007
10396	-1.9625e+007
10397	-1.933e+007
10398	-2.06e+007
10399	-2.0979e+007
10400	-2.6006e+007
10401	-2.165e+007
10402	-2.3412e+007
10403	-2.1151e+007
10404	-1.8901e+007
10405	-1.6419e+007
10406	-1.222e+007
10407	-1.3883e+007
10408	-1.1165e+007
10409	-1.078e+007
10410	-2.6712e+006
10411	-7.2636e+006
10412	-2.9234e+006
10413	-5.9586e+006
10414	-4.2697e+006
10415	-4.2756e+006
10416	-3.824e+006
10417	-5.4688e+006
10418	-1.6232e+007
10419	-1.5175e+007
10420	-1.7931e+007
10421	-1.0931e+007
10422	-6.9019e+006
10423	-8.8264e+006
10424	-8.5097e+006
10425	-6.2958e+006
10426	-8.0855e+006
10427	-3.2553e+006
10428	-4.8162e+006
10429	-5.9989e+006
10430	-2.3116e+006
10431	-5.1936e+006
10432	-4.1505e+006
10433	2.8557e+005
10434	-2.9589e+006
10435	-1.197e+006
10436	-2.5433e+006
10437	-1.3517e+006
10438	-1.4374e+006
10439	-2.7896e+006
10440	-1.7545e+006
10441	-2.338e+006
10442	-2.1548e+007
10443	-2.0875e+007
10444	-1.3874e+007
10445	-1.6564e+007
10446	-2.57e+007
10447	-2.4886e+007
10448	-2.5027e+007
10449	-1.9362e+007
10450	-1.9067e+007
10451	-2.0375e+007
10452	-1.8268e+007
10453	-1.6232e+007
10454	-1.3514e+007
10455	-1.396e+007
10456	-1.3129e+007
10457	-1.6018e+007
10458	-9.065e+006
10459	-1.2033e+007
10460	-8.9303e+006
10461	-8.5753e+006
10462	-1.3979e+007
10463	-1.9677e+007
10464	-1.9817e+007
10465	-1.5812e+007
10466	-1.3107e+007
10467	-1.2817e+007
10468	-8.7882e+006
10469	-1.1419e+007
10470	-1.0472e+007
10471	-1.273e+007
10472	-7.2028e+006
10473	-8.3855e+006
10474	-8.3363e+006
10475	-7.1142e+006
10476	-8.2582e+006
10477	-5.4253e+006
10478	-9.8924e+005
10479	-3.428e+006
10480	-5.2502e+006
10481	-3.036e+006
10482	-3.0419e+006
10483	-2.0068e+006
10484	-1.8443e+006
10485	-2.3246e+007
10486	-1.7287e+007
10487	-1.6246e+007
10488	-1.8936e+007
10489	-2.2433e+007
10490	-2.0031e+007
10491	-1.8428e+007
10492	-1.6473e+007
10493	-1.5723e+007
10494	-1.7781e+007
10495	-8.904e+006
10496	-6.0711e+006
10497	-1.0728e+007
10498	-7.6252e+006
10499	-6.077e+006
10500	-5.896e+006
10501	-6.8173e+006
10502	-7.2702e+006
10503	-1.3909e+007
10504	-1.1872e+007
10505	-1.2306e+007
10506	-5.2177e+006
10507	-7.04e+006
10508	-7.9613e+006
10509	53838
10510	-4.3881e+006
10511	-4.2071e+006
10512	-3.1906e+006
10513	-1.6614e+007
10514	-1.5863e+007
10515	-1.5573e+007
10516	-1.5733e+007
10517	-1.6167e+007
10518	-1.3461e+007
10519	-1.5519e+007
10520	-1.1822e+007
10521	-1.1425e+007
10522	-1.0593e+007
10523	-9.7855e+006
10524	-1.1859e+007
10525	-9.0365e+006
10526	-1.0219e+007
10527	-1.017e+007
10528	-1.6673e+005
10529	-9.5923e+005
10530	-3.9012e+005
10531	-6.5005e+005
10532	-1.5379e+006
10533	5.9054e+005
10534	-2.8927e+005
10535	-9.2344e+005
10536	-1.4836e+006
10537	-3.0874e+005
10538	4.0566e+005
10539	5.3605e+005
10540	1.4261e+006
10541	2.0048e+005
10542	3.2234e+005
10543	-9.1372e+005
10544	3.3688e+005
10545	4.2904e+005
10546	-2.9493e+005
10547	98397
10548	-75871
10549	-6.0919e+005
10550	-34661
10551	-1.1694e+006
10552	-1.2499e+005
10553	-1.2541e+005
10554	-83785
10555	-1.2185e+006
10556	5.5087e+005
10557	-43621
10558	-3.0875e+005
10559	-2.5032e+005
10560	-2.5808e+005
10561	9.9925e+005
10562	3.6753e+005
10563	-21762
10564	1.5276e+006
10565	21946
10566	-3.18e+005
10567	2.5051e+005
10568	-4.7347e+005
10569	-1.6329e+006
10570	-1.1283e+006
10571	-5.6743e+005
10572	-7.6752e+005
10573	-1.9619e+006
10574	-7.8699e+005
10575	-1.4241e+006
10576	-1.3237e+006
10577	-7.6285e+005
10578	-9.8527e+005
10579	-7.213e+005
10580	-7.5773e+005
10581	4.3544e+005
10582	8.5027e+005
10583	1.378e+006
10584	-2005.5
10585	2.7419e+005
10586	2.8874e+005
10587	8.5665e+005
10588	1.3083e+006
10589	-71775
10590	1.1788e+006
10591	1.9199e+006
10592	-9.1949e+005
10593	-7.9232e+005
10594	-8.0118e+005
10595	-3.5862e+005
10596	4.0085e+005
10597	-5.2835e+005
10598	-2.1572e+005
10599	6.6482e+005
10600	1.0797e+006
10601	3.6674e+005
10602	8.1838e+005
10603	-2.9968e+005
10604	-5.5919e+005
10605	-4.4088e+005
10606	-1.3928e+006
10607	-2.1789e+005
10608	-4.3244e+005
10609	-2.4942e+005
10610	-4.413e+005
10611	1.0079e+006
10612	3.7619e+005
10613	-2.1831e+005
10614	-61379
10615	-1.9099e+005
10616	-46833
10617	1.0663e+006
10618	45328
10619	9.7272e+005
10620	-7.0081e+005
10621	-2.5825e+005
10622	-4.7782e+005
10623	-2.5215e+005
10624	-3.8176e+005
10625	-5.7364e+005
10626	6.2839e+005
10627	8.7557e+005
10628	7.8195e+005
10629	-69132
10630	75021
10631	1.0946e+006
10632	1.0586e+006
10633	9.6497e+005
10634	-1.3994e+005
10635	6.1953e+005
10636	8.6671e+005
10637	-3.5951e+005
10638	3.7482e+005
10639	-1.7413e+005
10640	32522
10641	1.738e+006
10642	5.5548e+005
10643	4.0829e+005
10644	1.1144e+006
10645	4.0476e+005
10646	6.1314e+005
10647	2.4147e+006
10648	9.2772e+005
10649	1.6536e+006
10650	9.8044e+005
10651	2.782e+006
10652	1.295e+006
10653	2.151e+006
10654	2.4372e+006
10655	2.952e+006
10656	2.1704e+006
10657	2.1492e+006
10658	4.402e+006
10659	2.9346e+006
10660	2.8631e+006
10661	3.5924e+006
10662	4.1056e+006
10663	3.3392e+006
10664	5.7943e+006
10665	3.9323e+006
10666	4.656e+006
10667	4.8994e+006
10668	4.228e+006
10669	4.8961e+006
10670	4.9516e+006
10671	4.8735e+006
10672	4.3975e+006
10673	7.1972e+006
10674	5.5057e+006
10675	4.6694e+006
10676	5.4751e+006
10677	4.4941e+006
10678	4.0555e+006
10679	3.9371e+006
10680	5.1263e+006
10681	3.4224e+006
10682	2.8791e+006
10683	2.9128e+006
10684	6.4342e+006
10685	3.9646e+006
10686	4.0994e+006
10687	2.0742e+006
10688	1.5107e+006
10689	1.5976e+006
10690	5.8977e+006
10691	2.4243e+006
10692	3.1598e+006
10693	7.5887e+005
10694	3.4342e+005
10695	1.8854e+006
10696	-2.8352e+005
10697	-4.8723e+005
10698	-4.3831e+005
10699	-4.6223e+006
10700	-2.1554e+006
10701	-1.8419e+006
10702	-3.4319e+005
10703	-11972
10704	-2.1937e+005
10705	-4.5272e+006
10706	-1.5572e+006
10707	-1.7468e+006
10708	3.714e+005
10709	7.6553e+005
10710	4.7118e+005
10711	-3.3262e+006
10712	-1.1738e+006
10713	-3.5923e+005
10714	1.1305e+006
10715	1.5814e+006
10716	1.2729e+006
10717	-5.6601e+005
10718	5787.3
10719	2.0271e+006
10720	2.4018e+006
10721	2.1124e+006
10722	32233
10723	2.6133e+006
10724	2.8371e+006
10725	2.6024e+006
10726	3.0847e+005
10727	2.8066e+006
10728	2.7809e+006
10729	2.695e+006
10730	-2.7419e+005
10731	2.7341e+006
10732	2.4947e+006
10733	2.4983e+006
10734	-4.3793e+006
10735	-1.1e+006
10736	93835
10737	8.1769e+005
10738	1.8614e+006
10739	1.0497e+006
10740	1.6022e+006
10741	-8.2819e+006
10742	-1.7333e+006
10743	-2.1191e+006
10744	-8.8667e+005
10745	6.2631e+005
10746	6.661e+005
10747	-2.5028e+006
10748	-6.3009e+005
10749	-5.469e+005
10750	-2.264e+006
10751	-8.6447e+005
10752	-7.5338e+005
10753	-9.0013e+005
10754	-8.0079e+005
10755	-1.5638e+006
10756	-9.4619e+005
10757	-9.2218e+005
10758	-1.2047e+006
10759	-1.5859e+006
10760	-5.0714e+005
10761	-8.3464e+005
10762	-3.0048e+005
10763	-7.8097e+005
10764	-5.4619e+005
10765	-5.0337e+005
10766	-7.6436e+005
10767	-1.442e+005
10768	-3.4708e+005
10769	3.7876e+005
10770	8.1005e+005
10771	8.5837e+005
10772	9.973e+005
10773	-2.3105e+006
10774	-6.5901e+005
10775	-7.1529e+005
10776	9.8876e+005
10777	8.4589e+005
10778	-1.1057e+006
10779	7.1399e+005
10780	-6.6754e+005
10781	-3.576e+005
10782	3.4047e+005
10783	6.4042e+005
10784	5.2654e+005
10785	5.3996e+005
10786	7.0472e+005
10787	5.0852e+005
10788	1.1524e+006
10789	1.5587e+006
10790	2.3229e+006
10791	1.2567e+006
10792	2.2515e+006
10793	2.6019e+006
10794	2.0522e+006
10795	3.195e+006
10796	2.7662e+006
10797	3.1152e+006
10798	3.4537e+006
10799	2.8405e+006
10800	5.5702e+006
10801	4.1217e+006
10802	3.7083e+006
10803	3.6971e+006
10804	3.8144e+006
10805	3.3138e+006
10806	4.3652e+006
10807	4.892e+006
10808	3.7362e+006
10809	3.6552e+006
10810	3.3474e+006
10811	4.8444e+006
10812	4.0081e+006
10813	3.2166e+006
10814	2.8255e+006
10815	2.7072e+006
10816	4.4058e+006
10817	4.012e+006
10818	2.2822e+006
10819	1.7718e+006
10820	1.7755e+006
10821	3.3339e+006
10822	3.4687e+006
10823	7.0583e+005
10824	1.2082e+006
10825	1.0014e+006
10826	2.0349e+006
10827	2.2478e+006
10828	-5.8116e+005
10829	-7.1175e+005
10830	-2.2983e+006
10831	-1.5974e+006
10832	-1.4748e+006
10833	-9.8185e+005
10834	-9.5218e+005
10835	-1.0398e+006
10836	-1.3884e+006
10837	-6.7459e+005
10838	-1.2644e+006
10839	-9.3558e+005
10840	4.7645e+005
10841	5.8598e+005
10842	6.5463e+005
10843	1.6194e+006
10844	2.493e+006
10845	4.5843e+005
10846	1.8323e+006
10847	2.7083e+005
10848	-1.8325e+005
10849	-1.4043e+005
10850	5.8541e+005
10851	1.2386e+005
10852	-4.0142e+005
10853	1.4027e+005
10854	8.8551e+005
10855	25127
10856	87462
10857	7.9379e+005
10858	1.6498e+006
10859	3.3223e+005
10860	5.8354e+005
10861	1.2706e+006
10862	4.9376e+005
10863	9.8984e+005
10864	1.9846e+006
10865	1.7991e+006
10866	2.0741e+006
10867	1.3854e+006
10868	2.9419e+006
10869	2.4126e+006
10870	2.6424e+006
10871	2.043e+006
10872	3.6938e+006
10873	2.7597e+006
10874	2.8714e+006
10875	2.2044e+006
10876	3.5321e+006
10877	4.3378e+006
10878	2.7904e+006
10879	2.5888e+006
10880	2.2544e+006
10881	2.2767e+006
10882	4.2874e+006
10883	3.4511e+006
10884	2.1977e+006
10885	1.8093e+006
10886	1.8176e+006
10887	1.5894e+006
10888	3.5025e+006
10889	2.4012e+006
10890	1.2989e+006
10891	1.0884e+006
10892	2.1218e+006
10893	2.8573e+006
10894	-3.7416e+005
10895	-6.2857e+005
10896	-2.2151e+006
10897	-1.9016e+006
10898	-1.3916e+006
10899	-1.2313e+006
10900	-42946
10901	2.6423e+005
10902	-15645
10903	-1.3807e+006
10904	-1.5704e+006
10905	-9.0007e+005
10906	6.5835e+005
10907	1.095e+006
10908	6.68e+005
10909	-9.866e+005
10910	-8.9297e+005
10911	-1.7206e+005
10912	1.5459e+006
10913	1.9398e+006
10914	1.5348e+006
10915	1.5966e+006
10916	-3.3389e+005
10917	-2.9295e+005
10918	-1.4038e+005
10919	2.3145e+006
10920	2.593e+006
10921	2.2942e+006
10922	2.1929e+006
10923	2.9911e+005
10924	2.3433e+005
10925	1.1968e+005
10926	2.8168e+006
10927	2.9399e+006
10928	2.7816e+006
10929	2.7535e+006
10930	1.0275e+006
10931	-29291
10932	5.2289e+005
10933	2.9142e+006
10934	2.7644e+006
10935	2.7833e+006
10936	2.7223e+006
10937	-54935
10938	6.1911e+005
10939	3.5993e+005
10940	2.5251e+006
10941	2.2622e+006
10942	2.4334e+006
10943	-1.0732e+006
10944	3.1997e+005
10945	1.0371e+006
10946	1.4506e+006
10947	1.2127e+006
10948	-2.2707e+006
10949	-6.1922e+005
10950	-1.0383e+006
10951	-8.585e+005
10952	-1.0158e+006
10953	-1.3644e+006
10954	-1.2403e+006
10955	-1.6215e+006
10956	-9.8611e+005
10957	-6.6373e+005
10958	-9.8261e+005
10959	-9.4193e+005
10960	-8.819e+005
10961	1.0331e+006
10962	1.3516e+006
10963	1.254e+006
10964	-4.8029e+005
10965	-8.9933e+005
10966	1.1111e+006
10967	7.8982e+005
10968	9.5458e+005
10969	-1.0613e+006
10970	1.0249e+005
10971	7.5837e+005
10972	-6.2316e+005
10973	7.7204e+005
10974	6.7594e+005
10975	7.6642e+005
10976	8.0063e+005
10977	8.407e+005
10978	4.7256e+005
10979	8.3574e+005
10980	2.3922e+006
10981	9.6863e+005
10982	1.9634e+006
10983	6.5808e+005
10984	1.1108e+006
10985	1.4299e+006
10986	7.6482e+005
10987	3.0806e+006
10988	2.6672e+006
10989	1.3161e+006
10990	1.6597e+006
10991	1.7039e+006
10992	1.1718e+006
10993	3.3104e+006
10994	3.0315e+006
10995	1.2463e+006
10996	3.8373e+006
10997	1.8156e+006
10998	1.9466e+006
10999	1.4907e+006
11000	3.1433e+006
11001	1.358e+006
11002	1.745e+006
11003	1.6994e+006
11004	1.4864e+006
11005	1.7673e+006
11006	3.778e+006
11007	3.3842e+006
11008	1.0921e+006
11009	1.0827e+006
11010	1.0865e+006
11011	1.1608e+006
11012	2.1255e+006
11013	2.861e+006
11014	2.9958e+006
11015	1.8945e+006
11016	8.7594e+005
11017	9.5022e+005
11018	1.915e+006
11019	-5.0475e+005
11020	-2.2305e+005
11021	-4.8348e+005
11022	-1.7778e+006
11023	-1.1075e+006
11024	84127
11025	3.7365e+005
11026	-1.281e+006
11027	8.1031e+005
11028	1.2262e+006
11029	8.6879e+005
11030	-6.4248e+005
11031	-6.0154e+005
11032	-7.5066e+005
11033	-29749
11034	2.0048e+006
11035	1.6819e+006
11036	-2.4861e+005
11037	-55104
11038	-1.6976e+005
11039	2.5469e+006
11040	2.182e+006
11041	7.9279e+005
11042	2.8821e+005
11043	1.0878e+005
11044	2.6973e+006
11045	2.6419e+006
11046	9.1587e+005
11047	-1.4088e+005
11048	5.3316e+005
11049	2.437e+006
11050	2.4866e+006
11051	-1.0696e+006
11052	-3.992e+006
11053	3.2359e+005
11054	3.8337e+005
11055	1.242e+005
11056	2.1741e+006
11057	1.7651e+006
11058	1.8815e+006
11059	-1.3325e+006
11060	60745
11061	-4.8583e+005
11062	-9.1643e+005
11063	-7.3789e+005
11064	-1.2651e+006
11065	-1.5222e+006
11066	-1.3619e+006
11067	-1.0702e+006
11068	-8.9516e+005
11069	-1.4223e+006
11070	-9.695e+005
11071	-3.6662e+005
11072	-7.0716e+005
11073	-1.2185e+005
11074	-6.4712e+005
11075	58897
11076	-6.4482e+005
11077	-5.8021e+005
11078	-6.2971e+005
11079	-8.8253e+005
11080	-59514
11081	1.9179e+005
11082	-2.1703e+005
11083	76120
11084	1.9785e+006
11085	6.2738e+005
11086	5.5497e+005
11087	2.4442e+005
11088	3.9523e+005
11089	5.7238e+005
11090	2.7111e+006
11091	6.4687e+005
11092	9.465e+005
11093	6.1654e+005
11094	8.2371e+005
11095	6.2141e+005
11096	2.4763e+006
11097	6.9103e+005
11098	9.5469e+005
11099	1.152e+006
11100	8.6177e+005
11101	1.4329e+006
11102	2.6073e+006
11103	8.2201e+005
11104	1.0911e+006
11105	1.1064e+006
11106	1.0915e+006
11107	1.3873e+006
11108	3.0042e+006
11109	6.7845e+005
11110	1.9029e+006
11111	93776
11112	-4.5618e+005
11113	-3.2379e+005
11114	-5.505e+005
11115	-1.5608e+006
11116	-1.0727e+006
11117	-1.0802e+006
11118	4.4178e+005
11119	-34265
11120	-1.2713e+006
11121	-8.0473e+005
11122	-7.8321e+005
11123	-1.1777e+006
11124	8.5772e+005
11125	1.2769e+006
11126	8.2979e+005
11127	-6.5355e+005
11128	-3.8879e+005
11129	-15103
11130	-7.6173e+005
11131	1.6616e+006
11132	1.8832e+006
11133	1.4834e+006
11134	-2.6886e+005
11135	-1.9e+005
11136	2.1468e+006
11137	2.4837e+006
11138	2.0278e+006
11139	2.0612e+006
11140	7.5761e+005
11141	73596
11142	2.511e+006
11143	2.5054e+006
11144	2.1878e+006
11145	4.0222e+005
11146	2.3949e+006
11147	2.0527e+006
11148	2.1661e+006
11149	1.89e+006
11150	2.3187e+005
11151	1.4296e+006
11152	1.6437e+006
11153	-7.237e+005
11154	-8.9166e+005
11155	-1.026e+006
11156	-9.8598e+005
11157	-1.4188e+006
11158	-9.6601e+005
11159	1.0107e+006
11160	1.546e+006
11161	1.1583e+006
11162	1.3833e+006
11163	-2.7478e+005
11164	3.2334e+005
11165	-4.0231e+005
11166	-8.2135e+005
11167	8.1405e+005
11168	8.3703e+005
11169	8.5412e+005
11170	2030.4
11171	8.6656e+005
11172	8.632e+005
11173	8.7437e+005
11174	9.4083e+005
11175	4.5018e+005
11176	1.6746e+006
11177	9.0453e+005
11178	8.7813e+005
11179	9.446e+005
11180	24218
11181	4.7233e+005
11182	83390
11183	-7.4625e+005
11184	-1.1192e+006
11185	8.9155e+005
11186	1.1605e+006
11187	-5.9178e+005
11188	46662
11189	1.3821e+006
11190	1.6629e+006
11191	1.3269e+006
11192	-2.9133e+005
11193	2.1324e+006
11194	2.0331e+006
11195	7.2951e+005
11196	3.468e+005
11197	2.1268e+006
11198	2.2157e+006
11199	1.9266e+006
11200	2.8145e+005
11201	3.4123e+005
11202	1.5974e+006
11203	-60735
11204	-6.0731e+005
11205	-8.1093e+005
11206	-1.2438e+006
11207	-1.3332e+006
11208	-1.3406e+006
11209	-9.453e+005
11210	-9.7025e+005
11211	-1.3782e+006
11212	-1.2231e+006
11213	-4.0005e+005
11214	-9.2532e+005
11215	9.6172e+005
11216	9.1234e+005
11217	9.7881e+005
11218	1.2672e+005
11219	4.8815e+005
11220	-5.6299e+005
11221	-9.0564e+005
11222	-7.537e+005
11223	-7.8223e+005
11224	-1.1585e+006
11225	-84138
11226	-3.9469e+005
11227	-92686
11228	-4.6055e+005
11229	-2.6184e+005
11230	-1.0222e+006
11231	2.8143e+005
11232	-1.0154e+005
11233	89329
11234	-84685
11235	-7801.7
11236	-8.4503e+005
11237	1.5895e+005
11238	-6.2412e+005
11239	4.5858e+005
11240	2.965e+005
11241	4.0589e+005
11242	3.1884e+005
11243	3.6612e+005
11244	6.032e+005
11245	8.7851e+005
11246	7.5264e+005
11247	1.1743e+006
11248	-1.4088e+005
11249	-6.7854e+005
11250	-3.9266e+005
11251	-7.0348e+005
11252	-5.8008e+005
11253	-9.563e+005
11254	-1.2223e+006
11255	-1.2008e+006
11256	7.1331e+005
11257	55458
11258	95283
11259	-7.7418e+005
11260	-4.0049e+005
11261	9.2705e+005
11262	3.6419e+005
11263	4.4107e+005
11264	-7.7003e+005
11265	-6.9117e+005
11266	-1.7524e+005
11267	-1.3158e+005
11268	1.2079e+006
11269	1.5773e+006
11270	1.1137e+006
11271	2.7369e+005
11272	-4.1032e+005
11273	1.8437e+005
11274	1.0561e+005
11275	1.7099e+006
11276	1.2105e+006
11277	1.609e+006
11278	4.0632e+005
11279	3.17e+005
11280	23609
11281	3.5394e+005
11282	1.7108e+006
11283	1.6978e+006
11284	1.6353e+006
11285	52694
11286	1.1247e+005
11287	4.4281e+005
11288	-9.3019e+005
11289	-1.3381e+006
11290	-1.183e+006
11291	-1.4275e+006
11292	9.3532e+005
11293	1.2097e+006
11294	1.1342e+006
11295	1.497e+005
11296	5.1114e+005
11297	-2938.
11298	1.1654e+005
11299	1.6382e+005
11300	-6.1925e+005
11301	2.2592e+005
11302	4.6242e+005
11303	4.9824e+005
11304	8.8407e+005
11305	-4.3111e+005
11306	2.7321e+005
11307	8.7477e+005
11308	7.3773e+005
11309	1.1362e+006
11310	1.0736e+006
11311	1.1594e+006
11312	-1.5579e+005
11313	-1.1885e+005
11314	4.5058e+005
11315	1.0848e+006
11316	9.5241e+005
11317	4.6175e+005
11318	-4.9237e+005
11319	-2.9366e+005
11320	-5.209e+005
11321	-1.1631e+006
11322	3.8591e+005
11323	5.0538e+005
11324	7.777e+005
11325	-7.4634e+005
11326	-2.3041e+005
11327	1.1113e+006
11328	1.1471e+006
11329	3.0708e+005
11330	2.1776e+005
11331	1.3592e+006
11332	-2.2344e+005
11333	3.7467e+005
11334	7.3611e+005
11335	-8.3173e+005
11336	-1.208e+006
11337	-4.5254e+005
11338	-6.7979e+005
11339	-1.2129e+006
11340	-1.056e+006
11341	-1.322e+006
11342	-2.9225e+005
11343	-2.6408e+006
11344	-1.7695e+005
11345	-1.0142e+006
11346	-1.1233e+006
11347	-7.9327e+005
11348	-7.4961e+005
11349	-2.4421e+006
11350	19406
11351	-7.1639e+005
11352	4.1119e+005
11353	-5.1815e+005
11354	1.8616e+005
11355	-5.9691e+005
11356	6.4768e+005
11357	1.0103e+006
11358	-2.8166e+005
11359	-2.4472e+005
11360	-1.0846e+006
11361	-1.3505e+006
11362	-2.4584e+005
11363	-3.246e+005
11364	1.3462e+006
11365	-1.7659e+005
11366	1.5374e+005
11367	-2.9893e+005
11368	91181
11369	6.6061e+005
11370	1.8781e+006
11371	9.9571e+005
11372	1.1885e+006
11373	9.9674e+005
11374	1.687e+006
11375	1.321e+006
11376	2.8648e+006
11377	1.9031e+006
11378	2.199e+006
11379	2.4565e+006
11380	1.9838e+006
11381	2.268e+006
11382	2.4016e+006
11383	2.0357e+006
11384	3.1848e+006
11385	2.4711e+006
11386	2.5401e+006
11387	3.5249e+006
11388	3.5211e+006
11389	3.1026e+006
11390	2.8523e+006
11391	3.2046e+006
11392	2.7359e+006
11393	3.215e+006
11394	2.7585e+006
11395	2.6162e+006
11396	2.2986e+006
11397	2.2398e+006
11398	1.7698e+006
11399	1.8305e+006
11400	1.7584e+006
11401	1.2227e+006
11402	8.4039e+005
11403	9.2618e+005
11404	23768
11405	7.3036e+005
11406	4.3394e+005
11407	1.9015e+005
11408	2.5049e+005
11409	593.52
11410	68960
11411	31929
11412	14610
11413	-6.9914e+005
11414	-2.0642e+005
11415	-3.399e+005
11416	1.1202e+005
11417	1.493e+005
11418	1.367e+005
11419	-1.1981e+006
11420	-2.4338e+005
11421	-2.5981e+005
11422	2.254e+005
11423	1.91e+005
11424	-1.8675e+006
11425	-1.6728e+005
11426	-2.8946e+005
11427	2.1136e+006
11428	1.664e+006
11429	2.2907e+006
11430	-7.8461e+005
11431	-1.2372e+006
11432	1.3133e+005
11433	2.651e+006
11434	2.5735e+006
11435	2.6066e+006
11436	4.9171e+005
11437	2.579e+006
11438	2.3951e+006
11439	2.5606e+006
11440	1.3842e+006
11441	2.1899e+006
11442	1.8928e+006
11443	2.0613e+006
11444	1.6164e+005
11445	1.408e+006
11446	9.7961e+005
11447	1.1918e+006
11448	1.5797e+005
11449	6.7449e+005
11450	4.2367e+005
11451	5.2738e+005
11452	-4.8572e+005
11453	2.3055e+005
11454	64934
11455	1.3716e+005
11456	-6.3197e+005
11457	-6.7884e+005
11458	24621
11459	33632
11460	26030
11461	-3.4071e+005
11462	-56162
11463	14330
11464	-37880
11465	-10542
11466	12869
11467	61349
11468	5.848e+005
11469	-2.5768e+005
11470	-83440
11471	4.173e+005
11472	2.8691e+005
11473	5.3924e+005
11474	-4.7908e+005
11475	-2.3939e+005
11476	-3.0407e+005
11477	1.3096e+005
11478	-3.6951e+005
11479	-4.6281e+005
11480	65510
11481	15466
11482	-1.8456e+005
11483	-4.0093e+005
11484	-2.4e+005
11485	-2.8605e+005
11486	7.5144e+005
11487	-1.0877e+005
11488	77354
11489	1.7505e+006
11490	2.2014e+006
11491	-1.3265e+006
11492	-5.9661e+005
11493	1.7513e+006
11494	1.898e+006
11495	1.9028e+006
11496	2.1684e+006
11497	7.2934e+005
11498	-4.4916e+005
11499	9.6981e+005
11500	1.5625e+006
11501	1.7846e+006
11502	6.1104e+005
11503	1.1564e+006
11504	1.4883e+006
11505	1.3491e+006
11506	1.4542e+006
11507	1.3728e+006
11508	5.3689e+005
11509	1.1574e+006
11510	7.4605e+005
11511	1.0208e+006
11512	8.2906e+005
11513	2.519e+006
11514	2.8104e+006
11515	2.9124e+006
11516	2.588e+006
11517	2.4437e+006
11518	2.6264e+006
11519	2.5563e+006
11520	2.1301e+006
11521	2.3087e+006
11522	2.4399e+006
11523	2.1699e+006
11524	1.9028e+006
11525	1.8697e+006
11526	1.8522e+006
11527	1.4454e+006
11528	1.8307e+006
11529	1.4328e+006
11530	1.0756e+006
11531	1.0906e+006
11532	8.7977e+005
11533	9.7541e+005
11534	1.3607e+006
11535	6.9328e+005
11536	4.2404e+005
11537	4.2526e+005
11538	-2.0913e+005
11539	4.9746e+005
11540	1.7415e+005
11541	3.9832e+005
11542	1.8026e+005
11543	65575
11544	65391
11545	-6.4818e+005
11546	-1.5545e+005
11547	-69635
11548	28544
11549	70548
11550	22498
11551	-3.2596e+005
11552	86030
11553	1.0783e+005
11554	94253
11555	-2.7225e+005
11556	-3811.9
11557	59852
11558	-3.0665e+005
11559	1.2742e+005
11560	-4.2883e+005
11561	2.3772e+006
11562	2.1967e+006
11563	-4.2081e+005
11564	1.714e+006
11565	1.4578e+006
11566	1.6531e+006
11567	5.4049e+005
11568	1.5094e+006
11569	1.2372e+006
11570	1.0218e+006
11571	1.3461e+006
11572	2.0967e+006
11573	1.533e+006
11574	1.5106e+006
11575	1.8742e+006
11576	1.6419e+006
11577	1.1155e+006
11578	2.1378e+006
11579	1.802e+006
11580	2.1657e+006
11581	2.0214e+006
11582	1.407e+006
11583	1.9575e+006
11584	1.7275e+006
11585	1.5966e+006
11586	1.71e+006
11587	1.8411e+006
11588	1.3273e+006
11589	1.2834e+006
11590	1.4604e+006
11591	1.1512e+006
11592	1.0453e+006
11593	1.0361e+006
11594	1.4214e+006
11595	7.9405e+005
11596	5.1105e+005
11597	5.6759e+005
11598	5.8325e+005
11599	2.4181e+005
11600	1.2573e+005
11601	1.4658e+005
11602	-95119
11603	-9300.2
11604	2.1487e+005
11605	11041
11606	5179.1
11607	-1.237e+005
11608	-53243
11609	-2.098e+005
11610	-3.4328e+005
11611	47183
11612	81654
11613	-2.8485e+005
11614	-3.0128e+005
11615	2.7837e+006
11616	2.6476e+006
11617	-3.9132e+006
11618	-6.998e+005
11619	9.4581e+005
11620	30059
11621	6.6874e+005
11622	2.7061e+006
11623	2.6545e+006
11624	2.6291e+006
11625	1.4781e+006
11626	3.3794e+005
11627	5.9116e+005
11628	2.4706e+006
11629	2.1766e+006
11630	2.4e+006
11631	2.7689e+005
11632	1.2942e+006
11633	1.2172e+006
11634	1.8795e+006
11635	1.4947e+006
11636	1.6786e+006
11637	1.4477e+006
11638	4.6088e+005
11639	-20190
11640	4.7043e+005
11641	1.0663e+006
11642	7.07e+005
11643	8.5622e+005
11644	7.2194e+005
11645	32467
11646	-3.061e+005
11647	-4.139e+005
11648	4.5619e+005
11649	2.5908e+005
11650	3.5237e+005
11651	2.6456e+005
11652	-5.5691e+005
11653	93465
11654	22648
11655	89235
11656	6320.3
11657	-6.7567e+005
11658	-3.4409e+005
11659	31660
11660	14390
11661	28011
11662	37801
11663	-3.3508e+005
11664	86281
11665	-1.2983e+005
11666	-37820
11667	-38319
11668	3.0519e+005
11669	34071
11670	5.5752e+005
11671	-2.8781e+005
11672	-1.0299e+005
11673	-1.874e+005
11674	2.4052e+005
11675	1.9047e+005
11676	-2.807e+005
11677	-2.6623e+005
11678	6.7042e+005
11679	-88951
11680	97173
11681	4411.3
11682	-1.0531e+005
11683	-84561
11684	-84259
11685	71976
11686	2.2016e+006
11687	1.8751e+006
11688	7.6257e+005
11689	1.003e+006
11690	1.6189e+006
11691	1.3422e+006
11692	1.519e+006
11693	1.2555e+006
11694	5.0632e+005
11695	4.878e+005
11696	7.1548e+005
11697	1.5517e+006
11698	1.5265e+006
11699	1.7711e+006
11700	1.1566e+006
11701	1.0702e+006
11702	1.2965e+006
11703	1.0123e+006
11704	9.3239e+005
11705	1.4098e+006
11706	1.003e+006
11707	1.0272e+006
11708	7.0311e+005
11709	5.8257e+005
11710	4.7713e+005
11711	5.9823e+005
11712	6.9388e+005
11713	5.9402e+005
11714	2.9957e+005
11715	1.478e+005
11716	1.4151e+005
11717	4.3801e+005
11718	3.1523e+005
11719	3.1102e+005
11720	2.1609e+005
11721	31715
11722	-1.2389e+005
11723	18280
11724	3.2192e+005
11725	-2.0999e+005
11726	1.e+005
11727	33604
11728	-59289
11729	-55369
11730	-3.329e+005
11731	-2.1585e+005
11732	-3.4933e+005
11733	-2.7925e+005
11734	3.6196e+005
11735	-20897
11736	-2.9843e+005
11737	1.3564e+005
11738	2.6032e+006
11739	2.6623e+006
11740	2.4763e+006
11741	9.0143e+005
11742	3.7113e+005
11743	6.2436e+005
11744	2.6107e+006
11745	2.5654e+006
11746	1.4596e+006
11747	3.1951e+005
11748	1.3826e+006
11749	2.2714e+006
11750	1.8471e+006
11751	1.9928e+006
11752	1.4835e+005
11753	1.0886e+006
11754	1.0526e+006
11755	1.0684e+006
11756	1.2315e+006
11757	2.4468e+005
11758	2.5423e+005
11759	-2.0168e+005
11760	4.5608e+005
11761	5.7483e+005
11762	-4.532e+005
11763	-5.6101e+005
11764	1.6146e+005
11765	1.7116e+005
11766	-6.0344e+005
11767	-6.5031e+005
11768	20409
11769	7729.6
11770	-3.4268e+005
11771	3139.4
11772	-10981
11773	-55279
11774	61409
11775	2.1407e+006
11776	2.3402e+006
11777	7.6534e+005
11778	-1.5041e+005
11779	1.2686e+006
11780	1.7143e+006
11781	2.0138e+006
11782	7.0163e+005
11783	6.8311e+005
11784	9.421e+005
11785	1.2384e+006
11786	1.1742e+006
11787	1.0455e+006
11788	6.341e+005
11789	1.3697e+006
11790	8.4332e+005
11791	1.1908e+006
11792	1.1517e+006
11793	1.0068e+006
11794	1.1377e+006
11795	8.2087e+005
11796	7.344e+005
11797	9.8165e+005
11798	8.0154e+005
11799	1.4102e+006
11800	8.9631e+005
11801	7.0926e+005
11802	8.5244e+005
11803	5.1732e+005
11804	3.7121e+005
11805	5.8795e+005
11806	4.881e+005
11807	6.1209e+005
11808	2.5067e+005
11809	1.9805e+005
11810	2.116e+005
11811	3.7177e+005
11812	3.6756e+005
11813	46280
11814	39139
11815	-63419
11816	3.4278e+005
11817	1.2086e+005
11818	-1.8817e+005
11819	-1.1646e+005
11820	-2.1814e+005
11821	1.8718e+005
11822	-3.4473e+005
11823	1.1377e+006
11824	2.54e+006
11825	2.3993e+006
11826	2.1871e+006
11827	2.2126e+006
11828	8.2442e+005
11829	2.9412e+005
11830	2.2162e+006
11831	2.1419e+006
11832	6.4489e+005
11833	2.4889e+005
11834	1.312e+006
11835	1.7919e+006
11836	1.4153e+006
11837	1.4715e+006
11838	-52578
11839	4.3804e+005
11840	8.5167e+005
11841	1.0214e+006
11842	7.2405e+005
11843	7.6456e+005
11844	44118
11845	-4.1179e+005
11846	4.7102e+005
11847	2.6445e+005
11848	2.8948e+005
11849	1.7005e+005
11850	-2.2083e+005
11851	-5.5702e+005
11852	-6.6482e+005
11853	1.6693e+005
11854	74316
11855	32392
11856	-6.0767e+005
11857	-1.5589e+005
11858	4080.9
11859	-41658
11860	-324.9
11861	46832
11862	-3.4633e+005
11863	-1.1286e+005
11864	1.3081e+005
11865	75030
11866	-95891
11867	-55779
11868	1.1669e+005
11869	3.3203e+005
11870	60910
11871	-1.6583e+005
11872	-1.4019e+005
11873	-2.0628e+005
11874	-51699
11875	7.7082e+005
11876	32278
11877	2.4762e+005
11878	1.9758e+005
11879	-1.3031e+005
11880	-1.918e+005
11881	7.8529e+005
11882	2.8672e+005
11883	25923
11884	1.9138e+006
11885	1.3509e+006
11886	1.7271e+006
11887	5.8317e+005
11888	-1.1379e+005
11889	-1.4768e+005
11890	-1.0168e+005
11891	-2.7427e+005
11892	1.2081e+006
11893	3.0354e+005
11894	-1.0957e+005
11895	-97762
11896	-3.874e+005
11897	3.0746e+005
11898	46668
11899	1.8633e+006
11900	1.6173e+006
11901	1.5476e+006
11902	3.6629e+005
11903	1.0334e+006
11904	9.974e+005
11905	1.2407e+006
11906	9.2765e+005
11907	2.0721e+005
11908	6.3028e+005
11909	4.0823e+005
11910	4.3044e+005
11911	-5.4607e+005
11912	42095
11913	82235
11914	-5.9797e+005
11915	-3.0865e+005
11916	-6.4483e+005
11917	-1.4619e+005
11918	-50522
11919	-13004
11920	-89340
11921	-6.9059e+005
11922	-3.5901e+005
11923	-1.2554e+005
11924	-2.388e+005
11925	-11587
11926	72390
11927	16612
11928	-1.7076e+005
11929	-97460
11930	3.0776e+005
11931	46970
11932	2.0266e+006
11933	8.8266e+005
11934	6.3844e+005
11935	1.1417e+006
11936	1.4637e+006
11937	1.0735e+006
11938	3.1975e+005
11939	5.4743e+005
11940	7.5666e+005
11941	6.1756e+005
11942	9.2859e+005
11943	6.7849e+005
11944	8.5374e+005
11945	5.2527e+005
11946	2.9134e+005
11947	4.9839e+005
11948	4.7093e+005
11949	3.9096e+005
11950	5.3222e+005
11951	3.4517e+005
11952	1.0615e+005
11953	3.2482e+005
11954	85276
11955	2.4485e+005
11956	2.6212e+005
11957	9527.6
11958	3.8611e+005
11959	53533
11960	-69713
11961	-76189
11962	3.3649e+005
11963	2.095e+005
11964	-76855
11965	-75974
11966	-16983
11967	3.2934e+005
11968	1.8144e+006
11969	1.4733e+006
11970	1.4242e+006
11971	1.3494e+006
11972	6.7049e+005
11973	4.2627e+005
11974	2.9197e+005
11975	-1.0403e+005
11976	18137
11977	9.8384e+005
11978	1.2273e+006
11979	9.0065e+005
11980	2.634e+005
11981	6.7703e+005
11982	4.7095e+005
11983	5.876e+005
11984	3.4805e+005
11985	-49654
11986	2.7231e+005
11987	-5.0556e+005
11988	2.489e+005
11989	1.0726e+005
11990	1.1002e+005
11991	-2.8362e+005
11992	50259
11993	-7.2761e+005
11994	-52305
11995	-76057
11996	-1.3126e+005
11997	3.1834e+005
11998	-2.8073e+005
11999	29746
12000	-93745
12001	-89440
12002	-1.2995e+005
12003	1.1372e+005
12004	-1.5895e+005
12005	-77674
12006	-1.9686e+005
12007	7.4485e+005
12008	6302.7
12009	1.1508e+006
12010	2.4627e+005
12011	1.4497e+006
12012	6.9593e+005
12013	4.5171e+005
12014	46203
12015	-62642
12016	2.2305e+005
12017	-29545
12018	-1.8589e+005
12019	-1.1954e+005
12020	-93032
12021	2.2679e+005
12022	99801
12023	2.7486e+005
12024	-1.3165e+005
12025	-1.1866e+005
12026	-1.7387e+005
12027	-1.6956e+005
12028	2.2767e+005
12029	1.1781e+006
12030	2.7574e+005
12031	-1.2356e+005
12032	1.2241e+006
12033	3.1957e+005
12034	8.5847e+005
12035	8.3101e+005
12036	1.0337e+006
12037	-23720
12038	6.0739e+005
12039	1.4822e+005
12040	39371
12041	1.3223e+005
12042	72468
12043	-7.054e+005
12044	-35917
12045	-9409.
12046	-4.0305e+005
12047	3.5848e+005
12048	-2.4059e+005
12049	-42283
12050	1.6088e+005
12051	9.8466e+005
12052	3.0576e+005
12053	-3.466e+005
12054	7.4267e+005
12055	6.562e+005
12056	5.3187e+005
12057	7.3457e+005
12058	4.519e+005
12059	-3.2286e+005
12060	-5.9669e+005
12061	4.061e+005
12062	2.6487e+005
12063	4.2444e+005
12064	-1.3284e+005
12065	-3.5032e+005
12066	1.8912e+005
12067	2.8079e+005
12068	-83520
12069	-50423
12070	-99509
12071	93325
12072	-1.5927e+005
12073	2.6838e+005
12074	-33161
12075	-1.1487e+005
12076	2.8666e+005
12077	3.3473e+005
12078	-1.4762e+005
12079	-4.2145e+005
12080	5.8135e+005
12081	-4.0029e+005
12082	-66412
12083	3.6124e+005
12084	-1.6578e+005
12085	-2.0628e+005
12086	1.1819e+006
12087	2.7952e+005
12088	-3.1954e+005
12089	-2.0198e+005
12090	41693
12091	1.1862e+006
12092	5.0664e+005
12093	1.0476e+006
12094	4.1913e+005
12095	-2.7014e+006
12096	2.3024e+005
12097	6.8355e+005
12098	-2.4912e+005
12099	93997
12100	-3.0654e+006
12101	-5.9271e+005
12102	-7.7451e+005
12103	-1.2121e+006
12104	-9.8333e+005
12105	-3.1228e+006
12106	-1.876e+006
12107	-8.6362e+005
12108	-2.1136e+006
12109	-2.964e+006
12110	-2.4807e+006
12111	-2.7775e+006
12112	-3.4226e+006
12113	-3.8484e+006
12114	-4.146e+006
12115	-5.3355e+006
12116	-4.5392e+006
12117	-6.4674e+006
12118	-5.0304e+006
12119	-7.0998e+006
12120	-8.8426e+006
12121	-7.4935e+006
12122	-1.0531e+007
12123	-1.052e+007
12124	-8.2317e+006
12125	-1.1565e+007
12126	-1.4811e+007
12127	-1.123e+007
12128	-1.2885e+007
12129	-1.1849e+007
12130	-1.688e+007
12131	-1.7307e+007
12132	-1.3952e+007
12133	-1.4516e+007
12134	-4.1352e+005
12135	-4.7258e+005
12136	-3.874e+005
12137	2.0996e+005
12138	1.1574e+006
12139	-5.1859e+005
12140	-6.2497e+005
12141	-8.3218e+005
12142	2.3481e+005
12143	295.28
12144	-63827
12145	2.3487e+006
12146	-2.3727e+005
12147	1.9323e+005
12148	6.0805e+005
12149	4.5385e+005
12150	3.2884e+005
12151	2.4092e+006
12152	5.6647e+005
12153	4.0402e+005
12154	1.0031e+006
12155	1.3012e+006
12156	7.2545e+005
12157	1.5621e+006
12158	1.4724e+006
12159	1.5233e+006
12160	7.7296e+005
12161	1.5299e+006
12162	1.808e+006
12163	2.0925e+006
12164	1.0045e+006
12165	3.4917e+006
12166	2.632e+006
12167	2.0135e+006
12168	2.0904e+006
12169	9.3128e+005
12170	6.2869e+006
12171	2.8254e+006
12172	3.4126e+006
12173	49409
12174	86553
12175	-1.0234e+005
12176	-21389
12177	1.427e+005
12178	-1.634e+005
12179	-38103
12180	-1.4899e+005
12181	-1.4604e+005
12182	18039
12183	-2.9514e+005
12184	-2.3715e+005
12185	-2.8364e+005
12186	7.7145e+005
12187	-2.342e+005
12188	1.3644e+006
12189	-2.2572e+005
12190	-3.2312e+005
12191	-4.0966e+005
12192	-2.3662e+005
12193	7.4347e+005
12194	4.6344e+005
12195	1.5325e+006
12196	-58757
12197	-1.5483e+005
12198	-1.8994e+005
12199	-2.9632e+005
12200	5.4523e+005
12201	1.6143e+006
12202	-1.4287e+007
12203	-1.8709e+007
12204	-1.5918e+007
12205	-1.2304e+007
12206	-1.0841e+007
12207	-1.1111e+007
12208	-1.3033e+007
12209	-8.2439e+006
12210	-5.6188e+006
12211	-7.365e+006
12212	-7.6645e+006
12213	5.9189e+005
12214	-2.3051e+006
12215	-1.2502e+006
12216	2.7613e+006
12217	-8.5358e+005
12218	6.6633e+005
12219	6.2746e+005
12220	4.1914e+005
12221	-2.493e+006
12222	4.3857e+005
12223	-20371
12224	-2.6633e+005
12225	-8.1827e+005
12226	-9.5304e+005
12227	-6.9856e+005
12228	-1.2558e+006
12229	-1.8517e+006
12230	-1.4868e+006
12231	-2.1485e+006
12232	-1.1361e+006
12233	-1.603e+006
12234	-2.7021e+006
12235	-3.5785e+006
12236	-3.0041e+006
12237	-3.644e+006
12238	-4.0698e+006
12239	-4.768e+006
12240	-5.9581e+006
12241	-5.1862e+006
12242	-6.6963e+006
12243	-7.7009e+006
12244	-9.6699e+006
12245	-8.6957e+006
12246	-1.0727e+007
12247	-1.1772e+007
12248	1.968e+005
12249	2.1623e+005
12250	4.5386e+005
12251	62035
12252	-90613
12253	-3.4251e+005
12254	2.1424e+006
12255	7.4607e+005
12256	1.3721e+005
12257	2.0747e+005
12258	83735
12259	-6.0172e+005
12260	1.0442e+006
12261	8.4064e+005
12262	-28918
12263	1.3459e+005
12264	81431
12265	-8.0735e+005
12266	8.915e+005
12267	1.709e+006
12268	3.6599e+005
12269	3.7186e+005
12270	2.266e+006
12271	2.8532e+006
12272	4.4877e+005
12273	-2.3423e+005
12274	5.8044e+006
12275	2.3429e+006
12276	3.7773e+006
12277	1.6238e+005
12278	-4.2528e+005
12279	-3.2722e+005
12280	7.2786e+005
12281	4.4783e+005
12282	1.3208e+006
12283	-1.1325e+007
12284	-1.1169e+007
12285	-1.0306e+007
12286	-1.309e+007
12287	-1.6783e+007
12288	-1.1965e+007
12289	-1.3992e+007
12290	-9.7064e+006
12291	-8.5574e+006
12292	-8.8568e+006
12293	-1.1628e+007
12294	-5.9323e+006
12295	-3.1312e+006
12296	-4.7202e+006
12297	-6.2317e+006
12298	-2.7346e+006
12299	-4.7516e+005
12300	-1.7041e+005
12301	-2.4822e+005
12302	-1.5098e+005
12303	-6.0992e+005
12304	-1.5809e+005
12305	-3.5544e+005
12306	-8.0016e+005
12307	-1.2581e+006
12308	-9.0738e+005
12309	-1.3743e+006
12310	-1.8539e+006
12311	-2.5207e+006
12312	-2.286e+006
12313	-2.5156e+006
12314	-3.1607e+006
12315	-1.9701e+006
12316	-3.3972e+006
12317	-4.3899e+006
12318	-3.9823e+006
12319	-5.9e+006
12320	-4.9966e+006
12321	-4.0372e+006
12322	-4.463e+006
12323	-7.3467e+006
12324	-5.58e+006
12325	-6.6228e+006
12326	-6.195e+006
12327	-9.378e+006
12328	-7.09e+006
12329	-6.1866e+006
12330	-6.9415e+006
12331	-9.3156e+006
12332	-9.2704e+006
12333	-1.1347e+007
12334	-1.2392e+007
12335	-1.093e+007
12336	-1.2956e+007
12337	-37709
12338	-69658
12339	-2.1115e+005
12340	6.304e+005
12341	-82400
12342	-1.3378e+005
12343	-4.2294e+005
12344	-2.7527e+005
12345	1.5523e+005
12346	5.6627e+005
12347	-4.0351e+005
12348	-4.6751e+005
12349	-2.5584e+005
12350	1.7466e+005
12351	1.9915e+005
12352	12206
12353	-6.2016e+005
12354	-1.1775e+006
12355	4.6842e+005
12356	-1.4044e+005
12357	-6.0465e+005
12358	-1.3012e+006
12359	-1.5577e+006
12360	-1.8677e+006
12361	1.4117e+005
12362	-7.2839e+005
12363	-7.1619e+005
12364	-1.6108e+006
12365	-2.1818e+006
12366	-2.3479e+006
12367	-2.5712e+006
12368	1.178e+006
12369	1.7651e+006
12370	88011
12371	-1.8966e+006
12372	-1.561e+006
12373	9.055e+005
12374	-1.3933e+006
12375	-2.1759e+006
12376	1.1838e+006
12377	-9.9671e+005
12378	-1.1185e+005
12379	-2.0928e+005
12380	-16439
12381	-1.8985e+005
12382	-1.9696e+005
12383	55184
12384	-2.6922e+005
12385	-1.2733e+005
12386	-2.1979e+005
12387	-55706
12388	1.3788e+006
12389	-3.3878e+005
12390	-4.1377e+005
12391	-7.2529e+005
12392	-7.7798e+005
12393	3.6128e+005
12394	1.2343e+006
12395	-4.5489e+005
12396	-6.0493e+005
12397	5.3433e+005
12398	-8.8275e+006
12399	-9.1138e+006
12400	-9.0686e+006
12401	-9.127e+006
12402	-1.1898e+007
12403	-9.7291e+006
12404	-1.0773e+007
12405	-8.3947e+006
12406	-6.4664e+006
12407	-7.9196e+006
12408	-6.9707e+006
12409	-7.9779e+006
12410	-7.2457e+006
12411	-3.6653e+006
12412	-2.8589e+006
12413	-1.6797e+006
12414	-7.6177e+006
12415	-8.2963e+006
12416	-1.0373e+007
12417	-7.9363e+006
12418	-9.9555e+006
12419	-1.7382e+005
12420	-6.2723e+005
12421	-5.1367e+005
12422	-3.5434e+005
12423	2.1457e+005
12424	-1.0219e+005
12425	1.3323e+006
12426	-4.4479e+006
12427	-5.7585e+006
12428	-6.7658e+006
12429	-3.2686e+006
12430	-6.0335e+006
12431	-4.9541e+005
12432	-2.2476e+005
12433	-5.6461e+005
12434	-3.9817e+005
12435	-4.0528e+005
12436	-1.0311e+006
12437	-6.4243e+005
12438	-1.01e+006
12439	-1.1847e+006
12440	-9.3493e+005
12441	-4.831e+005
12442	-6.8045e+005
12443	-1.1473e+006
12444	-1.9212e+006
12445	-1.4679e+006
12446	-1.8198e+006
12447	-1.6426e+006
12448	-1.6052e+006
12449	-2.588e+006
12450	-3.4078e+006
12451	-2.9956e+006
12452	-3.3767e+006
12453	-4.4221e+006
12454	-3.4153e+006
12455	-3.4627e+006
12456	-2.2721e+006
12457	-4.4005e+006
12458	-5.4232e+006
12459	-4.8376e+006
12460	-6.3182e+006
12461	-5.4148e+006
12462	-7.5724e+006
12463	-6.4661e+006
12464	-6.9746e+006
12465	-7.2125e+006
12466	-8.0805e+005
12467	-8.9409e+005
12468	-1.106e+006
12469	-5.9638e+005
12470	2.4516e+005
12471	-1.414e+005
12472	-1.4293e+006
12473	-1.17e+006
12474	-1.5964e+006
12475	-2.054e+005
12476	-3.9233e+005
12477	-2.1537e+006
12478	-2.5532e+006
12479	-2.5565e+006
12480	-1.9614e+006
12481	-7.6269e+005
12482	-9.4963e+005
12483	-1.4138e+006
12484	-2.8097e+006
12485	-3.2367e+006
12486	-3.3268e+006
12487	-8.0077e+005
12488	-2.4498e+006
12489	-3.1818e+006
12490	-1.6703e+006
12491	-4.9522e+006
12492	-4.031e+006
12493	-2.8178e+005
12494	-3.3563e+006
12495	-2.4623e+006
12496	-5.2272e+006
12497	-3.7177e+005
12498	-2.1244e+005
12499	39704
12500	-9.9144e+005
12501	-8.2519e+005
12502	-1.0194e+006
12503	-1.201e+006
12504	1.4781e+005
12505	-96954
12506	1.0208e+006
12507	-1.2561e+006
12508	-1.0721e+006
12509	95124
12510	-2.9144e+005
12511	-1.4964e+005
12512	-8.2058e+006
12513	-7.6532e+006
12514	-8.8663e+006
12515	-7.8911e+006
12516	-9.9102e+006
12517	-7.2118e+006
12518	-7.608e+006
12519	-7.5094e+006
12520	-8.8211e+006
12521	-7.4867e+006
12522	-2.7609e+006
12523	-2.2519e+006
12524	-2.0748e+006
12525	-2.0374e+006
12526	-4.4299e+006
12527	-3.9618e+006
12528	-5.0071e+006
12529	-5.4527e+006
12530	-6.5468e+006
12531	-6.0582e+006
12532	-6.0299e+006
12533	-6.7847e+006
12534	-5.3417e+006
12535	-6.5605e+006
12536	-4.667e+006
12537	-6.5378e+006
12538	-1.0792e+006
12539	-1.0875e+006
12540	-1.2539e+006
12541	-5.523e+005
12542	16608
12543	-1.7987e+006
12544	-1.455e+006
12545	-1.6215e+006
12546	-2.6595e+006
12547	-3.5496e+006
12548	-3.2066e+006
12549	-2.4823e+006
12550	-3.5881e+006
12551	-3.6355e+006
12552	-2.4449e+006
12553	-4.3989e+006
12554	-5.4726e+006
12555	-4.9914e+006
12556	-5.4442e+006
12557	-6.9568e+006
12558	-6.5667e+006
12559	-8.2685e+006
12560	-7.2933e+006
12561	-1.8943e+006
12562	-1.284e+006
12563	-2.0394e+006
12564	-5.0336e+005
12565	-3.6157e+005
12566	-2.7235e+006
12567	-2.7827e+006
12568	-2.4657e+006
12569	-2.1284e+006
12570	-9.2971e+005
12571	-1.9606e+006
12572	-3.123e+006
12573	-3.6369e+006
12574	-3.6448e+006
12575	-2.5279e+006
12576	-2.7599e+006
12577	-3.4918e+006
12578	-1.9804e+006
12579	-4.1971e+006
12580	-4.0639e+006
12581	-4.6353e+006
12582	-3.1869e+006
12583	-3.9189e+006
12584	-5.6393e+006
12585	-4.8586e+006
12586	-4.8838e+006
12587	-3.7457e+006
12588	-3.4102e+006
12589	-1.2817e+006
12590	-1.8554e+006
12591	-1.7761e+005
12592	-6.4681e+006
12593	-6.0775e+006
12594	-6.1027e+006
12595	-4.9646e+006
12596	-8.1699e+006
12597	-7.1947e+006
12598	-6.8355e+006
12599	-1.8069e+006
12600	-2.6977e+006
12601	-2.3807e+006
12602	-1.9734e+006
12603	-3.0792e+006
12604	-1.8756e+006
12605	-3.5878e+006
12606	-4.5232e+006
12607	-4.0894e+006
12608	-4.9761e+006
12609	-3.9693e+006
12610	-5.5969e+006
12611	-5.6875e+006
12612	-5.7126e+006
12613	-6.0498e+006
12614	-6.8046e+006
12615	-3.1855e+006
12616	-3.648e+006
12617	-2.5312e+006
12618	-2.3634e+006
12619	-4.1619e+006
12620	-4.7254e+006
12621	-4.4843e+006
12622	-4.009e+006
12623	-2.037e+006
12624	-1.6297e+006
12625	-3.5922e+005
12626	-3.7073e+006
12627	-2.9278e+006
12628	-3.7464e+006
12629	-3.6263e+006
12630	-2.4227e+006
12631	-5.2063e+006
12632	-4.6819e+006
12633	-4.9652e+006
12634	-5.2314e+006
12635	-5.5686e+006
12636	-4.5618e+006
12637	-4.2089e+006
12638	-4.4922e+006
12639	-3.0529e+006
12640	-4.0888e+006
12641	-2.8852e+006
12642	-4.0169e+006
12643	-5.0557e+006
12644	-5.322e+006
12645	-3.8484e+006
12646	-4.5804e+006
12647	-2.2035e+006
12648	-1.0748e+006
12649	-9.3298e+005
12650	-2.1057e+006
12651	-4.5313e+006
12652	-4.1279e+006
12653	-3.3754e+006
12654	-5.0809e+006
12655	-4.4112e+006
12656	-4.3393e+006
12657	-1.5034e+006
12658	-1.9118e+006
12659	-1.3811e+006
12660	-5.1307e+005
12661	-1.0685e+006
12662	3.9643e+005
12663	-7.7395e+005
12664	-1.2567e+006
12665	-1.0547e+006
12666	-6.9959e+005
12667	-7.26e+005
12668	-4.1332e+005
12669	-1.2584e+006
12670	-9.8037e+005
12671	-7.0945e+005
12672	-6.2525e+005
12673	-1.5117e+006
12674	-3.3898e+005
12675	-1.4631e+006
12676	-2.6631e+005
12677	-8.217e+005
12678	-1.5391e+006
12679	7.6901e+005
12680	-1.184e+006
12681	-3.462e+005
12682	-8.9775e+005
12683	-6.1974e+005
12684	-2.4493e+006
12685	-2.6897e+005
12686	-9.1228e+005
12687	5.4656e+005
12688	7.7811e+005
12689	-4.6076e+005
12690	2.7867e+005
12691	3.0356e+006
12692	5.2865e+006
12693	4.8694e+006
12694	4.0826e+006
12695	9.9432e+006
12696	9.276e+006
12697	1.277e+007
12698	1.1696e+007
12699	1.3933e+007
12700	1.7956e+007
12701	1.2278e+007
12702	1.5705e+007
12703	1.6378e+007
12704	1.6347e+007
12705	1.5214e+007
12706	2.0892e+007
12707	2.0828e+007
12708	1.6071e+007
12709	1.4268e+007
12710	1.4931e+007
12711	1.4956e+007
12712	1.326e+007
12713	2.0521e+007
12714	1.0917e+007
12715	6.8762e+006
12716	7.9731e+006
12717	1.1605e+007
12718	4.7407e+006
12719	4.7051e+006
12720	8.7447e+006
12721	2.6896e+006
12722	-8.2014e+005
12723	-1.1156e+005
12724	5.5414e+005
12725	-1.4891e+006
12726	-2.6436e+006
12727	-3.8917e+006
12728	-5.613e+006
12729	-5.7723e+006
12730	-4.8907e+006
12731	-4.5606e+006
12732	-5.3934e+006
12733	-1.1685e+006
12734	-4.4605e+006
12735	-4.671e+006
12736	-6.8229e+006
12737	5.3155e+006
12738	2.7754e+006
12739	3.3217e+006
12740	1.6086e+006
12741	3.1549e+006
12742	-2.3326e+006
12743	3.609e+006
12744	-6.8821e+006
12745	-3.5358e+006
12746	-2.4985e+006
12747	1.1588e+007
12748	2.2775e+006
12749	-3.8697e+006
12750	-3.5971e+006
12751	-2.0665e+006
12752	-2.6442e+006
12753	-3.23e+006
12754	2.1318e+006
12755	1.5317e+007
12756	-1.1968e+006
12757	-4.0155e+006
12758	-4.5937e+005
12759	1.3642e+006
12760	1.8747e+007
12761	2.2339e+006
12762	2.4194e+006
12763	4.0728e+006
12764	6.4336e+006
12765	2.1043e+007
12766	7.1537e+006
12767	5.635e+006
12768	6.7765e+006
12769	8.7167e+006
12770	1.0505e+007
12771	4.0919e+006
12772	5.2565e+005
12773	4.9392e+006
12774	1.8878e+006
12775	6.7526e+006
12776	2.1207e+006
12777	-5.8028e+006
12778	-1.0156e+007
12779	-5.1476e+006
12780	-4.4406e+006
12781	-1.0431e+007
12782	-1.5982e+007
12783	-1.9204e+007
12784	-1.5196e+007
12785	-1.9081e+007
12786	-2.5578e+007
12787	-2.1739e+007
12788	-1.9103e+007
12789	-2.0119e+007
12790	-2.648e+007
12791	-1.0662e+007
12792	2.0609e+006
12793	-7.5724e+006
12794	-3.6911e+007
12795	1.684e+006
12796	6.7751e+006
12797	-3.2794e+006
12798	-1.2969e+007
12799	-4.116e+006
12800	-4.4502e+007
12801	5.7968e+006
12802	1.0425e+006
12803	-1.8728e+006
12804	-1.2435e+005
12805	-1.1562e+007
12806	-2.7094e+006
12807	1.8761e+006
12808	-1.8722e+006
12809	-3.9518e+006
12810	-1.4207e+006
12811	-6.8129e+005
12812	1.5345e+006
12813	1.914e+006
12814	2.3681e+006
12815	3.7487e+006
12816	-8.8559e+006
12817	4.5824e+006
12818	7.4612e+006
12819	1.7669e+006
12820	2.7852e+006
12821	1.9984e+006
12822	1.499e+006
12823	1.0713e+006
12824	3.2619e+006
12825	2.7044e+006
12826	3.215e+006
12827	1.7871e+007
12828	1.8454e+007
12829	1.941e+006
12830	3.982e+006
12831	7.4978e+006
12832	4.9152e+006
12833	5.6361e+006
12834	6.4236e+006
12835	7.4247e+006
12836	1.9524e+007
12837	5.6353e+006
12838	9.3117e+006
12839	6.7776e+006
12840	5.6846e+006
12841	9.2812e+006
12842	6.5009e+006
12843	8.5662e+006
12844	8.1474e+006
12845	7.4981e+006
12846	3.9426e+006
12847	2.1184e+006
12848	-1.64e+006
12849	4.6048e+006
12850	-9.3305e+005
12851	1.0569e+006
12852	-7.0014e+005
12853	-4.4508e+006
12854	-5.9928e+006
12855	-1.0215e+007
12856	-3.3539e+006
12857	-6.6218e+006
12858	-1.1276e+007
12859	-1.4101e+007
12860	-2.0598e+007
12861	-1.1183e+007
12862	-1.3437e+007
12863	-1.5826e+007
12864	-1.0475e+007
12865	-2.2187e+007
12866	-1.569e+007
12867	-1.7323e+007
12868	-2.382e+007
12869	-1.0268e+007
12870	-1.319e+007
12871	-9.0839e+006
12872	-1.0428e+007
12873	-1.9551e+007
12874	-3.8422e+007
12875	-1.3785e+007
12876	3.6394e+006
12877	3.2183e+006
12878	3.3878e+006
12879	-2.5699e+007
12880	2.3816e+006
12881	-3.8005e+007
12882	1.1236e+006
12883	7.0205e+005
12884	-2.4148e+006
12885	1.1626e+005
12886	-6.6922e+005
12887	-2.1725e+006
12888	-1.72e+005
12889	2.7068e+006
12890	2.7386e+006
12891	3.6008e+006
12892	2.1609e+006
12893	2.814e+006
12894	1.5751e+006
12895	6.3646e+006
12896	5.0361e+006
12897	7.873e+006
12898	5.8071e+006
12899	4.2493e+006
12900	6.3177e+006
12901	1.011e+007
12902	1.058e+007
12903	1.1367e+007
12904	1.3083e+007
12905	1.1949e+007
12906	1.7628e+007
12907	1.0579e+007
12908	1.1949e+007
12909	1.0159e+007
12910	1.3755e+007
12911	1.2645e+007
12912	1.0975e+007
12913	1.2622e+007
12914	1.8236e+007
12915	4.5979e+006
12916	1.0843e+007
12917	7.2368e+006
12918	1.0869e+007
12919	9.1725e+006
12920	3.9689e+006
12921	7.2947e+006
12922	-3.6646e+006
12923	3.1963e+006
12924	-7.0183e+005
12925	-36135
12926	-71679
12927	-9.5632e+006
12928	-4.2116e+006
12929	-6.8008e+006
12930	-3.5459e+006
12931	-9.4268e+006
12932	-5.5891e+006
12933	-7.1784e+006
12934	-8.5221e+006
12935	-7.4299e+006
12936	-7.6404e+006
12937	-1.188e+007
12938	-3.3746e+006
12939	-3.2051e+006
12940	-1.6262e+006
12941	-4.2113e+006
12942	-5.5674e+006
12943	3.7428e+005
12944	3.757e+006
12945	2.3171e+006
12946	4.5279e+006
12947	1.7313e+006
12948	3.7645e+006
12949	8.7845e+006
12950	6.7185e+006
12951	7.2291e+006
12952	7.9962e+006
12953	1.1221e+007
12954	1.0506e+007
12955	1.0088e+007
12956	8.717e+006
12957	9.0184e+006
12958	7.3482e+006
12959	5.4705e+006
12960	8.3454e+006
12961	3.7134e+006
12962	1.6542e+006
12963	-2.7782e+005
12964	-1.6137e+006
12965	-6.2681e+006
12966	1.7121e+006
12967	-44914
12968	-6.4658e+006
12969	-5.8357e+006
12970	-1.3314e+007
12971	-1.1444e+007
12972	-2.0567e+007
12973	-1.4801e+007
12974	-1.407e+007
12975	-6.2455e+006
12976	-3.5332e+007
12977	-7.2517e+006
12978	-1.0695e+007
12979	-6.6667e+006
12980	-5.0877e+006
12981	-7.6728e+006
12982	5.3901e+006
12983	3.8323e+006
12984	5.9006e+006
12985	2.5935e+006
12986	4.6267e+006
12987	8.7375e+006
12988	1.253e+007
12989	9.5046e+006
12990	1.0875e+007
12991	1.2591e+007
12992	9.8347e+006
12993	7.957e+006
12994	1.0252e+006
12995	-2.8373e+006
12996	-2.8729e+006
12997	-8.7183e+006
12998	-1.0352e+007
12999	-7.7997e+006
13000	-1.2039e+007
13001	-1.1307e+007
13002	-7.4697e+006
13003	-6.7076e+006
13004	-7.5033e+006
13005	-1.0947e+007
13006	-8.8594e+006
13007	1.1536e+006
13008	3.6808e+005
13009	6.6716e+006
13010	5.3976e+006
13011	-5.9244e+006
13012	-1.3388e+006
13013	-1.3128e+007
13014	-5.5239e+006
13015	-7.1483e+006
13016	-5.4381e+006
13017	-2.9067e+007
13018	-1.3696e+007
13019	-2.6496e+007
13020	-1.9134e+007
13021	-1.5321e+007
13022	-2.2074e+007
13023	-3.9908e+007
13024	-4.552e+007
13025	-4.371e+007
13026	-3.977e+007
13027	-4.368e+007
13028	-4.5986e+007
13029	-4.2358e+007
13030	-4.7987e+007
13031	-4.1934e+007
13032	-3.3521e+007
13033	-2.3475e+007
13034	-3.1955e+007
13035	-2.3446e+007
13036	-2.8955e+007
13037	-1.3942e+007
13038	-5.991e+006
13039	-1.2709e+007
13040	-8.9601e+006
13041	-4.46e+006
13042	-8.7467e+006
13043	-9.3641e+005
13044	-2.834e+006
13045	-8.3715e+005
13046	-2.709e+006
13047	-2.1558e+006
13048	-1.2155e+006
13049	4.4218e+005
13050	-3.9033e+006
13051	1.2203e+006
13052	1.6583e+007
13053	1.9115e+006
13054	1.1216e+006
13055	1.3423e+007
13056	-5.9362e+006
13057	-7.8081e+006
13058	-1.3402e+007
13059	-8.4166e+006
13060	-5.245e+006
13061	-1.3115e+007
13062	-2.9076e+006
13063	-3.6629e+007
13064	-2.0883e+007
13065	-3.0648e+007
13066	-2.3876e+007
13067	-3.1233e+007
13068	-2.4158e+007
13069	-2.0597e+007
13070	-4.1255e+007
13071	-4.7539e+007
13072	-4.658e+007
13073	-4.184e+007
13074	-5.7803e+007
13075	-4.0575e+007
13076	-4.5731e+007
13077	-5.3323e+007
13078	-4.1383e+007
13079	-4.7828e+007
13080	-5.0549e+007
13081	-5.1399e+007
13082	-5.1149e+007
13083	-7.1371e+007
13084	-5.6375e+007
13085	-7.8546e+007
13086	-4.4118e+007
13087	-3.0299e+007
13088	-4.1361e+007
13089	-4.4719e+007
13090	-7.821e+007
13091	-7.2116e+007
13092	-3.9711e+007
13093	2.8687e+006
13094	-8.2408e+006
13095	-3.9027e+006
13096	-2.8827e+007
13097	4.7771e+006
13098	-5.5017e+007
13099	-1.5795e+006
13100	-9.1183e+005
13101	-2.7527e+006
13102	-1.2902e+006
13103	3.675e+005
13104	-4.7589e+006
13105	-1.0197e+007
13106	-1.7052e+006
13107	-1.5172e+006
13108	1.4968e+006
13109	-7.8738e+006
13110	-3.4328e+006
13111	-3.4263e+007
13112	-4.0636e+007
13113	-3.6695e+007
13114	-2.9841e+007
13115	-3.7589e+007
13116	-4.6247e+007
13117	-5.0058e+007
13118	-5.0798e+007
13119	-4.7097e+007
13120	-4.2307e+007
13121	-4.4005e+007
13122	-4.6217e+007
13123	-4.6429e+007
13124	-3.9234e+007
13125	-4.6176e+007
13126	-3.7357e+007
13127	-4.0376e+007
13128	-4.2513e+007
13129	-3.6233e+007
13130	-2.9188e+007
13131	-1.9476e+007
13132	-2.6558e+007
13133	-2.1501e+007
13134	-2.0679e+007
13135	-1.5726e+007
13136	-1.1524e+007
13137	-4.6812e+006
13138	-8.4006e+006
13139	-4.128e+006
13140	-3.2752e+006
13141	-7.5618e+006
13142	-2.6844e+006
13143	-1.2139e+005
13144	-9.1127e+005
13145	-1.1909e+006
13146	-1.153e+007
13147	-7.7167e+006
13148	-3.0386e+006
13149	-6.0065e+006
13150	-4.7661e+006
13151	-3.8065e+007
13152	-2.8668e+007
13153	-2.433e+007
13154	-3.9731e+007
13155	-2.0517e+007
13156	-2.727e+007
13157	-2.7519e+007
13158	-3.5019e+007
13159	-4.8988e+007
13160	-4.6103e+007
13161	-4.0497e+007
13162	-4.1391e+007
13163	-5.2799e+007
13164	-5.1805e+007
13165	-5.3521e+007
13166	-4.9098e+007
13167	-4.6005e+007
13168	-4.461e+007
13169	-3.5038e+007
13170	-4.1796e+007
13171	-2.9158e+007
13172	-3.5791e+007
13173	-3.4667e+007
13174	-2.5326e+007
13175	-1.5119e+007
13176	-1.9986e+007
13177	-2.0268e+007
13178	-1.4494e+007
13179	-1.428e+007
13180	-1.015e+007
13181	-8.2757e+006
13182	-5.1648e+006
13183	-4.0031e+006
13184	-1.9933e+006
13185	-3.0628e+006
13186	-7.4369e+006
13187	-1.3869e+007
13188	-1.8736e+007
13189	-1.0759e+007
13190	-1.5457e+007
13191	-1.3031e+007
13192	-3.3841e+007
13193	-2.8501e+007
13194	-4.0599e+007
13195	-3.5859e+007
13196	-2.8783e+007
13197	-3.4594e+007
13198	-4.9698e+007
13199	-4.6883e+007
13200	-5.1413e+007
13201	-5.8106e+007
13202	-4.699e+007
13203	-7.1386e+007
13204	-5.639e+007
13205	-4.6034e+007
13206	-5.3412e+007
13207	-5.4134e+007
13208	-5.0526e+007
13209	-5.3885e+007
13210	-2.1306e+007
13211	-3.6707e+007
13212	-4.6231e+007
13213	-2.4495e+007
13214	-3.1994e+007
13215	-3.5057e+007
13216	-1.8983e+007
13217	-1.3155e+007
13218	-2.0157e+007
13219	-1.4645e+007
13220	-1.0204e+007
13221	-5.4262e+007
13222	-5.0654e+007
13223	-5.4012e+007
13224	-4.9838e+007
13225	-4.5048e+007
13226	-4.5942e+007
13227	-4.8739e+007
13228	-5.3268e+007
13229	-4.8845e+007
13230	-4.2733e+007
13231	-4.5753e+007
13232	-4.789e+007
13233	-2.7069e+007
13234	-3.9166e+007
13235	-2.7351e+007
13236	-2.6529e+007
13237	-3.3161e+007
13238	-1.6862e+007
13239	-1.1156e+007
13240	-2.2011e+007
13241	-1.845e+007
13242	-1.6023e+007
13243	-3.9919e+007
13244	-4.5075e+007
13245	-5.4735e+007
13246	-5.0561e+007
13247	-5.9961e+007
13248	-5.1127e+007
13249	-4.3057e+007
13250	-4.6119e+007
13251	1.6958e+006
13252	-1.6776e+006
13253	-3.4147e+005
13254	-1.2372e+006
13255	-2.5727e+005
13256	-3.3654e+005
13257	-1.1438e+006
13258	84820
13259	6.0827e+005
13260	4.0157e+006
13261	1.3179e+006
13262	1.4021e+006
13263	2.24e+006
13264	2.2677e+006
13265	89723
13266	-4.5761e+006
13267	-4.6635e+005
13268	-4.2062e+006
13269	-1.9803e+006
13270	-2.5405e+006
13271	4.0044e+006
13272	2.2181e+006
13273	-1.5217e+006
13274	1.3383e+006
13275	-5.1997e+005
13276	1.4396e+005
13277	-1.4151e+006
13278	-2.632e+006
13279	-1.7851e+006
13280	-6.5931e+006
13281	-5.1006e+006
13282	-1.8464e+006
13283	-7.6053e+006
13284	-8.2916e+005
13285	-1.9693e+006
13286	-1.7161e+006
13287	-3.7456e+006
13288	-2.9511e+006
13289	-2.3821e+006
13290	-2.0505e+006
13291	-2.4289e+006
13292	-3.8928e+006
13293	-2.8577e+006
13294	-3.4412e+006
13295	-2.755e+007
13296	-1.639e+007
13297	-1.6378e+007
13298	-2.2095e+007
13299	-2.1631e+007
13300	-2.0778e+007
13301	-1.7423e+007
13302	-1.7987e+007
13303	-6.1827e+006
13304	-7.2835e+006
13305	-6.9884e+006
13306	-3.7751e+006
13307	-8.259e+006
13308	-2.4065e+006
13309	-2.8642e+006
13310	-4.9442e+006
13311	-1.209e+006
13312	-1.69e+006
13313	-4.5596e+006
13314	-6.2355e+006
13315	-9.7963e+006
13316	-7.1338e+006
13317	-4.9887e+006
13318	-1.0341e+007
13319	-6.9843e+006
13320	-7.4966e+006
13321	-6.0596e+006
13322	-5.774e+006
13323	-6.2043e+006
13324	-5.5241e+006
13325	-4.0592e+006
13326	-6.0548e+006
13327	-3.3013e+006
13328	-3.0468e+006
13329	-1.0376e+007
13330	-9.387e+006
13331	-1.2107e+007
13332	-5.758e+006
13333	-1.0733e+007
13334	-5.8227e+006
13335	-5.9374e+006
13336	-1.8445e+007
13337	-1.4496e+007
13338	-1.9011e+007
13339	-1.1217e+007
13340	-1.4139e+007
13341	-1.1602e+007
13342	-1.5719e+007
13343	-1.037e+007
13344	-8.3009e+006
13345	-8.0483e+006
13346	-1.0619e+007
13347	-5.8959e+006
13348	-6.399e+006
13349	-6.0856e+006
13350	-8.5182e+006
13351	-7.3293e+006
13352	-3.9647e+007
13353	-2.8888e+007
13354	-2.9293e+007
13355	-3.6003e+007
13356	-2.7977e+007
13357	-2.8851e+007
13358	-1.893e+007
13359	-1.1742e+007
13360	-1.279e+007
13361	-1.2282e+007
13362	-1.6399e+007
13363	-1.4313e+007
13364	-6.7236e+006
13365	-5.834e+006
13366	-5.5919e+006
13367	-6.7643e+006
13368	-5.5761e+006
13369	-1.1235e+007
13370	-1.5742e+007
13371	-7.9472e+006
13372	-1.087e+007
13373	-7.1683e+006
13374	-1.3714e+007
13375	-6.7534e+006
13376	-8.2472e+006
13377	-9.8014e+006
13378	-5.0783e+006
13379	-8.6459e+006
13380	-4.8355e+006
13381	-7.7006e+006
13382	-4.9847e+006
13383	-4.2637e+006
13384	-6.3997e+006
13385	-6.6722e+006
13386	-5.9921e+006
13387	-3.3103e+006
13388	-3.7693e+006
13389	-5.5045e+006
13390	-2.8242e+006
13391	2.6437e+006
13392	-5.7046e+006
13393	-5.2644e+006
13394	-3.4514e+006
13395	-1.8806e+006
13396	-1.7653e+006
13397	-1.7679e+006
13398	-2.2138e+007
13399	-1.7801e+007
13400	-1.5818e+007
13401	-1.9883e+007
13402	-1.9731e+007
13403	-1.6085e+007
13404	-1.6309e+007
13405	-8.2074e+006
13406	-1.3144e+007
13407	-1.0593e+007
13408	-9.2665e+006
13409	-1.123e+007
13410	-1.2106e+007
13411	-2.8005e+007
13412	-2.5524e+007
13413	-1.9563e+007
13414	-2.1539e+007
13415	-2.2698e+007
13416	-2.2191e+007
13417	-2.9104e+007
13418	-2.8985e+007
13419	-2.0354e+007
13420	-2.2841e+007
13421	-2.2172e+007
13422	-2.1067e+007
13423	-2.329e+007
13424	-2.2116e+007
13425	-4.8256e+007
13426	-5.5416e+007
13427	-4.9222e+007
13428	-5.0445e+007
13429	-4.4612e+007
13430	-4.7846e+007
13431	-4.4611e+007
13432	-2.6666e+007
13433	-2.7942e+007
13434	-1.8852e+007
13435	-2.0995e+007
13436	-1.9612e+007
13437	-1.8816e+007
13438	-2.1073e+007
13439	-2.2621e+007
13440	-2.529e+007
13441	-1.5864e+007
13442	-1.5674e+007
13443	-1.6412e+007
13444	-1.8236e+007
13445	-1.7124e+007
13446	-1.8666e+007
13447	-2.0461e+007
13448	-1.9082e+007
13449	-1.1714e+007
13450	-1.1611e+007
13451	-1.425e+007
13452	-1.4964e+007
13453	-1.3395e+007
13454	-6.8988e+007
13455	-6.2486e+007
13456	-5.1788e+007
13457	-6.229e+007
13458	-6.4077e+007
13459	-5.7514e+007
13460	-5.3197e+007
13461	-5.6277e+007
13462	-5.4915e+007
13463	-1.8478e+007
13464	-1.8272e+007
13465	-1.0048e+007
13466	-1.2338e+007
13467	-1.2939e+007
13468	-7.4208e+007
13469	-7.7864e+007
13470	-5.9853e+007
13471	-6.1497e+007
13472	-7.0782e+007
13473	-6.6218e+007
13474	-7.2401e+007
13475	-7.9217e+007
13476	-7.8565e+007
13477	-6.3205e+007
13478	-7.1968e+007
13479	-6.2947e+007
13480	-6.7571e+007
13481	-7.0812e+007
13482	-7.1003e+007
13483	-7.5746e+007
13484	-6.7833e+007
13485	-7.0892e+007
13486	-6.9148e+007
13487	-6.5258e+007
13488	-6.3166e+007
13489	-6.4686e+007
13490	-5.6871e+007
13491	-5.7258e+007
13492	-5.1415e+007
13493	-5.8941e+007
13494	-5.3801e+007
13495	-5.535e+007
13496	-4.2236e+007
13497	-4.9519e+007
13498	-4.0037e+007
13499	-4.0553e+007
13500	-3.8149e+007
13501	-4.4064e+007
13502	-4.2927e+007
13503	-5.0744e+006
13504	-3.9474e+006
13505	-2.0456e+006
13506	-2.9704e+006
13507	-2.8556e+006
13508	-3.5557e+006
13509	-3.1338e+006
13510	-2.7509e+006
13511	-3.2017e+006
13512	-1.4438e+006
13513	-2.6905e+006
13514	-4.1227e+005
13515	-1.5062e+006
13516	-1.2354e+006
13517	-1.8769e+006
13518	-1.4941e+006
13519	-1.2597e+006
13520	-2.8231e+007
13521	-3.5245e+007
13522	-2.9191e+007
13523	-2.9411e+007
13524	-2.802e+007
13525	-3.1158e+007
13526	-2.5758e+007
13527	-3.9447e+005
13528	5.0743e+005
13529	-1.3052e+005
13530	1.806e+005
13531	5.6891e+005
13532	4.1201e+005
13533	1.5564e+006
13534	1.1008e+006
13535	1.5909e+006
13536	5.8935e+005
13537	7.74e+005
13538	1.3673e+006
13539	1.1623e+006
13540	1.9985e+006
13541	1.8355e+006
13542	1.8979e+006
13543	1.1426e+006
13544	1.6463e+006
13545	1.6871e+006
13546	1.2623e+006
13547	-2.1228e+007
13548	-1.6637e+007
13549	-1.8818e+007
13550	-1.5761e+007
13551	-1.7224e+007
13552	-1.4906e+007
13553	-1.8755e+007
13554	-1.7207e+007
13555	-1.1034e+007
13556	-1.4007e+007
13557	-1.4706e+007
13558	-7.6111e+006
13559	-1.2275e+007
13560	-8.6267e+006
13561	-1.2458e+007
13562	-1.0334e+007
13563	-1.4577e+007
13564	-8.8092e+006
13565	2.0879e+006
13566	2.0362e+006
13567	1.3735e+006
13568	1.8841e+006
13569	1.7587e+006
13570	6.8693e+005
13571	8.8555e+005
13572	1.0693e+006
13573	1.7248e+006
13574	1.3766e+006
13575	2.3699e+006
13576	2.1764e+006
13577	1.6398e+006
13578	1.466e+006
13579	1.4083e+006
13580	9.3613e+005
13581	1.1172e+006
13582	4.3286e+006
13583	3.8361e+006
13584	1.4458e+006
13585	1.8621e+006
13586	9.5306e+005
13587	1.0755e+006
13588	2.3668e+006
13589	2.5137e+006
13590	2.4586e+006
13591	2.3312e+006
13592	2.7949e+006
13593	3.3569e+006
13594	1.7199e+006
13595	3.3764e+005
13596	1.552e+006
13597	2.0345e+006
13598	1.5318e+006
13599	2.0164e+006
13600	1.7934e+006
13601	2.9005e+006
13602	2.8063e+006
13603	2.9282e+006
13604	2.6788e+006
13605	-2.0458e+007
13606	-2.2743e+007
13607	-2.3395e+007
13608	1.6058e+006
13609	1.1336e+006
13610	1.3042e+006
13611	1.7888e+006
13612	-4.1927e+006
13613	-4.5796e+006
13614	-4.5638e+006
13615	-3.8387e+006
13616	-8.1415e+006
13617	-6.7604e+006
13618	-6.3285e+006
13619	-9.6002e+006
13620	1.8512e+006
13621	1.1618e+006
13622	1.47e+006
13623	1.1212e+006
13624	-2.3958e+007
13625	-2.0166e+007
13626	-2.1697e+007
13627	-1.0264e+006
13628	-7.5553e+005
13629	-7.0004e+005
13630	-1.5751e+005
13631	-5.6453e+007
13632	-6.2648e+007
13633	-6.0557e+007
13634	-5.9057e+007
13635	-6.696e+007
13636	-5.608e+007
13637	-5.9159e+007
13638	-6.8445e+007
13639	-1.4324e+007
13640	-1.3807e+007
13641	-1.4872e+007
13642	-1.4871e+007
13643	-1.5584e+007
13644	-1.4015e+007
13645	-1.8286e+007
13646	-2.1993e+007
13647	-2.223e+007
13648	-1.8418e+007
13649	-2.1421e+007
13650	-1.575e+007
13651	-7.1763e+006
13652	-6.6242e+006
13653	-1.1599e+007
13654	-1.3722e+007
13655	-6.1797e+006
13656	-2.4444e+006
13657	-5.7951e+006
13658	-2.783e+006
13659	-4.2469e+006
13660	-3.7953e+006
13661	-5.4401e+006
13662	-1.2416e+007
13663	-1.2972e+007
13664	-1.0128e+007
13665	-1.7668e+007
13666	-1.3461e+007
13667	-1.0818e+007
13668	-1.1984e+007
13669	-5.893e+006
13670	-9.6625e+006
13671	-5.8521e+006
13672	-5.6995e+006
13673	-1.9544e+006
13674	2.5685e+006
13675	7.1018e+005
13676	8.2289e+005
13677	-1.0144e+007
13678	-6.6353e+006
13679	-1.0467e+007
13680	-1.1119e+007
13681	-3.3786e+007
13682	-4.0902e+007
13683	-4.09e+007
13684	-1.1547e+007
13685	-1.2594e+007
13686	-1.3195e+007
13687	-1.3256e+007
13688	-1.5558e+007
13689	-6.1875e+006
13690	-3.4681e+006
13691	-3.9617e+006
13692	-5.6623e+006
13693	8.082e+005
13694	6.7202e+005
13695	1.8864e+006
13696	2.222e+006
13697	2.3689e+006
13698	1.7657e+006
13699	1.4175e+006
13700	1.3409e+006
13701	-6.7537e+007
13702	-7.0777e+007
13703	-7.3719e+007
13704	7.8393e+005
13705	1.0582e+006
13706	1.5618e+006
13707	5.1298e+005
13708	9.0129e+005
13709	-3.2143e+007
13710	-3.6514e+007
13711	-3.2363e+007
13712	-3.411e+007
13713	-2.6437e+006
13714	-2.2609e+006
13715	-4.7307e+007
13716	-4.9693e+007
13717	-4.6171e+007
13718	-6.2355e+007
13719	-7.1282e+007
13720	-6.2261e+007
13721	-6.53e+007
13722	-1.1276e+007
13723	-1.0098e+007
13724	-1.0955e+007
13725	-1.1469e+007
13726	-1.3492e+007
13727	-1.2989e+007
13728	-5.3895e+007
13729	-5.1295e+007
13730	-1.787e+007
13731	-1.9366e+007
13732	-1.9796e+007
13733	-1.8569e+007
13734	-2.2158e+007
13735	-2.2024e+007
13736	-2.2102e+007
13737	-1.7504e+007
13738	-1.3859e+007
13739	-1.366e+007
13740	-1.615e+006
13741	-6.3509e+005
13742	-1.5216e+006
13743	-2.4173e+006
13744	-3.0008e+006
13745	7.8224e+005
13746	-4.1211e+005
13747	-1.095e+007
13748	-1.2257e+007
13749	-1.222e+007
13750	-6.3676e+006
13751	-8.7065e+006
13752	-5.0055e+006
13753	-7.8751e+006
13754	-1.0764e+007
13755	-6.4224e+006
13756	-6.9531e+006
13757	-1.1217e+007
13758	-1.0271e+007
13759	-1.5385e+007
13760	-1.6965e+007
13761	-1.823e+007
13762	-4.031e+007
13763	-4.9886e+007
13764	-6.448e+007
13765	-7.2319e+007
13766	-6.2555e+007
13767	-4.9175e+007
13768	-4.0613e+007
13769	-2.7731e+007
13770	-3.3305e+007
13771	-1.6184e+007
13772	-3.2522e+007
13773	1.7003e+007
13774	1.6547e+007
13775	1.6198e+007
13776	1.6962e+007
13777	1.8601e+007
13778	1.7828e+007
13779	1.1618e+007
13780	1.1246e+007
13781	1.2558e+007
13782	7.9969e+006
13783	2.3958e+006
13784	-3.8116e+006
13785	3.9585e+006
13786	-4.0391e+005
13787	-3.5456e+006
13788	2.0559e+006
13789	-6.1128e+005
13790	-5.9195e+005
13791	6.4056e+005
13792	5.2292e+006
13793	9.8652e+006
13794	6.3775e+006
13795	1.0898e+007
13796	9.5221e+006
13797	4.9364e+006
13798	7.9321e+006
13799	6.7801e+006
13800	5.947e+006
13801	6.164e+006
13802	5.9779e+006
13803	-5.5302e+007
13804	-4.6544e+007
13805	-4.6329e+007
13806	-5.662e+007
13807	-6.5453e+007
13808	-6.6255e+007
13809	-4.5631e+007
13810	-2.6989e+007
13811	-3.8122e+007
13812	-2.0761e+007
13813	-1.7706e+007
13814	-1.6943e+007
13815	-2.4145e+007
13816	-2.0578e+007
13817	-1.5939e+007
13818	-2.3292e+007
13819	-1.214e+007
13820	-1.3952e+007
13821	1.3376e+007
13822	1.372e+007
13823	1.2051e+007
13824	1.2936e+007
13825	1.3853e+007
13826	1.2769e+007
13827	8.0854e+006
13828	1.0391e+007
13829	1.0351e+007
13830	-4.7108e+006
13831	-1.4597e+007
13832	-1.8215e+006
13833	-1.0467e+007
13834	-1.7085e+007
13835	-5.2882e+006
13836	-6.8125e+005
13837	-2.282e+006
13838	-4.9217e+006
13839	-5.8955e+007
13840	-6.4036e+007
13841	-5.4822e+007
13842	-6.2947e+007
13843	-5.7607e+007
13844	-5.3155e+007
13845	-3.9739e+007
13846	-3.6813e+007
13847	-3.868e+007
13848	-2.3753e+007
13849	-3.1117e+007
13850	-2.4678e+007
13851	-1.9195e+007
13852	-3.0171e+007
13853	-1.8712e+007
13854	-1.6313e+007
13855	-1.3592e+007
13856	-3.4082e+006
13857	-1.2522e+007
13858	-1.4135e+007
13859	-8.3028e+007
13860	-9.3434e+007
13861	-8.4255e+007
13862	-7.5691e+007
13863	-7.7084e+007
13864	-9.6178e+007
13865	-4.2958e+007
13866	-4.4683e+007
13867	-3.347e+007
13868	1.5268e+007
13869	1.5296e+007
13870	2.1123e+007
13871	1.6652e+007
13872	1.9777e+007
13873	2.0127e+007
13874	1.778e+007
13875	7.3698e+006
13876	1.0826e+007
13877	1.4001e+007
13878	1.2588e+007
13879	-9.1862e+007
13880	-5.9387e+007
13881	-7.6082e+007
13882	-8.7325e+007
13883	-6.5159e+007
13884	-6.0625e+007
13885	-7.4851e+007
13886	-4.2811e+007
13887	-5.5852e+007
13888	1.6365e+007
13889	2.2648e+007
13890	2.197e+007
13891	2.1131e+007
13892	1.9423e+007
13893	1.7297e+007
13894	1.192e+007
13895	1.6518e+007
13896	1.9789e+007
13897	1.5766e+007
13898	-2.5152e+007
13899	-3.5233e+007
13900	-2.998e+007
13901	-2.223e+007
13902	-3.2574e+007
13903	-2.3935e+007
13904	-1.9373e+007
13905	-1.6981e+007
13906	-6.695e+007
13907	-7.1011e+007
13908	-7.7984e+007
13909	-8.4013e+007
13910	-7.4389e+007
13911	-2.5145e+007
13912	-4.7409e+007
13913	-3.6474e+007
13914	-5.1571e+007
13915	-5.0297e+007
13916	-7.2509e+007
13917	-5.5393e+007
13918	-6.2161e+007
13919	-5.5329e+007
13920	-5.9376e+007
13921	-7.0051e+007
13922	-3.2938e+007
13923	-3.4818e+007
13924	-3.494e+007
13925	-8.2439e+006
13926	-9.9401e+006
13927	-1.3247e+007
13928	-1.3698e+007
13929	-9.318e+006
13930	-1.0059e+007
13931	-1.1636e+007
13932	-8.5659e+006
13933	-6.6039e+006
13934	-5.0029e+006
13935	-4.8674e+006
13936	-4.8157e+006
13937	-3.5373e+006
13938	-4.9092e+006
13939	-5.0372e+006
13940	-7.0811e+006
13941	-8.0205e+006
13942	-9.4415e+006
13943	-4.6243e+006
13944	-5.4222e+006
13945	-3.6197e+007
13946	-3.1788e+007
13947	-3.9156e+007
13948	-3.3845e+007
13949	-3.124e+007
13950	-3.8061e+007
13951	-2.4818e+007
13952	-2.3975e+007
13953	8.4916e+006
13954	1.4607e+007
13955	1.626e+007
13956	1.1974e+007
13957	1.3183e+007
13958	9.2012e+006
13959	9.5604e+006
13960	1.1709e+007
13961	1.1139e+007
13962	-8.965e+007
13963	-1.1956e+008
13964	-1.1199e+008
13965	-1.0018e+008
13966	-9.0452e+007
13967	-1.0099e+008
13968	-7.0919e+007
13969	-6.7055e+007
13970	-6.5975e+007
13971	6.679e+006
13972	8.9211e+006
13973	9.4081e+006
13974	5.0766e+006
13975	8.5163e+006
13976	6.5439e+006
13977	5.4423e+006
13978	4.8792e+006
13979	5.629e+006
13980	6.0677e+006
13981	6.6238e+006
13982	5.4089e+006
13983	-8.4616e+006
13984	-8.3504e+006
13985	-1.3277e+007
13986	-1.5034e+007
13987	-2.0441e+007
13988	-1.9727e+007
13989	-1.9545e+006
13990	-87848
13991	-2.8515e+006
13992	-7.7315e+006
13993	1.3362e+007
13994	6.6499e+006
13995	2.9309e+006
13996	1.0621e+007
13997	1.4051e+007
13998	3.1833e+006
13999	7.3569e+006
14000	6.1895e+006
14001	8.66e+006
14002	8.8785e+006
14003	2.5716e+007
14004	2.2685e+007
14005	2.2398e+007
14006	2.5207e+007
14007	2.0564e+007
14008	2.0272e+007
14009	1.6164e+007
14010	1.2291e+007
14011	6.2723e+006
14012	-1.4565e+006
14013	6.9287e+006
14014	-1.2318e+006
14015	1.0045e+007
14016	1.4518e+006
14017	1.7218e+006
14018	3.4636e+006
14019	3.9282e+006
14020	1.3925e+007
14021	1.2458e+007
14022	1.3653e+007
14023	1.3142e+007
14024	9.0501e+006
14025	9.0538e+006
14026	1.1047e+007
14027	1.0165e+007
14028	-3.5718e+007
14029	-1.4958e+007
14030	-1.8135e+007
14031	-2.6446e+007
14032	-2.379e+007
14033	-1.8355e+007
14034	-5.9888e+007
14035	-4.9524e+007
14036	-3.3365e+007
14037	-3.9504e+007
14038	-2.7424e+007
14039	-2.8713e+007
14040	-1.1591e+007
14041	-2.793e+007
14042	-8.2321e+007
14043	-9.1714e+007
14044	-6.4118e+007
14045	-7.6404e+007
14046	-4.2018e+007
14047	-4.3307e+007
14048	-4.3132e+007
14049	1.3107e+007
14050	1.1694e+007
14051	1.1224e+007
14052	1.2811e+007
14053	8.2895e+006
14054	9.6323e+006
14055	-1.5021e+005
14056	-6.9931e+005
14057	1.7191e+006
14058	1.7476e+006
14059	4.7148e+006
14060	2.9466e+006
14061	1.9639e+006
14062	2.7605e+006
14063	-4.6625e+007
14064	-3.3958e+007
14065	-4.1404e+007
14066	-3.9716e+007
14067	-1.7922e+007
14068	-2.786e+007
14069	-2.0889e+007
14070	-2.6316e+007
14071	2.5323e+007
14072	2.4803e+007
14073	2.395e+007
14074	3.6235e+007
14075	2.3965e+007
14076	1.2914e+007
14077	2.0989e+007
14078	1.9299e+007
14079	1.8986e+007
14080	9.4157e+006
14081	5.3324e+006
14082	7.3814e+006
14083	7.6274e+006
14084	5.778e+006
14085	4.0689e+006
14086	3.3438e+006
14087	4.7599e+006
14088	13090
14089	-1.0835e+006
14090	2.3905e+006
14091	2.5328e+005
14092	2.8361e+006
14093	-1.4869e+005
14094	1.127e+006
14095	7.413e+005
14096	1.6972e+007
14097	2.0753e+007
14098	1.7791e+007
14099	1.943e+007
14100	1.8211e+007
14101	1.9864e+007
14102	1.2447e+007
14103	1.4549e+007
14104	1.5789e+007
14105	1.6312e+007
14106	1.5597e+007
14107	1.5059e+007
14108	1.6316e+007
14109	1.7593e+007
14110	1.2323e+007
14111	-4.7917e+007
14112	-6.3762e+007
14113	-5.0382e+007
14114	-6.7844e+007
14115	-4.7822e+007
14116	-2.8938e+007
14117	-3.971e+007
14118	-4.3366e+007
14119	-2.5656e+007
14120	-1.8736e+007
14121	-1.9187e+007
14122	-2.2693e+007
14123	-2.4323e+007
14124	-1.5434e+007
14125	-1.4982e+007
14126	-4.2976e+006
14127	-7.4393e+006
14128	-1.0931e+007
14129	-7.5662e+006
14130	-1.2439e+007
14131	-1.208e+007
14132	-4.505e+006
14133	-4.4856e+006
14134	-6.5543e+006
14135	-5.9072e+006
14136	-8.0396e+007
14137	-9.9553e+007
14138	-1.123e+008
14139	-9.4203e+007
14140	-1.0619e+008
14141	-4.5572e+007
14142	-5.1146e+007
14143	-7.9142e+007
14144	-6.e+007
14145	-4.8534e+007
14146	-4.9965e+007
14147	-4.3715e+007
14148	-4.4348e+007
14149	-3.4625e+007
14150	-3.3293e+007
14151	-9.0588e+007
14152	-6.9854e+007
14153	-7.8687e+007
14154	-6.8597e+007
14155	-9.0022e+007
14156	-7.4239e+007
14157	-4.0113e+007
14158	-5.6092e+007
14159	-5.131e+007
14160	-4.945e+007
14161	-3.2068e+007
14162	-3.2971e+007
14163	-3.5526e+007
14164	-4.2972e+007
14165	-3.8461e+007
14166	-1.982e+007
14167	-1.4434e+007
14168	-2.7885e+007
14169	1.3908e+007
14170	1.3577e+007
14171	1.3457e+007
14172	1.2957e+007
14173	1.3193e+007
14174	1.0579e+007
14175	1.0539e+007
14176	-3.2968e+007
14177	-3.7289e+007
14178	-4.0335e+007
14179	-3.2115e+007
14180	-3.9632e+007
14181	-2.6442e+007
14182	-1.7466e+007
14183	-2.5997e+007
14184	-2.5195e+007
14185	-2.5154e+007
14186	-2.921e+007
14187	-1.0613e+007
14188	-5.4271e+006
14189	2.1632e+006
14190	4.213e+006
14191	8.9287e+006
14192	4.1842e+006
14193	3.3035e+006
14194	1.8468e+006
14195	4.1733e+006
14196	6.0673e+006
14197	1.5508e+007
14198	1.5142e+007
14199	1.5188e+007
14200	1.5236e+007
14201	1.0556e+007
14202	8.7552e+006
14203	1.1868e+007
14204	7.3067e+006
14205	-3.2186e+007
14206	-1.5314e+007
14207	-2.2987e+007
14208	-2.3624e+007
14209	-2.9626e+007
14210	-6.583e+006
14211	-3.8191e+006
14212	-1.0823e+007
14213	-1.4847e+007
14214	-5.566e+007
14215	-6.3449e+007
14216	-5.7091e+007
14217	-5.8614e+007
14218	-6.3785e+007
14219	-4.0577e+007
14220	-3.9102e+007
14221	-1.6959e+007
14222	-2.0465e+007
14223	-1.3943e+007
14224	-1.4898e+007
14225	-1.1827e+007
14226	-1.2638e+007
14227	-1.1793e+007
14228	-1.1874e+007
14229	1.2855e+007
14230	1.2317e+007
14231	1.1984e+007
14232	1.0208e+007
14233	9.3508e+006
14234	8.1987e+006
14235	7.5826e+006
14236	-8.1009e+007
14237	-6.2827e+007
14238	-7.2455e+007
14239	-7.5503e+007
14240	-6.8866e+007
14241	-6.3525e+007
14242	-4.5657e+007
14243	-4.7816e+007
14244	-4.7727e+007
14245	-3.2209e+007
14246	-3.2041e+007
14247	-3.8849e+007
14248	-3.8246e+007
14249	-1.5166e+007
14250	-3.0737e+007
14251	-1.1143e+008
14252	-1.1469e+008
14253	-1.0043e+008
14254	-1.0374e+008
14255	-5.0519e+007
14256	-4.103e+007
14257	-6.6498e+007
14258	-6.8585e+007
14259	-1.9198e+007
14260	-2.6409e+007
14261	-6.1717e+007
14262	-4.6184e+007
14263	-5.4735e+007
14264	-4.6081e+007
14265	-5.2951e+007
14266	-2.2889e+007
14267	-3.1485e+007
14268	-2.7531e+007
14269	-3.2927e+007
14270	-2.9374e+007
14271	-2.1006e+007
14272	-2.4818e+007
14273	-2.1523e+007
14274	-3.8371e+006
14275	-1.3032e+007
14276	-5.2188e+006
14277	-1.475e+007
14278	-1.4333e+007
14279	-5.0867e+007
14280	-5.1286e+007
14281	-5.5275e+007
14282	-4.0328e+007
14283	-2.8748e+007
14284	-3.3622e+007
14285	-1.4463e+007
14286	-1.0766e+007
14287	-1.498e+007
14288	-1.0519e+007
14289	-6.1061e+006
14290	-6.4894e+006
14291	1.1317e+007
14292	7.8989e+006
14293	1.1608e+007
14294	5.9324e+006
14295	3.2845e+006
14296	4.517e+006
14297	5.4909e+006
14298	1.3921e+007
14299	1.4385e+007
14300	1.4433e+007
14301	1.3921e+007
14302	9.7529e+006
14303	1.1827e+007
14304	1.0923e+007
14305	-2.7844e+007
14306	-2.2221e+007
14307	-2.5239e+007
14308	-2.0094e+007
14309	-1.9736e+007
14310	-1.8817e+007
14311	-1.421e+007
14312	-1.7237e+007
14313	-9.734e+006
14314	-5.0339e+007
14315	-5.4745e+007
14316	-6.0387e+007
14317	-4.5865e+007
14318	-4.7837e+007
14319	-3.0354e+007
14320	-3.5981e+007
14321	-1.9691e+007
14322	-4.373e+007
14323	-2.2629e+007
14324	-4.1552e+007
14325	-3.481e+007
14326	-2.6171e+007
14327	-1.6729e+007
14328	-2.5071e+007
14329	-1.9217e+007
14330	-2.3666e+007
14331	-1.0462e+008
14332	-9.3549e+007
14333	-7.5371e+007
14334	-8.9697e+007
14335	-8.0073e+007
14336	-8.1074e+007
14337	-5.3093e+007
14338	-6.2075e+007
14339	-4.2158e+007
14340	23058
14341	-8.1261e+006
14342	-9.8714e+006
14343	3.9493e+005
14344	-3.9545e+006
14345	-3.6821e+006
14346	-2.0887e+006
14347	-5.2949e+006
14348	-3.6738e+007
14349	-4.4283e+007
14350	-3.9345e+007
14351	-4.833e+007
14352	-1.2582e+007
14353	1.483e+007
14354	1.2525e+007
14355	1.6759e+007
14356	1.4633e+007
14357	1.2947e+007
14358	1.6069e+007
14359	1.2406e+007
14360	1.3854e+007
14361	1.0227e+007
14362	1.1355e+007
14363	1.2392e+007
14364	1.2879e+007
14365	1.4875e+007
14366	1.109e+007
14367	1.5389e+007
14368	1.1164e+007
14369	7.6496e+006
14370	9.6836e+006
14371	9.123e+006
14372	9.6651e+006
14373	3.369e+006
14374	7.1879e+006
14375	5.2155e+006
14376	3.3639e+006
14377	6.3312e+006
14378	4.563e+006
14379	4.7393e+006
14380	-6.798e+006
14381	-3.9759e+006
14382	-1.5575e+006
14383	-4.0939e+006
14384	-7.6124e+006
14385	-1.8317e+006
14386	-1.9212e+007
14387	-3.4025e+007
14388	-2.5739e+007
14389	-2.7177e+007
14390	-1.1573e+007
14391	-1.0781e+007
14392	1.2059e+007
14393	1.3415e+007
14394	9.9972e+006
14395	1.0243e+007
14396	4.1331e+006
14397	7.5892e+006
14398	7.3758e+006
14399	1.2927e+007
14400	1.7558e+007
14401	1.3724e+007
14402	1.1535e+007
14403	1.5145e+007
14404	8.3481e+006
14405	7.1638e+006
14406	9.3431e+006
14407	1.2193e+007
14408	-1.0942e+008
14409	-9.4106e+007
14410	-1.0535e+008
14411	-1.2625e+008
14412	-1.3714e+008
14413	-4.1168e+007
14414	-6.1009e+007
14415	-6.0834e+007
14416	-7.3876e+007
14417	-8.8975e+007
14418	-8.1907e+007
14419	7.6986e+006
14420	3.854e+006
14421	7.0418e+006
14422	5.0714e+006
14423	3.8216e+006
14424	4.4064e+006
14425	5.4012e+006
14426	-7.3979e+006
14427	-1.056e+007
14428	-4.7143e+006
14429	-1.4103e+007
14430	-4.4443e+006
14431	-2.7025e+006
14432	-5.044e+006
14433	-7.1485e+006
14434	-4.5069e+006
14435	-6.7488e+006
14436	-7.4902e+006
14437	-5.2396e+006
14438	-4.0347e+006
14439	-4.0941e+006
14440	-3.8517e+006
14441	-2.2982e+006
14442	-3.6835e+006
14443	2.468e+007
14444	2.2133e+007
14445	2.3984e+007
14446	3.6269e+007
14447	2.3095e+007
14448	1.2948e+007
14449	1.9228e+007
14450	2.2499e+007
14451	1.9021e+007
14452	1.2264e+007
14453	1.4552e+007
14454	3.6709e+006
14455	9.8398e+006
14456	5.6827e+006
14457	3.3412e+006
14458	-2.4968e+006
14459	-9.1802e+006
14460	7.3688e+005
14461	3.8991e+006
14462	1.3801e+006
14463	8.8296e+005
14464	-1.9472e+006
14465	-1.6992e+006
14466	2.6177e+006
14467	1.8713e+006
14468	2.6084e+006
14469	-3.9534e+007
14470	-1.9702e+007
14471	-3.2906e+007
14472	-2.1447e+007
14473	-3.8297e+007
14474	-1.6328e+007
14475	-2.4105e+007
14476	-1.6871e+007
14477	1.3159e+007
14478	1.2542e+007
14479	1.2895e+007
14480	1.4188e+007
14481	1.3622e+007
14482	9.2708e+006
14483	1.0077e+007
14484	1.145e+007
14485	1.1764e+007
14486	1.853e+007
14487	1.9165e+007
14488	1.6143e+007
14489	1.2471e+007
14490	1.3598e+007
14491	1.3775e+007
14492	1.0271e+007
14493	1.4571e+007
14494	1.0785e+007
14495	4.2947e+006
14496	4.1609e+006
14497	6.6221e+006
14498	9.379e+006
14499	7.4035e+006
14500	9.3605e+006
14501	2.2395e+007
14502	2.2745e+007
14503	2.1848e+007
14504	2.5555e+007
14505	1.6512e+007
14506	2.4622e+007
14507	1.6619e+007
14508	2.1405e+007
14509	-8.53e+007
14510	-7.4072e+007
14511	-7.2288e+007
14512	-8.0178e+007
14513	-9.456e+007
14514	-4.3065e+007
14515	-3.1851e+007
14516	-4.5068e+007
14517	-2.1386e+007
14518	-2.8628e+007
14519	-4.073e+007
14520	-3.7603e+007
14521	-6.1724e+006
14522	-2.022e+007
14523	-9.0292e+006
14524	-1.6696e+007
14525	-1.8561e+007
14526	-1.9865e+006
14527	-4.1584e+006
14528	1.4875e+006
14529	1.5699e+006
14530	-1.0972e+006
14531	-1.0517e+006
14532	1.5459e+005
14533	2.2403e+005
14534	-2.4995e+006
14535	-5.0708e+007
14536	-4.6174e+007
14537	-3.7887e+007
14538	-3.975e+007
14539	-2.8359e+007
14540	-2.2276e+007
14541	-5.7253e+007
14542	-8.444e+007
14543	-7.4714e+007
14544	-3.5809e+007
14545	-5.0237e+007
14546	-3.7925e+007
14547	-5.0137e+007
14548	-4.052e+007
14549	-4.2141e+007
14550	-4.5686e+007
14551	-3.1211e+007
14552	-2.7318e+007
14553	-2.8055e+007
14554	-5.7313e+007
14555	-6.3044e+007
14556	-5.8209e+007
14557	-6.6422e+007
14558	-3.9961e+007
14559	-3.8465e+007
14560	-2.1479e+007
14561	-4.3604e+007
14562	-3.9931e+007
14563	-8.351e+007
14564	-8.6558e+007
14565	-9.2587e+007
14566	-1.0125e+008
14567	-5.6973e+007
14568	-5.887e+007
14569	-5.8782e+007
14570	2.6195e+007
14571	2.3163e+007
14572	3.5592e+007
14573	3.8105e+007
14574	2.6134e+007
14575	2.1822e+007
14576	1.7799e+007
14577	-8.445e+006
14578	-7.4302e+006
14579	-9.8086e+006
14580	-1.0763e+007
14581	-7.6929e+006
14582	-5.7309e+006
14583	-5.9526e+006
14584	-3.9427e+006
14585	-6.0869e+006
14586	-7.7322e+007
14587	-5.9168e+007
14588	-6.1525e+007
14589	-7.22e+007
14590	-2.3513e+007
14591	-5.5013e+007
14592	-3.709e+007
14593	-5.8103e+007
14594	-1.2172e+007
14595	-1.3878e+007
14596	-4.2196e+006
14597	-6.2883e+006
14598	-6.9238e+006
14599	-6.8359e+007
14600	-5.8269e+007
14601	-5.3047e+007
14602	-2.9895e+007
14603	-4.0982e+007
14604	-5.5172e+007
14605	-4.834e+007
14606	-4.5212e+007
14607	-2.5949e+007
14608	-2.7829e+007
14609	-2.4305e+007
14610	-3.3706e+007
14611	-2.9752e+007
14612	-2.6557e+007
14613	-3.336e+007
14614	-2.8187e+007
14615	-1.9298e+007
14616	-1.8708e+007
14617	-2.1266e+007
14618	-1.217e+008
14619	-9.3636e+007
14620	-1.3667e+008
14621	-6.0539e+007
14622	-8.1438e+007
14623	-8.8535e+007
14624	-6.951e+006
14625	-1.2605e+007
14626	-3.668e+006
14627	5.914e+005
14628	-1.3815e+006
14629	1.7685e+006
14630	3.2294e+005
14631	-7.1704e+006
14632	-2.3486e+006
14633	1.3691e+007
14634	1.5923e+007
14635	1.4886e+007
14636	1.4808e+007
14637	1.0578e+007
14638	1.0206e+007
14639	1.1398e+007
14640	-3.5311e+007
14641	-4.1313e+007
14642	-2.2429e+007
14643	-3.3201e+007
14644	-2.722e+007
14645	-2.6534e+007
14646	-1.9611e+007
14647	-1.0674e+007
14648	-2.575e+007
14649	-8.3874e+006
14650	-9.3545e+006
14651	7.453e+006
14652	2.8673e+006
14653	4.6803e+006
14654	3.3091e+005
14655	5.0396e+006
14656	2.5931e+006
14657	2.1966e+006
14658	3.9088e+006
14659	-2.8614e+006
14660	-4.1454e+005
14661	-2.5065e+006
14662	-5.4362e+006
14663	-1.9823e+005
14664	-1.3308e+006
14665	-4.308e+006
14666	2.1744e+007
14667	1.8666e+007
14668	2.3479e+007
14669	1.3236e+007
14670	2.0503e+007
14671	1.7193e+007
14672	1.8813e+007
14673	-7.7994e+007
14674	-8.8527e+007
14675	-3.8729e+007
14676	-5.4597e+007
14677	-2.5186e+007
14678	-1.4558e+007
14679	-4.9861e+007
14680	-4.9816e+007
14681	-1.1188e+008
14682	-1.3278e+008
14683	-1.0803e+008
14684	-1.167e+008
14685	-8.7003e+007
14686	-7.1425e+007
14687	-8.4897e+007
14688	-9.5506e+007
14689	-4.1044e+007
14690	-1.2944e+008
14691	-1.1763e+008
14692	-1.5199e+008
14693	-1.2962e+008
14694	-1.2091e+008
14695	-1.1777e+008
14696	-8.8375e+007
14697	-8.6598e+007
14698	-9.0928e+007
14699	-2.0256e+007
14700	-2.5664e+007
14701	-2.8219e+007
14702	-7.1263e+006
14703	-1.3337e+007
14704	-1.2512e+008
14705	-1.1086e+008
14706	-1.4442e+008
14707	-8.0798e+007
14708	-7.6933e+007
14709	-7.902e+007
14710	-5.2957e+007
14711	-4.741e+007
14712	-4.6706e+007
14713	-4.9859e+007
14714	-3.6443e+007
14715	-3.3517e+007
14716	-2.1138e+007
14717	-3.4968e+007
14718	-3.6284e+007
14719	-4.8808e+005
14720	-1.8439e+007
14721	-2.5858e+006
14722	2.3723e+006
14723	-2.8543e+006
14724	-1.0348e+007
14725	1.3663e+006
14726	-9.6621e+006
14727	1.3888e+007
14728	1.3555e+007
14729	1.4473e+007
14730	9.7701e+006
14731	8.0399e+006
14732	1.1152e+007
14733	1.4607e+007
14734	1.1974e+007
14735	9.2316e+006
14736	8.3985e+006
14737	9.5602e+006
14738	1.0614e+007
14739	1.1174e+007
14740	9.4287e+006
14741	1.0434e+007
14742	1.1595e+007
14743	9.8966e+006
14744	7.4583e+006
14745	8.3209e+006
14746	8.466e+006
14747	8.3509e+006
14748	-1.6131e+007
14749	-1.2493e+007
14750	-1.3914e+007
14751	-1.0115e+007
14752	-7.4367e+006
14753	-1.2378e+007
14754	-1.1927e+007
14755	-7.1651e+006
14756	-2.0088e+007
14757	-1.4521e+007
14758	-1.145e+007
14759	-7.8874e+006
14760	-1.2829e+007
14761	-7.6159e+006
14762	-1.0791e+007
14763	-1.7791e+007
14764	-1.3152e+007
14765	-1.5306e+007
14766	-9.3522e+006
14767	-9.7796e+006
14768	-9.1325e+006
14769	3.3398e+006
14770	1.2859e+006
14771	1.4883e+006
14772	-6.0373e+005
14773	3.0635e+006
14774	2.6873e+006
14775	5.7198e+005
14776	2.8636e+006
14777	-4.1784e+006
14778	8.3244e+006
14779	4.3426e+006
14780	-2.412e+005
14781	2.8939e+006
14782	4.7019e+006
14783	6.8507e+006
14784	2.5355e+007
14785	2.7877e+007
14786	4.0296e+007
14787	1.8834e+007
14788	2.6944e+007
14789	2.8325e+007
14790	-3.2111e+006
14791	-5.2551e+006
14792	-1.7463e+006
14793	-2.1483e+006
14794	-2.7983e+006
14795	-3.5962e+006
14796	-2.4992e+007
14797	-2.8011e+007
14798	-2.7706e+007
14799	-2.1588e+007
14800	-2.0786e+007
14801	-1.8366e+007
14802	-6.005e+007
14803	-6.4752e+007
14804	-3.8291e+007
14805	-3.8397e+007
14806	-2.6837e+007
14807	-4.1934e+007
14808	-1.4956e+007
14809	-1.6335e+007
14810	-1.4921e+007
14811	-1.5746e+007
14812	-6.604e+007
14813	-5.0583e+007
14814	-4.3735e+007
14815	-3.1654e+007
14816	-3.2768e+007
14817	1.347e+007
14818	1.3591e+007
14819	9.2759e+006
14820	7.0203e+006
14821	1.1496e+007
14822	1.0592e+007
14823	5.9119e+006
14824	1.0553e+007
14825	1.1818e+007
14826	1.5858e+006
14827	6.1927e+006
14828	4.592e+006
14829	7.0626e+006
14830	1.0428e+007
14831	1.1146e+007
14832	9.284e+006
14833	1.0289e+007
14834	6.4619e+006
14835	8.7981e+006
14836	7.6434e+006
14837	1.7924e+007
14838	1.1381e+007
14839	1.5089e+007
14840	8.9726e+006
14841	1.2148e+007
14842	5.304e+006
14843	-7.3124e+006
14844	-2.1332e+006
14845	8.4812e+005
14846	4.0104e+006
14847	5.877e+006
14848	8.7302e+005
14849	3.562e+006
14850	-1.7667e+006
14851	2.7197e+006
14852	1.6424e+007
14853	8.5377e+006
14854	9.6722e+006
14855	9.8084e+006
14856	1.1252e+007
14857	1.3086e+007
14858	1.438e+007
14859	9.1556e+006
14860	1.0352e+007
14861	1.0432e+007
14862	1.1641e+007
14863	-1.4942e+008
14864	-1.2834e+008
14865	-1.1962e+008
14866	-1.1648e+008
14867	-9.4189e+007
14868	-1.0129e+008
14869	1.7517e+007
14870	1.3231e+007
14871	1.7142e+007
14872	1.0818e+007
14873	1.1871e+007
14874	1.2397e+007
14875	-6.3224e+006
14876	-1.8743e+006
14877	-2.2763e+006
14878	-2.9263e+006
14879	-2.4603e+006
14880	-2.5157e+006
14881	-1.7225e+006
14882	-6.227e+007
14883	-7.4078e+007
14884	-6.7441e+007
14885	-4.4233e+007
14886	-4.2758e+007
14887	-4.7665e+007
14888	-4.6391e+007
14889	-6.3137e+006
14890	-6.8081e+006
14891	-5.1088e+006
14892	-3.2027e+007
14893	-3.9544e+007
14894	-4.0177e+007
14895	-2.8519e+007
14896	-1.7378e+007
14897	-2.2549e+007
14898	-2.5107e+007
14899	1.1799e+007
14900	1.0023e+007
14901	1.1633e+007
14902	8.0141e+006
14903	6.9489e+006
14904	7.5743e+006
14905	6.9154e+006
14906	1.3868e+007
14907	7.0543e+006
14908	9.1233e+006
14909	6.7858e+006
14910	1.0872e+007
14911	3.719e+006
14912	1.6651e+006
14913	1.5897e+006
14914	2.2193e+006
14915	2.8041e+006
14916	-1.8857e+007
14917	-1.8689e+007
14918	-7.0601e+006
14919	-4.0539e+006
14920	-6.6936e+006
14921	-9.7874e+006
14922	-5.7681e+006
14923	-2.116e+007
14924	-2.673e+006
14925	-2.6224e+006
14926	-8.8335e+006
14927	-8.2713e+006
14928	-2.5852e+007
14929	-3.2057e+007
14930	-8.0803e+006
14931	-1.3416e+007
14932	-8.9773e+006
14933	-8.0296e+006
14934	1.6196e+007
14935	1.3839e+007
14936	1.3828e+007
14937	1.3624e+007
14938	-5.5912e+007
14939	-3.8476e+007
14940	-3.9048e+007
14941	-3.6399e+007
14942	-3.7715e+007
14943	-3.7691e+007
14944	-3.7923e+007
14945	-4.283e+007
14946	5.9139e+006
14947	3.9473e+006
14948	4.3105e+006
14949	2.6014e+006
14950	-8.2841e+007
14951	-9.7223e+007
14952	-9.6041e+007
14953	-8.1348e+007
14954	-4.7731e+007
14955	-6.8744e+007
14956	-2.4049e+007
14957	1.3601e+007
14958	1.0907e+007
14959	8.8986e+006
14960	7.1685e+006
14961	7.8334e+006
14962	1.0139e+007
14963	1.4566e+007
14964	9.8862e+006
14965	8.0859e+006
14966	1.1056e+007
14967	-8.8522e+007
14968	-1.1024e+008
14969	-6.8988e+007
14970	-8.3186e+007
14971	-6.4044e+007
14972	-2.5307e+007
14973	-3.2114e+007
14974	-4.5128e+006
14975	-8.4315e+006
14976	-2.4003e+007
14977	-1.3312e+007
14978	-1.7336e+007
14979	-6.5328e+007
14980	-5.3521e+007
14981	-5.6397e+007
14982	-4.678e+007
14983	-3.7471e+007
14984	-3.5636e+007
14985	-4.06e+007
14986	-1.0727e+007
14987	-5.9096e+006
14988	-4.2492e+006
14989	-4.1137e+006
14990	-1.4767e+008
14991	-1.1743e+008
14992	-1.1625e+008
14993	-1.0156e+008
14994	-5.4722e+007
14995	-8.2277e+007
14996	-1.0226e+008
14997	-6.2869e+007
14998	-4.523e+007
14999	-4.5055e+007
15000	1.5572e+007
15001	1.1347e+007
15002	1.528e+007
15003	7.2981e+006
15004	7.3404e+006
15005	9.4773e+006
15006	9.3056e+006
15007	-5.6854e+007
15008	-6.3724e+007
15009	-6.6902e+007
15010	-3.2775e+007
15011	-3.4501e+007
15012	-3.6869e+007
15013	-3.8304e+007
15014	-1.2171e+008
15015	-8.8338e+007
15016	-6.0357e+007
15017	-6.9339e+007
15018	-8.4438e+007
15019	7.1588e+006
15020	8.2744e+006
15021	7.1224e+006
15022	6.5063e+006
15023	6.6825e+006
15024	1.316e+007
15025	1.4287e+007
15026	1.3239e+007
15027	1.4682e+007
15028	1.2234e+007
15029	1.2586e+007
15030	1.1494e+007
15031	7.6667e+006
15032	1.0003e+007
15033	9.9326e+006
15034	-6.0468e+007
15035	-4.5522e+007
15036	-6.6171e+007
15037	-1.7624e+007
15038	-3.4131e+007
15039	-3.3941e+007
15040	-4.7172e+007
15041	-3.8815e+007
15042	-2.8048e+007
15043	1.3166e+007
15044	1.5868e+007
15045	1.6288e+007
15046	1.4754e+007
15047	1.2626e+007
15048	1.1575e+007
15049	1.2548e+007
15050	1.0862e+007
15051	1.0359e+007
15052	7.1721e+006
15053	4.5848e+006
15054	8.1672e+006
15055	8.1425e+006
15056	-1.2751e+007
15057	-1.6965e+007
15058	-1.3566e+007
15059	-8.4744e+006
15060	-9.7749e+006
15061	1.8215e+007
15062	2.0502e+007
15063	1.5273e+007
15064	5.9963e+006
15065	4.581e+006
15066	4.6504e+006
15067	5.5548e+006
15068	5.3414e+006
15069	1.9911e+007
15070	1.5803e+007
15071	1.1929e+007
15072	2.5294e+007
15073	7.5303e+006
15074	1.6959e+007
15075	1.9402e+007
15076	2.4558e+007
15077	1.9915e+007
15078	1.5515e+007
15079	1.5623e+007
15080	1.421e+007
15081	-4.5027e+007
15082	-5.4012e+007
15083	-5.0418e+007
15084	-1.6e+007
15085	-4.7501e+007
15086	-2.8448e+007
15087	-1.3735e+007
15088	-3.4689e+006
15089	-8.0527e+006
15090	-1.6393e+007
15091	-5.9525e+006
15092	-9.1587e+006
15093	1.6782e+007
15094	1.8218e+007
15095	1.987e+007
15096	1.6003e+007
15097	2.1288e+007
15098	2.1722e+007
15099	2.2625e+007
15100	1.796e+007
15101	1.7647e+007
15102	1.247e+007
15103	1.1378e+007
15104	1.3198e+007
15105	1.2539e+007
15106	9.2647e+006
15107	9.8865e+006
15108	9.6522e+006
15109	-5.8247e+007
15110	-4.3725e+007
15111	-2.8214e+007
15112	-2.9649e+007
15113	-6.315e+007
15114	-5.1009e+007
15115	-4.8419e+007
15116	-5.0228e+007
15117	-4.259e+007
15118	-4.2199e+007
15119	-4.5743e+007
15120	-2.9401e+007
15121	-2.8113e+007
15122	-3.2168e+007
15123	2.4786e+006
15124	4.743e+006
15125	5.5874e+006
15126	1.6093e+007
15127	1.8794e+007
15128	2.0905e+007
15129	1.4619e+007
15130	1.4049e+007
15131	-3.9125e+007
15132	-4.0563e+007
15133	-2.8483e+007
15134	-2.4959e+007
15135	-2.9597e+007
15136	-2.3514e+007
15137	-5.5399e+007
15138	-5.0663e+007
15139	-5.4319e+007
15140	-1.8658e+007
15141	-1.7972e+007
15142	-3.1343e+007
15143	-8.2629e+006
15144	-1.3143e+007
15145	-2.0777e+007
15146	-1.2848e+007
15147	-1.4004e+007
15148	1.2466e+007
15149	9.2796e+006
15150	1.3877e+007
15151	1.025e+007
15152	7.8249e+006
15153	7.0225e+006
15154	8.1842e+006
15155	7.0534e+006
15156	2.3859e+007
15157	3.1934e+007
15158	3.2975e+007
15159	3.3411e+007
15160	-8.708e+007
15161	-7.4414e+007
15162	-5.3364e+007
15163	1.7668e+007
15164	8.7988e+006
15165	9.2635e+006
15166	1.2439e+007
15167	1.5244e+007
15168	1.1086e+007
15169	8.1566e+006
15170	1.4726e+007
15171	1.9513e+007
15172	7.5852e+006
15173	1.1542e+007
15174	-5.179e+007
15175	-6.2654e+007
15176	-5.0103e+007
15177	-3.8247e+007
15178	-3.9725e+007
15179	-7.6515e+006
15180	-7.5972e+006
15181	-1.5939e+007
15182	-7.9812e+006
15183	-1.0086e+007
15184	1.3341e+007
15185	8.8197e+006
15186	1.0163e+007
15187	9.9312e+006
15188	1.0239e+007
15189	1.0168e+007
15190	1.0004e+007
15191	1.1377e+007
15192	-3.0642e+007
15193	-2.3975e+007
15194	-9.4731e+007
15195	-1.0534e+008
15196	1.1254e+006
15197	-3.0067e+007
15198	-3.6887e+007
15199	-2.3644e+007
15200	-2.2065e+007
15201	-2.2801e+007
15202	2.0575e+005
15203	-2.1358e+006
15204	-2.4444e+007
15205	-1.8941e+007
15206	-1.2987e+007
15207	-1.8022e+007
15208	-1.3415e+007
15209	-8.9391e+006
15210	-1.4799e+007
15211	-3.2716e+007
15212	-3.6519e+007
15213	-5.2989e+006
15214	-3.5996e+006
15215	-3.4166e+006
15216	-2.8143e+006
15217	-6.9159e+007
15218	-7.016e+007
15219	-2.1613e+007
15220	-5.1162e+007
15221	-4.2804e+007
15222	-3.1244e+007
15223	-3.9123e+007
15224	-1.5641e+007
15225	-1.0585e+007
15226	-1.6796e+007
15227	-2.4036e+007
15228	-8.1147e+005
15229	-9.955e+005
15230	-2.104e+007
15231	-2.3417e+007
15232	-3.3025e+007
15233	-3.4504e+007
15234	-3.1482e+007
15235	-8.3485e+007
15236	-1.0178e+008
15237	-3.4241e+007
15238	-5.6505e+007
15239	-5.7495e+007
15240	-5.9393e+007
15241	-1.2244e+008
15242	-1.1623e+008
15243	-1.0916e+008
15244	-6.2327e+006
15245	-8.8075e+006
15246	-9.8692e+006
15247	-4.7779e+006
15248	-3.5695e+006
15249	-4.0885e+006
15250	-4.094e+006
15251	-3.6142e+006
15252	-4.45e+006
15253	9.6326e+006
15254	9.0951e+006
15255	6.6568e+006
15256	6.9866e+006
15257	8.3491e+006
15258	8.5636e+006
15259	9.692e+006
15260	4.725e+006
15261	5.2163e+006
15262	6.7957e+006
15263	5.9533e+006
15264	-4.6881e+007
15265	-3.5946e+007
15266	-5.1043e+007
15267	-6.5931e+007
15268	-5.2322e+007
15269	-4.5148e+007
15270	-2.7765e+007
15271	-2.7887e+007
15272	-1.6575e+007
15273	-4.4568e+007
15274	-4.6727e+007
15275	1.8326e+007
15276	1.5573e+007
15277	1.1343e+007
15278	1.3445e+007
15279	1.2394e+007
15280	1.2163e+007
15281	-9.9215e+005
15282	-5.9853e+006
15283	-7.4733e+005
15284	-1.2663e+006
15285	1.4102e+007
15286	9.9337e+006
15287	1.2008e+007
15288	1.1126e+007
15289	-4.7384e+007
15290	-2.182e+007
15291	-1.1636e+007
15292	9.2761e+006
15293	9.4992e+006
15294	1.1497e+007
15295	-1.8877e+007
15296	-1.6813e+007
15297	-1.1288e+007
15298	-1.4315e+007
15299	-1.1923e+007
15300	-8.3481e+006
15301	-7.3306e+006
15302	-5.6702e+006
15303	-8.1285e+006
15304	2.6144e+006
15305	2.6838e+006
15306	-1.7965e+007
15307	-1.9933e+007
15308	-1.7513e+007
15309	-1.8907e+007
15310	-1.4468e+007
15311	-3.0039e+007
15312	-3.9202e+007
15313	-3.4862e+007
15314	-3.3458e+007
15315	-3.8422e+007
15316	1.0492e+007
15317	1.1382e+007
15318	1.2671e+007
15319	1.7568e+007
15320	1.1863e+007
15321	1.1844e+007
15322	-4.7478e+007
15323	-5.2644e+007
15324	-3.9228e+007
15325	-3.8169e+007
15326	-4.1298e+007
15327	-3.4169e+007
15328	-3.8262e+007
15329	-4.3889e+007
15330	-4.5367e+007
15331	3.1324e+006
15332	3.0571e+006
15333	4.2714e+006
15334	4.7101e+006
15335	-1.6672e+007
15336	-1.5227e+007
15337	1.9192e+007
15338	2.1302e+007
15339	1.2982e+007
15340	1.6637e+007
15341	1.6324e+007
15342	-2.9222e+007
15343	-1.3599e+007
15344	-2.8552e+007
15345	-2.4659e+007
15346	-2.2268e+007
15347	-2.6717e+007
15348	-6.7044e+007
15349	-1.8358e+007
15350	-3.1934e+007
15351	-3.0805e+007
15352	-2.0622e+007
15353	1.918e+007
15354	1.3865e+007
15355	1.5313e+007
15356	-4.252e+007
15357	-3.0862e+007
15358	-1.9721e+007
15359	-3.1465e+007
15360	-9.5636e+006
15361	-1.3082e+007
15362	-9.2912e+006
15363	-1.0904e+007
15364	-1.1102e+006
15365	1.671e+006
15366	1.152e+006
15367	2.4677e+006
15368	-2.4638e+007
15369	-2.1114e+007
15370	1.8325e+007
15371	2.6435e+007
15372	-2.2984e+007
15373	-1.7091e+007
15374	-2.1266e+007
15375	1.0031e+006
15376	3.6455e+005
15377	2.6562e+006
15378	-6.0878e+005
15379	4.4504e+006
15380	3.0585e+006
15381	2.6823e+006
15382	1.6995e+006
15383	5.6692e+005
15384	-1.5251e+006
15385	-8.6082e+006
15386	-8.9914e+006
15387	-1.0709e+007
15388	-4.2609e+007
15389	-1.3629e+007
15390	-4.1222e+007
15391	-2.374e+007
15392	-2.9366e+007
15393	-2.2395e+007
15394	-4.4648e+007
15395	-2.7017e+007
15396	5.6495e+006
15397	1.5517e+007
15398	1.6965e+007
15399	1.6758e+007
15400	-3.185e+007
15401	-3.3718e+007
15402	-3.0562e+007
15403	-1.0157e+008
15404	-1.059e+008
15405	-1.2156e+008
15406	-4.1473e+006
15407	-4.5305e+006
15408	-3.3222e+006
15409	-7.432e+006
15410	-1.25e+007
15411	-2.7576e+007
15412	-1.5496e+007
15413	-1.6002e+007
15414	-1.118e+007
15415	7.0901e+006
15416	8.0852e+006
15417	-1.1505e+007
15418	-8.4344e+006
15419	-6.694e+006
15420	-9.2445e+006
15421	-6.3571e+006
15422	-1.0929e+007
15423	6.0433e+006
15424	5.3204e+006
15425	8.0588e+006
15426	-5.6864e+007
15427	-1.2757e+006
15428	-2.2429e+006
15429	1.1279e+007
15430	1.1048e+007
15431	4.6831e+005
15432	5.4114e+006
15433	2.5685e+006
15434	-1.1351e+008
15435	-1.1037e+008
15436	-8.0978e+007
15437	-9.5176e+007
15438	-7.1651e+006
15439	-1.3844e+006
15440	-3.3743e+006
15441	-1.7809e+006
15442	-8.0752e+007
15443	-6.5173e+007
15444	-6.6163e+007
15445	1.779e+007
15446	1.3682e+007
15447	9.8084e+006
15448	1.2376e+007
15449	1.1816e+007
15450	7.6622e+006
15451	8.5248e+006
15452	9.1467e+006
15453	7.992e+006
15454	6.1336e+006
15455	4.6881e+006
15456	8.7745e+006
15457	-3.1338e+007
15458	-2.4367e+007
15459	-5.5922e+006
15460	-4.9028e+006
15461	-6.8927e+006
15462	-9.3893e+006
15463	-4.6264e+007
15464	-2.7211e+007
15465	-3.4989e+007
15466	4.0079e+007
15467	3.8855e+007
15468	4.0236e+007
15469	1.3618e+007
15470	9.9259e+006
15471	1.0345e+007
15472	1.0282e+007
15473	1.0732e+007
15474	-3.1496e+007
15475	-3.3431e+007
15476	-3.2098e+007
15477	3.047e+006
15478	2.6613e+006
15479	2.3219e+006
15480	5.6258e+006
15481	7.591e+006
15482	-2.1635e+007
15483	-1.8111e+007
15484	-1.7319e+007
15485	9.5163e+006
15486	-1.053e+008
15487	-9.0608e+007
15488	-4.3774e+007
15489	-3.3308e+007
15490	-8.9426e+007
15491	-1.0166e+008
15492	2.0529e+007
15493	1.2209e+007
15494	1.5864e+007
15495	1.3148e+007
15496	1.3674e+007
15497	1.6354e+007
15498	1.7975e+007
15499	1.5784e+007
15500	9.6855e+006
15501	9.7155e+006
15502	7.1247e+006
15503	8.1324e+006
15504	1.8882e+007
15505	2.0874e+006
15506	1.4824e+007
15507	2.8353e+007
15508	2.9441e+006
15509	2.7448e+007
15510	1.1428e+007
15511	1.3444e+007
15512	7.2644e+006
15513	8.4717e+006
15514	2.0872e+007
15515	4.8843e+007
15516	3.67e+007
15517	3.6764e+007
15518	2.0655e+007
15519	1.5269e+007
15520	1.6242e+007
15521	2.0329e+007
15522	2.4328e+007
15523	1.8145e+007
15524	3.5605e+007
15525	1.4728e+007
15526	1.6166e+008
15527	1.398e+008
15528	1.1762e+008
15529	1.5748e+008
15530	1.3434e+008
15531	1.1876e+008
15532	1.0051e+008
15533	-3.9918e+007
15534	-4.4328e+007
15535	-4.4117e+007
15536	-4.7543e+007
15537	-5.1836e+007
15538	-4.8253e+007
15539	-2.7269e+007
15540	-3.519e+007
15541	-2.8428e+007
15542	-2.7959e+007
15543	6.002e+007
15544	4.9889e+007
15545	4.5359e+007
15546	5.2075e+007
15547	6.3445e+007
15548	4.5982e+007
15549	5.8017e+007
15550	2.6747e+007
15551	3.1185e+007
15552	3.2133e+007
15553	2.9561e+007
15554	2.5976e+007
15555	3.1332e+007
15556	2.8184e+007
15557	3.4605e+007
15558	3.4069e+007
15559	2.6776e+007
15560	2.2143e+007
15561	1.6722e+007
15562	1.9653e+007
15563	1.1955e+008
15564	1.0454e+008
15565	1.0848e+008
15566	1.1362e+008
15567	1.2952e+008
15568	1.2554e+008
15569	8.9525e+007
15570	8.2264e+007
15571	8.2315e+007
15572	-4.5622e+006
15573	-6.1232e+006
15574	-7.1937e+006
15575	-4.5291e+006
15576	-6.7867e+006
15577	-5.7545e+006
15578	-6.9209e+006
15579	-2.8379e+006
15580	-1.5715e+006
15581	-3.2444e+006
15582	6.3199e+007
15583	6.9907e+007
15584	7.5816e+007
15585	6.3405e+007
15586	7.5835e+007
15587	6.2202e+007
15588	4.4813e+007
15589	4.9937e+007
15590	5.8608e+006
15591	7.3407e+006
15592	7.8233e+006
15593	1.0606e+007
15594	5.4483e+006
15595	6.265e+006
15596	8.5009e+006
15597	3.9837e+006
15598	4.1192e+006
15599	5.4493e+006
15600	3.3977e+007
15601	2.5059e+007
15602	2.6484e+007
15603	2.125e+007
15604	2.958e+007
15605	2.1919e+007
15606	3.2543e+007
15607	2.235e+007
15608	1.7625e+007
15609	2.0553e+007
15610	1.9157e+007
15611	9.7688e+006
15612	7.7517e+006
15613	1.5735e+007
15614	4.052e+006
15615	2.7828e+006
15616	1.3163e+007
15617	6.9682e+006
15618	1.0805e+007
15619	7.4015e+006
15620	8.2713e+006
15621	7.525e+006
15622	-1.7887e+007
15623	-1.5488e+007
15624	-1.3053e+007
15625	-1.1326e+007
15626	-1.4265e+007
15627	-1.2435e+007
15628	-1.0888e+007
15629	-9.3003e+006
15630	-9.2537e+006
15631	3.449e+007
15632	-7.4936e+006
15633	1.3039e+007
15634	3.261e+007
15635	1.6701e+007
15636	-2.3304e+006
15637	8.5429e+006
15638	8.7503e+006
15639	1.2412e+007
15640	1.2036e+007
15641	8.3427e+007
15642	8.4171e+007
15643	1.0636e+008
15644	9.3977e+007
15645	1.0657e+008
15646	9.3807e+007
15647	5.6566e+007
15648	4.2989e+007
15649	6.6393e+007
15650	8.3395e+007
15651	6.4665e+007
15652	4.4328e+007
15653	6.6969e+007
15654	5.0027e+007
15655	5.3914e+007
15656	4.1481e+007
15657	3.7751e+007
15658	2.1244e+007
15659	2.7327e+007
15660	2.9373e+007
15661	1.9293e+007
15662	3.595e+007
15663	1.9666e+007
15664	2.5346e+007
15665	1.7539e+007
15666	3.0595e+007
15667	2.0336e+007
15668	1.9632e+007
15669	1.5904e+007
15670	1.7733e+007
15671	1.5777e+007
15672	1.4411e+008
15673	1.8261e+008
15674	1.7683e+008
15675	1.6435e+008
15676	1.6541e+008
15677	1.48e+008
15678	1.0341e+008
15679	1.0128e+008
15680	1.1374e+008
15681	-1.0127e+007
15682	-1.1349e+007
15683	-1.3273e+007
15684	-1.0274e+007
15685	-1.5539e+007
15686	-1.2964e+007
15687	-4.3066e+006
15688	-5.4908e+006
15689	-9.0955e+006
15690	-8.4572e+006
15691	1.4333e+008
15692	1.2809e+008
15693	1.2998e+008
15694	1.3625e+008
15695	1.5566e+008
15696	1.4004e+008
15697	9.7162e+007
15698	9.2504e+007
15699	1.7382e+006
15700	3.6406e+006
15701	4.8182e+006
15702	5.2891e+006
15703	2.3502e+006
15704	2.2491e+006
15705	2.6119e+006
15706	2.3381e+006
15707	3.1879e+006
15708	3.3701e+006
15709	1.5624e+006
15710	-5.7974e+006
15711	-1.1195e+006
15712	-3.4291e+006
15713	-4.0576e+005
15714	-4.9684e+006
15715	3.3606e+005
15716	-2.4586e+006
15717	-1.5142e+006
15718	5.1454e+005
15719	-1.8413e+006
15720	2.218e+006
15721	-1.3493e+006
15722	9.2437e+005
15723	2.1833e+006
15724	-6.188e+005
15725	-5.7322e+005
15726	-3.6215e+005
15727	99114
15728	-4.3021e+006
15729	-5.0512e+006
15730	-5.7182e+006
15731	-4.0954e+006
15732	-5.8193e+006
15733	-4.302e+006
15734	-2.5459e+006
15735	-3.1568e+006
15736	-2.3313e+006
15737	1.7556e+007
15738	1.6872e+007
15739	7.4114e+006
15740	8.0584e+006
15741	1.0494e+007
15742	1.3606e+007
15743	8.575e+006
15744	9.8126e+006
15745	7.4915e+006
15746	9.8034e+006
15747	4.6742e+007
15748	5.173e+007
15749	5.4205e+007
15750	4.7414e+007
15751	6.1968e+007
15752	5.8597e+007
15753	3.4602e+007
15754	3.6732e+007
15755	3.0101e+007
15756	6.4868e+007
15757	6.7969e+007
15758	7.8805e+007
15759	7.2882e+007
15760	7.6071e+007
15761	6.6425e+007
15762	5.0159e+007
15763	5.5677e+007
15764	5.2647e+007
15765	1.5633e+007
15766	1.5007e+007
15767	1.755e+007
15768	1.5194e+007
15769	1.6474e+007
15770	1.9358e+007
15771	1.8247e+007
15772	1.1991e+007
15773	1.1868e+007
15774	-1.1715e+007
15775	-1.5076e+007
15776	-1.9271e+007
15777	-2.124e+007
15778	-1.4301e+007
15779	-1.449e+007
15780	-8.714e+006
15781	-9.2719e+006
15782	3.3506e+007
15783	3.2111e+007
15784	3.9644e+007
15785	3.4542e+007
15786	3.6785e+007
15787	3.1749e+007
15788	1.9155e+007
15789	2.3622e+007
15790	2.4057e+007
15791	-9.487e+006
15792	-8.9387e+006
15793	-9.0391e+006
15794	-8.5602e+006
15795	-8.6696e+006
15796	-9.1987e+006
15797	-9.5449e+006
15798	-5.8562e+006
15799	-5.614e+006
15800	-5.8035e+006
15801	-8.2567e+006
15802	-9.1353e+006
15803	-9.7883e+006
15804	-9.2658e+006
15805	-9.4784e+006
15806	-8.7819e+006
15807	-6.3093e+006
15808	-6.6635e+006
15809	-6.5867e+006
15810	-3.6592e+007
15811	-2.2062e+007
15812	-2.2164e+007
15813	-4.0811e+007
15814	-3.0393e+007
15815	-3.0793e+007
15816	-1.5102e+007
15817	-1.839e+007
15818	-1.7959e+007
15819	-1.9448e+007
15820	-1.6146e+007
15821	-1.9495e+007
15822	-2.0559e+007
15823	-1.739e+007
15824	-2.3801e+007
15825	-1.7017e+007
15826	-9.5164e+006
15827	-1.1488e+007
15828	-2.0151e+007
15829	-1.5604e+007
15830	-1.713e+007
15831	-2.2695e+007
15832	-1.5409e+007
15833	-1.4836e+007
15834	-2.0115e+007
15835	-7.8213e+006
15836	-1.0471e+007
15837	-5.2533e+006
15838	-1.1262e+007
15839	7.3944e+007
15840	7.0685e+007
15841	8.4476e+007
15842	7.5189e+007
15843	9.3943e+007
15844	9.2198e+007
15845	4.0311e+007
15846	5.4213e+007
15847	6.4415e+007
15848	5.9311e+007
15849	6.5332e+007
15850	5.0426e+007
15851	5.0594e+007
15852	6.0297e+007
15853	5.4556e+007
15854	5.7322e+007
15855	3.832e+007
15856	4.2794e+007
15857	4.6649e+007
15858	1.238e+008
15859	8.0266e+007
15860	9.8413e+007
15861	1.0664e+008
15862	1.3074e+008
15863	8.3121e+007
15864	1.1571e+008
15865	7.3178e+007
15866	6.2052e+007
15867	5.8188e+007
15868	3.7956e+007
15869	3.7028e+007
15870	4.5609e+007
15871	4.3825e+007
15872	4.8533e+007
15873	3.5876e+007
15874	4.1498e+007
15875	3.2415e+007
15876	2.6068e+007
15877	2.9615e+007
15878	4.5053e+007
15879	3.144e+007
15880	4.4919e+007
15881	3.1723e+007
15882	4.9606e+007
15883	3.7376e+007
15884	3.8266e+007
15885	2.7948e+007
15886	2.6154e+007
15887	3.0161e+007
15888	7.6064e+006
15889	7.7713e+006
15890	6.8149e+006
15891	8.883e+006
15892	8.4404e+006
15893	8.6919e+006
15894	5.1998e+006
15895	5.448e+006
15896	5.8799e+006
15897	3.151e+006
15898	2.9005e+006
15899	1.5039e+006
15900	2.0031e+006
15901	3.032e+006
15902	2.3337e+006
15903	2.934e+006
15904	1.5736e+006
15905	1.1108e+006
15906	-2.2092e+006
15907	-1.9862e+006
15908	-2.9446e+006
15909	-1.3707e+006
15910	-2.8487e+006
15911	-4.4219e+006
15912	-4.4937e+006
15913	-3.0532e+006
15914	-2.025e+006
15915	-1.986e+006
15916	-3.259e+006
15917	-2.1989e+006
15918	-2.1785e+006
15919	-2.0954e+006
15920	1.6756e+006
15921	5.3726e+006
15922	6.1529e+006
15923	-1.6464e+006
15924	-2.3587e+006
15925	1.3246e+005
15926	1.5179e+005
15927	1.4577e+006
15928	9.4007e+005
15929	1.7636e+008
15930	1.8268e+008
15931	1.7512e+008
15932	1.9086e+008
15933	1.7766e+008
15934	1.7229e+008
15935	1.2256e+008
15936	1.3923e+008
15937	4.7391e+005
15938	-1.9712e+006
15939	-4.2765e+006
15940	7.8664e+005
15941	-2.5471e+006
15942	-2.7188e+006
15943	-1.693e+006
15944	-1.7993e+006
15945	-7.6385e+005
15946	2.1449e+007
15947	1.7642e+007
15948	2.0828e+007
15949	2.3579e+007
15950	1.7649e+007
15951	1.6893e+007
15952	1.4275e+007
15953	1.6944e+007
15954	1.4373e+007
15955	-6.6241e+006
15956	-6.3213e+006
15957	-3.3383e+006
15958	-4.1126e+006
15959	-5.9645e+006
15960	-3.5335e+006
15961	-4.7973e+006
15962	-2.8805e+006
15963	-3.1042e+006
15964	-3.0143e+006
15965	-5.8923e+006
15966	-3.524e+006
15967	-4.3193e+006
15968	-2.1969e+006
15969	-2.8261e+006
15970	-1.5987e+006
15971	-5.6913e+006
15972	-1.5298e+006
15973	-2.0379e+006
15974	-9.0196e+005
15975	1.2761e+006
15976	1.093e+007
15977	9.4498e+006
15978	8.5445e+006
15979	1.3924e+007
15980	1.3263e+007
15981	8.3182e+006
15982	7.7267e+006
15983	9.6297e+006
15984	7.3505e+006
15985	6.3678e+006
15986	9.9876e+006
15987	1.4417e+007
15988	1.123e+007
15989	1.4013e+007
15990	1.1466e+007
15991	1.6157e+007
15992	1.7398e+007
15993	7.3907e+006
15994	8.6818e+006
15995	1.1002e+007
15996	-8.8184e+006
15997	-6.0219e+006
15998	-6.5023e+006
15999	-1.0393e+007
16000	-1.1108e+007
16001	-8.9161e+006
16002	-7.3703e+006
16003	-6.0364e+006
16004	-5.9177e+006
16005	3.4077e+007
16006	1.7968e+007
16007	1.8556e+007
16008	2.5119e+007
16009	1.4639e+007
16010	3.5027e+007
16011	1.4824e+007
16012	2.0263e+007
16013	1.6757e+007
16014	4.8084e+007
16015	5.5914e+007
16016	5.5076e+007
16017	4.6119e+007
16018	6.3972e+007
16019	6.3921e+007
16020	3.8913e+007
16021	3.426e+007
16022	2.9282e+007
16023	6.0353e+006
16024	1.5253e+007
16025	1.1596e+007
16026	7.6252e+006
16027	1.012e+007
16028	1.2392e+007
16029	7.453e+006
16030	7.663e+006
16031	8.2069e+006
16032	1.0036e+007
16033	3.0595e+007
16034	-1.9768e+006
16035	3.7094e+007
16036	1.49e+007
16037	3.4368e+007
16038	8.2868e+006
16039	-8.0258e+005
16040	1.4224e+007
16041	2.2706e+007
16042	6.8286e+006
16043	1.2474e+008
16044	1.5739e+008
16045	1.265e+008
16046	1.5501e+008
16047	1.3279e+008
16048	1.4424e+008
16049	1.3891e+008
16050	9.2781e+007
16051	1.0943e+008
16052	9.2889e+007
16053	9.5816e+007
16054	8.9605e+007
16055	1.0232e+008
16056	7.9789e+007
16057	8.4959e+007
16058	8.0084e+007
16059	5.6723e+007
16060	3.4459e+007
16061	5.2422e+007
16062	4.5394e+007
16063	8.2976e+007
16064	1.0095e+008
16065	8.4332e+007
16066	1.1372e+008
16067	1.0364e+008
16068	9.0702e+007
16069	7.5333e+007
16070	-9.1159e+005
16071	8.5575e+005
16072	1.1532e+006
16073	3.496e+006
16074	-1.2206e+006
16075	1.8526e+006
16076	8.8617e+007
16077	6.859e+007
16078	1.074e+008
16079	1.0691e+008
16080	6.8488e+007
16081	8.6999e+007
16082	5.6825e+007
16083	6.0444e+007
16084	3.2214e+007
16085	3.6612e+007
16086	4.0453e+007
16087	3.1541e+007
16088	3.3933e+007
16089	3.7982e+007
16090	2.6749e+007
16091	2.8252e+007
16092	8.1649e+007
16093	6.6218e+007
16094	6.8603e+007
16095	6.8552e+007
16096	7.6705e+007
16097	7.5489e+007
16098	6.7268e+007
16099	4.8041e+007
16100	5.92e+007
16101	5.1515e+007
16102	8.4401e+007
16103	7.8239e+007
16104	6.1977e+007
16105	5.9416e+007
16106	7.0044e+007
16107	8.555e+007
16108	4.6717e+007
16109	5.366e+007
16110	6.2345e+007
16111	7.1987e+007
16112	6.5764e+007
16113	7.7048e+007
16114	7.2775e+007
16115	6.553e+007
16116	4.9265e+007
16117	5.6218e+007
16118	2.6071e+007
16119	3.3173e+007
16120	2.7619e+007
16121	3.2614e+007
16122	2.3499e+007
16123	2.114e+007
16124	2.3218e+007
16125	-7.2946e+006
16126	-8.1072e+006
16127	-7.3467e+006
16128	-6.9378e+006
16129	-7.039e+006
16130	-3.7655e+006
16131	-3.8539e+006
16132	-3.6102e+006
16133	-3.9986e+006
16134	1.4784e+008
16135	1.3748e+008
16136	1.5663e+008
16137	1.1969e+008
16138	1.2195e+008
16139	1.1795e+008
16140	1.3387e+008
16141	9.0166e+007
16142	9.7853e+007
16143	9.6573e+007
16144	1.1159e+008
16145	1.2095e+008
16146	1.1117e+008
16147	1.3261e+008
16148	1.1406e+008
16149	1.3262e+008
16150	7.0793e+007
16151	8.5415e+007
16152	8.6196e+007
16153	7.1806e+007
16154	7.412e+007
16155	8.3756e+007
16156	6.6111e+007
16157	6.2888e+007
16158	4.6515e+007
16159	3.2939e+007
16160	4.4251e+007
16161	5.6342e+007
16162	5.5438e+007
16163	-1.3359e+007
16164	2.4879e+006
16165	-8.0492e+006
16166	4.3455e+005
16167	-6.0236e+006
16168	-6.8215e+006
16169	-2.5215e+006
16170	-2.7249e+006
16171	-6.1897e+006
16172	2.9752e+007
16173	2.8408e+007
16174	2.8525e+007
16175	3.1957e+007
16176	3.4426e+007
16177	1.6796e+007
16178	2.1263e+007
16179	2.072e+007
16180	2.7013e+007
16181	2.5315e+007
16182	2.7995e+007
16183	2.5688e+007
16184	1.9868e+007
16185	1.9325e+007
16186	-7.0768e+006
16187	-1.1646e+007
16188	-6.9922e+006
16189	-9.1616e+006
16190	-9.028e+006
16191	-1.0878e+007
16192	-6.1849e+006
16193	-7.5817e+006
16194	-7.3045e+006
16195	-6.4169e+006
16196	-3.456e+007
16197	-4.5126e+007
16198	-4.0454e+007
16199	-3.5109e+007
16200	-3.4662e+007
16201	-2.2275e+007
16202	7.6591e+006
16203	-1.195e+007
16204	-2.0179e+007
16205	7.8687e+005
16206	4.0155e+006
16207	-4.8878e+006
16208	-8.1752e+006
16209	-6.4923e+005
16210	1.1318e+007
16211	1.775e+007
16212	1.8034e+007
16213	6.3508e+006
16214	6.949e+006
16215	9.7003e+006
16216	1.347e+007
16217	1.2464e+007
16218	9.8238e+006
16219	5.264e+005
16220	2.5505e+006
16221	8.6336e+006
16222	4.6628e+006
16223	3.7655e+006
16224	6.8799e+006
16225	3.6893e+006
16226	4.4906e+006
16227	5.2446e+006
16228	3.1639e+006
16229	-1.158e+007
16230	-1.3964e+007
16231	-1.2148e+007
16232	-1.2282e+007
16233	-1.3591e+007
16234	-8.1011e+006
16235	-8.0627e+006
16236	-7.3103e+006
16237	4.0069e+007
16238	2.7931e+007
16239	4.3492e+007
16240	2.4274e+007
16241	4.0931e+007
16242	1.24e+007
16243	2.5317e+007
16244	2.2715e+007
16245	3.5176e+007
16246	6.6066e+005
16247	1.8804e+005
16248	-5.2719e+005
16249	-1.0397e+006
16250	-2.0157e+006
16251	-2.2224e+006
16252	4.7219e+005
16253	-2.8387e+005
16254	1.2845e+005
16255	-2.5159e+005
16256	7.7363e+007
16257	9.2019e+007
16258	8.0107e+007
16259	6.0421e+007
16260	6.3844e+007
16261	8.8632e+007
16262	3.1638e+007
16263	5.5528e+007
16264	2.2646e+007
16265	2.8807e+007
16266	3.0144e+007
16267	1.938e+007
16268	2.5213e+007
16269	1.6868e+007
16270	1.8735e+007
16271	1.5586e+007
16272	1.5577e+007
16273	-8.9601e+006
16274	-6.1198e+006
16275	-7.8854e+006
16276	-6.1679e+006
16277	-7.7192e+006
16278	-6.4497e+006
16279	-4.8451e+006
16280	-4.5049e+006
16281	-6.0682e+006
16282	1.032e+007
16283	8.6543e+006
16284	9.1252e+006
16285	1.3373e+007
16286	1.2617e+007
16287	7.8365e+006
16288	8.2307e+006
16289	1.0097e+007
16290	1.4282e+008
16291	1.2542e+008
16292	1.0786e+008
16293	1.2672e+008
16294	1.0502e+008
16295	7.8702e+007
16296	8.3145e+007
16297	8.0591e+007
16298	5.5754e+007
16299	8.1643e+007
16300	1.6371e+008
16301	1.8286e+008
16302	1.9205e+008
16303	1.8139e+008
16304	1.8956e+008
16305	1.2442e+008
16306	1.249e+008
16307	2.8123e+007
16308	1.8827e+007
16309	2.2667e+007
16310	1.5584e+007
16311	2.6042e+007
16312	1.6184e+007
16313	1.3168e+007
16314	1.9781e+007
16315	1.4902e+007
16316	6.3787e+007
16317	5.6537e+007
16318	5.192e+007
16319	5.3064e+007
16320	5.6082e+007
16321	4.3818e+007
16322	3.9802e+007
16323	2.7817e+007
16324	2.9372e+007
16325	4.3971e+007
16326	3.5014e+007
16327	2.7064e+007
16328	3.1538e+007
16329	2.2188e+007
16330	1.1491e+007
16331	2.3155e+007
16332	1.7384e+007
16333	-5.5286e+006
16334	-7.8043e+006
16335	-4.7831e+006
16336	-7.4348e+006
16337	-3.5511e+006
16338	-3.3074e+006
16339	-3.7747e+006
16340	-4.0532e+006
16341	3.637e+007
16342	4.9709e+007
16343	4.0357e+007
16344	4.6853e+007
16345	4.6236e+007
16346	3.8321e+007
16347	4.0564e+007
16348	2.6337e+007
16349	2.7836e+007
16350	2.7186e+007
16351	8.6901e+007
16352	5.7154e+007
16353	8.2185e+007
16354	7.455e+007
16355	6.1317e+007
16356	5.8104e+007
16357	4.4944e+007
16358	4.4718e+007
16359	3.2497e+007
16360	4.268e+007
16361	-2.7153e+007
16362	-3.5591e+007
16363	-3.5381e+007
16364	-2.4872e+007
16365	-2.8938e+007
16366	-1.8533e+007
16367	-1.8428e+007
16368	-1.9223e+007
16369	4.7916e+006
16370	3.8556e+006
16371	3.7576e+006
16372	4.6723e+006
16373	4.2636e+006
16374	2.3972e+006
16375	2.5265e+006
16376	3.156e+006
16377	3.1439e+006
16378	1.7135e+008
16379	1.7477e+008
16380	1.6571e+008
16381	1.5258e+008
16382	1.486e+008
16383	9.0749e+007
16384	6.3194e+007
16385	1.1258e+008
16386	1.1775e+008
16387	1.1167e+008
16388	1.113e+008
16389	-8.887e+006
16390	-9.6553e+006
16391	-9.2243e+006
16392	-9.3131e+006
16393	-9.5706e+006
16394	-9.5678e+006
16395	-5.5587e+006
16396	-5.6396e+006
16397	-4.9377e+006
16398	8.5029e+007
16399	9.5847e+007
16400	6.6612e+007
16401	9.0936e+007
16402	7.5458e+007
16403	5.0449e+007
16404	3.3942e+007
16405	5.9531e+007
16406	-6.3622e+006
16407	-6.0798e+006
16408	-3.0613e+006
16409	-6.5558e+006
16410	-4.3306e+006
16411	-6.4697e+006
16412	-2.9023e+006
16413	-2.0294e+006
16414	9.7067e+007
16415	1.3553e+008
16416	1.1995e+008
16417	1.2246e+008
16418	1.0559e+008
16419	6.8265e+007
16420	4.8423e+007
16421	4.8598e+007
16422	7.2488e+007
16423	5.6153e+007
16424	6.1795e+007
16425	5.4778e+007
16426	5.7749e+007
16427	5.5037e+007
16428	6.0251e+007
16429	4.9503e+007
16430	4.6473e+007
16431	4.6232e+007
16432	1.1943e+007
16433	1.2331e+007
16434	1.3551e+007
16435	1.2615e+007
16436	1.4831e+007
16437	8.152e+006
16438	1.0137e+007
16439	1.0225e+007
16440	-2.7426e+005
16441	-1.4114e+006
16442	-1.2586e+006
16443	7.2137e+005
16444	6.2027e+005
16445	9.8309e+005
16446	1.7413e+006
16447	1.5128e+006
16448	3.3443e+007
16449	4.7403e+007
16450	3.3039e+007
16451	3.7608e+007
16452	4.0611e+007
16453	2.5749e+007
16454	2.6638e+007
16455	2.3299e+007
16456	3.688e+006
16457	1.1243e+006
16458	3.4666e+006
16459	5.0901e+006
16460	6.1236e+006
16461	3.9782e+006
16462	4.2046e+006
16463	1.8665e+006
16464	3.121e+006
16465	-8.0375e+006
16466	-6.4761e+006
16467	-9.0223e+006
16468	-6.5312e+006
16469	-8.1887e+006
16470	-5.3191e+006
16471	-6.0778e+006
16472	-5.3335e+006
16473	-5.0913e+006
16474	3.1009e+007
16475	1.6137e+007
16476	1.4084e+007
16477	2.9678e+007
16478	2.2607e+007
16479	1.61e+007
16480	1.6044e+007
16481	1.0925e+007
16482	5.5627e+006
16483	3.8562e+006
16484	4.7568e+006
16485	2.6238e+006
16486	3.1465e+006
16487	2.6117e+006
16488	3.4615e+006
16489	9.6572e+007
16490	8.2879e+007
16491	8.9986e+007
16492	8.8734e+007
16493	8.4461e+007
16494	1.017e+008
16495	7.0351e+007
16496	-1.2055e+006
16497	-1.67e+006
16498	-4.862e+006
16499	-3.6948e+006
16500	-2.2632e+006
16501	-3.4459e+006
16502	-1.5858e+006
16503	-1.0268e+006
16504	-1.5074e+006
16505	-2.3007e+006
16506	-1.4533e+006
16507	9.5336e+007
16508	9.2732e+007
16509	8.6044e+007
16510	8.4828e+007
16511	9.8224e+007
16512	6.8539e+007
16513	7.0364e+007
16514	2.7105e+006
16515	-5.2584e+006
16516	-6.1809e+005
16517	-9.0203e+006
16518	-9.209e+006
16519	-3.4331e+006
16520	2.0033e+005
16521	1.4996e+006
16522	6.99e+006
16523	9.4655e+006
16524	1.0795e+007
16525	3.2182e+006
16526	3.9319e+006
16527	5.7336e+006
16528	7.1698e+006
16529	4.6737e+006
16530	8.7011e+006
16531	2.554e+005
16532	-2.0302e+006
16533	-4.563e+005
16534	-3.0715e+005
16535	-8.3374e+005
16536	-7.4748e+005
16537	-1.043e+006
16538	-1.2845e+006
16539	1.8263e+007
16540	2.0496e+007
16541	1.8518e+007
16542	2.497e+007
16543	9.3712e+006
16544	1.562e+007
16545	1.3789e+007
16546	1.5129e+007
16547	1.0594e+007
16548	1.8458e+007
16549	1.1909e+007
16550	1.1903e+007
16551	1.7841e+007
16552	1.5403e+007
16553	1.1528e+007
16554	9.125e+006
16555	1.1445e+007
16556	9.2042e+006
16557	-8.9408e+006
16558	-1.1797e+007
16559	-1.1012e+007
16560	-9.7882e+006
16561	-3.1392e+006
16562	-6.8317e+006
16563	-5.7265e+006
16564	-7.2898e+006
16565	2.0294e+007
16566	4.837e+007
16567	4.4166e+007
16568	2.3522e+007
16569	3.2918e+007
16570	2.3098e+007
16571	1.4619e+007
16572	2.6342e+007
16573	1.8858e+007
16574	1.6329e+008
16575	1.7906e+008
16576	1.6049e+008
16577	1.4645e+008
16578	1.4546e+008
16579	1.0556e+008
16580	1.2743e+008
16581	3.8799e+007
16582	4.5294e+007
16583	4.0978e+007
16584	3.3551e+007
16585	3.2671e+007
16586	2.161e+007
16587	2.684e+007
16588	3.0297e+007
16589	2.3665e+007
16590	2.5627e+007
16591	5.6089e+007
16592	5.6152e+007
16593	8.7662e+007
16594	7.3549e+007
16595	8.1207e+007
16596	4.3716e+007
16597	5.4993e+007
16598	2.6655e+006
16599	2.7618e+006
16600	-9.0176e+005
16601	1.3204e+006
16602	2.9466e+005
16603	85381
16604	5.4664e+005
16605	4.2815e+005
16606	6.8218e+007
16607	7.4587e+007
16608	5.3671e+007
16609	6.2177e+007
16610	5.2766e+007
16611	4.3585e+007
16612	5.9219e+007
16613	4.6189e+007
16614	-7.3892e+006
16615	-9.1191e+006
16616	-8.8858e+006
16617	-9.2403e+006
16618	-8.1869e+006
16619	-7.8418e+006
16620	-1.0331e+007
16621	-3.5024e+006
16622	-4.5104e+006
16623	-4.9509e+006
16624	-3.2576e+006
16625	-9.8399e+005
16626	-6.2542e+006
16627	-4.306e+006
16628	-4.735e+006
16629	-2.5272e+006
16630	-2.4816e+006
16631	-3.3663e+006
16632	-6.0201e+006
16633	-5.1636e+006
16634	-3.7854e+006
16635	-3.9884e+006
16636	-5.7123e+006
16637	-2.4389e+006
16638	-2.2243e+006
16639	6.1842e+006
16640	3.0446e+006
16641	1.1732e+007
16642	3.0645e+006
16643	1.3445e+007
16644	7.25e+006
16645	1.1086e+007
16646	7.9291e+006
16647	2.5786e+007
16648	2.3972e+007
16649	2.3846e+007
16650	2.3555e+007
16651	1.7982e+007
16652	6.3244e+007
16653	6.7256e+007
16654	7.5797e+007
16655	7.6423e+007
16656	4.7561e+007
16657	5.0526e+007
16658	1.7001e+007
16659	7.5137e+006
16660	1.2754e+007
16661	6.1999e+006
16662	1.2721e+007
16663	9.0747e+006
16664	8.8658e+006
16665	1.001e+008
16666	9.3542e+007
16667	9.268e+007
16668	7.4297e+007
16669	7.4348e+007
16670	7.5128e+007
16671	6.4001e+006
16672	7.6964e+006
16673	7.2252e+006
16674	6.5568e+006
16675	8.0256e+006
16676	5.7767e+006
16677	5.3633e+006
16678	4.7849e+006
16679	4.4652e+006
16680	6.4278e+006
16681	4.3342e+006
16682	6.6636e+006
16683	3.8793e+006
16684	2.2501e+006
16685	-5.3327e+005
16686	-2.4808e+006
16687	-3.8905e+005
16688	2.1686e+006
16689	4.926e+005
16690	1.7901e+005
16691	-8.4254e+006
16692	-6.9061e+006
16693	-8.6745e+006
16694	-9.534e+006
16695	-6.9779e+006
16696	-5.5374e+006
16697	-6.3993e+006
16698	-5.7431e+006
16699	2.0056e+007
16700	1.6756e+007
16701	1.8506e+007
16702	1.453e+007
16703	1.4834e+007
16704	1.8528e+007
16705	1.1267e+007
16706	1.2272e+007
16707	1.3004e+007
16708	1.5282e+007
16709	1.3396e+007
16710	1.2925e+007
16711	1.1242e+007
16712	1.129e+007
16713	6.9602e+006
16714	9.5993e+006
16715	7.0446e+006
16716	-6.7722e+006
16717	-6.9338e+006
16718	-5.6643e+006
16719	-7.2973e+006
16720	-4.8963e+006
16721	-4.9263e+006
16722	-4.5526e+006
16723	-4.5738e+006
16724	-4.4723e+006
16725	-5.179e+006
16726	-2.142e+007
16727	-1.9481e+007
16728	-1.8259e+007
16729	-2.2467e+007
16730	-2.5149e+007
16731	-1.4882e+007
16732	-1.2823e+007
16733	-6.1917e+006
16734	-1.8991e+007
16735	-1.6416e+007
16736	-2.3725e+007
16737	-1.6941e+007
16738	-2.3057e+007
16739	-1.1412e+007
16740	-1.2547e+007
16741	-7.029e+006
16742	-2.0313e+007
16743	-6.0566e+006
16744	-2.098e+007
16745	-1.3374e+007
16746	-1.0174e+007
16747	-7.7872e+006
16748	-4.1538e+006
16749	-7.5704e+006
16750	-1.0988e+007
16751	-9.1999e+006
16752	-6.4514e+006
16753	-1.0402e+007
16754	-7.9906e+006
16755	-3.9957e+006
16756	-5.4808e+006
16757	1.0516e+007
16758	9.3258e+006
16759	9.5754e+006
16760	9.5773e+006
16761	7.6344e+006
16762	7.2405e+006
16763	6.3333e+006
16764	4.4414e+007
16765	4.6537e+007
16766	5.3265e+007
16767	5.0043e+007
16768	4.298e+007
16769	4.4066e+007
16770	3.4263e+007
16771	3.2788e+007
16772	3.4336e+007
16773	3.1406e+007
16774	-3.8441e+007
16775	-4.1867e+007
16776	-2.9424e+007
16777	-3.1393e+007
16778	-3.2666e+007
16779	-3.9155e+007
16780	-2.1253e+007
16781	-1.8381e+007
16782	-4.7713e+007
16783	-3.3639e+007
16784	-3.7295e+007
16785	-5.0549e+007
16786	-4.6966e+007
16787	-3.2132e+007
16788	-2.1051e+007
16789	-2.4834e+007
16790	-2.5292e+007
16791	-3.3903e+007
16792	-2.7141e+007
16793	-1.1368e+007
16794	-1.7351e+007
16795	-1.4182e+007
16796	-1.257e+007
16797	-1.258e+007
16798	-6.1637e+006
16799	-7.3519e+006
16800	-7.6488e+006
16801	-5.8621e+006
16802	-3.3198e+006
16803	-5.9716e+006
16804	-3.6683e+006
16805	-2.3651e+006
16806	-2.7982e+006
16807	-2.4873e+006
16808	-2.59e+006
16809	5.4073e+006
16810	4.3e+006
16811	4.571e+006
16812	5.4907e+006
16813	4.8061e+006
16814	3.7539e+006
16815	3.9399e+006
16816	3.6863e+006
16817	2.7149e+007
16818	3.3304e+007
16819	2.5444e+007
16820	2.411e+007
16821	3.1268e+007
16822	1.466e+007
16823	1.6687e+007
16824	2.1345e+007
16825	2.0783e+007
16826	2.0132e+007
16827	2.3636e+007
16828	1.3612e+007
16829	1.4392e+007
16830	2.0862e+007
16831	2.0852e+007
16832	1.6997e+007
16833	1.4299e+007
16834	1.3122e+007
16835	9.6968e+006
16836	-6.2667e+006
16837	-4.6119e+006
16838	-4.5493e+006
16839	-4.1935e+006
16840	-3.5713e+006
16841	-3.8863e+006
16842	-3.9077e+006
16843	-3.2264e+006
16844	-3.5671e+005
16845	-1.6422e+006
16846	3.3772e+005
16847	-1.8452e+006
16848	5.9944e+005
16849	3.2563e+005
16850	-81116
16851	-7.8564e+006
16852	-8.0322e+006
16853	-8.2473e+006
16854	-8.7765e+006
16855	-4.1199e+006
16856	-5.3812e+006
16857	-4.5083e+006
16858	1.0931e+008
16859	1.1558e+008
16860	9.2563e+007
16861	9.1956e+007
16862	9.2582e+007
16863	6.372e+007
16864	7.7194e+007
16865	-1.7797e+007
16866	-1.5648e+007
16867	-1.3623e+007
16868	-2.5134e+007
16869	-2.4688e+007
16870	-1.442e+007
16871	-1.3789e+007
16872	-8.2552e+006
16873	-6.4497e+006
16874	-7.9018e+006
16875	-5.5008e+006
16876	-5.1783e+006
16877	-5.7834e+006
16878	-5.5581e+006
16879	-5.7066e+006
16880	-1.0258e+007
16881	-9.9368e+006
16882	-1.0825e+007
16883	-9.9478e+006
16884	-9.9492e+006
16885	-7.0561e+006
16886	-6.4435e+006
16887	-5.9879e+006
16888	1.8476e+006
16889	1.1323e+006
16890	2.3495e+006
16891	2.615e+006
16892	2.2654e+006
16893	1.8994e+006
16894	1.788e+006
16895	4.0152e+007
16896	3.5621e+007
16897	3.2203e+007
16898	2.2345e+007
16899	2.2396e+007
16900	2.5942e+007
16901	6.246e+007
16902	5.6212e+007
16903	5.6719e+007
16904	5.772e+007
16905	6.1176e+007
16906	4.1949e+007
16907	4.9643e+007
16908	-1.8577e+007
16909	-2.5669e+007
16910	-3.1562e+007
16911	-2.0843e+007
16912	-6.921e+006
16913	-1.0795e+007
16914	-1.3445e+007
16915	-8.2265e+006
16916	-1.5193e+007
16917	2.79e+007
16918	3.1275e+007
16919	3.6897e+007
16920	3.5206e+007
16921	2.5917e+007
16922	2.5645e+007
16923	2.5281e+007
16924	2.5014e+007
16925	-4.8073e+006
16926	-6.9768e+006
16927	-4.6607e+006
16928	-3.871e+006
16929	-4.e+006
16930	-4.232e+006
16931	-4.5595e+006
16932	-2.9654e+006
16933	-9.3365e+005
16934	-3.3074e+006
16935	1.0575e+006
16936	-7698.6
16937	-2.3427e+005
16938	-41134
16939	-7.3283e+006
16940	-9.4769e+006
16941	-9.3811e+006
16942	-9.3784e+006
16943	-8.5475e+006
16944	-6.4367e+006
16945	-6.5852e+006
16946	1.6527e+006
16947	3.995e+006
16948	4.4105e+006
16949	2.7015e+006
16950	1.8245e+006
16951	2.255e+006
16952	2.86e+006
16953	2.0926e+006
16954	1.1967e+008
16955	1.61e+008
16956	1.2407e+008
16957	1.0256e+008
16958	1.0095e+008
16959	8.9434e+007
16960	1.0304e+008
16961	6.8502e+005
16962	-1.1195e+007
16963	-2.0681e+007
16964	-4.9897e+006
16965	-5.667e+006
16966	-9.3352e+006
16967	-6.1612e+006
16968	-6.0752e+006
16969	-3.9835e+006
16970	-4.1896e+006
16971	-2.939e+006
16972	-2.5078e+006
16973	-3.5709e+006
16974	-1.1031e+007
16975	-1.6296e+007
16976	-1.1412e+007
16977	-1.3262e+007
16978	-6.2478e+006
16979	-9.966e+006
16980	-9.2141e+006
16981	-9.6888e+006
16982	-1.4647e+007
16983	-1.5362e+007
16984	-2.0067e+007
16985	-1.029e+007
16986	-1.2482e+007
16987	-1.0424e+007
16988	-1.0894e+007
16989	8.406e+006
16990	7.6002e+006
16991	1.1898e+007
16992	1.0492e+007
16993	6.9814e+006
16994	7.5114e+006
16995	1.9532e+007
16996	1.2449e+007
16997	1.2846e+007
16998	1.0819e+007
16999	1.0033e+007
17000	1.1767e+007
17001	-6.3775e+006
17002	-8.4133e+006
17003	-3.2064e+006
17004	-5.6733e+006
17005	-4.992e+006
17006	-6.967e+006
17007	-6.2151e+006
17008	4.6666e+007
17009	5.2513e+007
17010	5.0484e+007
17011	4.5477e+007
17012	5.5698e+007
17013	3.6395e+007
17014	4.495e+007
17015	5.5212e+007
17016	4.9084e+007
17017	4.2983e+007
17018	5.9716e+007
17019	5.9712e+007
17020	4.3729e+007
17021	2.4838e+007
17022	3.347e+007
17023	3.6385e+007
17024	3.5768e+007
17025	5.8337e+007
17026	6.9707e+007
17027	6.3023e+007
17028	7.6814e+007
17029	3.3008e+007
17030	4.1366e+007
17031	4.6551e+007
17032	3.7447e+007
17033	2.1876e+007
17034	8.3126e+007
17035	1.0188e+008
17036	8.3121e+007
17037	9.8628e+007
17038	4.2673e+007
17039	8.0371e+007
17040	5.9794e+007
17041	6.7247e+007
17042	8.467e+007
17043	6.9829e+007
17044	7.6766e+007
17045	6.6854e+007
17046	5.7086e+007
17047	5.6182e+007
17048	4.1379e+007
17049	4.522e+007
17050	4.9182e+007
17051	4.6746e+007
17052	3.6923e+007
17053	3.742e+007
17054	3.365e+007
17055	4.6771e+007
17056	3.9708e+007
17057	2.9516e+007
17058	2.8793e+007
17059	2.8134e+007
17060	1.0686e+008
17061	1.1946e+008
17062	1.3091e+008
17063	1.1236e+008
17064	6.9093e+007
17065	7.9559e+007
17066	8.4495e+007
17067	9.6282e+007
17068	2.2427e+007
17069	1.9523e+007
17070	1.786e+007
17071	2.3752e+007
17072	2.1445e+007
17073	9.6365e+006
17074	1.3146e+007
17075	1.2635e+007
17076	2.1943e+007
17077	2.9101e+007
17078	2.0415e+007
17079	2.6307e+007
17080	1.5701e+007
17081	1.452e+007
17082	1.818e+007
17083	1.5939e+007
17084	1.8082e+007
17085	1.9923e+007
17086	1.9633e+007
17087	1.2265e+007
17088	1.3261e+007
17089	4.3748e+006
17090	1.2142e+007
17091	9.5877e+006
17092	2.5432e+007
17093	3.e+007
17094	2.205e+007
17095	1.5755e+007
17096	1.7174e+007
17097	1.6532e+007
17098	1.3543e+008
17099	1.2536e+008
17100	1.5484e+008
17101	1.4947e+008
17102	9.1898e+007
17103	8.0773e+007
17104	9.6347e+007
17105	1.1641e+008
17106	7.3604e+007
17107	5.3577e+007
17108	5.8312e+007
17109	3.7668e+007
17110	3.3379e+007
17111	2.3717e+007
17112	1.9186e+007
17113	2.937e+007
17114	2.4867e+007
17115	1.9153e+007
17116	1.8147e+007
17117	2.2154e+007
17118	1.7714e+006
17119	1.1955e+006
17120	9.8829e+006
17121	4.8517e+006
17122	5.4008e+006
17123	2.9787e+006
17124	6.08e+006
17125	2.9335e+007
17126	2.2121e+007
17127	2.3962e+007
17128	2.6187e+007
17129	2.3362e+007
17130	1.4174e+007
17131	1.73e+007
17132	1.7656e+007
17133	1.8098e+007
17134	-3.4107e+007
17135	-2.5633e+007
17136	-2.8315e+007
17137	-9.4657e+006
17138	-1.5989e+007
17139	-1.5928e+007
17140	-9.3579e+006
17141	6.8892e+007
17142	1.0804e+008
17143	9.2466e+007
17144	3.6511e+007
17145	6.0576e+007
17146	1.0938e+006
17147	1.243e+006
17148	2.0728e+006
17149	8.0266e+005
17150	7.7223e+005
17151	1.1322e+006
17152	3916.2
17153	1.2189e+006
17154	-1.3222e+006
17155	-94835
17156	-25995
17157	6.0189e+005
17158	6.1738e+005
17159	-1.1007e+007
17160	-1.1141e+007
17161	-9.9172e+006
17162	-1.013e+007
17163	-6.9607e+006
17164	-7.2382e+006
17165	-6.1699e+006
17166	3.3646e+007
17167	4.9206e+007
17168	3.7237e+007
17169	1.8114e+007
17170	2.1638e+007
17171	1.7e+007
17172	2.3083e+007
17173	2.8429e+007
17174	4.089e+007
17175	1.0533e+008
17176	1.1162e+008
17177	9.8852e+007
17178	9.1217e+007
17179	6.1611e+007
17180	6.1385e+007
17181	7.1609e+007
17182	7.1717e+007
17183	-4.4673e+007
17184	-3.8928e+007
17185	-5.2181e+007
17186	-2.6924e+007
17187	-2.6494e+007
17188	-2.8774e+007
17189	-4.7509e+007
17190	-1.5359e+007
17191	-2.1821e+007
17192	-2.4101e+007
17193	-2.3632e+007
17194	-6.9181e+006
17195	-4.8684e+006
17196	-6.573e+006
17197	-5.0345e+005
17198	-2.2336e+006
17199	-1.5687e+006
17200	-6.7585e+006
17201	-4.3043e+006
17202	-3.9329e+006
17203	-4.0185e+006
17204	-4.1474e+006
17205	4.149e+007
17206	5.0729e+007
17207	5.4148e+007
17208	2.8213e+007
17209	2.7316e+007
17210	2.8264e+007
17211	3.7582e+007
17212	3.2028e+007
17213	2.3683e+007
17214	2.5549e+007
17215	2.2786e+007
17216	-4.8792e+006
17217	-3.6195e+006
17218	-3.4668e+006
17219	-3.7674e+006
17220	-3.2745e+006
17221	-2.9344e+006
17222	5.5078e+007
17223	4.4298e+007
17224	4.3739e+007
17225	3.3421e+007
17226	2.9502e+007
17227	3.4343e+007
17228	1.8934e+008
17229	1.8356e+008
17230	1.2046e+008
17231	1.2009e+008
17232	1.2218e+008
17233	1.0121e+008
17234	1.031e+008
17235	8.087e+007
17236	8.0819e+007
17237	5.5811e+007
17238	3.5245e+007
17239	4.618e+007
17240	6.4893e+007
17241	1.751e+007
17242	1.3259e+007
17243	1.5532e+007
17244	1.1598e+007
17245	1.0803e+007
17246	1.2143e+007
17247	6.5241e+006
17248	3.1202e+006
17249	4.149e+006
17250	1.024e+006
17251	2.6844e+006
17252	2.8199e+006
17253	2.3464e+006
17254	2.2279e+006
17255	1.9275e+008
17256	1.8027e+008
17257	1.9604e+008
17258	1.1932e+008
17259	1.2966e+008
17260	1.3138e+008
17261	7.1724e+007
17262	1.1004e+008
17263	1.0905e+008
17264	6.6516e+007
17265	5.1526e+007
17266	6.3578e+007
17267	-8.5473e+006
17268	-6.4304e+006
17269	-8.0634e+006
17270	-5.3187e+006
17271	-5.9451e+006
17272	-4.4857e+006
17273	1.7792e+008
17274	1.7554e+008
17275	1.1142e+008
17276	1.2996e+008
17277	1.2388e+008
17278	2.0725e+007
17279	2.1858e+007
17280	2.0747e+007
17281	2.2647e+007
17282	1.449e+007
17283	1.6284e+007
17284	1.5222e+007
17285	2.5488e+007
17286	3.3309e+007
17287	2.8239e+007
17288	2.0339e+007
17289	2.5265e+007
17290	1.8935e+007
17291	2.3446e+007
17292	2.2515e+007
17293	5.0445e+007
17294	6.9065e+007
17295	2.1638e+007
17296	2.7575e+007
17297	4.4352e+007
17298	4.285e+007
17299	5.3138e+007
17300	6.0005e+007
17301	5.2521e+007
17302	3.2622e+007
17303	4.3275e+007
17304	1.8792e+007
17305	3.814e+007
17306	-7.2717e+006
17307	-6.2395e+006
17308	-6.7882e+006
17309	-3.5147e+006
17310	-3.7479e+006
17311	-8.3029e+006
17312	-8.3708e+006
17313	-1.0792e+007
17314	-4.3759e+006
17315	-5.412e+006
17316	2.7964e+007
17317	6.1469e+007
17318	4.5022e+007
17319	3.1637e+007
17320	3.0259e+007
17321	1.9416e+007
17322	2.5453e+007
17323	2.6753e+007
17324	-4.3006e+007
17325	-3.3806e+007
17326	-3.3137e+007
17327	-2.2732e+007
17328	-1.9521e+007
17329	-4.3208e+006
17330	-3.4525e+007
17331	-1.9691e+007
17332	-2.0024e+007
17333	-1.2392e+007
17334	-4.7142e+007
17335	-4.3721e+007
17336	-2.5819e+007
17337	-2.6158e+007
17338	-2.2947e+007
17339	-2.501e+007
17340	-3.4079e+007
17341	-1.3831e+007
17342	-1.8377e+007
17343	-2.3516e+007
17344	-2.4789e+007
17345	-1.0504e+007
17346	-1.1547e+007
17347	4.7562e+007
17348	4.2555e+007
17349	4.0864e+007
17350	4.5222e+007
17351	3.7646e+007
17352	3.3472e+007
17353	4.2028e+007
17354	3.094e+007
17355	2.691e+007
17356	3.4482e+007
17357	2.7054e+007
17358	1.5947e+007
17359	1.7538e+007
17360	2.0509e+007
17361	1.7169e+007
17362	5.7045e+005
17363	-22744
17364	1.8136e+006
17365	1.2137e+006
17366	1.3449e+006
17367	8.5261e+006
17368	7.4418e+006
17369	1.2392e+005
17370	9.3446e+006
17371	1.0644e+007
17372	-7.8545e+006
17373	-8.5987e+006
17374	-8.6875e+006
17375	-7.9886e+006
17376	-3.9056e+006
17377	-5.014e+006
17378	-4.3121e+006
17379	6.565e+006
17380	8.633e+006
17381	6.4456e+006
17382	8.6815e+006
17383	5.63e+006
17384	2.9067e+006
17385	3.507e+006
17386	3.778e+006
17387	2.2909e+006
17388	2.1438e+006
17389	2.1466e+006
17390	2.8933e+006
17391	-4.5995e+005
17392	-1.221e+006
17393	-2.4847e+006
17394	-3.1916e+005
17395	-6.4247e+005
17396	-4.183e+005
17397	-7.0178e+005
17398	-1.5987e+007
17399	-2.2628e+007
17400	-8.5134e+006
17401	-1.2118e+007
17402	-1.2912e+007
17403	-7.7684e+006
17404	-6.0975e+006
17405	-5.4651e+006
17406	-4.595e+006
17407	-4.9549e+006
17408	-4.9106e+006
17409	1.6649e+008
17410	1.5572e+008
17411	1.5573e+008
17412	1.2091e+008
17413	1.55e+006
17414	-1.3682e+006
17415	2.2879e+006
17416	4.1498e+005
17417	-3.5248e+005
17418	-50166
17419	4.4038e+006
17420	2.5987e+006
17421	2.3952e+006
17422	1.9898e+006
17423	2.2921e+006
17424	1.7851e+007
17425	1.8647e+007
17426	2.5099e+007
17427	1.6291e+007
17428	1.1269e+007
17429	8.7225e+006
17430	2.9866e+006
17431	4.647e+006
17432	5.9382e+006
17433	4.3089e+006
17434	9.3126e+007
17435	9.0392e+007
17436	1.0257e+008
17437	7.4712e+007
17438	-2.3331e+005
17439	-1.7113e+006
17440	-1.3279e+006
17441	-1.0924e+006
17442	-8.8758e+005
17443	-1.0411e+006
17444	-1.5692e+006
17445	-4.2429e+006
17446	-1.9895e+006
17447	-2.8742e+006
17448	-1.7785e+006
17449	-2.0199e+006
17450	5.4787e+006
17451	3.0406e+006
17452	5.3633e+006
17453	-1.5403e+006
17454	2.3856e+005
17455	2.5857e+006
17456	1.5638e+006
17457	4.3787e+007
17458	3.1163e+007
17459	2.9432e+007
17460	2.5332e+007
17461	2.412e+007
17462	-3.6735e+006
17463	-3.8453e+006
17464	-3.6537e+006
17465	-5.7928e+006
17466	5.3179e+005
17467	-2.8194e+006
17468	-1.8903e+006
17469	-1.3525e+006
17470	1.1392e+008
17471	1.2398e+008
17472	1.0712e+008
17473	7.6443e+007
17474	7.5711e+007
17475	1.6964e+008
17476	1.8538e+008
17477	1.5407e+008
17478	1.1709e+008
17479	1.2024e+008
17480	1.2072e+008
17481	-6.7455e+006
17482	-1.1351e+007
17483	-1.0778e+007
17484	-6.2797e+006
17485	-6.161e+006
17486	-6.0848e+006
17487	-7.2044e+006
17488	-3.949e+006
17489	-3.0212e+006
17490	-4.817e+006
17491	-2.8445e+006
17492	-3.184e+006
17493	-2.6294e+006
17494	-3.3644e+006
17495	1.6462e+008
17496	1.465e+008
17497	1.49e+008
17498	9.4811e+007
17499	1.0952e+008
17500	1.2619e+008
17501	1.0147e+008
17502	2.5436e+007
17503	2.7827e+007
17504	2.0167e+007
17505	1.9506e+007
17506	1.8801e+007
17507	1.6231e+007
17508	1.8878e+007
17509	1.4943e+007
17510	1.3537e+007
17511	1.1089e+007
17512	1.0637e+007
17513	1.2325e+007
17514	1.0557e+007
17515	2.0565e+006
17516	2.0674e+005
17517	-1.2867e+007
17518	6.1436e+006
17519	5.4264e+005
17520	-1.9953e+006
17521	-1.6196e+006
17522	-1.6361e+006
17523	-1.566e+006
17524	-1.8445e+006
17525	5.2237e+007
17526	5.5207e+007
17527	4.4045e+007
17528	4.5583e+007
17529	4.1144e+007
17530	4.3691e+007
17531	7.5564e+007
17532	5.4219e+007
17533	7.273e+007
17534	3.4074e+007
17535	4.2556e+007
17536	5.0852e+007
17537	1.1885e+007
17538	4.3081e+006
17539	1.2554e+007
17540	6.9483e+006
17541	8.2597e+006
17542	5.7636e+006
17543	5.9806e+006
17544	5.3049e+006
17545	6.7402e+006
17546	3.7002e+006
17547	6.043e+006
17548	5.4515e+006
17549	5.0753e+006
17550	4.8212e+006
17551	5.0069e+007
17552	4.4313e+007
17553	1.0283e+007
17554	1.0567e+007
17555	9.627e+006
17556	6.4219e+006
17557	7.1574e+006
17558	7.2922e+006
17559	8.0901e+006
17560	7.2998e+007
17561	6.085e+007
17562	6.3561e+007
17563	4.664e+007
17564	4.9574e+007
17565	4.9333e+007
17566	4.7808e+007
17567	-4.5738e+006
17568	-5.0845e+006
17569	-6.742e+006
17570	-3.2306e+006
17571	-4.2513e+006
17572	-4.1003e+006
17573	-4.6311e+006
17574	-1.3392e+007
17575	-1.3606e+007
17576	-4.6047e+006
17577	-7.3351e+006
17578	-9.3066e+006
17579	-8.3782e+006
17580	-9.4949e+005
17581	-1.2622e+006
17582	-8.5542e+006
17583	-3.6398e+006
17584	-3.6645e+006
17585	-3.8449e+006
17586	-3.7688e+006
17587	2.6748e+007
17588	1.4645e+007
17589	2.1118e+007
17590	1.466e+007
17591	1.3873e+007
17592	2.0487e+007
17593	1.4721e+005
17594	1.9835e+006
17595	1.6591e+006
17596	1.4268e+006
17597	1.3154e+006
17598	3.0543e+007
17599	2.1428e+007
17600	1.907e+007
17601	1.5667e+007
17602	1.8431e+007
17603	2.1147e+007
17604	-4.3156e+006
17605	-2.3347e+007
17606	-1.2266e+007
17607	-1.6506e+007
17608	-8.9804e+006
17609	6.4053e+006
17610	5.7865e+006
17611	5.9224e+006
17612	6.3166e+006
17613	5.1099e+006
17614	5.2921e+006
17615	1.2178e+006
17616	3.9196e+006
17617	2.1373e+006
17618	2.5678e+006
17619	1.9594e+007
17620	1.436e+007
17621	9.1143e+006
17622	7.4973e+006
17623	9.299e+006
17624	1.4738e+007
17625	1.2267e+007
17626	-2.1176e+006
17627	-4.9828e+006
17628	-3.0112e+006
17629	5.0788e+005
17630	-8.2133e+005
17631	-1.7606e+006
17632	-1.0196e+006
17633	-1.3294e+006
17634	-4.1576e+006
17635	-2.7794e+006
17636	-9.0056e+005
17637	25390
17638	-5.3774e+005
17639	-8045.
17640	1.7778e+008
17641	1.4566e+008
17642	1.4517e+008
17643	1.0106e+008
17644	9.8705e+007
17645	1.0428e+008
17646	-1.2926e+007
17647	-1.0734e+007
17648	-1.1594e+007
17649	-7.8546e+006
17650	-8.459e+006
17651	2.0924e+007
17652	3.9279e+007
17653	3.6065e+007
17654	2.2024e+007
17655	2.1301e+007
17656	1.883e+007
17657	5.7149e+007
17658	2.9766e+007
17659	3.5285e+007
17660	3.0615e+007
17661	-1.2627e+007
17662	-1.3937e+007
17663	-4.7543e+006
17664	-8.4468e+006
17665	-9.5432e+006
17666	8.1727e+006
17667	6.0273e+006
17668	8.57e+006
17669	5.1086e+006
17670	5.6957e+006
17671	5.1701e+006
17672	4.8361e+006
17673	5.4892e+006
17674	5.7653e+006
17675	5.0806e+006
17676	3.9934e+006
17677	3.973e+006
17678	4.6736e+006
17679	4.8441e+007
17680	6.2995e+007
17681	6.3291e+007
17682	3.5629e+007
17683	3.3578e+007
17684	3.1129e+007
17685	4.46e+007
17686	6.2402e+007
17687	3.7394e+007
17688	2.1077e+007
17689	3.274e+007
17690	2.697e+007
17691	3.1074e+007
17692	1.7017e+007
17693	1.7606e+007
17694	2.0105e+007
17695	2.6046e+007
17696	5.862e+006
17697	7.7468e+006
17698	7.0694e+006
17699	1.9469e+007
17700	-3.2783e+005
17701	90955
17702	60533
17703	-2.7212e+005
17704	-4.4603e+005
17705	2.2817e+007
17706	2.2174e+007
17707	2.3783e+007
17708	2.4673e+007
17709	1.6196e+007
17710	1.1947e+007
17711	7.4298e+006
17712	1.1375e+007
17713	1.1041e+007
17714	2.94e+006
17715	7.7014e+006
17716	1.3447e+007
17717	1.5311e+007
17718	1.4867e+007
17719	1.4376e+007
17720	3.4269e+007
17721	3.3521e+007
17722	2.645e+007
17723	2.644e+007
17724	1.9887e+007
17725	2.1807e+007
17726	2.9069e+007
17727	8.0239e+007
17728	6.7704e+007
17729	7.4715e+007
17730	3.6434e+007
17731	4.9977e+007
17732	6.0605e+007
17733	4.6988e+006
17734	3.0885e+006
17735	3.354e+006
17736	2.939e+006
17737	3.4034e+006
17738	3.4223e+007
17739	2.4337e+007
17740	4.1403e+006
17741	7.0185e+005
17742	3.5202e+006
17743	3.1668e+006
17744	2.6415e+006
17745	-1.9189e+006
17746	1.9005e+005
17747	7.4909e+005
17748	2.4664e+005
17749	7.2759e+005
17750	1.2441e+007
17751	1.0805e+007
17752	1.2635e+007
17753	8.6572e+007
17754	9.9968e+007
17755	4.5491e+007
17756	6.6892e+007
17757	7.0283e+007
17758	8.3894e+007
17759	1.6358e+007
17760	1.2065e+007
17761	1.3596e+007
17762	-6.4152e+006
17763	-8.1918e+006
17764	-3.4986e+006
17765	-2.2322e+006
17766	-4.7965e+006
17767	-3.9236e+006
17768	1.1796e+006
17769	1.5102e+006
17770	1.5384e+005
17771	2.401e+005
17772	2.8733e+005
17773	6.3892e+005
17774	1.1616e+006
17775	-1.544e+006
17776	6.2682e+005
17777	6.0013e+005
17778	2.2008e+005
17779	2.4815e+007
17780	1.4276e+007
17781	1.6916e+007
17782	1.5511e+007
17783	4.1547e+007
17784	2.8489e+007
17785	2.9663e+007
17786	2.7844e+007
17787	3.325e+007
17788	3.3748e+007
17789	8.8885e+007
17790	6.537e+007
17791	5.4122e+007
17792	4.4302e+007
17793	6.0575e+007
17794	4.7546e+007
17795	3.2127e+007
17796	3.2024e+007
17797	-2.8137e+006
17798	8.0596e+006
17799	8.267e+006
17800	2.0362e+007
17801	4.4846e+006
17802	9.2979e+007
17803	1.0064e+008
17804	1.195e+008
17805	6.3146e+007
17806	7.3371e+007
17807	7.4423e+007
17808	1.4801e+008
17809	9.9994e+007
17810	1.0188e+008
17811	1.1853e+008
17812	1.2208e+008
17813	7.022e+007
17814	4.7956e+007
17815	8.2995e+007
17816	8.3695e+007
17817	7.8337e+007
17818	7.7604e+007
17819	6.7387e+007
17820	7.5929e+007
17821	7.1053e+007
17822	4.3392e+007
17823	1.1684e+008
17824	1.2526e+008
17825	1.2006e+008
17826	1.2889e+008
17827	1.4193e+008
17828	1.3172e+007
17829	1.125e+007
17830	6.8098e+006
17831	7.6834e+006
17832	7.0227e+006
17833	8.478e+006
17834	1.1827e+008
17835	8.9263e+007
17836	8.9963e+007
17837	8.4681e+007
17838	6.3613e+007
17839	7.9186e+007
17840	7.9886e+007
17841	6.9903e+007
17842	8.2332e+007
17843	5.1311e+007
17844	6.6945e+007
17845	1.6179e+008
17846	1.5155e+008
17847	1.0867e+008
17848	1.2873e+008
17849	1.0401e+008
17850	4.8986e+007
17851	3.9575e+007
17852	3.9148e+007
17853	2.5571e+007
17854	3.2999e+007
17855	3.4697e+007
17856	5.1121e+007
17857	4.8782e+007
17858	4.1206e+007
17859	3.9769e+007
17860	3.1916e+007
17861	4.2316e+007
17862	-1.1698e+007
17863	-6.8106e+006
17864	-7.2395e+006
17865	-9.8674e+006
17866	-5.0317e+006
17867	-5.8708e+006
17868	-6.7327e+006
17869	-6.686e+006
17870	-4.0048e+006
17871	-2.6583e+006
17872	-1.2e+006
17873	-2.8914e+006
17874	3.1765e+006
17875	-1.5401e+006
17876	-3.3126e+006
17877	1.9918e+006
17878	1.5331e+006
17879	1.4151e+005
17880	5.1595e+007
17881	2.763e+007
17882	3.9932e+007
17883	3.1499e+007
17884	4.355e+007
17885	1.2882e+008
17886	1.0891e+008
17887	8.4714e+007
17888	8.2591e+007
17889	8.2357e+007
17890	5.9643e+007
17891	-5.1109e+006
17892	-6.3793e+006
17893	-3.1942e+006
17894	-3.7168e+006
17895	6.4269e+007
17896	2.939e+007
17897	3.8107e+007
17898	4.3293e+007
17899	4.032e+007
17900	5.2117e+007
17901	4.2917e+007
17902	3.1685e+007
17903	3.3114e+007
17904	3.3187e+007
17905	2.1882e+007
17906	3.7589e+007
17907	2.9957e+007
17908	1.8262e+007
17909	2.2773e+007
17910	1.3916e+007
17911	2.4276e+007
17912	2.0931e+007
17913	5.8136e+007
17914	4.2154e+007
17915	3.1894e+007
17916	3.4809e+007
17917	4.1753e+007
17918	9.9065e+007
17919	9.5068e+007
17920	5.7084e+007
17921	6.7285e+007
17922	6.7711e+007
17923	9.6035e+006
17924	6.1421e+006
17925	7.5765e+006
17926	8.5248e+006
17927	6.2036e+006
17928	3.5312e+007
17929	3.6397e+007
17930	2.5119e+007
17931	2.6667e+007
17932	2.3322e+007
17933	-1.9243e+006
17934	2.2612e+006
17935	-1.6091e+005
17936	9.9559e+006
17937	9.0602e+006
17938	1.256e+007
17939	8.6858e+006
17940	5.2607e+006
17941	1.3111e+008
17942	1.069e+008
17943	7.9764e+007
17944	9.6487e+007
17945	1.2323e+006
17946	-6.3518e+005
17947	7.9309e+005
17948	4.8534e+006
17949	4.107e+006
17950	1.666e+006
17951	8.747e+006
17952	7.0944e+006
17953	7.5921e+006
17954	5.2792e+006
17955	6.0804e+006
17956	2.1264e+007
17957	1.7144e+007
17958	1.4785e+007
17959	1.1628e+007
17960	7.2558e+007
17961	4.4322e+007
17962	2.1328e+007
17963	4.0021e+007
17964	4.7286e+007
17965	2.2803e+007
17966	4.2152e+007
17967	5.8857e+007
17968	5.8622e+007
17969	4.2357e+007
17970	3.9319e+007
17971	4.7875e+007
17972	3.2972e+007
17973	4.931e+007
17974	-9.4558e+006
17975	-9.8089e+006
17976	-9.8103e+006
17977	-9.7104e+006
17978	-5.7014e+006
17979	-6.9173e+006
17980	-6.3047e+006
17981	9.6985e+006
17982	3.1442e+006
17983	7.5724e+006
17984	5.9371e+006
17985	3.841e+006
17986	3.8565e+006
17987	5.8101e+006
17988	8.0644e+007
17989	8.3834e+007
17990	8.5705e+007
17991	4.3262e+007
17992	5.7922e+007
17993	6.7372e+007
17994	6.0409e+007
17995	6.8153e+007
17996	2.1941e+006
17997	2.0012e+006
17998	6.7194e+005
17999	1.3153e+006
18000	7.9782e+007
18001	6.8264e+007
18002	5.1999e+007
18003	5.9053e+007
18004	7.1731e+007
18005	4.4283e+007
18006	4.7292e+007
18007	5.1977e+007
18008	5.1147e+007
18009	1.6367e+007
18010	1.2733e+007
18011	1.5662e+007
18012	9.4716e+006
18013	1.3091e+007
18014	-1.0699e+007
18015	-1.1789e+007
18016	-2.788e+006
18017	-7.1931e+006
18018	-6.4094e+006
18019	-6.7375e+006
18020	8.6829e+006
18021	1.7206e+007
18022	1.0643e+007
18023	6.041e+006
18024	5.5234e+006
18025	4.7904e+007
18026	4.3036e+007
18027	4.2501e+007
18028	5.0922e+007
18029	3.4642e+007
18030	-4.2189e+006
18031	-4.3697e+006
18032	-2.1905e+006
18033	-2.3972e+006
18034	-2.182e+006
18035	-2.9841e+006
18036	-1.9037e+006
18037	7.73e+006
18038	8.5304e+006
18039	6.2815e+006
18040	6.8083e+006
18041	5.2805e+007
18042	5.3806e+007
18043	5.0369e+007
18044	4.5183e+007
18045	4.3509e+007
18046	4.3652e+007
18047	4.5729e+007
18048	-2.8296e+006
18049	-1.28e+006
18050	1.7826e+005
18051	-3.8487e+005
18052	-1.0654e+006
18053	-4.7044e+006
18054	-3.7504e+006
18055	-5.0644e+006
18056	-5.0117e+006
18057	-4.4962e+006
18058	2.5915e+007
18059	1.5688e+007
18060	1.5039e+007
18061	1.4855e+007
18062	1.691e+007
18063	1.4138e+008
18064	9.8847e+007
18065	1.0149e+008
18066	1.2336e+008
18067	2.7077e+006
18068	6.5303e+005
18069	7.8651e+005
18070	1.3514e+007
18071	9.0371e+006
18072	9.5801e+006
18073	8.5748e+006
18074	8.7848e+006
18075	-9.2355e+005
18076	-1.057e+006
18077	-8.3774e+005
18078	-9.8695e+005
18079	-8.9704e+005
18080	-4.2352e+006
18081	4.1413e+005
18082	-1.2618e+006
18083	-1.3682e+006
18084	5.6289e+007
18085	4.7655e+007
18086	3.89e+007
18087	4.1505e+007
18088	4.3203e+007
18089	1.2734e+008
18090	8.1868e+007
18091	8.7445e+007
18092	8.1726e+007
18093	5.2863e+007
18094	4.8563e+007
18095	2.4264e+007
18096	2.1439e+007
18097	2.2856e+007
18098	1.9001e+007
18099	1.5043e+007
18100	1.2802e+007
18101	1.5733e+007
18102	6.6289e+006
18103	6.6222e+006
18104	1.4975e+006
18105	3.8446e+006
18106	2.2154e+006
18107	2.3862e+007
18108	1.495e+007
18109	1.2431e+007
18110	3.3673e+006
18111	4.9807e+006
18112	3.8397e+006
18113	4.3041e+006
18114	5.5727e+005
18115	-1.0597e+006
18116	-8.0336e+006
18117	7.42e+005
18118	-2.2577e+006
18119	-3.1125e+006
18120	-1.0619e+007
18121	-1.3153e+007
18122	-7.6623e+006
18123	-7.6239e+006
18124	-8.7588e+006
18125	4.0523e+007
18126	4.0098e+007
18127	3.6234e+007
18128	3.5858e+007
18129	2.3304e+007
18130	1.4159e+007
18131	1.3974e+007
18132	1.9204e+007
18133	4.9188e+006
18134	6.507e+006
18135	5.8386e+006
18136	4.1018e+006
18137	4.2877e+006
18138	4.6451e+006
18139	4.2163e+006
18140	-4.2429e+006
18141	-5.3513e+006
18142	-5.5408e+006
18143	2.962e+007
18144	3.5236e+007
18145	3.5505e+007
18146	1.7607e+007
18147	2.3579e+007
18148	2.1088e+007
18149	4.5532e+006
18150	2.2781e+006
18151	2.4074e+006
18152	1.8154e+006
18153	2.062e+007
18154	1.2813e+007
18155	1.4906e+007
18156	1.1051e+007
18157	1.0699e+006
18158	1.577e+006
18159	1.5798e+006
18160	1.3995e+006
18161	7.6156e+005
18162	8.6433e+005
18163	1.1171e+006
18164	-2.6152e+007
18165	-1.8546e+007
18166	-3.3247e+007
18167	-1.5345e+007
18168	-1.2959e+007
18169	-1.2473e+007
18170	-1.3516e+007
18171	-7.7083e+006
18172	3.0803e+007
18173	3.6053e+007
18174	2.509e+007
18175	2.8091e+007
18176	-9.4682e+006
18177	-8.4147e+006
18178	-5.3592e+006
18179	-5.9625e+006
18180	-4.7382e+006
18181	-5.1788e+006
18182	-3.9036e+006
18183	-4.5912e+006
18184	-2.4107e+006
18185	-2.5012e+006
18186	-3.3791e+006
18187	-3.3935e+006
18188	-3.3491e+006
18189	8.7526e+007
18190	6.8769e+007
18191	3.3894e+007
18192	5.2894e+007
18193	1.1535e+008
18194	7.9239e+007
18195	9.3948e+007
18196	5.9398e+007
18197	9.7096e+007
18198	3.8499e+007
18199	5.3489e+007
18200	5.133e+007
18201	6.6964e+007
18202	5.6454e+007
18203	2.8337e+007
18204	3.5807e+006
18205	5.3823e+006
18206	2.3826e+006
18207	7.3152e+006
18208	3.2651e+007
18209	3.7646e+007
18210	2.6172e+007
18211	2.3409e+007
18212	2.825e+007
18213	8.9516e+006
18214	6.174e+006
18215	1.4258e+008
18216	8.0751e+007
18217	1.0776e+008
18218	9.1216e+007
18219	2.2977e+007
18220	2.0618e+007
18221	2.2238e+007
18222	6.6399e+006
18223	1.1057e+007
18224	1.3431e+007
18225	7.8627e+006
18226	-1.8347e+006
18227	-1.7781e+006
18228	-2.027e+006
18229	-2.1608e+006
18230	-2.5496e+006
18231	-8.9108e+006
18232	-6.4382e+006
18233	-6.7925e+006
18234	-5.333e+006
18235	5.6895e+007
18236	6.7001e+007
18237	8.3724e+007
18238	5.0876e+007
18239	4.4016e+007
18240	4.155e+007
18241	4.6235e+007
18242	-9.7214e+006
18243	-6.9283e+006
18244	-4.289e+006
18245	4.9317e+006
18246	1.515e+006
18247	1.1907e+008
18248	8.1743e+007
18249	8.8398e+007
18250	8.7665e+007
18251	3.8115e+006
18252	4.0466e+006
18253	2.1801e+006
18254	2.9269e+006
18255	1.1428e+007
18256	1.2175e+007
18257	7.7126e+006
18258	7.1465e+006
18259	9.7855e+006
18260	-9.6257e+006
18261	-8.7949e+006
18262	-5.6167e+006
18263	-6.684e+006
18264	-5.6975e+006
18265	6.9286e+007
18266	3.1005e+007
18267	3.6392e+007
18268	5.273e+007
18269	1.0453e+008
18270	7.6752e+007
18271	8.3159e+007
18272	7.1648e+007
18273	1.8561e+006
18274	1.5951e+006
18275	1.3213e+006
18276	5.7676e+007
18277	6.3595e+007
18278	6.5419e+007
18279	5.591e+007
18280	4.9033e+007
18281	8.057e+007
18282	4.24e+007
18283	5.706e+007
18284	6.646e+007
18285	6.651e+007
18286	6.4013e+007
18287	2.9067e+006
18288	2.8037e+006
18289	4.0582e+006
18290	3.7242e+006
18291	1.0492e+007
18292	9.7932e+006
18293	9.5536e+006
18294	3.4533e+006
18295	6.0293e+006
18296	6.0614e+006
18297	6.3096e+006
18298	5.4631e+006
18299	6.7416e+006
18300	3.389e+007
18301	4.5438e+007
18302	5.289e+007
18303	2.018e+007
18304	1.958e+007
18305	1.3518e+007
18306	1.3184e+007
18307	-1.3067e+007
18308	-8.5695e+006
18309	-8.7034e+006
18310	-9.4943e+006
18311	1.559e+007
18312	1.5214e+007
18313	2.6443e+006
18314	2.2293e+006
18315	1.844e+006
18316	2.6938e+006
18317	1.8173e+006
18318	-9.7493e+006
18319	-1.0462e+007
18320	-1.1259e+007
18321	-9.6248e+006
18322	7.1298e+007
18323	4.3687e+007
18324	4.1636e+007
18325	3.6659e+007
18326	2.5954e+006
18327	3.4514e+006
18328	3.1978e+006
18329	6.5394e+006
18330	7.1266e+006
18331	7.9738e+006
18332	4.3377e+007
18333	4.3645e+007
18334	2.9149e+007
18335	3.9802e+007
18336	3.5786e+007
18337	-4.4229e+006
18338	-4.0492e+006
18339	-3.2162e+006
18340	5.122e+007
18341	5.8988e+007
18342	6.2379e+007
18343	5.8084e+007
18344	1.1304e+008
18345	9.1349e+007
18346	6.9471e+007
18347	6.7969e+007
18348	5.0984e+007
18349	7.5776e+007
18350	7.76e+007
18351	8.9387e+007
18352	-1.8543e+006
18353	-1.9824e+007
18354	-4.8103e+006
18355	-8.4785e+006
18356	3.4739e+006
18357	2.2521e+006
18358	1.8305e+006
18359	2.0237e+006
18360	8.3812e+007
18361	8.0874e+007
18362	8.6451e+007
18363	3.8016e+007
18364	6.2187e+007
18365	5.974e+007
18366	3.2241e+006
18367	3.8536e+006
18368	4.5542e+006
18369	5.5622e+007
18370	3.9842e+007
18371	3.6986e+007
18372	4.8172e+007
18373	6.5904e+006
18374	5.8103e+006
18375	5.3969e+006
18376	2.0239e+007
18377	1.0789e+007
18378	1.2168e+007
18379	1.7473e+007
18380	1.2789e+007
18381	1.1576e+007
18382	9.8083e+006
18383	1.1675e+007
18384	1.2445e+007
18385	8.5704e+006
18386	6.1673e+006
18387	5.1453e+006
18388	2.5272e+006
18389	4.7053e+006
18390	4.4964e+006
18391	2.6768e+007
18392	2.4974e+007
18393	2.769e+007
18394	1.7377e+007
18395	9.4548e+006
18396	9.3509e+006
18397	1.1482e+007
18398	-4.3832e+006
18399	-3.1326e+006
18400	-2.7013e+006
18401	-1.0913e+007
18402	-6.3171e+006
18403	-5.5333e+006
18404	3.0426e+007
18405	1.8639e+007
18406	2.2299e+007
18407	2.2735e+007
18408	1.0679e+008
18409	1.2271e+008
18410	7.9004e+007
18411	8.6691e+007
18412	7.943e+007
18413	2.281e+006
18414	3.5841e+006
18415	3.9671e+005
18416	7.5577e+005
18417	-2.2632e+006
18418	1.559e+005
18419	4.3136e+005
18420	2.8708e+005
18421	-3.2471e+005
18422	-2.7064e+005
18423	7.0004e+007
18424	3.983e+007
18425	5.9514e+007
18426	5.6079e+007
18427	4.564e+007
18428	4.2593e+007
18429	4.5286e+007
18430	4.9186e+007
18431	3.4422e+007
18432	3.3763e+007
18433	3.2094e+007
18434	5.6593e+007
18435	4.904e+007
18436	4.1464e+007
18437	4.5846e+007
18438	3.2174e+007
18439	4.2574e+007
18440	-3.0313e+006
18441	-2.3664e+006
18442	-4.0393e+006
18443	8.6459e+006
18444	3.6734e+006
18445	3.4701e+006
18446	4.3822e+007
18447	8.152e+007
18448	6.0944e+007
18449	6.7887e+007
18450	5.2373e+006
18451	4.1852e+006
18452	4.7285e+006
18453	4.1501e+006
18454	4.1297e+006
18455	3.9676e+007
18456	3.2284e+007
18457	2.9751e+007
18458	2.9484e+007
18459	-3.2392e+006
18460	-1.2684e+006
18461	4.849e+006
18462	4.5949e+006
18463	4.1733e+006
18464	1.3861e+008
18465	8.0761e+007
18466	1.0259e+008
18467	1.0777e+008
18468	9.5383e+007
18469	-4.091e+006
18470	-3.2093e+006
18471	-2.6153e+006
18472	-1.7424e+006
18473	-3.6784e+006
18474	1.0299e+007
18475	1.0301e+007
18476	6.7767e+006
18477	7.9642e+006
18478	7.057e+006
18479	8.7622e+006
18480	6.863e+006
18481	2.1731e+007
18482	1.536e+007
18483	1.6158e+007
18484	1.3751e+007
18485	1.7446e+007
18486	1.0184e+007
18487	1.1189e+007
18488	8.9934e+006
18489	4.712e+006
18490	1.0979e+007
18491	1.1066e+007
18492	4.5542e+007
18493	5.106e+007
18494	3.1549e+007
18495	2.0586e+007
18496	8.483e+006
18497	7.8725e+006
18498	8.4026e+006
18499	9.111e+006
18500	6.6107e+006
18501	7.1681e+006
18502	6.3318e+006
18503	5.6189e+006
18504	5.8671e+006
18505	7.1375e+006
18506	9.0515e+006
18507	8.9246e+006
18508	-5.6139e+006
18509	-6.6812e+006
18510	-6.8298e+006
18511	-2.8649e+005
18512	-5.8203e+005
18513	-2.3926e+005
18514	-1.6477e+006
18515	-2.4012e+006
18516	-2.0903e+006
18517	-2.7167e+006
18518	-5.5746e+006
18519	-3.0835e+006
18520	-4.7378e+006
18521	-5.7921e+006
18522	-4.3516e+006
18523	-6.3086e+006
18524	2.3647e+007
18525	1.794e+007
18526	-2.2055e+006
18527	-1.1176e+006
18528	-1.4312e+006
18529	-1.5867e+006
18530	3.7973e+007
18531	2.0075e+007
18532	2.3478e+007
18533	3.0115e+007
18534	2.4977e+007
18535	5.877e+007
18536	5.5335e+007
18537	4.1849e+007
18538	4.516e+007
18539	4.7237e+007
18540	2.6539e+007
18541	2.5836e+007
18542	2.8837e+007
18543	-3.7957e+006
18544	-7.0847e+006
18545	-3.7764e+006
18546	-2.9881e+006
18547	-5.4501e+006
18548	1.5198e+007
18549	2.1097e+007
18550	1.2797e+007
18551	1.2287e+007
18552	1.3672e+007
18553	7.4177e+006
18554	6.8891e+006
18555	7.0239e+006
18556	6.4878e+007
18557	4.5211e+007
18558	7.08e+007
18559	-2.8863e+007
18560	-1.6476e+007
18561	-1.7964e+007
18562	-6.0544e+006
18563	-7.348e+006
18564	-6.1832e+006
18565	-3.207e+006
18566	-3.2954e+006
18567	-3.818e+006
18568	3.8778e+007
18569	4.7199e+007
18570	3.8565e+007
18571	2.6851e+007
18572	3.4113e+007
18573	3.0919e+007
18574	1.3092e+007
18575	1.9341e+007
18576	1.4537e+007
18577	1.9883e+007
18578	1.8699e+006
18579	2.5602e+006
18580	2.4948e+006
18581	2.1095e+006
18582	2.0828e+006
18583	-1.0117e+007
18584	-7.5605e+006
18585	-7.7112e+006
18586	-6.3774e+006
18587	-6.9818e+006
18588	-6.3257e+006
18589	-7.8413e+006
18590	-6.0147e+006
18591	-4.4234e+006
18592	-4.6291e+006
18593	-8.9204e+006
18594	1.1526e+007
18595	5.3346e+006
18596	7.9587e+006
18597	8.3107e+006
18598	9.6956e+006
18599	8.2627e+006
18600	7.6019e+006
18601	2.033e+007
18602	1.4073e+007
18603	1.5069e+007
18604	1.5867e+007
18605	5.3245e+006
18606	5.5117e+006
18607	6.7901e+006
18608	5.5961e+006
18609	1.2962e+007
18610	2.0344e+007
18611	2.6316e+007
18612	3.0383e+007
18613	-3.6549e+006
18614	-2.5804e+006
18615	-3.3024e+006
18616	-3.2009e+006
18617	-2.5735e+007
18618	-1.3409e+007
18619	-6.7777e+006
18620	-1.815e+007
18621	-1.6029e+007
18622	-9.4597e+006
18623	-1.7518e+007
18624	3.0406e+007
18625	3.4767e+007
18626	2.8061e+007
18627	-1.161e+006
18628	-4.1997e+005
18629	-1.7929e+006
18630	4.6451e+007
18631	3.7697e+007
18632	4.2821e+007
18633	4.1999e+007
18634	3.8805e+007
18635	3.0746e+007
18636	2.424e+007
18637	2.4183e+007
18638	3.3365e+007
18639	-5.321e+006
18640	-5.389e+006
18641	7.4856e+005
18642	-9.8163e+005
18643	-5.4326e+005
18644	-1.9348e+006
18645	-1.3745e+007
18646	-9.76e+006
18647	5.2662e+006
18648	-3.3473e+005
18649	2.2677e+006
18650	2.1234e+006
18651	-2.7362e+007
18652	-1.6957e+007
18653	-1.3746e+007
18654	-1.5718e+007
18655	-1.6853e+007
18656	-4.1949e+006
18657	3.8617e+007
18658	4.158e+007
18659	3.9115e+007
18660	-6.3038e+006
18661	-2.5564e+006
18662	-3.4342e+006
18663	-3.6622e+006
18664	7.823e+006
18665	7.6255e+006
18666	1.1135e+007
18667	9.9538e+006
18668	-5.1435e+007
18669	-3.8371e+007
18670	-3.161e+007
18671	3.9125e+007
18672	-1.5074e+006
18673	-2.3007e+006
18674	-1.4751e+006
18675	-8.9336e+006
18676	-1.0068e+007
18677	-1.6288e+007
18678	-1.6184e+007
18679	7.5008e+007
18680	2.5326e+007
18681	1.7026e+007
18682	1.9506e+007
18683	-3.3914e+007
18684	-2.2834e+007
18685	-1.6012e+007
18686	-1.3409e+007
18687	-6.0196e+006
18688	-2.3862e+006
18689	1.6498e+007
18690	5.8791e+007
18691	4.2999e+007
18692	4.5305e+007
18693	5.0693e+007
18694	4.6473e+007
18695	4.1674e+007
18696	4.4917e+007
18697	4.187e+007
18698	4.5181e+007
18699	-7.0935e+006
18700	-2.6862e+006
18701	-3.0986e+006
18702	-4.1347e+006
18703	-3.6394e+006
18704	1.4759e+007
18705	1.4425e+007
18706	1.5115e+007
18707	3.1209e+007
18708	2.0366e+007
18709	3.0549e+007
18710	3.7654e+006
18711	2.7055e+006
18712	-89082
18713	1.7113e+007
18714	-4.8316e+006
18715	-3.9778e+006
18716	-4.7129e+006
18717	-4.7799e+006
18718	-6.2083e+006
18719	-6.7662e+006
18720	-7.063e+006
18721	-3.1666e+006
18722	-4.6517e+006
18723	-3.7073e+006
18724	8.5775e+007
18725	8.6827e+007
18726	6.1186e+006
18727	-5.0917e+006
18728	-5.3196e+006
18729	-5.8504e+006
18730	4.6239e+007
18731	3.6609e+007
18732	3.9361e+007
18733	2.8082e+007
18734	2.9631e+007
18735	3.0717e+007
18736	1.44e+006
18737	1.3336e+006
18738	-4.443e+007
18739	-3.3351e+007
18740	-2.5719e+007
18741	-3.4788e+007
18742	-7.1029e+006
18743	-1.0885e+007
18744	-2.9929e+007
18745	-2.3107e+007
18746	-2.2298e+007
18747	-1.2027e+007
18748	-3.8231e+006
18749	-1.1218e+007
18750	-9.4241e+006
18751	-3.0023e+006
18752	-5.5875e+006
18753	-6.7757e+006
18754	-6.6236e+006
18755	3.5005e+006
18756	3.445e+006
18757	3.4329e+006
18758	9.8613e+007
18759	1.98e+007
18760	1.7103e+007
18761	1.9022e+007
18762	1.5926e+007
18763	1.3602e+007
18764	-3.0106e+006
18765	-2.8211e+006
18766	-3.3112e+006
18767	-3.2308e+006
18768	-3.5787e+006
18769	-3.6001e+006
18770	5.8341e+007
18771	6.6637e+007
18772	6.196e+007
18773	3.9246e+007
18774	1.2071e+007
18775	9.7467e+006
18776	1.472e+007
18777	1.4863e+007
18778	1.7199e+007
18779	7.5612e+006
18780	1.6657e+007
18781	1.5595e+007
18782	2.4106e+005
18783	-3.4206e+005
18784	-2.2835e+005
18785	1.7516e+005
18786	-2.3155e+005
18787	-6.3482e+005
18788	-7.3604e+005
18789	-9.8097e+005
18790	4.1209e+005
18791	5378.6
18792	1.0279e+005
18793	7.8857e+005
18794	-3.9789e+005
18795	-2.9322e+005
18796	-58820
18797	1.5917e+005
18798	8.4495e+005
18799	3.7091e+005
18800	1.0664e+006
18801	2.5808e+005
18802	21836
18803	77328
18804	5.4058e+005
18805	-2439.9
18806	6.1986e+005
18807	9.5335e+005
18808	4.5947e+005
18809	1.155e+006
18810	2.3094e+005
18811	1.2939e+006
18812	3.4664e+005
18813	4.0837e+005
18814	8.6531e+005
18815	8.4984e+005
18816	5.1377e+005
18817	2.5726e+005
18818	1.0384e+006
18819	4.1645e+005
18820	1.4794e+006
18821	4.3999e+005
18822	1.5074e+006
18823	5.9388e+005
18824	6.9928e+005
18825	5.2301e+005
18826	1.3553e+006
18827	3.3948e+005
18828	1.4069e+006
18829	3.5676e+005
18830	4.9337e+005
18831	6.516e+005
18832	3.0117e+005
18833	1.196e+006
18834	4.2985e+005
18835	1.2622e+006
18836	2.3107e+005
18837	1.1367e+006
18838	3.7682e+005
18839	2.636e+005
18840	4.4737e+005
18841	7.5556e+005
18842	64132
18843	74937
18844	9.8059e+005
18845	7.7322e+005
18846	-25234
18847	5.9942e+005
18848	5.4175e+005
18849	-92007
18850	9.8166e+005
18851	1.9311e+005
18852	-3.8476e+005
18853	5.3808e+005
18854	-2.6037e+005
18855	25239
18856	4.6867e+005
18857	3.0661e+005
18858	-3.7735e+005
18859	4.896e+005
18860	1.6769e+006
18861	-1.0738e+005
18862	-6.2356e+005
18863	-2.0727e+005
18864	-2.3963e+005
18865	1.2975e+005
18866	-4.4812e+005
18867	-38123
18868	2.9749e+005
18869	4.4439e+005
18870	8.702e+005
18871	-7.8385e+005
18872	-6.7308e+005
18873	-7.0544e+005
18874	-1.6832e+005
18875	-2.0401e+005
18876	-5.7453e+005
18877	-7.1683e+005
18878	-1.0822e+006
18879	-2.0522e+006
18880	-1.3272e+006
18881	-3.9992e+005
18882	1.372e+005
18883	6.9264e+005
18884	1.9588e+006
18885	1.0152e+005
18886	2.4797e+005
18887	3.9487e+005
18888	-5.3e+005
18889	-1.2e+005
18890	2.1561e+005
18891	7.7105e+005
18892	7.8832e+005
18893	-6.0312e+005
18894	-4.6402e+005
18895	-8.673e+005
18896	-9.6851e+005
18897	-4.2719e+005
18898	-1.1108e+006
18899	-2.0065e+006
18900	-2.0808e+006
18901	-6.8968e+005
18902	-4.6379e+005
18903	-3.5912e+005
18904	-8.0994e+005
18905	-8.705e+005
18906	-4.3039e+005
18907	-1.6062e+005
18908	2.4937e+005
18909	7.3189e+005
18910	7.1373e+005
18911	-3.2849e+005
18912	1.3232e+006
18913	5.7983e+005
18914	-4.6111e+005
18915	4.1337e+005
18916	-2.374e+005
18917	1.09e+005
18918	-4.3402e+005
18919	2.7604e+005
18920	17362
18921	2.5177e+005
18922	8.4662e+005
18923	38252
18924	3.2075e+005
18925	5.4145e+005
18926	7.3379e+005
18927	1.2525e+006
18928	1.0956e+006
18929	9.405e+005
18930	55149
18931	-58071
18932	-1.1367e+005
18933	-5.3032e+005
18934	7.7425e+005
18935	1.6135e+006
18936	6.1628e+005
18937	-1.4363e+005
18938	2.3511e+005
18939	-4.5632e+005
18940	6.1735e+005
18941	8.3257e+005
18942	1.1408e+006
18943	-2.8242e+005
18944	3.1293e+005
18945	-23135
18946	1.8479e+006
18947	9.3438e+005
18948	1.5963e+006
18949	1.3913e+006
18950	-1.0499e+005
18951	-2.972e+005
18952	3.8823e+005
18953	403.45
18954	9.6245e+005
18955	1.1207e+006
18956	1.6243e+006
18957	1.6651e+006
18958	3.0873e+005
18959	9.3339e+005
18960	8.7572e+005
18961	2.3932e+005
18962	77267
18963	-5.5649e+005
18964	-6.0669e+005
18965	5.1718e+005
18966	-8.0671e+005
18967	-2.4208e+006
18968	-2.5594e+006
18969	-2.2855e+006
18970	-2.677e+006
18971	-2.7515e+006
18972	-4.2723e+006
18973	-4.1738e+006
18974	-3.8999e+006
18975	-3.0461e+006
18976	-5.3254e+006
18977	-6.389e+006
18978	-3.8232e+006
18979	-1.4406e+006
18980	-1.0267e+006
18981	-3.3059e+006
18982	-4.3706e+006
18983	-7.2315e+006
18984	-4.7344e+006
18985	-5.7063e+006
18986	-3.3237e+006
18987	-5.082e+006
18988	-7.3185e+006
18989	-6.5628e+006
18990	-8.0783e+006
18991	-7.2822e+006
18992	-8.6548e+006
18993	-6.6175e+006
18994	-6.7757e+006
18995	-9.0121e+006
18996	-9.4701e+006
18997	-6.0389e+006
18998	-1.0183e+007
18999	-8.3835e+006
19000	-1.1233e+007
19001	-8.6076e+006
19002	-1.0122e+007
19003	-6.5321e+006
19004	-9.8788e+006
19005	-6.4476e+006
19006	-1.2163e+007
19007	-8.4407e+006
19008	-1.0592e+007
19009	-1.2815e+007
19010	-9.6229e+006
19011	-8.8372e+006
19012	-1.068e+007
19013	-7.09e+006
19014	-1.0745e+007
19015	-7.3809e+006
19016	-1.2721e+007
19017	-7.0368e+006
19018	-1.0878e+007
19019	-1.388e+007
19020	-1.0181e+007
19021	-6.0872e+006
19022	-1.0059e+007
19023	-1.0417e+007
19024	-7.0527e+006
19025	-1.0549e+007
19026	-9.7185e+006
19027	-6.6751e+006
19028	-6.3148e+006
19029	-1.0286e+007
19030	-8.3918e+006
19031	-1.0553e+007
19032	-5.5821e+006
19033	-1.0355e+007
19034	-5.7552e+006
19035	-9.8612e+006
19036	-7.1933e+006
19037	-9.4498e+006
19038	-9.3953e+006
19039	-6.3519e+006
19040	-1.9006e+006
19041	-8.0686e+006
19042	-5.2589e+006
19043	-5.9506e+006
19044	-1.1433e+007
19045	-8.7367e+006
19046	-1.0993e+007
19047	-3.444e+006
19048	-7.494e+006
19049	-7.0755e+006
19050	-1.8491e+006
19051	-2.3385e+006
19052	-2.5419e+006
19053	-2.5947e+006
19054	-4.19e+006
19055	-3.024e+006
19056	-2.741e+006
19057	-1.1022e+007
19058	-7.6381e+006
19059	-7.5228e+006
19060	-7.1043e+006
19061	-5.2275e+006
19062	-7.7612e+005
19063	-1.0527e+007
19064	-9.2006e+006
19065	-8.7688e+006
19066	-7.0826e+006
19067	-4.156e+006
19068	-4.0913e+006
19069	-5.8041e+006
19070	-5.4068e+006
19071	-6.0075e+006
19072	-4.8414e+006
19073	-6.9301e+006
19074	-3.956e+006
19075	-4.422e+006
19076	-6.4451e+006
19077	-5.9428e+006
19078	-2.8283e+006
19079	-4.1481e+006
19080	-6.1712e+006
19081	-6.2639e+006
19082	-7.4295e+006
19083	-9.1462e+006
19084	-1.1109e+007
19085	65285
19086	-6.1028e+006
19087	-3.293e+006
19088	-5.185e+006
19089	-7.0503e+006
19090	-8.1151e+006
19091	-9.9396e+006
19092	-5.7325e+006
19093	-7.557e+006
19094	-8.1336e+006
19095	-6.0963e+006
19096	-8.5556e+006
19097	-7.7999e+006
19098	-7.9269e+006
19099	-1.0776e+007
19100	-8.4471e+006
19101	-1.0036e+007
19102	-1.2935e+007
19103	-1.1552e+007
19104	-1.0756e+007
19105	-1.3013e+007
19106	-1.226e+007
19107	-1.4235e+007
19108	-5.3054e+006
19109	-4.9613e+006
19110	-6.9231e+006
19111	-8.1053e+006
19112	-7.6368e+006
19113	-7.9041e+006
19114	-8.1278e+006
19115	-2.9253e+006
19116	-3.106e+006
19117	-1.1875e+007
19118	-1.2099e+007
19119	-4.2538e+006
19120	-3.2943e+006
19121	-5.3185e+006
19122	-5.3175e+006
19123	-5.4101e+006
19124	-8.1794e+006
19125	-4.4617e+006
19126	-7.5978e+006
19127	-7.5967e+006
19128	-6.7409e+006
19129	-8.2767e+006
19130	-1.3992e+007
19131	-1.2421e+007
19132	-1.4644e+007
19133	-1.3471e+007
19134	-6.8387e+006
19135	-8.9899e+006
19136	-7.1901e+006
19137	-7.6375e+006
19138	-1.4301e+007
19139	-1.2458e+007
19140	-1.546e+007
19141	-5.2522e+006
19142	-9.0932e+006
19143	-1.5358e+007
19144	-1.1888e+007
19145	-1.2403e+007
19146	-1.684e+007
19147	-1.5245e+007
19148	-1.2927e+007
19149	-1.0964e+007
19150	-1.0986e+007
19151	-1.5229e+007
19152	-1.4656e+007
19153	-1.9092e+007
19154	-1.6304e+007
19155	-2.2462e+007
19156	-2.1291e+007
19157	-1.7498e+007
19158	-1.2883e+007
19159	-1.6301e+007
19160	-1.7041e+007
19161	-2.3199e+007
19162	-1.8372e+007
19163	-2.7054e+007
19164	-2.5166e+007
19165	-1.6601e+007
19166	-1.7151e+007
19167	-2.9276e+007
19168	-2.1873e+007
19169	-3.0555e+007
19170	-3.4084e+007
19171	-2.2533e+007
19172	-2.8667e+007
19173	-3.4581e+007
19174	-2.3997e+007
19175	-3.1934e+007
19176	-3.605e+007
19177	-2.4499e+007
19178	-2.5968e+007
19179	-3.7877e+007
19180	-3.6547e+007
19181	-3.0354e+007
19182	-2.5963e+007
19183	-4.0482e+007
19184	-3.9728e+007
19185	-2.6842e+007
19186	-2.666e+007
19187	-3.8569e+007
19188	-3.1045e+007
19189	-4.2672e+007
19190	-3.9929e+007
19191	-2.7043e+007
19192	-2.6239e+007
19193	-4.0093e+007
19194	-3.9835e+007
19195	-2.7632e+007
19196	-2.5439e+007
19197	-3.9293e+007
19198	-3.7294e+007
19199	-2.4841e+007
19200	-3.8938e+007
19201	-3.0914e+007
19202	-4.3659e+007
19203	-3.2567e+007
19204	-2.1479e+007
19205	-3.5411e+007
19206	-2.2958e+007
19207	-3.3976e+007
19208	-3.7055e+007
19209	-2.4578e+007
19210	-2.3833e+007
19211	-2.8236e+007
19212	-1.846e+007
19213	-3.0417e+007
19214	-1.933e+007
19215	-3.1826e+007
19216	-3.3544e+007
19217	-1.8622e+007
19218	-2.6976e+007
19219	-2.4827e+007
19220	-1.8133e+007
19221	-2.8706e+007
19222	-1.893e+007
19223	-2.3665e+007
19224	-1.9601e+007
19225	-3.0779e+007
19226	-2.7446e+007
19227	-1.2917e+007
19228	-1.3125e+007
19229	-1.4139e+007
19230	-1.2294e+007
19231	-1.2015e+007
19232	-1.6258e+007
19233	-1.2761e+007
19234	-1.7496e+007
19235	-9.7005e+006
19236	-1.3432e+007
19237	-3.8417e+007
19238	-3.5182e+007
19239	-3.1849e+007
19240	-1.4427e+007
19241	-1.3719e+007
19242	-1.4229e+007
19243	-2.2073e+007
19244	-9.6545e+006
19245	-9.9619e+006
19246	-8.5229e+006
19247	-8.5444e+006
19248	-7.4499e+006
19249	-9.0315e+006
19250	-8.7521e+006
19251	-7.6577e+006
19252	-1.4914e+007
19253	-1.3319e+007
19254	-9.0381e+006
19255	-8.7044e+006
19256	-1.7756e+007
19257	-1.7739e+007
19258	-2.6384e+007
19259	-3.888e+007
19260	-4.1959e+007
19261	-4.0598e+007
19262	-2.7793e+007
19263	-1.2832e+007
19264	-1.4588e+007
19265	-1.8395e+007
19266	-2.0793e+007
19267	-1.9931e+007
19268	-1.876e+007
19269	-1.3333e+007
19270	-1.0352e+007
19271	-1.377e+007
19272	-2.4918e+007
19273	-2.8056e+007
19274	-1.9491e+007
19275	-2.5117e+007
19276	-2.3229e+007
19277	-1.856e+007
19278	-1.5215e+007
19279	-3.1911e+007
19280	-3.7826e+007
19281	-3.3944e+007
19282	-4.6737e+007
19283	-4.9775e+007
19284	-3.3851e+007
19285	-2.5262e+007
19286	-1.9703e+007
19287	-3.6889e+007
19288	-2.1647e+007
19289	-3.3305e+007
19290	-3.3047e+007
19291	-2.4925e+007
19292	-3.7671e+007
19293	-2.0844e+007
19294	-4.6901e+007
19295	-5.1525e+007
19296	-4.2685e+007
19297	-4.1355e+007
19298	-4.529e+007
19299	-1.9225e+007
19300	-2.361e+007
19301	-1.0842e+007
19302	-1.922e+007
19303	-2.508e+007
19304	-3.6989e+007
19305	-5.0708e+007
19306	-4.8616e+007
19307	-4.7117e+007
19308	-3.0707e+007
19309	-4.4803e+007
19310	-4.9525e+007
19311	-3.2351e+007
19312	-1.5822e+007
19313	-2.4327e+007
19314	-1.9874e+007
19315	-2.9588e+007
19316	-2.8827e+007
19317	-9.9824e+006
19318	-1.3285e+007
19319	-7.0152e+006
19320	-2.6974e+007
19321	-2.2107e+007
19322	-1.4547e+007
19323	-1.1024e+007
19324	-2.2508e+007
19325	-3.2333e+007
19326	-8.4486e+006
19327	-3.8161e+007
19328	-2.421e+006
19329	-1.4349e+007
19330	-2.7132e+007
19331	-2.3115e+007
19332	-1.7135e+007
19333	-2.564e+007
19334	-1.006e+007
19335	-2.4719e+007
19336	-4.818e+006
19337	1.0082e+006
19338	-9.9043e+006
19339	-2.2789e+007
19340	-1.5834e+007
19341	-2.2434e+007
19342	-9.6661e+006
19343	-1.6875e+007
19344	-6.0116e+006
19345	-1.1711e+007
19346	-1.7408e+006
19347	2.3425e+006
19348	-3.9493e+006
19349	-1.1903e+007
19350	-6.4069e+006
19351	-4.4253e+006
19352	-1.3126e+007
19353	-1.0333e+007
19354	-4.8079e+006
19355	-6.404e+006
19356	-1.7314e+006
19357	-2.5879e+005
19358	-3.5334e+006
19359	-3.2883e+006
19360	-2.8766e+005
19361	5.1513e+005
19362	-4.1428e+006
19363	-4.5829e+006
19364	-1.6435e+006
19365	-2.3071e+007
19366	-1.5403e+007
19367	-1.6941e+007
19368	-1.1445e+007
19369	-2.579e+007
19370	-2.1639e+007
19371	-2.3386e+007
19372	-1.4821e+007
19373	-1.8164e+007
19374	-1.5371e+007
19375	7.2745e+006
19376	2.0138e+006
19377	4.8392e+006
19378	-1.4749e+006
19379	7.4788e+006
19380	6.0744e+006
19381	5.0674e+005
19382	1.2412e+005
19383	-4.1653e+007
19384	-3.316e+007
19385	-3.2105e+007
19386	-2.515e+007
19387	-4.8044e+007
19388	-4.3786e+007
19389	-3.175e+007
19390	-4.5469e+007
19391	1.1594e+007
19392	2.2708e+006
19393	1.2519e+007
19394	-5.2489e+006
19395	1.7718e+007
19396	1.7281e+007
19397	9.1928e+005
19398	2.0244e+007
19399	4.5737e+006
19400	-4.9614e+007
19401	-4.5952e+007
19402	-3.4568e+007
19403	-5.8475e+007
19404	-5.7977e+007
19405	-3.7093e+007
19406	-5.3079e+007
19407	-3.3012e+007
19408	1.001e+007
19409	-2.1124e+005
19410	1.5987e+007
19411	-1.0683e+007
19412	1.923e+007
19413	1.6183e+007
19414	2.3715e+006
19415	-7.1821e+006
19416	-4.4368e+007
19417	-3.7076e+007
19418	-4.8702e+007
19419	-3.2209e+007
19420	-5.0489e+007
19421	-3.9609e+007
19422	-2.4648e+007
19423	-3.261e+007
19424	-4.5285e+006
19425	1.0455e+007
19426	1.7275e+006
19427	-1.3364e+007
19428	1.0794e+007
19429	1.5155e+007
19430	-5.8038e+006
19431	8.4483e+006
19432	-2.2816e+006
19433	2.3339e+006
19434	2.5102e+005
19435	-1.1664e+007
19436	-1.5754e+006
19437	-2.1534e+007
19438	-5.5073e+006
19439	-1.8992e+007
19440	-6.3286e+006
19441	-1.0863e+007
19442	-5.5846e+006
19443	-4.3395e+006
19444	-4.6169e+005
19445	-5.5577e+006
19446	-1.6881e+006
19447	-3.6657e+006
19448	-6.6508e+005
19449	-4.8539e+006
19450	-4.9604e+006
19451	-4.8754e+006
19452	1.093e+006
19453	1.6569e+006
19454	1.2983e+006
19455	2.7486e+006
19456	1.6076e+006
19457	-4.085e+007
19458	-5.2476e+007
19459	-3.8188e+007
19460	-3.8308e+007
19461	-4.77e+007
19462	-4.1868e+007
19463	-4.1866e+007
19464	-3.8533e+007
19465	-3.0839e+007
19466	-2.3263e+007
19467	-3.2112e+007
19468	-3.6786e+007
19469	-3.8008e+007
19470	-2.5038e+007
19471	-3.4485e+007
19472	-2.4485e+007
19473	5.0661e+006
19474	1.5315e+007
19475	1.1562e+007
19476	1.6488e+007
19477	1.4669e+007
19478	4.59e+006
19479	2.6113e+006
19480	-4.8694e+007
19481	-3.9722e+007
19482	-5.5662e+007
19483	-5.8721e+007
19484	-5.6977e+007
19485	-3.9368e+007
19486	-5.3087e+007
19487	-3.3809e+007
19488	-5.0995e+007
19489	6.5074e+006
19490	2.2706e+007
19491	2.3544e+007
19492	2.7744e+007
19493	2.607e+007
19494	2.6213e+007
19495	1.04e+007
19496	-5.2624e+007
19497	-4.4413e+007
19498	-6.4302e+007
19499	-6.4259e+007
19500	-4.2921e+007
19501	-5.8907e+007
19502	-4.8182e+007
19503	-6.1849e+007
19504	4.1102e+006
19505	1.9094e+007
19506	2.5258e+007
19507	2.6796e+007
19508	2.2357e+007
19509	8.3992e+006
19510	-1.2701e+007
19511	-8.5283e+006
19512	-1.0175e+007
19513	-1.5397e+007
19514	-8.2832e+006
19515	-1.229e+007
19516	-9.5778e+006
19517	-1.5284e+007
19518	-1.2555e+007
19519	1.1793e+007
19520	-1.7289e+007
19521	-1.4877e+007
19522	1.1989e+007
19523	1.53e+007
19524	-1.1376e+007
19525	-5.1246e+005
19526	9.0228e+006
19527	-9.1793e+006
19528	-8.7454e+006
19529	8.3776e+006
19530	-2.5772e+006
19531	-3.6804e+006
19532	7.1662e+006
19533	-2.0601e+007
19534	-1.6653e+007
19535	1.0429e+007
19536	-1.0604e+007
19537	-3.5285e+006
19538	-9.5498e+005
19539	3.6618e+006
19540	-2.6523e+006
19541	-2.4382e+006
19542	1.6104e+006
19543	4.897e+006
19544	-6.0283e+006
19545	-3.0476e+006
19546	3.1292e+006
19547	61763
19548	-1.0533e+006
19549	-6.4651e+006
19550	-2.6307e+006
19551	-7.7884e+006
19552	-3.9187e+006
19553	-4.3833e+006
19554	-9.0475e+006
19555	-7.1061e+006
19556	-5.5815e+006
19557	6.5211e+006
19558	2.5892e+006
19559	7.1324e+006
19560	1.3877e+007
19561	1.7679e+006
19562	1.3606e+007
19563	7.1472e+006
19564	1.3242e+007
19565	2.512e+006
19566	2.447e+007
19567	2.0445e+007
19568	1.8626e+007
19569	2.4033e+007
19570	7.6712e+006
19571	3.1235e+007
19572	3.303e+007
19573	2.8188e+007
19574	3.1499e+007
19575	2.2489e+007
19576	2.9852e+007
19577	2.685e+007
19578	2.5413e+007
19579	1.4029e+007
19580	9.1267e+006
19581	6.035e+006
19582	4.4357e+006
19583	7.7223e+006
19584	5.9546e+006
19585	-3.9146e+007
19586	-3.6733e+007
19587	-5.8145e+007
19588	-6.0143e+007
19589	-5.6401e+007
19590	-4.738e+007
19591	-3.3232e+007
19592	-5.5245e+007
19593	-3.5177e+007
19594	-2.4709e+007
19595	-2.4275e+007
19596	-3.8233e+007
19597	-4.2911e+007
19598	-3.0875e+007
19599	-3.9454e+007
19600	-2.6484e+007
19601	-4.1596e+007
19602	-3.7648e+007
19603	-5.5928e+007
19604	-6.1441e+007
19605	-5.9961e+007
19606	-4.5048e+007
19607	-5.7413e+007
19608	-4.5364e+007
19609	-1.0099e+007
19610	-9.885e+006
19611	-1.6754e+007
19612	-2.0293e+007
19613	-1.3475e+007
19614	-1.3912e+007
19615	1.1181e+006
19616	-40899
19617	1.3235e+006
19618	9.8208e+005
19619	3.6472e+005
19620	-3.2068e+006
19621	-2.2982e+005
19622	-3.2283e+006
19623	-2.1338e+006
19624	-2.269e+007
19625	-9.3262e+006
19626	-2.2811e+007
19627	-1.0148e+007
19628	-1.5557e+007
19629	-1.0205e+007
19630	1.3761e+007
19631	1.2051e+007
19632	1.1415e+007
19633	6.8554e+005
19634	-4.6849e+007
19635	-3.2681e+007
19636	-4.2073e+007
19637	-2.4551e+007
19638	-1.9273e+007
19639	-3.2906e+007
19640	-3.0756e+007
19641	-6.0262e+007
19642	-5.3699e+007
19643	-4.9382e+007
19644	-4.2383e+007
19645	-1.6699e+007
19646	-1.8909e+007
19647	-1.8356e+007
19648	-1.1634e+007
19649	-2.7762e+007
19650	-2.982e+007
19651	-2.426e+007
19652	-2.9437e+007
19653	-2.3388e+007
19654	-3.1892e+007
19655	-3.7153e+007
19656	-2.2865e+007
19657	-1.0097e+007
19658	-1.8475e+007
19659	-1.12e+007
19660	-2.7874e+007
19661	-1.2294e+007
19662	-2.1848e+007
19663	-2.3793e+007
19664	-5.9269e+006
19665	-9.517e+006
19666	-1.0067e+007
19667	-4.542e+006
19668	-9.9539e+006
19669	-3.2889e+007
19670	-1.7928e+007
19671	-1.944e+007
19672	-2.3491e+007
19673	-3.3205e+007
19674	-9.7907e+006
19675	-5.4677e+006
19676	-6.3222e+006
19677	-6.7623e+006
19678	-9.7398e+006
19679	3.6015e+007
19680	3.1431e+007
19681	3.1577e+007
19682	1.7619e+007
19683	3.4124e+007
19684	-7.3119e+007
19685	-7.2665e+007
19686	-6.7767e+007
19687	-7.0709e+007
19688	3.3868e+007
19689	2.9231e+007
19690	3.2194e+007
19691	-6.5113e+007
19692	-5.7795e+007
19693	-5.9478e+007
19694	1.6693e+007
19695	1.0362e+007
19696	1.4874e+007
19697	4.7943e+006
19698	-3.9506e+007
19699	-3.068e+007
19700	-3.2427e+007
19701	-3.7205e+007
19702	-2.7205e+007
19703	2.1117e+007
19704	2.7188e+007
19705	2.0482e+007
19706	-7.1146e+006
19707	-1.1121e+007
19708	-1.2584e+007
19709	-1.0266e+007
19710	-8.4092e+006
19711	-1.4115e+007
19712	-8.3243e+006
19713	-3.0018e+007
19714	-2.6462e+007
19715	-3.3578e+007
19716	-2.2764e+007
19717	-2.6426e+007
19718	-3.0243e+007
19719	1.2561e+006
19720	2.9737e+005
19721	9.4043e+005
19722	1.5653e+006
19723	1.3741e+006
19724	-3.9904e+006
19725	1.3888e+006
19726	-4.048e+006
19727	-1.7319e+006
19728	-1.4562e+006
19729	-4.4546e+006
19730	-2.93e+006
19731	-6.6083e+007
19732	-5.1169e+007
19733	-6.3534e+007
19734	1.82e+006
19735	3.8807e+006
19736	2.2814e+006
19737	3.2702e+006
19738	3.8003e+006
19739	1.2281e+005
19740	-7.1596e+007
19741	-6.9047e+007
19742	-5.6998e+007
19743	-7.0666e+007
19744	-7.017e+007
19745	-6.6428e+007
19746	-6.2538e+007
19747	-4.8859e+007
19748	-4.5402e+007
19749	-4.1879e+007
19750	-2.299e+007
19751	-1.6343e+007
19752	-1.9337e+007
19753	-1.6609e+007
19754	1.2391e+007
19755	5.932e+006
19756	-6.8606e+006
19757	-3.2121e+006
19758	-3.3946e+006
19759	-4.1501e+007
19760	-5.522e+007
19761	-5.0081e+007
19762	-6.8426e+007
19763	-6.727e+007
19764	-2.5138e+007
19765	-2.8276e+007
19766	-1.9711e+007
19767	-2.2876e+007
19768	-2.0148e+007
19769	1.1201e+006
19770	1.9229e+006
19771	2.9117e+006
19772	5.027e+005
19773	1.7707e+006
19774	-2.3575e+005
19775	-1.7476e+007
19776	-2.6583e+007
19777	-2.201e+007
19778	-2.2885e+007
19779	-2.252e+007
19780	-3.0364e+007
19781	1.9135e+007
19782	1.8772e+007
19783	-6.5172e+006
19784	1.5815e+006
19785	1.6133e+005
19786	-3.4102e+006
19787	-3.5166e+006
19788	-5.7712e+005
19789	-6.7567e+007
19790	-1.4699e+007
19791	-1.238e+007
19792	-1.623e+007
19793	3.3114e+007
19794	3.6394e+007
19795	3.6537e+007
19796	1.98e+007
19797	3.9835e+006
19798	4.9723e+006
19799	5.5024e+006
19800	-2.2737e+006
19801	3.9032e+006
19802	2.2567e+005
19803	-1.1492e+006
19804	20102
19805	-82023
19806	4.2425e+005
19807	-7.8543e+005
19808	-6.885e+005
19809	-2.4272e+006
19810	-2.5017e+006
19811	-4.6175e+006
19812	-3.3732e+006
19813	-4.1359e+006
19814	-3.6736e+005
19815	-4.1778e+006
19816	-88720
19817	-1.1083e+006
19818	-2.1803e+006
19819	-3.0995e+006
19820	-5.4311e+006
19821	-5.2089e+006
19822	-6.4595e+006
19823	-5.7949e+006
19824	-5.2795e+006
19825	-7.4842e+006
19826	-1.5687e+006
19827	-3.4008e+005
19828	-2.8495e+006
19829	-5.5303e+006
19830	-5.5582e+006
19831	-4.7814e+006
19832	-5.8968e+006
19833	-9.1842e+006
19834	-2.6523e+006
19835	-7.9996e+005
19836	-4.0751e+006
19837	-7.6435e+006
19838	-6.6797e+006
19839	-5.5097e+006
19840	-9.3507e+006
19841	-4.1481e+006
19842	-5.8535e+006
19843	-2.931e+006
19844	-3.5491e+006
19845	-7.1031e+006
19846	-7.1583e+006
19847	-2.5213e+006
19848	-3.5767e+006
19849	-1.7809e+006
19850	-1.7896e+006
19851	-1.3668e+007
19852	-1.286e+007
19853	-1.0716e+007
19854	-9.7526e+006
19855	-1.5998e+007
19856	-1.5845e+007
19857	-1.22e+007
19858	-1.2424e+007
19859	-7.2211e+006
19860	-7.4018e+006
19861	2.659e+006
19862	-6.6911e+005
19863	3.8197e+006
19864	-3.2207e+006
19865	4.3628e+006
19866	3.5675e+006
19867	-6.8917e+005
19868	4.9079e+006
19869	-1.1296e+007
19870	-1.1953e+007
19871	-8.6362e+006
19872	-8.6641e+006
19873	-1.3636e+007
19874	-1.4747e+007
19875	-1.1862e+007
19876	-9.0027e+006
19877	-1.4085e+007
19878	-1.0893e+007
19879	2.4696e+006
19880	-3.9897e+005
19881	4.1968e+006
19882	-2.7486e+006
19883	4.3841e+006
19884	4.9732e+006
19885	-1.9717e+006
19886	-3.0872e+006
19887	-6.1141e+006
19888	-7.5659e+006
19889	-5.0358e+006
19890	-7.696e+006
19891	-9.2494e+006
19892	-7.6764e+006
19893	-1.0575e+007
19894	-8.3958e+006
19895	-7.2158e+006
19896	1.7435e+006
19897	72165
19898	3.0231e+006
19899	-1.2673e+006
19900	2.3738e+006
19901	2.1893e+006
19902	-3.3767e+006
19903	-4.5551e+006
19904	-3.4472e+006
19905	-3.0015e+006
19906	-1.5453e+006
19907	-2.7484e+006
19908	-1.4483e+006
19909	-2.6449e+006
19910	-3.2615e+006
19911	-5.3774e+006
19912	-4.4289e+006
19913	2.0626e+005
19914	2.1714e+005
19915	8.3369e+005
19916	-2.7906e+005
19917	1.1324e+005
19918	2.244e+006
19919	-4.2081e+006
19920	-61220
19921	2.6974e+005
19922	7.3157e+005
19923	-4.7812e+005
19924	2.2369e+005
19925	-1.7288e+005
19926	-2.1198e+006
19927	3.3227e+006
19928	-3.7663e+005
19929	-3.0658e+006
19930	-3.8312e+006
19931	-9.4039e+006
19932	-4.8569e+006
19933	-9.7777e+006
19934	-6.5677e+006
19935	-8.0584e+006
19936	-1.1185e+006
19937	-3.1313e+006
19938	-4.4768e+006
19939	-5.1685e+006
19940	-2.5371e+006
19941	-2.6898e+006
19942	-5.1712e+006
19943	2.0519e+006
19944	-1.9344e+006
19945	1.5693e+006
19946	-83569
19947	-4.9892e+005
19948	5.2975e+005
19949	3.8539e+005
19950	2.3273e+005
19951	-1.5274e+006
19952	-2.7305e+006
19953	-1.1537e+006
19954	-1.2221e+006
19955	-3.2436e+006
19956	-4.1637e+006
19957	-4.7644e+006
19958	-1.4198e+007
19959	-1.2128e+007
19960	-1.7409e+007
19961	-1.7646e+007
19962	-1.3835e+007
19963	-1.6837e+007
19964	-1.3138e+007
19965	1.2363e+006
19966	5.8321e+006
19967	6.2152e+006
19968	7.696e+006
19969	-1.9834e+005
19970	7.2513e+006
19971	1.1632e+006
19972	6.7603e+006
19973	2.2252e+006
19974	-1.0531e+007
19975	-9.342e+006
19976	-1.4342e+007
19977	-1.3673e+007
19978	-1.2568e+007
19979	1.1888e+006
19980	4.1397e+006
19981	5.6127e+006
19982	5.7308e+006
19983	6.2018e+006
19984	-7.4308e+005
19985	8.7011e+006
19986	-5.125e+006
19987	-4.1585e+006
19988	-7.7379e+006
19989	-6.6713e+006
19990	-7.4093e+006
19991	-9.6637e+006
19992	-8.4377e+006
19993	1.0026e+006
19994	1.0135e+006
19995	2.6524e+006
19996	2.3932e+006
19997	2.468e+006
19998	-3.098e+006
19999	7.6976e+006
20000	-1.3439e+007
20001	-1.1334e+007
20002	-1.3109e+007
20003	-1.6049e+007
20004	-1.1389e+007
20005	-1.513e+007
20006	-1.0618e+007
20007	-7.8078e+006
20008	-1.2581e+007
20009	-1.3457e+007
20010	8.8852e+005
20011	5.3774e+006
20012	3.9846e+006
20013	5.929e+006
20014	6.4267e+006
20015	1.9164e+006
20016	4.1138e+006
20017	4.9151e+006
20018	2.6567e+006
20019	1.6303e+006
20020	-4.0014e+006
20021	-2.66e+006
20022	7.9659e+005
20023	-3.2525e+006
20024	-5.9478e+006
20025	2.5569e+006
20026	-5.6073e+006
20027	-4.3885e+006
20028	-3.4735e+006
20029	3.9762e+006
20030	3.3333e+006
20031	-5.4353e+006
20032	-4.7271e+006
20033	-5.0031e+006
20034	-6.6175e+006
20035	-6140.3
20036	-1.089e+006
20037	-5.0234e+005
20038	2.0207e+006
20039	-4.4314e+006
20040	-4.1176e+006
20041	-7.2007e+006
20042	2.344e+006
20043	-4.6964e+006
20044	-5.6989e+006
20045	-1.117e+006
20046	-2.1724e+006
20047	2.0917e+006
20048	-2.1649e+006
20049	-3.7667e+005
20050	-2.3456e+006
20051	-1.2428e+007
20052	-1.0599e+007
20053	-9.218e+006
20054	-9.5049e+006
20055	-7.8214e+006
20056	4.4505e+005
20057	-62823
20058	-4.5015e+005
20059	-4.7292e+005
20060	3.0362e+006
20061	2.526e+006
20062	-6.6314e+005
20063	3.9109e+006
20064	7.34e+006
20065	9.0167e+006
20066	8.572e+006
20067	7.9291e+006
20068	8.081e+006
20069	3.9319e+006
20070	6.1723e+006
20071	3.7475e+006
20072	-3.0157e+005
20073	9.1426e+006
20074	5.8029e+006
20075	-99159
20076	1.3845e+006
20077	2.0316e+006
20078	-4.1067e+006
20079	6.6889e+006
20080	7.3759e+006
20081	7.8822e+006
20082	6.3705e+006
20083	6.5806e+006
20084	4.1122e+006
20085	-7.8709e+006
20086	-6.5295e+006
20087	-1.2202e+007
20088	-1.0743e+007
20089	-9.1701e+006
20090	-1.2069e+007
20091	-1.1097e+007
20092	-9.2971e+006
20093	-9.8173e+006
20094	-1.1246e+007
20095	-1.0027e+007
20096	-1.6765e+007
20097	-1.611e+007
20098	-1.5956e+007
20099	-1.5449e+007
20100	-1.2256e+007
20101	-3.1274e+006
20102	-2.5408e+006
20103	-3.7374e+006
20104	-5.6403e+006
20105	-4.9561e+006
20106	-6.3782e+006
20107	-7.0906e+006
20108	-5.5214e+006
20109	-1.0355e+007
20110	-1.1358e+007
20111	-1.6072e+007
20112	-1.6448e+007
20113	-1.2802e+007
20114	-1.2604e+007
20115	-8.0042e+006
20116	4.5298e+006
20117	2.877e+006
20118	4.8195e+006
20119	3.4903e+006
20120	4.659e+006
20121	4.1337e+006
20122	3.1933e+006
20123	-59993
20124	2.6814e+005
20125	-1.2843e+005
20126	-2.0754e+006
20127	-3.3218e+005
20128	-6.0126e+005
20129	5.1739e+005
20130	3.1987e+005
20131	3.829e+006
20132	2.6481e+006
20133	-3.8039e+006
20134	-2.5596e+006
20135	-2.3847e+006
20136	-8.7629e+005
20137	-2.8233e+006
20138	-2.8978e+006
20139	-3.4844e+006
20140	-4.1009e+006
20141	-6.1241e+006
20142	-5.2684e+006
20143	-1.1093e+006
20144	-4.671e+006
20145	-1.2345e+006
20146	-1.5445e+005
20147	-6.4034e+005
20148	5.9917e+006
20149	1.9791e+006
20150	4.1765e+006
20151	2.7107e+006
20152	2.6841e+006
20153	1.3548e+006
20154	1.6964e+006
20155	1.2105e+006
20156	9.8346e+005
20157	-7.9569e+006
20158	-7.0419e+006
20159	-1.0883e+007
20160	-1.0186e+007
20161	-5.3408e+006
20162	-9.9082e+006
20163	-5.9333e+006
20164	-7.0488e+006
20165	-8.1084e+006
20166	-8.5558e+006
20167	-8.6286e+006
20168	-1.5743e+006
20169	-5.4117e+006
20170	-5.1896e+006
20171	-8.2726e+006
20172	-7.0767e+006
20173	-8.9671e+006
20174	-6.6401e+006
20175	-7.2872e+006
20176	-6.1794e+006
20177	-8.2505e+006
20178	-4.7165e+006
20179	-4.8972e+006
20180	-4.8251e+006
20181	-4.9167e+006
20182	-7.686e+006
20183	-3.9683e+006
20184	-9.308e+006
20185	-5.7264e+006
20186	-1.0499e+007
20187	-5.8996e+006
20188	3.0234e+006
20189	3.0982e+006
20190	8.3278e+006
20191	-8.2533e+006
20192	-1.0873e+007
20193	-1.1246e+007
20194	-1.002e+007
20195	7.6453e+006
20196	8.1163e+006
20197	1.0616e+007
20198	-1.6014e+007
20199	-1.7793e+007
20200	-1.4908e+007
20201	-1.7131e+007
20202	9.3998e+006
20203	7.1236e+006
20204	8.464e+006
20205	-1.9976e+007
20206	-1.9586e+007
20207	-1.6164e+007
20208	-4.0058e+005
20209	3.1085e+006
20210	1.9277e+006
20211	-1.1082e+007
20212	-1.4823e+007
20213	-1.0311e+007
20214	-7.5009e+006
20215	-9.8788e+006
20216	-8.1926e+006
20217	-1.3151e+007
20218	-8.1953e+006
20219	-5.0262e+005
20220	-2.4496e+006
20221	-3.4442e+006
20222	-2.8788e+006
20223	-9.7544e+005
20224	-1.3417e+006
20225	-1.6524e+005
20226	2.4589e+006
20227	4.2428e+005
20228	-3.7823e+005
20229	-6.4731e+005
20230	-4.5996e+006
20231	-6.7341e+006
20232	-5.1649e+006
20233	-6.5024e+006
20234	-7.9246e+006
20235	-8.6369e+006
20236	-1.0179e+007
20237	-1.3886e+007
20238	-1.5211e+007
20239	-1.424e+007
20240	-1.5289e+007
20241	-1.9558e+007
20242	-1.6402e+007
20243	-1.9404e+007
20244	-1.9058e+007
20245	-1.7763e+007
20246	-1.5214e+007
20247	-1.6091e+007
20248	2.0716e+006
20249	2.4236e+006
20250	-7.6557e+005
20251	3.8085e+006
20252	-7.7626e+006
20253	-4.6205e+006
20254	-6.366e+006
20255	-3.2397e+006
20256	-2.9454e+006
20257	-4.9853e+006
20258	-1.8749e+007
20259	-1.8242e+007
20260	-1.3752e+007
20261	-1.1573e+007
20262	-1.5788e+007
20263	-1.6011e+007
20264	-1.5589e+007
20265	-2.518e+006
20266	-2.5926e+006
20267	-3.5126e+006
20268	2.911e+006
20269	2.4008e+006
20270	-5.7816e+006
20271	3.2974e+006
20272	3.0992e+006
20273	2.926e+006
20274	-7.9527e+006
20275	-1.5172e+007
20276	8.4338e+006
20277	6.1209e+006
20278	8.0686e+006
20279	1.0734e+007
20280	9.9449e+006
20281	6.6186e+006
20282	7.4199e+006
20283	2.1082e+006
20284	6.5117e+005
20285	6.4248e+005
20286	-2.0844e+006
20287	-1.8684e+006
20288	-1.6982e+006
20289	-1.5498e+006
20290	-2.0867e+006
20291	-2.0715e+006
20292	-9.6398e+005
20293	-8.6223e+005
20294	-72933
20295	-55662
20296	-1.0966e+006
20297	-1.9045e+006
20298	-2.1816e+006
20299	-1.9047e+006
20300	-2.2276e+006
20301	-2.1718e+006
20302	-2.0907e+006
20303	-2.0134e+006
20304	-1.0589e+006
20305	-5.7578e+005
20306	-1.3716e+006
20307	-1.0874e+006
20308	-1.6444e+006
20309	-1.519e+006
20310	-2.1522e+006
20311	-2.2731e+006
20312	-2.0387e+006
20313	-1.7384e+006
20314	-1.7734e+006
20315	-9.1746e+005
20316	-1.1097e+006
20317	-4.2424e+005
20318	-1.7108e+006
20319	-2.038e+006
20320	-2.1247e+006
20321	-2.0024e+006
20322	-1.7319e+006
20323	-1.8576e+006
20324	-9.9344e+005
20325	-1.0388e+006
20326	-7.1095e+005
20327	-1.7837e+006
20328	-1.6194e+006
20329	-1.8372e+006
20330	-1.8664e+006
20331	-1.87e+006
20332	-1.7302e+006
20333	-9.9391e+005
20334	-1.0895e+006
20335	-1.2633e+006
20336	-1.568e+006
20337	-1.5304e+006
20338	-1.6561e+006
20339	-1.1403e+006
20340	-1.299e+006
20341	-7.919e+005
20342	-9.7266e+005
20343	-5.0941e+005
20344	-2.2504e+006
20345	-2.0263e+006
20346	-1.9854e+006
20347	-1.9833e+006
20348	-2.1921e+006
20349	-1.9769e+006
20350	-1.1645e+006
20351	-8.3665e+005
20352	-1.0065e+006
20353	-1.0924e+006
20354	-1.3737e+006
20355	-1.4087e+006
20356	-6.4038e+005
20357	-6.6872e+005
20358	-5.5269e+005
20359	-3.9446e+005
20360	-7.449e+005
20361	-2.5415e+006
20362	-2.2565e+006
20363	-2.6353e+006
20364	-2.0418e+006
20365	-2.7818e+006
20366	-2.8675e+006
20367	-1.3781e+006
20368	-1.2831e+006
20369	-6.9263e+005
20370	-2.9963e+006
20371	-1.6892e+006
20372	-1.399e+006
20373	-1.798e+006
20374	-1.3579e+006
20375	-1.1553e+006
20376	-8.4348e+005
20377	-9.567e+005
20378	-7.7294e+005
20379	-1.1562e+006
20380	-2.2892e+006
20381	-2.2184e+006
20382	-2.4424e+006
20383	-2.0751e+006
20384	-2.2897e+006
20385	-2.5903e+006
20386	-2.0974e+006
20387	-1.149e+006
20388	-1.706e+006
20389	-2.1014e+006
20390	-2.1616e+006
20391	-2.2532e+006
20392	-2.1464e+006
20393	-2.0832e+006
20394	-1.0389e+006
20395	-1.4415e+006
20396	-1.1715e+006
20397	-1.9755e+006
20398	-1.6315e+006
20399	-1.4087e+006
20400	-1.9304e+006
20401	-1.3329e+006
20402	-1.0549e+006
20403	-7.2114e+005
20404	-2.3536e+006
20405	-9.5551e+005
20406	-8.3619e+005
20407	-1.4234e+006
20408	-1.2386e+006
20409	-1.7754e+006
20410	-1.3052e+006
20411	-1.661e+006
20412	-1.8045e+006
20413	-5.5096e+005
20414	2.3834e+005
20415	2.3227e+005
20416	-9.9865e+005
20417	8.8885e+005
20418	-1.6176e+006
20419	-1.7772e+006
20420	-1.6144e+006
20421	-1.7056e+006
20422	-1.6194e+006
20423	-1.8683e+006
20424	-1.5279e+006
20425	-1.6291e+006
20426	-2.2279e+006
20427	-1.0877e+006
20428	-1.0818e+006
20429	-1.4501e+006
20430	-1.3125e+006
20431	-1.1875e+006
20432	-1.5641e+006
20433	-1.4647e+006
20434	-9.2341e+005
20435	-1.1351e+006
20436	-1.0323e+006
20437	-2.1194e+006
20438	-2.211e+006
20439	-1.9524e+006
20440	-2.005e+006
20441	-9.9667e+005
20442	-6.6105e+005
20443	-1.024e+006
20444	-1.2845e+006
20445	-8.9438e+005
20446	-7.2458e+005
20447	-5.46e+005
20448	-7.2675e+005
20449	-4.1564e+005
20450	-2.2147e+006
20451	-2.5935e+006
20452	-2.2787e+006
20453	-2.6183e+006
20454	-2.0636e+006
20455	-1.2512e+006
20456	-2.7987e+006
20457	-9.8385e+005
20458	-1.2259e+006
20459	-4.9263e+005
20460	-5.4298e+005
20461	-5.4155e+005
20462	-2.4671e+005
20463	-5.9714e+005
20464	-1.2702e+005
20465	-2.428e+006
20466	-2.6519e+006
20467	-2.9027e+006
20468	-2.9669e+006
20469	-2.9883e+006
20470	-1.4989e+006
20471	-2.307e+006
20472	-1.8665e+006
20473	-1.8754e+006
20474	-1.358e+006
20475	-1.5283e+006
20476	-7.731e+005
20477	-1.1563e+006
20478	-1.2065e+006
20479	-8.1368e+005
20480	-2.2794e+006
20481	-1.9355e+006
20482	-2.3357e+006
20483	-2.1463e+006
20484	-2.6363e+006
20485	-1.3589e+006
20486	-2.556e+006
20487	-1.195e+006
20488	-5.531e+005
20489	-1.7313e+006
20490	-1.8916e+006
20491	-1.7326e+006
20492	-1.6455e+006
20493	-1.8953e+006
20494	-1.6697e+006
20495	-1.5549e+006
20496	-1.0192e+006
20497	-1.8331e+006
20498	-1.2158e+006
20499	-1.6488e+006
20500	-1.6079e+006
20501	-1.2902e+006
20502	-1.2233e+006
20503	-1.3724e+006
20504	-1.5419e+006
20505	-1.1676e+006
20506	-1.3211e+006
20507	-2.4176e+006
20508	-1.8933e+006
20509	-2.0503e+006
20510	-1.2646e+006
20511	-2.0726e+006
20512	-1.6812e+006
20513	-2.4712e+006
20514	-1.822e+006
20515	-1.8777e+006
20516	-1.1289e+006
20517	-1.119e+006
20518	-1.1729e+006
20519	-1.8797e+006
20520	-2.1426e+006
20521	-2.1785e+006
20522	-1.3031e+006
20523	-6.2763e+005
20524	-1.1392e+006
20525	-4.9731e+005
20526	-1.848e+006
20527	-1.8459e+006
20528	-1.9181e+006
20529	-1.7819e+006
20530	-1.8395e+006
20531	-1.0456e+006
20532	-6.9923e+005
20533	-1.5612e+006
20534	-8.507e+005
20535	-1.7009e+006
20536	-1.5244e+006
20537	-1.6146e+006
20538	-2.1515e+006
20539	-1.6243e+006
20540	-2.2232e+006
20541	-6.8781e+005
20542	-7.5443e+005
20543	-1.5481e+005
20544	-3.7593e+005
20545	-1.2538e+006
20546	-4.4791e+005
20547	-1.2238e+006
20548	-2.9966e+006
20549	-2.8748e+006
20550	-1.5077e+006
20551	-1.4978e+006
20552	-3.0552e+006
20553	-2.979e+006
20554	-3.211e+006
20555	-2.4889e+006
20556	-2.9565e+006
20557	-2.9779e+006
20558	-2.2966e+006
20559	-1.2372e+006
20560	-1.7466e+006
20561	-9.5916e+005
20562	-2.2578e+006
20563	-2.1563e+006
20564	-2.0138e+006
20565	-1.5716e+006
20566	-1.7986e+006
20567	-1.5203e+006
20568	-1.351e+006
20569	-1.5079e+006
20570	-6.6806e+005
20571	-8.6525e+005
20572	-6.6663e+005
20573	-1.2911e+006
20574	-1.3468e+006
20575	-7.3116e+005
20576	-6.0688e+005
20577	-5.5258e+005
20578	-4.9085e+005
20579	-4.2222e+005
20580	-6.4196e+005
20581	-2.0525e+006
20582	-2.0885e+006
20583	-2.0254e+006
20584	-1.7053e+006
20585	-1.8898e+006
20586	-1.1719e+006
20587	-1.3836e+006
20588	-1.7148e+006
20589	-1.787e+006
20590	-1.5408e+006
20591	-1.3577e+006
20592	-1.0869e+006
20593	-1.0314e+006
20594	-1.7284e+006
20595	-5.6814e+005
20596	-1.1112e+006
20597	-9.4102e+005
20598	-8.1602e+005
20599	-5.6178e+005
20600	-4.8571e+005
20601	-1.257e+005
20602	-6.6084e+005
20603	-5.5582e+005
20604	-1.645e+006
20605	-1.3417e+006
20606	-1.6975e+006
20607	-1.69e+005
20608	2.0185e+005
20609	-1.0144e+006
20610	-7.7829e+005
20611	-1.6561e+006
20612	-4.0258e+005
20613	-1.8841e+006
20614	-2.2556e+006
20615	-2.0495e+006
20616	-1.0412e+006
20617	-7.056e+005
20618	-1.5016e+005
20619	-2.1772e+006
20620	-1.1329e+006
20621	-1.1531e+006
20622	-1.1843e+006
20623	-1.4519e+006
20624	-1.4616e+006
20625	-1.4849e+006
20626	-1.1319e+006
20627	-1.0291e+006
20628	-1.1382e+006
20629	-1.1048e+006
20630	-1.4233e+006
20631	-7.1639e+005
20632	-1.049e+006
20633	-7.8263e+005
20634	-8.9151e+005
20635	-6.6746e+005
20636	-7.6651e+005
20637	-8.7563e+005
20638	-6.6149e+005
20639	-1.6073e+006
20640	-8.1305e+005
20641	-8.5843e+005
20642	-9.0243e+005
20643	-1.75e+006
20644	-9.087e+005
20645	-9.643e+005
20646	-1.3809e+006
20647	-2.0975e+006
20648	-5.4656e+005
20649	-1.3424e+006
20650	-1.3926e+006
20651	-8.0708e+005
20652	-9.0431e+005
20653	-3.1386e+005
20654	-9.5819e+005
20655	-9.5241e+005
20656	-1.0656e+006
20657	-1.5379e+006
20658	-1.8751e+006
20659	-6.5627e+005
20660	-1.258e+006
20661	-5.8255e+005
20662	-1.4286e+006
20663	-1.1586e+006
20664	-1.951e+006
20665	-1.0748e+006
20666	-7.2844e+005
20667	-1.2715e+006
20668	-2.1468e+006
20669	-2.6368e+006
20670	-2.1439e+006
20671	-1.1969e+006
20672	-8.2413e+005
20673	-4.4174e+005
20674	-4.8231e+005
20675	-3.2072e+006
20676	-3.2287e+006
20677	-3.3576e+006
20678	-1.7684e+005
20679	-1.5483e+005
20680	1.1943e+005
20681	2.3913e+005
20682	-2.56e+006
20683	-2.0053e+006
20684	-2.7404e+006
20685	-6.0154e+005
20686	-9.3006e+005
20687	-6.0371e+005
20688	-7.0247e+005
20689	-3.2676e+005
20690	-1.9592e+006
20691	-1.8083e+006
20692	-1.792e+006
20693	-1.5664e+006
20694	-1.4515e+006
20695	-2.1516e+006
20696	-1.7297e+006
20697	-1.8826e+006
20698	-3.5407e+005
20699	-5.3866e+005
20700	-4.4686e+005
20701	-6.2379e+005
20702	-50757
20703	3.2009e+005
20704	-9.1689e+005
20705	9.7061e+005
20706	-1.8716e+006
20707	-9.6284e+005
20708	-1.1537e+006
20709	-1.3654e+006
20710	-9.8306e+005
20711	-4.9848e+005
20712	-1.5515e+006
20713	-8.3363e+005
20714	-1.0454e+006
20715	-6.5252e+005
20716	-4.2438e+005
20717	-2.2575e+005
20718	2.6533e+005
20719	1.8878e+005
20720	-3.0745e+005
20721	-4.3391e+005
20722	-1.2279e+005
20723	-1.2719e+006
20724	-1.4792e+006
20725	-1.6426e+006
20726	-7.7761e+005
20727	-3.1726e+005
20728	-1.0932e+006
20729	-1.3667e+006
20730	-1.9035e+006
20731	-1.9752e+006
20732	-2.3622e+006
20733	-1.9937e+006
20734	-1.4665e+006
20735	-1.4899e+006
20736	-67134
20737	91094
20738	1488.7
20739	5.9476e+005
20740	-4.2295e+005
20741	-2.3918e+005
20742	68143
20743	-8.1793e+005
20744	-7.6243e+005
20745	-1.4595e+006
20746	-4.0662e+005
20747	-5.912e+005
20748	-35767
20749	-1.3442e+006
20750	-1.5722e+006
20751	-1.6142e+006
20752	-1.0785e+006
20753	-1.1741e+006
20754	2.0039e+005
20755	22866
20756	-4.0725e+005
20757	-1.0181e+006
20758	-2.0887e+006
20759	-1.6668e+006
20760	-1.1869e+006
20761	-6.4944e+005
20762	-9.821e+005
20763	-2.4474e+006
20764	-2.3671e+006
20765	-3.2929e+006
20766	-3.0799e+006
20767	-1.1312e+006
20768	-1.2848e+006
20769	-9.3869e+005
20770	-1.3007e+006
20771	-1.0343e+006
20772	-1.2617e+006
20773	-1.4543e+006
20774	-4.2203e+007
20775	-4.8784e+007
20776	-2.6931e+007
20777	-2.9578e+007
20778	-5.936e+007
20779	-5.5903e+007
20780	-2.5483e+007
20781	-1.9309e+007
20782	-2.17e+007
20783	-3.3373e+007
20784	-2.6102e+007
20785	-2.6952e+007
20786	-5.6937e+007
20787	-3.1453e+007
20788	-5.5924e+007
20789	-4.5552e+007
20790	-1.933e+007
20791	-3.3393e+007
20792	-1.5462e+007
20793	-2.3625e+007
20794	-3.6179e+007
20795	-6.5962e+007
20796	-7.4477e+007
20797	-3.9906e+007
20798	-6.3726e+007
20799	-5.1226e+007
20800	-2.8302e+007
20801	-3.2704e+007
20802	-1.6181e+007
20803	-1.0232e+007
20804	2.4613e+006
20805	-1.77e+006
20806	-4.0585e+006
20807	-8.3536e+006
20808	-3.9873e+005
20809	-2.07e+007
20810	-1.2879e+007
20811	-2.7535e+006
20812	-6.705e+006
20813	-1.7603e+006
20814	-9.0953e+006
20815	-5.3356e+006
20816	-1.0338e+008
20817	-8.5516e+007
20818	-8.2059e+007
20819	-9.7034e+007
20820	-1.0743e+008
20821	-5.9529e+007
20822	-8.0325e+007
20823	-9.4398e+007
20824	-1.0291e+008
20825	-1.1632e+008
20826	-6.8411e+007
20827	-8.9207e+007
20828	-8.4957e+007
20829	-9.2112e+007
20830	-6.1141e+007
20831	3.6955e+006
20832	1.6389e+007
20833	1.3821e+007
20834	1.7649e+007
20835	9.8694e+006
20836	1.4814e+007
20837	-7.0637e+007
20838	-8.5611e+007
20839	-6.0265e+007
20840	-4.4396e+007
20841	-6.5563e+007
20842	-3.0175e+007
20843	-8.5053e+007
20844	-7.3081e+007
20845	-5.055e+007
20846	-4.328e+007
20847	-8.2817e+007
20848	-8.4699e+007
20849	-6.8906e+007
20850	-7.5611e+007
20851	-5.1795e+007
20852	-6.4802e+006
20853	-3.5746e+007
20854	-1.2822e+007
20855	-9.0623e+006
20856	-2.1839e+007
20857	-6.271e+006
20858	-3.4782e+007
20859	-7.1426e+006
20860	-1.8912e+007
20861	-1.2855e+007
20862	-8.4598e+007
20863	-4.7093e+007
20864	-6.455e+007
20865	-2.9161e+007
20866	3.909e+006
20867	-2.6108e+006
20868	-1.0997e+008
20869	-6.2068e+007
20870	-8.2864e+007
20871	-7.9525e+007
20872	1.2372e+007
20873	1.7863e+007
20874	1.0083e+007
20875	1.7816e+007
20876	5.7879e+006
20877	-9.3264e+007
20878	-9.617e+007
20879	1.2459e+007
20880	8.8841e+006
20881	1.1213e+007
20882	7.2685e+006
20883	1.3584e+007
20884	1.5566e+006
20885	-5.9566e+007
20886	-5.8156e+007
20887	-4.1045e+007
20888	-3.3011e+007
20889	-1.879e+007
20890	-2.6954e+007
20891	-2.4142e+007
20892	-4.5655e+007
20893	-3.3158e+007
20894	-2.8544e+007
20895	-4.2416e+006
20896	-3.1156e+006
20897	-6.4935e+006
20898	-5.5482e+006
20899	-2.4378e+006
20900	-2.4452e+006
20901	-2.8323e+006
20902	-2.1114e+006
20903	3.6652e+006
20904	3464.9
20905	4.5124e+006
20906	8.9745e+005
20907	3.1395e+006
20908	2.8055e+006
20909	-3.6641e+006
20910	-1.6159e+006
20911	-1.6469e+006
20912	-2.0281e+006
20913	-1.8192e+006
20914	-1.8603e+006
20915	-1.3181e+006
20916	-1.8678e+006
20917	-6.2729e+006
20918	-3.5195e+006
20919	-4.8522e+006
20920	-5.2547e+006
20921	-1.3062e+007
20922	-2.4565e+006
20923	-4.5074e+006
20924	-2.1045e+007
20925	-1.7331e+007
20926	-9.4846e+006
20927	-1.9604e+007
20928	-1.5684e+007
20929	-2.4582e+007
20930	-6.9571e+006
20931	-2.0909e+007
20932	-4.4606e+007
20933	-4.6324e+007
20934	-4.3089e+007
20935	-3.9756e+007
20936	-3.7607e+007
20937	2.5038e+006
20938	1.1583e+006
20939	4.666e+005
20940	5.8626e+006
20941	6.1115e+006
20942	3.098e+006
20943	5.3516e+006
20944	2.9454e+006
20945	-2.7557e+006
20946	-4.5784e+006
20947	-2.0024e+006
20948	-7.1288e+006
20949	-7.6971e+006
20950	-6.2837e+006
20951	-2.5685e+006
20952	70497
20953	-2.4841e+006
20954	1.0138e+007
20955	1.1265e+007
20956	1.2149e+007
20957	1.0906e+007
20958	1.1441e+007
20959	1.1237e+007
20960	8.2536e+006
20961	-7.5167e+006
20962	-9.607e+005
20963	-2.0255e+007
20964	-1.8179e+007
20965	-2.3086e+007
20966	1.1699e+006
20967	-5.4613e+006
20968	-1.3153e+007
20969	-3.4996e+006
20970	-1.9413e+007
20971	-1.259e+006
20972	-2.1437e+006
20973	-1.2853e+006
20974	-3.0056e+006
20975	-52775
20976	16662
20977	-3.354e+006
20978	1.0425e+006
20979	20603
20980	-5.867e+005
20981	-2.959e+006
20982	-2.7069e+006
20983	-8.6129e+006
20984	-1.2382e+007
20985	-1.3329e+007
20986	-8.4194e+006
20987	-8.5341e+006
20988	-1.2415e+007
20989	2.3587e+005
20990	2.7808e+006
20991	1.1185e+006
20992	1.5573e+006
20993	-5.0258e+005
20994	1.9683e+006
20995	2.1505e+006
20996	2.8919e+005
20997	2.1421e+006
20998	2.5808e+006
20999	-6.0306e+006
21000	-1.0844e+007
21001	3.3625e+006
21002	-1.0669e+007
21003	6.2779e+006
21004	7.6017e+005
21005	-1.0061e+007
21006	1.3221e+007
21007	-5.2391e+006
21008	1.2273e+007
21009	9.5093e+006
21010	7.3901e+006
21011	1.0457e+007
21012	4.2458e+006
21013	1.4004e+007
21014	4.808e+006
21015	9.1248e+006
21016	9.1156e+006
21017	-3.6416e+006
21018	-2.972e+006
21019	-7.374e+005
21020	-1.0647e+005
21021	1.3967e+006
21022	-9.2434e+005
21023	-1.7683e+006
21024	-2.168e+006
21025	-2.9e+006
21026	-2.7192e+006
21027	-6.2203e+005
21028	-1.3886e+006
21029	-1.046e+006
21030	-1.7436e+007
21031	-1.6929e+007
21032	-1.3737e+007
21033	2.9978e+006
21034	3.4366e+006
21035	5.549e+006
21036	2.5588e+006
21037	5.6941e+006
21038	2.0856e+006
21039	2.9711e+006
21040	3.3829e+006
21041	5.0162e+006
21042	2.591e+006
21043	2.8694e+005
21044	-6.3016e+005
21045	-5.773e+005
21046	-1.5302e+005
21047	-1.4374e+006
21048	62327
21049	-2.0879e+005
21050	3.1466e+005
21051	-2.6462e+005
21052	-4.8079e+006
21053	-3.4575e+006
21054	-1.8e+006
21055	-2.2669e+006
21056	-3.8833e+006
21057	-2.9369e+007
21058	-3.5179e+007
21059	-2.5807e+007
21060	-4.6461e+007
21061	-4.7927e+007
21062	1.3469e+007
21063	4.6116e+006
21064	7.1898e+006
21065	3.3899e+006
21066	4.1223e+006
21067	1.1627e+007
21068	3.0073e+006
21069	9.0565e+006
21070	1.4298e+006
21071	-2.6164e+006
21072	-7.8751e+005
21073	-2.2117e+006
21074	-8229.3
21075	-6.5821e+005
21076	-1.9149e+006
21077	-28663
21078	-1.6094e+006
21079	-6.0653e+005
21080	-2.7507e+006
21081	6.7192e+005
21082	1.6335e+006
21083	2.3627e+006
21084	3.7402e+007
21085	2.0326e+007
21086	3.8102e+007
21087	1.3298e+007
21088	2.7592e+007
21089	1.3728e+006
21090	-1.7992e+006
21091	-5.2477e+005
21092	-8.6962e+006
21093	-7.8897e+006
21094	-1.4342e+007
21095	-4.2294e+006
21096	-1.3867e+007
21097	-2.1773e+007
21098	-1.7111e+007
21099	-1.3097e+007
21100	-3.7941e+006
21101	-2.044e+007
21102	-3.6315e+006
21103	-4.1022e+006
21104	-3.379e+006
21105	-3.3029e+006
21106	-1.1703e+006
21107	-1.2333e+006
21108	-1.805e+006
21109	-3.446e+006
21110	-4.4225e+006
21111	-3.8889e+005
21112	1.5681e+006
21113	9.8605e+006
21114	4.6569e+006
21115	7.9828e+006
21116	1.7121e+007
21117	8.6964e+006
21118	9.3732e+005
21119	1.4928e+006
21120	1.0291e+006
21121	1.1272e+006
21122	8.9872e+005
21123	1.5228e+006
21124	2.7589e+006
21125	8.4868e+005
21126	2.5577e+005
21127	9.0163e+005
21128	2.1433e+006
21129	2.272e+006
21130	-2.5533e+005
21131	-1.1995e+005
21132	2.0792e+005
21133	55783
21134	4.4409e+005
21135	4.2863e+005
21136	2.872e+005
21137	-1.6396e+005
21138	3.0112e+007
21139	2.7375e+007
21140	3.5931e+007
21141	2.4843e+007
21142	2.2259e+007
21143	1.8728e+007
21144	-4.2947e+005
21145	2.0958e+005
21146	-1.028e+006
21147	-1.5894e+006
21148	-4.4918e+006
21149	-2.0178e+005
21150	-6.8872e+005
21151	-1.7047e+005
21152	-2.3875e+006
21153	-1.8634e+006
21154	-2.0982e+006
21155	62246
21156	-3.2345e+005
21157	-1.031e+006
21158	-1.0024e+006
21159	-1.3975e+006
21160	-5.4112e+005
21161	-6.5961e+005
21162	-1.2438e+006
21163	-2.6613e+006
21164	1.0252e+005
21165	3.9684e+005
21166	1.0621e+006
21167	2.814e+006
21168	3.3422e+006
21169	-1.0918e+006
21170	-1.2219e+006
21171	-2.6508e+006
21172	83052
21173	2.7058e+006
21174	5.1845e+006
21175	7.1819e+006
21176	1.3553e+006
21177	6.1582e+006
21178	3.4064e+006
21179	1.5974e+006
21180	6.2381e+006
21181	4.063e+006
21182	1.4079e+006
21183	1.4617e+007
21184	-1.7682e+006
21185	9.4456e+006
21186	-4.1362e+006
21187	-9.7625e+006
21188	2.4067e+007
21189	1.7104e+007
21190	2.4848e+007
21191	2.157e+007
21192	-1.1241e+007
21193	1.5144e+006
21194	3.5599e+006
21195	7.888e+005
21196	5.1385e+006
21197	1.4235e+006
21198	2.5835e+006
21199	2.3874e+006
21200	8.3329e+005
21201	4.5362e+005
21202	3.3084e+005
21203	3.0936e+005
21204	81968
21205	4.2648e+005
21206	3.2663e+005
21207	2.3999e+006
21208	-51782
21209	-4.4061e+005
21210	4.0675e+005
21211	1.1769e+006
21212	1.1278e+006
21213	8.1178e+005
21214	-5.5663e+007
21215	-6.0793e+007
21216	-4.1515e+007
21217	-5.8702e+007
21218	-6.3528e+007
21219	2.5673e+006
21220	7.0033e+006
21221	4.5072e+006
21222	7.2576e+005
21223	1.1006e+007
21224	5.6689e+006
21225	3.2225e+006
21226	2.8259e+006
21227	1.7126e+006
21228	4.5381e+006
21229	8.5346e+006
21230	7.5e+006
21231	-2.7899e+007
21232	-1.943e+007
21233	-8.4831e+007
21234	-7.5282e+007
21235	-5.9489e+007
21236	-1.7541e+007
21237	-6.2129e+007
21238	-9.6034e+007
21239	-8.9349e+005
21240	-1.7434e+007
21241	-7.5439e+007
21242	2.732e+006
21243	2.9756e+006
21244	5.9309e+006
21245	2.5083e+006
21246	5.2599e+006
21247	6.4646e+006
21248	6.3805e+006
21249	2.2298e+006
21250	7.753e+006
21251	-1.9954e+007
21252	-2.6885e+007
21253	-1.832e+007
21254	-2.1485e+007
21255	-1.8757e+007
21256	-1.8434e+007
21257	-6.0547e+006
21258	-5.26e+005
21259	-2.0302e+007
21260	-2.6673e+006
21261	4.598e+006
21262	-1.9885e+007
21263	-2.4793e+007
21264	-2.3519e+007
21265	-2.343e+007
21266	7.026e+006
21267	5.6749e+005
21268	-9.346e+006
21269	-2.1889e+005
21270	-6.1241e+006
21271	-3.3632e+006
21272	6.3947e+006
21273	-1.0221e+007
21274	-2.801e+006
21275	-4.8693e+006
21276	-4.0677e+006
21277	-9.8558e+006
21278	-1.296e+007
21279	-1.8121e+007
21280	-1.0116e+007
21281	-1.3975e+007
21282	-1.7657e+007
21283	-1.0943e+007
21284	-9.2128e+006
21285	-1.3393e+007
21286	-9.9677e+006
21287	-1.3449e+007
21288	-1.1987e+007
21289	-1.4014e+007
21290	-1.3843e+007
21291	-1.188e+007
21292	-1.1546e+007
21293	-1.1987e+007
21294	-1.7693e+007
21295	-1.6145e+007
21296	-1.4964e+007
21297	4.4825e+006
21298	1.0606e+007
21299	1.5485e+007
21300	-4.2904e+006
21301	5.6899e+006
21302	-3.979e+005
21303	1.809e+007
21304	5.4865e+006
21305	1.994e+006
21306	-2.455e+006
21307	1.9788e+007
21308	3.4953e+006
21309	3.5457e+006
21310	6.6058e+006
21311	5.8595e+006
21312	5.9957e+006
21313	7.4389e+006
21314	3.0301e+006
21315	4.2847e+006
21316	6.5966e+006
21317	-5.1142e+007
21318	-8.1649e+007
21319	-6.6734e+007
21320	-6.6653e+007
21321	-5.6298e+007
21322	-6.3889e+007
21323	1.9529e+006
21324	3.2209e+006
21325	4.892e+006
21326	1.2145e+006
21327	3.6853e+006
21328	-3.5309e+006
21329	-1.8706e+006
21330	-4.9759e+006
21331	-5.7939e+005
21332	1.7406e+006
21333	-5.0021e+005
21334	-6.3604e+006
21335	-4.3288e+006
21336	-5.0311e+007
21337	-4.5521e+007
21338	-4.6415e+007
21339	-5.9711e+007
21340	-8.1882e+007
21341	-4.9477e+007
21342	3.3834e+006
21343	4.0483e+006
21344	4.2805e+006
21345	4.4975e+006
21346	3.8217e+006
21347	4.6737e+006
21348	6.4958e+006
21349	2.4302e+006
21350	4.0149e+006
21351	-3.906e+007
21352	-4.0153e+006
21353	-3.5323e+007
21354	-2.3363e+007
21355	1.2258e+007
21356	-7.7162e+005
21357	-2.4471e+007
21358	-2.2721e+007
21359	-2.1317e+007
21360	-2.628e+007
21361	8.6663e+006
21362	1.8735e+005
21363	-4.9003e+005
21364	-1.382e+006
21365	-1.0681e+007
21366	1.191e+007
21367	-1.0039e+007
21368	-2.0815e+006
21369	-4.1859e+006
21370	-8.6349e+006
21371	-2.3065e+005
21372	1.2936e+005
21373	-2.9689e+005
21374	-5.0855e+005
21375	-4.9577e+005
21376	-8.9086e+005
21377	-4.0578e+005
21378	-1.53e+005
21379	-7.3721e+005
21380	-4.5395e+006
21381	-5.4596e+006
21382	-6.6554e+006
21383	-6.0603e+006
21384	-4.8942e+006
21385	-2.7218e+006
21386	-2.9908e+006
21387	-5.411e+006
21388	-4.6113e+006
21389	-5.9372e+006
21390	-4.6116e+006
21391	-2.6018e+006
21392	-1.0472e+007
21393	-2.6436e+005
21394	-8.0454e+006
21395	-8.5304e+005
21396	-2.271e+006
21397	-7.1757e+005
21398	4.3813e+005
21399	-1.1911e+006
21400	-2.1028e+006
21401	-1.3096e+006
21402	-3.3113e+006
21403	5.6262e+006
21404	3.4135e+006
21405	1.2969e+006
21406	8.1005e+006
21407	2.2253e+006
21408	1.5937e+006
21409	9.654e+006
21410	6.9384e+006
21411	7.0497e+006
21412	7.4637e+006
21413	9.3413e+006
21414	6.8184e+006
21415	2.3774e+006
21416	2.0493e+006
21417	1.1343e+007
21418	1.6288e+007
21419	1.155e+007
21420	2.3537e+007
21421	7.7678e+006
21422	7.3099e+006
21423	-1.3012e+006
21424	1.9076e+007
21425	2.1784e+007
21426	1.8946e+007
21427	7.0478e+006
21428	1.0303e+007
21429	6.8998e+006
21430	5.2991e+006
21431	7.5934e+006
21432	4.0444e+006
21433	7.7696e+006
21434	6.5448e+006
21435	7.988e+006
21436	4.5822e+006
21437	7.1457e+006
21438	-3.4234e+005
21439	-5.4954e+005
21440	4.2422e+006
21441	6.9317e+005
21442	3.8837e+006
21443	18966
21444	1.5683e+006
21445	4.5602e+006
21446	1.231e+006
21447	-7.0501e+005
21448	1.8704e+005
21449	-4.0275e+006
21450	-1.0506e+006
21451	8.1195e+005
21452	4.2657e+005
21453	8.6542e+005
21454	-1.1945e+006
21455	1.2764e+006
21456	-7.1126e+005
21457	-2.9546e+006
21458	1.7166e+006
21459	4.0219e+006
21460	-6.5819e+005
21461	3.9825e+006
21462	43676
21463	-8.4767e+005
21464	25203
21465	-6.2917e+006
21466	-2.4813e+006
21467	-2.3288e+006
21468	-2.4434e+006
21469	-6.3246e+006
21470	-2.2575e+006
21471	-1.8838e+006
21472	-2.6305e+006
21473	-3.5763e+006
21474	-3.5938e+007
21475	-2.1458e+007
21476	-2.5354e+007
21477	-3.4801e+007
21478	-2.4801e+007
21479	-2.2008e+007
21480	-1.66e+006
21481	-2.8571e+006
21482	-2.4445e+006
21483	-3.5638e+006
21484	-1.4962e+006
21485	-2.1044e+006
21486	-8.5423e+005
21487	-1.5099e+006
21488	1.3844e+006
21489	2.086e+006
21490	2.5131e+006
21491	2.6549e+006
21492	6.5238e+006
21493	3.0146e+005
21494	4.6472e+006
21495	1.4822e+006
21496	6.9606e+006
21497	3.7727e+006
21498	2.2045e+006
21499	2.3387e+007
21500	7.0261e+006
21501	9.1233e+006
21502	1.9484e+007
21503	8.178e+006
21504	7.9016e+006
21505	2.3885e+007
21506	5.9229e+006
21507	4.1712e+005
21508	5.6402e+005
21509	9.7255e+005
21510	-3.2108e+005
21511	61277
21512	5.4586e+005
21513	9.8983e+005
21514	-51113
21515	2.6078e+007
21516	8.2587e+006
21517	1.3576e+007
21518	1.0978e+007
21519	1.1783e+007
21520	3.154e+007
21521	2.6781e+007
21522	3.4931e+007
21523	3.1466e+007
21524	3.0636e+007
21525	2.3824e+006
21526	6.3364e+006
21527	2.7246e+007
21528	-2.0533e+006
21529	-1.5011e+006
21530	-6.4759e+006
21531	-1.6806e+006
21532	-1.0859e+006
21533	-5.3015e+006
21534	-1.3793e+006
21535	-4.5799e+007
21536	-2.1162e+007
21537	-2.0431e+007
21538	-2.2064e+007
21539	-2.8561e+007
21540	3.4659e+006
21541	2.6296e+006
21542	3.0721e+006
21543	1.3999e+005
21544	8.443e+005
21545	-3.5453e+005
21546	1.7693e+005
21547	2.1649e+006
21548	-1.9797e+005
21549	7.4637e+005
21550	-1.6108e+006
21551	1.9708e+006
21552	-6.5314e+006
21553	-3.1287e+006
21554	2.4e+006
21555	-1.7376e+007
21556	7.5241e+006
21557	3.5083e+006
21558	-1.422e+007
21559	-1.8275e+007
21560	-1.1048e+007
21561	-4.7802e+006
21562	-7.8569e+006
21563	-4.7818e+006
21564	-1.1954e+007
21565	-6.6021e+006
21566	-8.1475e+006
21567	-1.2054e+007
21568	-7.5451e+006
21569	-7.4785e+005
21570	3.7424e+006
21571	-7.1446e+006
21572	-1.0615e+006
21573	4.2843e+006
21574	-5.2369e+006
21575	-1.715e+006
21576	-1.2837e+006
21577	3.3927e+006
21578	1.0736e+007
21579	9.1356e+006
21580	1.1376e+007
21581	6.4959e+006
21582	1.0982e+007
21583	1.6217e+007
21584	-2.3432e+007
21585	-3.0142e+007
21586	-1.5232e+007
21587	-1.9329e+007
21588	-2.299e+007
21589	-1.8963e+007
21590	-3.0141e+007
21591	-2.6808e+007
21592	-1.9429e+007
21593	-2.1471e+007
21594	-2.8104e+007
21595	-1.6519e+007
21596	-1.8732e+007
21597	-1.6305e+007
21598	-3.5918e+006
21599	-4.7097e+006
21600	-4.152e+006
21601	-5.711e+006
21602	-5.2924e+006
21603	-9.4142e+007
21604	-4.5081e+007
21605	-8.7149e+007
21606	-9.3007e+007
21607	-5.5643e+007
21608	-3.9569e+007
21609	8.5078e+006
21610	1.1728e+006
21611	-1.05e+007
21612	3.7704e+006
21613	1.5865e+007
21614	-11889
21615	7.432e+006
21616	1.9484e+007
21617	-7.3194e+005
21618	-3.548e+007
21619	-5.7865e+007
21620	-1.6014e+007
21621	-4.8953e+007
21622	-5.5268e+007
21623	-4.4109e+005
21624	-4.7322e+007
21625	-7.0171e+007
21626	-3.647e+007
21627	-5.0993e+006
21628	-1.2179e+007
21629	-9.4077e+006
21630	-1.e+007
21631	-1.2257e+007
21632	-1.1373e+007
21633	-9.9279e+006
21634	-8.82e+006
21635	-2.7281e+007
21636	-1.5697e+007
21637	-2.6158e+007
21638	-5.6704e+007
21639	-5.3621e+007
21640	-5.7749e+007
21641	-1.2777e+007
21642	-9.8979e+006
21643	2.5416e+006
21644	-6.8699e+006
21645	-8.749e+006
21646	-3.5465e+006
21647	-6.4377e+006
21648	-2.4845e+006
21649	-8.0521e+006
21650	-5.5341e+006
21651	-6.6372e+006
21652	-6.7299e+006
21653	-6.1348e+006
21654	-5.7815e+006
21655	1.9837e+006
21656	1.6664e+006
21657	1.6679e+005
21658	8.2267e+005
21659	5.2822e+005
21660	-2.6966e+006
21661	3.6519e+006
21662	-5.8084e+005
21663	1.7527e+006
21664	-1.0833e+006
21665	-1.041e+006
21666	-1.4194e+006
21667	-2.8833e+006
21668	-8.0753e+005
21669	-1.8482e+006
21670	-1.6858e+006
21671	-9.2079e+005
21672	2.1076e+005
21673	2.719e+006
21674	8.5006e+006
21675	1.3159e+006
21676	-8.8565e+005
21677	-2.4731e+005
21678	4.8983e+006
21679	4.8736e+006
21680	7.7487e+006
21681	1.2405e+007
21682	1.85e+007
21683	1.8233e+007
21684	7.7701e+006
21685	1.9674e+005
21686	-1.9559e+006
21687	-1.2919e+006
21688	-1.422e+006
21689	-2.8509e+006
21690	-1.8431e+006
21691	5.1138e+006
21692	1.8067e+006
21693	8.906e+006
21694	2.5461e+006
21695	1.5235e+006
21696	9.8552e+005
21697	1.0097e+006
21698	9.6579e+005
21699	1.3708e+006
21700	3.4595e+006
21701	4.1607e+006
21702	3.6695e+006
21703	-5.8709e+005
21704	1.2011e+006
21705	4.2135e+006
21706	-7.6779e+005
21707	6.0429e+006
21708	3.5987e+006
21709	43641
21710	4.7494e+005
21711	-9.7774e+005
21712	-6.4987e+005
21713	-2.5252e+006
21714	-3.7955e+005
21715	-9.5121e+005
21716	-2.5922e+006
21717	-1.5118e+006
21718	-8.0134e+005
21719	-4.1682e+006
21720	-1.8491e+006
21721	-1.1932e+006
21722	-2.5748e+006
21723	-4.264e+006
21724	-4.7125e+006
21725	-2.2648e+006
21726	-3.8853e+006
21727	-4.1198e+006
21728	-5.2111e+006
21729	1.1563e+006
21730	-1.5462e+006
21731	3.4364e+006
21732	-1.1277e+006
21733	1.5711e+006
21734	4.0987e+006
21735	1.0853e+006
21736	-1.5488e+006
21737	1.9428e+007
21738	-1.1846e+007
21739	6.0777e+006
21740	7.2064e+006
21741	2.9652e+007
21742	-1.4936e+007
21743	1.739e+007
21744	2.976e+007
21745	4.6484e+007
21746	1.9365e+007
21747	6.7924e+006
21748	2.0913e+007
21749	9.6074e+006
21750	1.7983e+007
21751	1.0316e+007
21752	8.4515e+006
21753	2.5314e+007
21754	2.9169e+007
21755	-6.9221e+005
21756	-4.5104e+006
21757	-2.2031e+005
21758	-1.1004e+006
21759	-11088
21760	-4.8164e+005
21761	-1.89e+005
21762	-3.1122e+006
21763	-2.4061e+006
21764	-9.9038e+006
21765	-7.441e+006
21766	-5.7954e+006
21767	-1.1962e+007
21768	-1.1925e+007
21769	-6.7112e+006
21770	-9.6136e+006
21771	-6.3257e+006
21772	-6.0725e+006
21773	-1.2303e+007
21774	1.5248e+006
21775	9.6162e+005
21776	3.239e+006
21777	3.8609e+006
21778	-21933
21779	-5.4451e+005
21780	3.6265e+006
21781	2.7063e+006
21782	2.8106e+005
21783	-1.6667e+005
21784	-1.1301e+006
21785	-2.594e+006
21786	-4.6005e+005
21787	-2.413e+006
21788	-1.2379e+006
21789	-1.3965e+006
21790	-32399
21791	-6.3147e+005
21792	1.1016e+006
21793	6.9625e+005
21794	9.9856e+005
21795	2.3203e+005
21796	-5.4523e+006
21797	-8.3219e+006
21798	-1.1211e+007
21799	-4.9617e+006
21800	-6.3313e+006
21801	-8.863e+006
21802	-5.1792e+006
21803	-5.5752e+006
21804	-7.514e+006
21805	-4.512e+006
21806	-4.5481e+006
21807	-7.4648e+006
21808	1.247e+007
21809	2.5734e+006
21810	9.3731e+006
21811	-4.5401e+005
21812	5.948e+006
21813	5.4304e+006
21814	7.0491e+006
21815	1.9378e+006
21816	1.9732e+007
21817	4.1238e+006
21818	2.999e+006
21819	-2.8187e+006
21820	-2.3335e+006
21821	-4.396e+006
21822	-1.5252e+006
21823	5.7415e+006
21824	6.7827e+006
21825	9.1936e+006
21826	2.4316e+006
21827	2.877e+006
21828	-2.6019e+006
21829	1.4506e+007
21830	1.3278e+007
21831	4.1735e+006
21832	5.1212e+006
21833	-9.8737e+006
21834	2.3906e+007
21835	-1.1397e+007
21836	2.1459e+007
21837	-1.1352e+007
21838	-8.33e+006
21839	-2.9197e+007
21840	4.8543e+007
21841	3.7996e+007
21842	7.7778e+006
21843	-2.0187e+007
21844	-8.7683e+006
21845	-3.3681e+007
21846	5.0452e+007
21847	3.7761e+007
21848	-2.3583e+006
21849	-1.5924e+007
21850	4.3338e+007
21851	1.5048e+007
21852	5.2171e+007
21853	2.5125e+006
21854	2.8463e+006
21855	5.4113e+006
21856	1.9014e+006
21857	8.3405e+005
21858	7.405e+006
21859	4.3962e+006
21860	6.8551e+005
21861	3.6295e+006
21862	1.8205e+006
21863	6.5229e+006
21864	6.3019e+006
21865	3.0145e+006
21866	6.3747e+006
21867	3.4449e+006
21868	1.7429e+007
21869	1.7488e+007
21870	4.0331e+006
21871	1.9564e+006
21872	1.4801e+007
21873	-1.111e+005
21874	-3.1057e+005
21875	-26375
21876	6.2708e+005
21877	-5.8335e+005
21878	7.6309e+005
21879	-3.8447e+006
21880	-8.2247e+005
21881	-1.2082e+006
21882	-1.9157e+006
21883	-1.5476e+006
21884	-3.1886e+006
21885	-2.1285e+006
21886	3.4535e+006
21887	1.8245e+006
21888	7.328e+006
21889	1.2212e+006
21890	6.4237e+006
21891	6.4459e+006
21892	2.4455e+006
21893	2.0049e+006
21894	3.8253e+005
21895	2.3534e+005
21896	2.3818e+005
21897	-9.3308e+005
21898	-5.8009e+005
21899	-4.1432e+005
21900	-6.043e+005
21901	-5.8644e+005
21902	-62615
21903	-3.723e+005
21904	-3.8521e+007
21905	-3.2495e+007
21906	-5.1267e+007
21907	-4.9681e+007
21908	-5.4507e+007
21909	-3.444e+007
21910	-1.1353e+006
21911	-2.6522e+006
21912	8.1434e+006
21913	-9.8248e+006
21914	1.16e+007
21915	4.9692e+006
21916	-3.8306e+006
21917	-2.7228e+006
21918	6.9308e+006
21919	-8.9829e+006
21920	-3.2007e+006
21921	-2.6026e+006
21922	-7.0632e+006
21923	-5.0175e+006
21924	-3.342e+006
21925	-2.8106e+006
21926	-2.2411e+006
21927	-4.5983e+006
21928	-4.7181e+006
21929	-3.3502e+006
21930	-7.5903e+006
21931	-3.2747e+006
21932	-3.8213e+006
21933	-3.4741e+006
21934	1.2328e+007
21935	6.1175e+006
21936	2.081e+007
21937	9.8773e+006
21938	4.9328e+006
21939	1.6111e+007
21940	1.8522e+007
21941	1.2206e+007
21942	-40558
21943	70516
21944	-2.7992e+005
21945	-4.2379e+005
21946	6.1497e+005
21947	-6.9657e+005
21948	2.6677e+005
21949	1.9021e+005
21950	5.2393e+006
21951	5.91e+006
21952	8.8996e+006
21953	-7.3847e+005
21954	2.7208e+006
21955	31585
21956	7.2949e+006
21957	4.0829e+006
21958	3.9484e+006
21959	2.2976e+006
21960	3.37e+006
21961	1.2554e+006
21962	2.5972e+006
21963	4.8886e+006
21964	5.848e+006
21965	5.5713e+006
21966	-6.086e+006
21967	8.4173e+006
21968	6.9121e+006
21969	-2.7259e+006
21970	-5.2838e+006
21971	1.2485e+007
21972	-5.243e+006
21973	5.9271e+006
21974	7.3474e+006
21975	-9.2987e+006
21976	6.3694e+006
21977	-5.824e+006
21978	-4.5743e+006
21979	-6.2946e+006
21980	-2.8325e+006
21981	-5.7623e+006
21982	-2.3679e+006
21983	-3.786e+006
21984	8.0743e+005
21985	-7.2508e+006
21986	-6.248e+006
21987	1.0289e+006
21988	1.7699e+006
21989	1.4601e+006
21990	2.5961e+006
21991	4.5884e+006
21992	2.3097e+006
21993	1.8238e+006
21994	5.316e+006
21995	2.6115e+006
21996	1.5968e+006
21997	1.6711e+006
21998	-18212
21999	3.9283e+005
22000	6273.
22001	5.8679e+005
22002	-1.8067e+005
22003	1.4619e+006
22004	4.4538e+006
22005	8.2137e+006
22006	5.0233e+006
22007	6.1592e+006
22008	8.1515e+006
22009	6.757e+006
22010	9.0836e+006
22011	8.8791e+006
22012	8.3372e+006
22013	1.0843e+007
22014	8.1284e+006
22015	1.4572e+007
22016	3.1695e+007
22017	5.0182e+006
22018	1.3284e+007
22019	3.3771e+007
22020	3.1076e+007
22021	2.9552e+007
22022	1.4718e+007
22023	2.0823e+007
22024	1.7292e+007
22025	3.1223e+007
22026	9.3483e+006
22027	-7.0601e+005
22028	1.0958e+007
22029	9.5002e+006
22030	5.1874e+006
22031	1.0119e+006
22032	4.9651e+006
22033	1.2433e+007
22034	3.1757e+007
22035	1.6087e+007
22036	2.9292e+007
22037	-4.2091e+006
22038	-7.4144e+006
22039	-5.6843e+006
22040	-4.6775e+006
22041	-9.8643e+006
22042	-4.318e+006
22043	-6.4392e+006
22044	-3.8736e+006
22045	-4.6056e+006
22046	-4.4248e+006
22047	-3.5659e+007
22048	-4.4238e+007
22049	-3.1268e+007
22050	-4.0715e+007
22051	-4.5787e+007
22052	1.1103e+007
22053	5.7323e+006
22054	5.8763e+006
22055	8.2028e+006
22056	1.0097e+007
22057	7.4565e+006
22058	3.0926e+006
22059	1.2814e+007
22060	7.7325e+006
22061	-6.5587e+006
22062	7.6475e+006
22063	1.2918e+007
22064	1.0563e+007
22065	-1.1757e+007
22066	-5.7759e+006
22067	-3.4555e+007
22068	-1.5413e+007
22069	-5.0903e+006
22070	1.8016e+007
22071	9.9454e+006
22072	-1.4106e+007
22073	-1.2306e+007
22074	-1.2899e+007
22075	-1.5155e+007
22076	-1.6095e+007
22077	-1.6343e+007
22078	-7.6309e+006
22079	-1.0832e+007
22080	-6.3905e+006
22081	-1.6697e+007
22082	-4.3184e+007
22083	-3.8045e+007
22084	-2.5075e+007
22085	-2.3906e+007
22086	-1.3043e+007
22087	-4.1093e+007
22088	-3.9593e+007
22089	-63166
22090	1.7605e+006
22091	1.0315e+007
22092	1.1205e+007
22093	-2.5091e+006
22094	6.4508e+005
22095	3.6908e+005
22096	4.2259e+007
22097	7.7088e+006
22098	7.8838e+006
22099	-5.1578e+006
22100	-2.0257e+007
22101	-1.3189e+007
22102	3.4205e+007
22103	3.3472e+007
22104	-2.3936e+006
22105	-2.0799e+006
22106	7.7187e+006
22107	8.7157e+006
22108	-9.8248e+006
22109	-5.1629e+006
22110	-1.1493e+006
22111	8.154e+006
22112	7.5032e+006
22113	-6.8113e+006
22114	-6.1971e+006
22115	-1.2092e+007
22116	-1.3357e+007
22117	-9.428e+006
22118	-6.1373e+006
22119	-6.7436e+006
22120	-7.7144e+006
22121	-6.3965e+006
22122	-1.375e+006
22123	-7.3808e+005
22124	-1.9739e+006
22125	-1.552e+006
22126	-8.3366e+005
22127	-1.1691e+006
22128	-9.347e+005
22129	-1.6199e+006
22130	-6.9121e+007
22131	-8.9503e+007
22132	-1.03e+008
22133	-1.0885e+008
22134	-7.6221e+007
22135	-7.1674e+007
22136	-8.5239e+007
22137	-8.3319e+007
22138	-1.7145e+007
22139	3.684e+006
22140	1.7875e+006
22141	3.1614e+006
22142	4.6167e+006
22143	2.7175e+006
22144	5.7008e+006
22145	3.5048e+006
22146	-7.7652e+005
22147	2.6611e+006
22148	4.035e+006
22149	1.8586e+006
22150	5.4903e+006
22151	-1.3568e+006
22152	6.4327e+006
22153	-1.0983e+007
22154	-1.0118e+007
22155	-1.1278e+007
22156	-8.1236e+006
22157	-1.3206e+007
22158	-8.3996e+006
22159	-9.6306e+006
22160	-1.0014e+007
22161	5.4084e+006
22162	2.7583e+006
22163	2.82e+006
22164	1.7392e+007
22165	1.8773e+007
22166	9.3897e+006
22167	5.4009e+005
22168	7.9764e+006
22169	1.0095e+006
22170	2.6239e+007
22171	1.4836e+007
22172	3.4795e+007
22173	1.9892e+007
22174	2.1123e+007
22175	4.8974e+006
22176	3.1764e+007
22177	1.1869e+007
22178	3.623e+007
22179	3.419e+006
22180	6.4411e+006
22181	-3.5865e+007
22182	-3.7953e+007
22183	1.1767e+007
22184	3.7475e+006
22185	-4.683e+007
22186	-4.2283e+007
22187	1.0155e+007
22188	-5.3927e+007
22189	-3.4786e+007
22190	-1.357e+006
22191	1.2247e+007
22192	7.7204e+006
22193	-5.8614e+006
22194	-5.3741e+006
22195	-5.4962e+006
22196	1.8186e+007
22197	1.5379e+007
22198	1.7907e+007
22199	2.1299e+007
22200	2.3123e+007
22201	3.491e+007
22202	-7.2965e+006
22203	1.3613e+007
22204	1.0974e+007
22205	5.9082e+006
22206	7.9492e+006
22207	9.3194e+006
22208	-3.2313e+006
22209	-3.6187e+006
22210	-6.0513e+006
22211	-3.69e+006
22212	-4.8624e+006
22213	-3.5999e+006
22214	-3.1087e+006
22215	-3.6742e+006
22216	-1.2703e+006
22217	-4.1399e+006
22218	-1.1277e+006
22219	-7.7964e+005
22220	-1.2355e+006
22221	1.5202e+007
22222	4.9928e+006
22223	1.9685e+007
22224	2.7981e+007
22225	8.7525e+006
22226	3.8081e+006
22227	6.6789e+006
22228	1.7816e+006
22229	-4.024e+006
22230	9.0188e+006
22231	1.1081e+007
22232	2.6479e+007
22233	5.6021e+006
22234	1.0305e+006
22235	9.0015e+005
22236	1.1525e+006
22237	5.7321e+005
22238	9.0306e+005
22239	1.2407e+006
22240	2.3181e+006
22241	4.6234e+006
22242	4.7657e+006
22243	6.4517e+005
22244	2.0463e+005
22245	6.9998e+005
22246	-6.8136e+005
22247	-6.1128e+005
22248	29930
22249	-2.3086e+005
22250	-7.8711e+005
22251	-8.8978e+005
22252	-9.5619e+006
22253	-9.6684e+006
22254	-9.5834e+006
22255	-1.3827e+007
22256	-8.0588e+006
22257	-4.9158e+005
22258	-1.1886e+006
22259	-28328
22260	-5.7135e+005
22261	50952
22262	-3.4433e+006
22263	9.6662e+005
22264	-3.836e+006
22265	3.3602e+006
22266	-2.3766e+006
22267	-4.5782e+006
22268	-3.7592e+006
22269	1.1811e+006
22270	2.3095e+006
22271	-2.6909e+006
22272	-2.597e+006
22273	-2.5096e+006
22274	-8.5186e+005
22275	-6.8836e+006
22276	-2.6726e+006
22277	1.1034e+007
22278	-1.3804e+007
22279	6.4436e+006
22280	-5.7789e+006
22281	1.1191e+007
22282	6.8789e+006
22283	-7.0425e+006
22284	-6.5731e+006
22285	2.8554e+006
22286	8.9963e+005
22287	1.3082e+006
22288	8.4453e+005
22289	7.1705e+005
22290	1.5771e+006
22291	-2.0699e+006
22292	-2.1834e+006
22293	-1.4315e+006
22294	3.7141e+006
22295	4.1029e+006
22296	-1.9062e+006
22297	3.5423e+006
22298	-2.8641e+006
22299	6.5644e+006
22300	9.4281e+005
22301	2.0985e+006
22302	9.9449e+005
22303	4.4185e+006
22304	-3.6825e+006
22305	2.2729e+006
22306	1.0789e+006
22307	2.1111e+006
22308	-2.5262e+005
22309	1.88e+006
22310	-1.6494e+006
22311	1.8191e+006
22312	-1.3722e+006
22313	4.0763e+006
22314	4.6184e+006
22315	-3.8318e+006
22316	-1.6177e+006
22317	-2.4844e+006
22318	-7.7054e+005
22319	3.0186e+005
22320	-1.6048e+006
22321	-1.8128e+006
22322	-1.5536e+006
22323	-4.7092e+005
22324	-3.6408e+006
22325	-8.5388e+005
22326	-3.2025e+006
22327	2.4984e+005
22328	1.3165e+007
22329	1.7167e+007
22330	1.9438e+007
22331	8.6943e+006
22332	1.6508e+007
22333	1.6093e+007
22334	6.9765e+006
22335	7.3938e+006
22336	1.4696e+007
22337	4.6403e+006
22338	5.0828e+006
22339	4.1756e+006
22340	-1.0275e+007
22341	-1.5357e+007
22342	-1.1334e+007
22343	-1.1782e+007
22344	-1.4184e+007
22345	-2.2739e+006
22346	8.6115e+005
22347	-9.9023e+005
22348	2.6692e+006
22349	3.201e+006
22350	4.8179e+006
22351	-1.2871e+006
22352	4.2481e+006
22353	-2.1559e+005
22354	4.5003e+006
22355	27164
22356	-1.2497e+005
22357	2.6334e+005
22358	1.0644e+005
22359	-2.0034e+006
22360	-2.6022e+006
22361	-2.9892e+006
22362	-2.0267e+006
22363	-2.8991e+006
22364	-2.4079e+006
22365	-2.9734e+006
22366	-8.4746e+005
22367	6.4195e+005
22368	-1.6611e+005
22369	-7.4433e+005
22370	-2.1411e+006
22371	1.4357e+006
22372	1.3274e+006
22373	-1.3892e+006
22374	3.7564e+006
22375	3.5846e+006
22376	-1.0865e+006
22377	-7.5098e+005
22378	7.9504e+005
22379	2.0496e+006
22380	28520
22381	1.7156e+006
22382	-1.0551e+007
22383	-1.016e+007
22384	-1.0672e+007
22385	-1.8213e+007
22386	-9.7689e+006
22387	-1.3949e+007
22388	-8.8095e+006
22389	-9.2353e+006
22390	-8.3769e+005
22391	-8.7233e+005
22392	-1.9902e+006
22393	-3.8586e+005
22394	-2.9779e+005
22395	-2.5729e+006
22396	-1.3371e+005
22397	-5.0098e+006
22398	-7.3876e+006
22399	-9.7827e+006
22400	-5.7015e+006
22401	-1.0659e+007
22402	2.0687e+006
22403	3.5735e+006
22404	4.1017e+006
22405	6.1554e+006
22406	2.2364e+006
22407	1.9751e+006
22408	8.4252e+005
22409	-1.9692e+007
22410	-2.3374e+007
22411	-1.8828e+007
22412	-1.911e+007
22413	-2.2521e+007
22414	-2.3396e+007
22415	-1.7704e+007
22416	-1.9834e+007
22417	-1.9731e+007
22418	-4.6904e+006
22419	-7.1941e+006
22420	-6.8031e+006
22421	-5.7963e+006
22422	-5.7734e+006
22423	-1.0983e+007
22424	-5.8437e+006
22425	-5.5435e+006
22426	-3.8703e+006
22427	-4.3368e+007
22428	-2.5329e+007
22429	-5.2654e+007
22430	-4.2007e+007
22431	-3.0891e+007
22432	-4.0605e+007
22433	-3.5439e+007
22434	-3.329e+007
22435	8.3064e+005
22436	5.2083e+005
22437	5.2894e+006
22438	1.3704e+006
22439	1.8173e+005
22440	4.3767e+006
22441	6.5748e+005
22442	1.1091e+006
22443	-5.4225e+005
22444	-4.2999e+006
22445	-1.5464e+006
22446	-2.902e+006
22447	-1.0946e+006
22448	-5.2567e+005
22449	-2.8791e+006
22450	-2.9494e+006
22451	-1.6984e+006
22452	-1.7588e+006
22453	-9.7607e+005
22454	-1.2366e+007
22455	-1.1944e+007
22456	-7.3445e+006
22457	-4.3045e+007
22458	-5.5537e+007
22459	-4.5258e+007
22460	-4.5182e+007
22461	-3.0106e+007
22462	-3.7256e+007
22463	-3.3924e+007
22464	-2.7522e+006
22465	-1.2238e+006
22466	-3.0318e+006
22467	-1.3741e+006
22468	-2.7488e+006
22469	-4.0501e+006
22470	-5.3828e+006
22471	-5.4531e+006
22472	-3.7956e+006
22473	-4.2625e+006
22474	-5.8789e+006
22475	8.3588e+006
22476	3.0155e+007
22477	-2.7829e+006
22478	-1.2438e+007
22479	-9.0979e+006
22480	4.5729e+007
22481	-1.9873e+007
22482	2.6291e+007
22483	3.8342e+007
22484	4.3919e+007
22485	6.579e+007
22486	6.4167e+006
22487	1.1798e+007
22488	3.1757e+007
22489	2.0669e+007
22490	1.6854e+007
22491	1.8085e+007
22492	1.0643e+007
22493	2.0401e+007
22494	1.4554e+007
22495	-2.0751e+006
22496	-1.4995e+006
22497	-2.3719e+006
22498	-9.3488e+005
22499	-1.1465e+006
22500	-1.1529e+006
22501	-2.4462e+006
22502	-1.0551e+006
22503	-1.7211e+006
22504	-1.1576e+005
22505	2.0317e+005
22506	3.3836e+005
22507	3.2172e+006
22508	-2.9528e+006
22509	-6.3763e+006
22510	-1.7124e+006
22511	1.023e+007
22512	9.811e+006
22513	6.2867e+006
22514	1.5425e+007
22515	9.1616e+006
22516	4.5297e+006
22517	-3.907e+007
22518	-3.279e+007
22519	-4.6662e+007
22520	-1.2073e+007
22521	6.9798e+006
22522	2.9426e+007
22523	5.7805e+006
22524	-24988
22525	-7.9763e+005
22526	1.3018e+007
22527	3.0478e+007
22528	1.4317e+007
22529	-5.5612e+006
22530	-3.1872e+005
22531	5.2939e+006
22532	6.6202e+005
22533	-5.9469e+006
22534	-7.0549e+006
22535	-5.8889e+006
22536	-7.9776e+006
22537	-4.3517e+006
22538	-7.3875e+006
22539	-1.5593e+007
22540	-7.5682e+006
22541	-1.1893e+007
22542	5.1069e+006
22543	2.8486e+006
22544	5.8609e+006
22545	3.7803e+006
22546	2.8399e+006
22547	-1.1157e+007
22548	-1.0426e+007
22549	-9.0699e+006
22550	-6.588e+006
22551	4.7241e+006
22552	4.9138e+006
22553	-8.3174e+006
22554	1.6577e+007
22555	39804
22556	1.0807e+007
22557	1.16e+007
22558	3.0313e+007
22559	-2.9702e+007
22560	-3.7451e+007
22561	-4.0467e+007
22562	5.0604e+006
22563	-1.1763e+007
22564	6.0116e+007
22565	-5.5485e+006
22566	-1.2029e+007
22567	1.5191e+006
22568	5.1762e+007
22569	6.0595e+007
22570	7.3634e+007
22571	4.8914e+007
22572	-6.6563e+006
22573	1.9904e+007
22574	-7.2286e+006
22575	-4.5799e+006
22576	1.5888e+007
22577	1.4769e+007
22578	1.075e+007
22579	-5.896e+006
22580	1.0099e+007
22581	2.1635e+007
22582	1.2531e+007
22583	-3.04e+006
22584	1.4655e+007
22585	7.6509e+006
22586	3.6269e+006
22587	1.8663e+007
22588	1.7372e+007
22589	-5.5733e+007
22590	-3.8424e+007
22591	-5.1169e+007
22592	-3.3971e+007
22593	-4.3685e+007
22594	-8.6206e+006
22595	4.0766e+007
22596	4.594e+007
22597	2.94e+007
22598	3.3556e+007
22599	3.4337e+007
22600	-2.8605e+007
22601	4.6124e+007
22602	-1.1958e+007
22603	2.5566e+007
22604	4.989e+006
22605	-3.3031e+007
22606	1.1932e+007
22607	-4.0129e+007
22608	1.2442e+007
22609	-2.8884e+007
22610	-4.3983e+007
22611	1.5137e+007
22612	-8.9661e+006
22613	-2.0892e+007
22614	1.0479e+007
22615	9.7465e+006
22616	-2.6208e+005
22617	-5.3885e+006
22618	-2.2991e+005
22619	-2.5011e+006
22620	18280
22621	-2.3446e+006
22622	-8.2821e+005
22623	-2.9723e+006
22624	7.7016e+006
22625	-1.1848e+006
22626	2.2858e+005
22627	-5.9558e+005
22628	2.8637e+006
22629	6.5828e+006
22630	-3.5173e+005
22631	8.4997e+006
22632	7.4378e+006
22633	-1.0487e+007
22634	-9.3749e+006
22635	-1.0917e+007
22636	-8.4404e+006
22637	-1.1523e+007
22638	-9.6909e+006
22639	-7.8057e+006
22640	-9.0263e+006
22641	9.6118e+005
22642	1.9643e+006
22643	9.6402e+005
22644	6.4681e+005
22645	6.6323e+005
22646	1.7108e+006
22647	-2.5579e+006
22648	-7.5326e+006
22649	-9.6561e+006
22650	-2.436e+006
22651	-2.6952e+006
22652	-1.8913e+005
22653	-2.1579e+006
22654	8.3634e+006
22655	2.6242e+005
22656	9.053e+006
22657	9.4954e+006
22658	5.0238e+006
22659	2.4395e+007
22660	1.1876e+007
22661	1.831e+007
22662	1.0506e+007
22663	1.1227e+007
22664	-4.236e+006
22665	-3.0928e+005
22666	2.8661e+006
22667	1.4528e+006
22668	-4.5563e+006
22669	-5.2271e+005
22670	1.4343e+006
22671	1.4401e+005
22672	-2.9797e+005
22673	-5.2545e+005
22674	-3.9901e+005
22675	-7.1796e+005
22676	-7458.3
22677	3.3699e+006
22678	4.2598e+006
22679	-9.4541e+006
22680	-6.2998e+006
22681	-7.3595e+006
22682	-1.1726e+007
22683	-7.8068e+006
22684	9.2011e+005
22685	-7.8797e+006
22686	-1.2306e+007
22687	-2.7431e+005
22688	-2.7768e+006
22689	-2.0677e+006
22690	1.293e+007
22691	-5.0319e+006
22692	2.6343e+006
22693	2.9916e+006
22694	1.3168e+006
22695	2.4133e+006
22696	5.0659e+005
22697	2.3929e+006
22698	8.1216e+005
22699	2.3807e+006
22700	1.5681e+006
22701	2.5629e+006
22702	1.2576e+006
22703	3.4863e+007
22704	1.905e+007
22705	3.2255e+007
22706	3.694e+007
22707	1.799e+006
22708	1.1872e+006
22709	1.711e+006
22710	1.1845e+006
22711	1.5995e+006
22712	-4.0751e+005
22713	1.5203e+006
22714	1.455e+006
22715	1.0696e+006
22716	4.1873e+005
22717	1.1544e+006
22718	-68200
22719	1.0429e+006
22720	-9.9123e+006
22721	-7.5354e+006
22722	-1.3443e+007
22723	-7.918e+006
22724	-1.333e+007
22725	-9.4954e+006
22726	-2.3097e+007
22727	-3.0596e+007
22728	6.1183e+006
22729	3.6499e+006
22730	6.6622e+006
22731	8.4916e+006
22732	4.0316e+007
22733	-1.9979e+007
22734	-4.1859e+006
22735	-1.0891e+007
22736	3.7762e+007
22737	-2.3553e+007
22738	-4.0731e+007
22739	5.4409e+007
22740	4.8329e+007
22741	1.2925e+007
22742	3.8814e+007
22743	5.0279e+006
22744	4.2576e+006
22745	3.8212e+006
22746	3.2748e+006
22747	4.0034e+006
22748	2.1422e+006
22749	4.4338e+006
22750	6.8946e+006
22751	-7.2653e+006
22752	-7.7055e+006
22753	-4.766e+006
22754	-7.6205e+006
22755	-6.5261e+006
22756	-2.2065e+006
22757	-4.923e+006
22758	-4.6436e+006
22759	-1.3058e+006
22760	-3.1189e+006
22761	-3.5491e+006
22762	-3.0046e+006
22763	2.1378e+006
22764	-3.5989e+005
22765	3.2995e+006
22766	4.3532e+006
22767	-6.5677e+005
22768	4.8785e+006
22769	-2.0779e+005
22770	2.8756e+005
22771	-8.0592e+006
22772	-8.7116e+006
22773	-3.4978e+006
22774	-2.8591e+006
22775	-4.4102e+006
22776	-9.09e+006
22777	5.1021e+005
22778	1.0108e+005
22779	2.5615e+006
22780	1.5835e+006
22781	5.06e+005
22782	3.4602e+006
22783	4.1107e+005
22784	2.5793e+006
22785	6.8106e+005
22786	1.2759e+005
22787	-1.8522e+006
22788	-4.7546e+006
22789	-1.0707e+006
22790	-1.4667e+006
22791	-1.3446e+006
22792	-1.2135e+006
22793	-4.3321e+005
22794	-3.3564e+006
22795	4.8308e+005
22796	3.8322e+005
22797	2.8829e+005
22798	4810.8
22799	8.6838e+005
22800	5.9435e+006
22801	3.9693e+006
22802	6.1605e+006
22803	1.1368e+007
22804	5.1777e+006
22805	4.6587e+006
22806	5.9744e+006
22807	9.9709e+006
22808	-5.6431e+005
22809	-3.4501e+005
22810	1.0516e+006
22811	-4.9423e+005
22812	-1.2084e+005
22813	1.4698e+005
22814	-4.0432e+005
22815	-4.6209e+006
22816	-7.5102e+006
22817	-7.3405e+005
22818	-1.2607e+006
22819	-1.8742e+006
22820	-1.7166e+006
22821	-3.813e+006
22822	-8.1106e+005
22823	-8.4708e+005
22824	2.1452e+006
22825	1.8446e+006
22826	1.7332e+006
22827	9.834e+005
22828	2.1279e+006
22829	1.1987e+006
22830	1.8228e+006
22831	3.3337e+006
22832	1.2234e+006
22833	9.6257e+005
22834	1.1487e+006
22835	2.3367e+006
22836	2.572e+006
22837	-48767
22838	-1.6812e+006
22839	2.929e+005
22840	2.5162e+006
22841	-1.5797e+006
22842	-2.2864e+006
22843	-2.061e+006
22844	4.2322e+005
22845	1.5011e+006
22846	-2.2096e+006
22847	-2.8314e+005
22848	-6.2771e+005
22849	-1.8249e+006
22850	-2.633e+006
22851	-3.2112e+006
22852	-4.608e+006
22853	-1.1395e+006
22854	-3.4432e+006
22855	-6.9729e+006
22856	-4.0424e+005
22857	-2.8917e+006
22858	-2.3732e+006
22859	1.9933e+006
22860	-4.1293e+005
22861	-33446
22862	-3.3347e+006
22863	4.7579e+005
22864	9.4043e+005
22865	39932
22866	-4.7768e+005
22867	-3.9702e+006
22868	-2.9396e+006
22869	-1.4335e+006
22870	8.613e+006
22871	-5.0505e+005
22872	9.6542e+006
22873	1.009e+007
22874	5.3031e+006
22875	6.9236e+006
22876	6.6109e+006
22877	4.514e+005
22878	-2.4003e+005
22879	1.0263e+005
22880	1.6945e+006
22881	2.5443e+006
22882	-9.6854e+005
22883	-2.45e+006
22884	-2.9808e+006
22885	-2.2365e+006
22886	-1.8531e+005
22887	-1.9943e+006
22888	-1.4162e+006
22889	-2.1922e+006
22890	-35022
22891	-3.185e+005
22892	1.9628e+005
22893	-1.891e+006
22894	-6.6393e+005
22895	-1.2202e+006
22896	-1.0707e+006
22897	-1.8466e+006
22898	-1.3228e+006
22899	-1.289e+007
22900	1.3475e+007
22901	2.177e+007
22902	-2.2731e+007
22903	2.5422e+006
22904	-1.0234e+007
22905	1.7093e+007
22906	-5.6201e+006
22907	2.0269e+007
22908	-7.3717e+006
22909	-7.5479e+005
22910	-4.4323e+006
22911	-3.8223e+006
22912	-1.0349e+007
22913	-6.5147e+006
22914	-4.1268e+006
22915	-8.008e+006
22916	-3.5321e+006
22917	-3.8701e+006
22918	-3.6109e+006
22919	-5.283e+006
22920	-5.6981e+006
22921	-7.7417e+006
22922	-5.2598e+006
22923	2.0713e+005
22924	-1.4331e+005
22925	1.1752e+005
22926	7.1079e+005
22927	5.0583e+005
22928	-48336
22929	5.4212e+005
22930	1.543e+005
22931	-1.0222e+005
22932	8.1684e+005
22933	6.3647e+005
22934	-1434.9
22935	1.0134e+005
22936	2.0636e+005
22937	14919
22938	8.6902e+005
22939	9.098e+005
22940	4.8505e+005
22941	-2.2521e+006
22942	-3.0609e+006
22943	-3.0451e+006
22944	-2.32e+006
22945	-3.509e+006
22946	-4.4312e+006
22947	-7.8092e+006
22948	-6.8638e+006
22949	-4.4124e+006
22950	-4.3757e+006
22951	-3.775e+006
22952	-3.9212e+006
22953	-3.7123e+006
22954	-3.7535e+006
22955	-3.7609e+006
22956	-4.1479e+006
22957	-5.0938e+006
22958	-8.448e+005
22959	-2.6294e+006
22960	-3.0319e+006
22961	-1.0421e+006
22962	-1.509e+006
22963	-1.1879e+007
22964	-1.2124e+007
22965	-4.9866e+006
22966	3.8842e+006
22967	-6.1413e+006
22968	-6.8458e+006
22969	-1.5931e+007
22970	-2.2302e+006
22971	-1.8329e+007
22972	-2.1895e+007
22973	-6.3151e+006
22974	-2.107e+005
22975	-9.4652e+006
22976	-1.7442e+007
22977	-2.7156e+007
22978	-3.7417e+006
22979	-6.2764e+006
22980	-2.1771e+006
22981	-6.7397e+005
22982	-2.1787e+006
22983	-3.1799e+006
22984	1.6398e+006
22985	-2.7356e+006
22986	-5.5443e+006
22987	65010
22988	-2.6901e+005
22989	-4.9419e+006
22990	-5.2696e+006
22991	-1.0227e+007
22992	-5.2722e+006
22993	-6.9248e+006
22994	-5.9655e+006
22995	-6.3912e+006
22996	7.3634e+006
22997	7.2596e+006
22998	5.8652e+006
22999	6.7486e+006
23000	5.2828e+006
23001	3.1936e+006
23002	9.9516e+006
23003	7.2365e+006
23004	1.5576e+007
23005	1.1848e+007
23006	1.9195e+007
23007	1.3677e+007
23008	1.035e+007
23009	2.8564e+006
23010	2.6138e+007
23011	7.6781e+006
23012	1.8578e+007
23013	1.1721e+007
23014	-6.0455e+007
23015	-5.297e+007
23016	-6.6637e+007
23017	-1.0222e+008
23018	-1.194e+008
23019	-1.1537e+008
23020	-8.2968e+007
23021	-5.1763e+007
23022	-5.4811e+007
23023	-5.3312e+007
23024	-3.7345e+006
23025	-5.0224e+006
23026	-1.3856e+007
23027	1.3011e+007
23028	-6.8845e+006
23029	1.277e+007
23030	-9.6644e+006
23031	1.1245e+007
23032	-3.4088e+007
23033	-2.59e+006
23034	7.612e+006
23035	1.5299e+007
23036	8.038e+006
23037	8.0883e+006
23038	-2.7265e+007
23039	1.4019e+007
23040	-3.0921e+007
23041	-2.722e+007
23042	-1.482e+007
23043	-4.3145e+007
23044	-4.6386e+007
23045	-2.6318e+007
23046	-3.5661e+007
23047	-4.9328e+007
23048	-3.3654e+007
23049	-4.3101e+007
23050	-4.8172e+007
23051	1.3211e+007
23052	1.8385e+007
23053	1.2305e+007
23054	-4.0505e+007
23055	-5.616e+007
23056	1.1932e+007
23057	-5.7342e+006
23058	2.0751e+005
23059	-6.5071e+006
23060	-7.3768e+006
23061	3.9357e+006
23062	-3.7307e+006
23063	1.6027e+007
23064	1.5122e+007
23065	-1.3131e+007
23066	-9.1771e+006
23067	-3.6988e+006
23068	-3.2803e+006
23069	-4.7092e+006
23070	-3.7014e+006
23071	2.0717e+006
23072	3.8599e+006
23073	7.6687e+006
23074	8.7017e+006
23075	3.1337e+006
23076	-1.1401e+005
23077	-1.3038e+007
23078	-1.3815e+007
23079	-5.5347e+006
23080	-1.3774e+007
23081	-1.1395e+007
23082	-2.6042e+006
23083	-2.3275e+006
23084	-1.7268e+006
23085	-6.3776e+005
23086	-1.6641e+006
23087	-1.7052e+006
23088	-1.163e+006
23089	-1.1424e+006
23090	-3.8646e+005
23091	-6.9701e+005
23092	-3.0456e+006
23093	3.7078e+007
23094	2.7761e+007
23095	3.041e+007
23096	3.0469e+007
23097	2.2605e+007
23098	5.9296e+006
23099	1.3072e+006
23100	2.601e+006
23101	-2.177e+005
23102	-5.3726e+006
23103	4.2345e+006
23104	5.1873e+006
23105	9.4706e+005
23106	1.2713e+007
23107	2.6651e+006
23108	1.5361e+007
23109	8.8488e+006
23110	8.4731e+006
23111	6.8493e+005
23112	1.7136e+007
23113	1.0087e+007
23114	1.7072e+007
23115	1.1457e+007
23116	-2.2072e+006
23117	-8.0526e+006
23118	-4.2148e+006
23119	1.8324e+006
23120	-9.5558e+006
23121	-6.8915e+006
23122	-5.3815e+006
23123	-3.7881e+006
23124	-4.2071e+006
23125	-7.4702e+006
23126	-3.8444e+006
23127	-5.1124e+006
23128	-1.2834e+006
23129	-1.8217e+006
23130	-3.6983e+006
23131	-2.4281e+006
23132	-1.4914e+006
23133	-9.2198e+005
23134	-3.3989e+006
23135	4.5542e+006
23136	5.3522e+006
23137	3.453e+006
23138	-5.7379e+006
23139	-2.7952e+006
23140	-2.6349e+006
23141	2.0187e+006
23142	3.0911e+006
23143	3.3393e+006
23144	9.7644e+005
23145	4.6097e+006
23146	1.5028e+006
23147	2.5667e+006
23148	1.7541e+006
23149	2.7488e+006
23150	1.0626e+007
23151	-1.1766e+005
23152	-6.7963e+005
23153	-9.5609e+005
23154	-2.2366e+005
23155	7.2807e+006
23156	1.0907e+006
23157	-1.8355e+006
23158	4.7105e+006
23159	-3.0191e+006
23160	-3.0131e+007
23161	-2.0131e+007
23162	-1.7339e+007
23163	-1.341e+007
23164	-2.1281e+005
23165	-21519
23166	-1.5824e+006
23167	-4.3029e+005
23168	4.6159e+005
23169	3.6174e+005
23170	1.0915e+005
23171	2.4351e+006
23172	-7.0412e+005
23173	4.8573e+005
23174	-2.7651e+006
23175	2.9868e+005
23176	4.4186e+005
23177	1.1629e+006
23178	-6.5656e+005
23179	-4.7595e+005
23180	-2.3228e+005
23181	-1.5166e+006
23182	-2.8806e+005
23183	2.4199e+006
23184	5.3192e+006
23185	5.2884e+006
23186	5.2489e+006
23187	1.3101e+006
23188	4.1646e+006
23189	2.9496e+006
23190	1.2916e+006
23191	-6.2443e+006
23192	-1.0531e+007
23193	-3.0845e+007
23194	-3.3907e+007
23195	-1.7834e+007
23196	1.583e+006
23197	2.0218e+006
23198	2.615e+006
23199	2.6066e+006
23200	3.6014e+006
23201	1.1762e+006
23202	2.3865e+006
23203	1.748e+006
23204	1.3939e+006
23205	2.159e+006
23206	1.7133e+005
23207	2.3412e+006
23208	2.3328e+006
23209	3.9694e+005
23210	1.2825e+006
23211	9.0242e+005
23212	-1.2543e+007
23213	-7.3293e+006
23214	-1.0046e+007
23215	-9.7664e+006
23216	-8.2418e+006
23217	-1.2922e+007
23218	1.0429e+006
23219	1.0403e+006
23220	9.5378e+005
23221	1.097e+006
23222	-4.4784e+006
23223	-5.7613e+006
23224	-4.5862e+006
23225	-6.6826e+006
23226	-7.1355e+006
23227	-1.3474e+006
23228	1.0743e+006
23229	-1.1965e+006
23230	-1.7273e+006
23231	1.8349e+006
23232	1.0682e+006
23233	1.0916e+006
23234	50644
23235	2.0512e+006
23236	3.5119e+006
23237	5.3887e+006
23238	2.2897e+005
23239	4.5078e+006
23240	1.2455e+006
23241	2.6095e+006
23242	1.879e+007
23243	1.3112e+007
23244	2.0602e+007
23245	1.4451e+007
23246	2.4341e+007
23247	1.4455e+007
23248	-4.3401e+007
23249	-5.9402e+007
23250	3.4052e+006
23251	-5.9654e+006
23252	-1.5244e+006
23253	2.4476e+007
23254	7.9628e+006
23255	5.1441e+006
23256	2.275e+007
23257	1.7135e+007
23258	-2.8783e+006
23259	-2.8289e+006
23260	-3.5851e+006
23261	-3.3597e+006
23262	1.7255e+005
23263	1.2234e+005
23264	4.5674e+005
23265	1.0987e+006
23266	2.1766e+006
23267	3.9231e+005
23268	1.2462e+006
23269	7.0192e+005
23270	68163
23271	4.1082e+005
23272	-1.1436e+006
23273	3.4991e+005
23274	-7.5216e+005
23275	2.9072e+006
23276	-2.201e+005
23277	-4.9977e+005
23278	1.2081e+007
23279	3.3986e+006
23280	4.8465e+006
23281	-4.5398e+006
23282	8.1181e+006
23283	1.2195e+006
23284	4.6394e+006
23285	-2.6525e+006
23286	6.1238e+005
23287	3.322e+006
23288	4.3999e+006
23289	6.8919e+005
23290	5.6295e+006
23291	6.7578e+006
23292	6.5265e+006
23293	1.7574e+006
23294	-1.1008e+007
23295	-8.3234e+006
23296	-1.1587e+007
23297	2.9566e+006
23298	2.1838e+006
23299	3.1062e+006
23300	1.8009e+006
23301	-6.2508e+006
23302	-9.1158e+006
23303	-1.0094e+007
23304	-6.3999e+006
23305	-7.3458e+006
23306	-5.9373e+005
23307	98936
23308	-3.2731e+005
23309	-4.362e+005
23310	-7.6763e+005
23311	-1.4473e+006
23312	-1.2129e+006
23313	-6.5997e+005
23314	-8.8744e+005
23315	-1.1003e+006
23316	-1.08e+006
23317	2.3318e+006
23318	5.1603e+006
23319	2.3302e+006
23320	1.1774e+007
23321	6.895e+006
23322	5.0991e+005
23323	4.5739e+006
23324	8.4782e+005
23325	9.8961e+005
23326	2.3035e+006
23327	5.2953e+006
23328	2.1074e+006
23329	-2.9462e+005
23330	-1.0186e+006
23331	1.3986e+006
23332	-2.4838e+006
23333	-7.9137e+005
23334	-1.9261e+006
23335	-3.0665e+006
23336	-3.9672e+005
23337	3.4121e+006
23338	-2.3657e+006
23339	-1.1229e+006
23340	-7.1461e+006
23341	-1.2623e+007
23342	-8.7932e+006
23343	-5.2741e+005
23344	6.8649e+006
23345	-2.3896e+006
23346	-1.0738e+007
23347	3.334e+006
23348	1.7265e+007
23349	1.574e+007
23350	-1.4683e+007
23351	-1.2514e+007
23352	-1.4964e+007
23353	-9.4174e+006
23354	-1.1782e+007
23355	-1.3558e+007
23356	-1.5688e+007
23357	8.3294e+006
23358	1.9193e+007
23359	1.6595e+007
23360	3.7082e+007
23361	-7.4834e+006
23362	-3.5533e+007
23363	-1.0081e+007
23364	-2.0292e+007
23365	-4.049e+007
23366	-3.7157e+007
23367	3.7023e+007
23368	3.7449e+007
23369	2.1456e+006
23370	-1.5102e+006
23371	3.1918e+007
23372	4.4038e+006
23373	-5.7742e+005
23374	3.789e+006
23375	2.3232e+006
23376	1.3828e+006
23377	-8.538e+007
23378	-6.9587e+007
23379	-8.0014e+007
23380	-1.0613e+008
23381	-7.9933e+007
23382	-1.021e+008
23383	-4.2165e+007
23384	-4.209e+007
23385	-3.581e+007
23386	-5.9131e+007
23387	-4.8406e+007
23388	-6.2074e+007
23389	9.6462e+006
23390	2.1529e+006
23391	1.3867e+007
23392	1.1226e+007
23393	2.8384e+006
23394	1.7874e+007
23395	1.1018e+007
23396	-3.659e+007
23397	-4.0033e+007
23398	-6.2073e+007
23399	-5.4128e+007
23400	-7.6976e+007
23401	-4.9632e+006
23402	-1.1406e+007
23403	-4.5359e+007
23404	-4.202e+007
23405	-4.1109e+007
23406	-6.6311e+006
23407	5.4206e+006
23408	1.0997e+007
23409	-1.7293e+007
23410	-8.3843e+007
23411	-1.0319e+008
23412	-8.4109e+007
23413	-4.0387e+007
23414	-2.4824e+007
23415	-5.6996e+006
23416	1.2107e+007
23417	1.3806e+007
23418	-7.8046e+006
23419	9.4402e+005
23420	-7.5349e+006
23421	-3.8309e+007
23422	-3.0364e+007
23423	-9.1043e+006
23424	-2.9206e+006
23425	-1.8403e+007
23426	-3.2964e+006
23427	-1.1084e+007
23428	5.3254e+005
23429	3.5942e+007
23430	2.5432e+007
23431	2.2913e+007
23432	2.3679e+006
23433	2.4611e+007
23434	2.1416e+007
23435	-2.6843e+006
23436	-2.5959e+006
23437	-6.8971e+006
23438	-9.7215e+006
23439	1.0832e+006
23440	1.7968e+006
23441	3.6644e+006
23442	4.609e+006
23443	2.9886e+006
23444	5.6627e+006
23445	6.5274e+005
23446	3.4782e+006
23447	1.5971e+006
23448	6.7847e+006
23449	-1.2742e+007
23450	-1.1516e+007
23451	-1.0851e+007
23452	-1.1615e+007
23453	-7.8973e+006
23454	-7.6013e+006
23455	-8.5181e+006
23456	-1.1945e+007
23457	-2.8125e+006
23458	-1.9674e+006
23459	1.4702e+006
23460	74845
23461	2.5943e+006
23462	-2.0491e+006
23463	1.7478e+006
23464	4.2994e+006
23465	4.3868e+006
23466	66672
23467	2.4002e+006
23468	-6.9804e+006
23469	-2.0705e+006
23470	-2.1851e+006
23471	-2.2878e+006
23472	-2.5895e+006
23473	-1.8686e+006
23474	-7.1599e+006
23475	-1.4079e+007
23476	-1.1041e+007
23477	-1.0781e+007
23478	-6.8586e+006
23479	-2.9578e+007
23480	-9.8044e+005
23481	-5.8777e+006
23482	8.2759e+005
23483	-1.2456e+007
23484	1.3595e+006
23485	-2.0153e+006
23486	2.9764e+006
23487	-5.2215e+006
23488	2.6587e+006
23489	-4.1407e+007
23490	-1.1977e+006
23491	1.4418e+007
23492	-7.6331e+006
23493	-7.3798e+006
23494	-8.5691e+005
23495	-6.0368e+005
23496	2.062e+005
23497	-2.9302e+006
23498	-2.7491e+006
23499	-1.5741e+006
23500	-4.1234e+006
23501	-3.3589e+006
23502	-4.213e+006
23503	-3.1965e+006
23504	-3.9424e+006
23505	-5.5872e+006
23506	3.1298e+006
23507	1.8575e+006
23508	1.8809e+006
23509	1.2725e+006
23510	2.5141e+006
23511	8.0594e+005
23512	1.0583e+006
23513	8.0885e+005
23514	-1.2896e+006
23515	-1.0066e+006
23516	3.2806e+007
23517	3.1053e+007
23518	2.1148e+007
23519	-6.309e+006
23520	-1.5608e+007
23521	-1.4376e+007
23522	-2.0873e+007
23523	-5.3283e+006
23524	-3.4835e+006
23525	1.7204e+005
23526	10494
23527	-39710
23528	8.2724e+005
23529	3.5315e+005
23530	-1.7538e+006
23531	-1.6843e+006
23532	-2.4094e+006
23533	-7.7989e+005
23534	-4.0505e+006
23535	-9.9332e+005
23536	-4.6599e+006
23537	1.6254e+005
23538	-1.5545e+005
23539	-1.7128e+006
23540	-1.6367e+006
23541	4.9593e+005
23542	4.3286e+005
23543	3.8325e+005
23544	7.3892e+005
23545	-2.0933e+005
23546	-6.045e+005
23547	9.4898e+005
23548	1404.8
23549	1.6718e+005
23550	1.5785e+006
23551	-2170.7
23552	5.1888e+005
23553	-4.363e+005
23554	1.5664e+006
23555	3.5695e+005
23556	-76190
23557	28830
23558	-2.2499e+006
23559	-6.9816e+006
23560	-5.7191e+006
23561	-5.2278e+006
23562	-6.2703e+006
23563	7.6073e+005
23564	1.8907e+005
23565	-52605
23566	3.3895e+005
23567	-3.432e+006
23568	-2.3952e+006
23569	-1.904e+006
23570	-1.6951e+006
23571	-1.0041e+006
23572	-1.1941e+006
23573	-1.1762e+006
23574	-1.0784e+006
23575	7.7941e+005
23576	5.7445e+005
23577	-33595
23578	3.8206e+006
23579	6.4026e+006
23580	5.1596e+006
23581	1.6842e+006
23582	1.2949e+006
23583	2.8442e+006
23584	2.2223e+006
23585	1.0897e+006
23586	-1.8645e+007
23587	-7.8975e+006
23588	-8.6019e+006
23589	-1.439e+007
23590	-2.2235e+007
23591	-2.0085e+007
23592	7.8242e+005
23593	1.5868e+006
23594	1.6585e+007
23595	2.127e+007
23596	-1.1953e+007
23597	-4.8896e+007
23598	-3.9239e+006
23599	-1.4665e+007
23600	-1.5567e+007
23601	-1.0096e+007
23602	2.5774e+006
23603	-1.5391e+007
23604	-1.5963e+007
23605	-1.1301e+007
23606	-1.0841e+007
23607	-8.8042e+006
23608	-8.2888e+006
23609	1.3649e+006
23610	-6.4896e+006
23611	3.7818e+006
23612	5.487e+006
23613	3.5877e+006
23614	-6.2457e+006
23615	-1.7699e+006
23616	-5.9856e+006
23617	-1.8486e+006
23618	-1.805e+006
23619	-5.9794e+006
23620	-1.2904e+007
23621	-8.9821e+006
23622	-1.0559e+007
23623	5.6017e+006
23624	1.5785e+007
23625	6.6714e+006
23626	8.2648e+006
23627	5.0586e+006
23628	1.3973e+007
23629	1.2939e+007
23630	-6.0308e+006
23631	-1.3574e+007
23632	-9.8757e+005
23633	-4.4813e+005
23634	-1.226e+006
23635	-3.3224e+006
23636	-3.5646e+005
23637	-4.2309e+005
23638	-1.7942e+005
23639	9.6512e+005
23640	-1.4638e+006
23641	-1.3014e+006
23642	-2.9103e+005
23643	1.1739e+006
23644	1186.5
23645	1.1457e+006
23646	-1.2832e+006
23647	-1.1207e+006
23648	2.4332e+005
23649	-3.5575e+005
23650	-1.0032e+006
23651	-1.6115e+006
23652	-3.498e+005
23653	-3.1748e+006
23654	-1.5602e+006
23655	-3.2087e+006
23656	1.1677e+006
23657	8.0587e+005
23658	3.5471e+005
23659	-1.6268e+006
23660	5.0581e+005
23661	4.4488e+005
23662	7.488e+005
23663	-1.8588e+006
23664	57061
23665	-1.9945e+005
23666	-4.5302e+006
23667	-4.6044e+006
23668	-5.0814e+006
23669	1.3894e+006
23670	4.602e+005
23671	1.8908e+005
23672	1.3325e+005
23673	1.5982e+006
23674	1.8335e+006
23675	-1.9484e+006
23676	-2.5684e+005
23677	-2.2097e+006
23678	2.0691e+006
23679	1.7081e+005
23680	-3.1311e+006
23681	-9.8667e+006
23682	-5.7298e+006
23683	-5.6861e+006
23684	-9.8605e+006
23685	-7.3786e+006
23686	5.8536e+006
23687	8.6185e+005
23688	2.5543e+006
23689	6.9039e+006
23690	1.4195e+006
23691	7.9073e+006
23692	6.6643e+006
23693	3.1889e+006
23694	4.3489e+006
23695	2.5944e+006
23696	-2.7764e+006
23697	-2.5675e+006
23698	-3.3419e+006
23699	-1.9508e+006
23700	-3.8188e+006
23701	-4.752e+005
23702	-1.257e+006
23703	-1.4263e+006
23704	-1.8605e+006
23705	-1.0672e+006
23706	-3.1842e+006
23707	-1.0516e+006
23708	-1.1146e+006
23709	-1.6863e+006
23710	-3.3273e+006
23711	1.2685e+006
23712	2.1729e+006
23713	-1.7071e+006
23714	9.5224e+005
23715	6.1284e+005
23716	2.2424e+006
23717	2.0289e+006
23718	-5.1192e+005
23719	-1.2956e+005
23720	3.5503e+005
23721	-1.1905e+005
23722	-7.0939e+006
23723	-5.0516e+006
23724	-7.1755e+006
23725	-5.0598e+006
23726	-1.5351e+007
23727	-1.7408e+007
23728	4.8351e+006
23729	1.6408e+006
23730	-1.6087e+007
23731	-2.2372e+007
23732	1.0551e+007
23733	-2.0223e+007
23734	3.4603e+007
23735	-1.2278e+007
23736	1.5165e+007
23737	-3.1725e+005
23738	3.5303e+007
23739	2.2274e+007
23740	-1.4258e+006
23741	3.2436e+005
23742	1.479e+007
23743	-1.165e+007
23744	-1.7512e+007
23745	-1.4725e+007
23746	-1.8386e+007
23747	-1.0918e+007
23748	-1.2694e+007
23749	-1.4825e+007
23750	-1.4721e+007
23751	-1.0316e+007
23752	-1.1932e+007
23753	-6.3852e+006
23754	-8.5064e+006
23755	-8.7496e+006
23756	-1.0526e+007
23757	-8.1472e+006
23758	-1.2847e+006
23759	-3.105e+006
23760	9.59e+005
23761	-4.0479e+006
23762	-3.9649e+006
23763	-2.7308e+006
23764	-1.4806e+006
23765	-4.1134e+006
23766	8.2684e+005
23767	1.165e+007
23768	8.023e+006
23769	9.1514e+006
23770	1.1443e+007
23771	4.151e+006
23772	3.7116e+006
23773	1.6369e+007
23774	9.4709e+006
23775	1.2891e+007
23776	1.2346e+007
23777	-6.7347e+005
23778	-3.3907e+005
23779	4.504e+005
23780	-2.806e+005
23781	1.4328e+005
23782	-4.537e+005
23783	-3.3081e+005
23784	4.4107e+006
23785	9.8816e+005
23786	3.7397e+006
23787	1.6294e+006
23788	2.6747e+005
23789	1.6315e+006
23790	1.0781e+006
23791	2.7427e+006
23792	-5.6703e+006
23793	-5.4844e+006
23794	-3.6803e+006
23795	-1.349e+006
23796	-3.566e+006
23797	-8.3601e+006
23798	6.1018e+005
23799	2.7717e+006
23800	8.3579e+005
23801	3.7665e+006
23802	1.3413e+006
23803	-2.1614e+006
23804	-2.9074e+006
23805	-2.3572e+006
23806	-2.631e+006
23807	-4.692e+006
23808	-7.6397e+005
23809	-4.6428e+006
23810	1.0243e+007
23811	9.6809e+006
23812	1.7641e+007
23813	8.5251e+006
23814	-6.8334e+006
23815	-5.24e+006
23816	-6.9292e+006
23817	-5.659e+006
23818	-8.9221e+006
23819	-6.6298e+006
23820	-6.785e+006
23821	-1.2153e+006
23822	1.3947e+006
23823	5.0278e+005
23824	1.3199e+007
23825	-8.7962e+006
23826	1.3795e+007
23827	-1.967e+005
23828	-2.2735e+006
23829	6.3107e+006
23830	1.9544e+005
23831	-2.6247e+005
23832	-8.8736e+006
23833	1.1503e+007
23834	7.6393e+006
23835	7.2635e+006
23836	-5.2461e+005
23837	-2.5308e+006
23838	-2.3147e+006
23839	-2.0091e+006
23840	-4.3506e+006
23841	-1.5637e+006
23842	-3.9123e+006
23843	1.4656e+006
23844	8.9687e+006
23845	2.1651e+007
23846	1.8457e+007
23847	7.2898e+005
23848	1.1899e+007
23849	9.2456e+006
23850	5.9179e+006
23851	6.8014e+006
23852	5.3355e+006
23853	3.2463e+006
23854	7.2892e+006
23855	-3.1649e+006
23856	2.0614e+006
23857	-3.5861e+006
23858	-1.9712e+006
23859	-1.6191e+006
23860	-2.3657e+006
23861	-3.3116e+006
23862	-4.7087e+005
23863	-5.3909e+006
23864	-1.4686e+006
23865	-1.1382e+006
23866	-1.5131e+006
23867	-1.2539e+006
23868	-2.926e+006
23869	-5.3847e+006
23870	-8.0883e+005
23871	-5.4963e+005
23872	5.3307e+005
23873	3.6463e+007
23874	1.229e+007
23875	3.1786e+007
23876	9.0725e+006
23877	2.5702e+005
23878	1.7368e+007
23879	4.3257e+007
23880	9.0399e+005
23881	2.7642e+006
23882	5.7705e+005
23883	2.042e+006
23884	9.069e+005
23885	2.2773e+006
23886	-8.3868e+006
23887	-5.2849e+006
23888	-4.544e+006
23889	-4.2514e+006
23890	-7.1745e+006
23891	-6.4684e+006
23892	-1.1262e+007
23893	-7.9214e+006
23894	-4.5837e+006
23895	-6.3968e+006
23896	-6.827e+006
23897	-6.2825e+006
23898	-1.1077e+007
23899	-1.3518e+007
23900	-4.8724e+006
23901	-7.7269e+006
23902	-1.0789e+007
23903	-6.0038e+007
23904	-6.6743e+007
23905	-7.9405e+007
23906	-9.6583e+007
23907	-4.2927e+007
23908	-2.297e+006
23909	-4.6885e+007
23910	-5.4671e+007
23911	-3.1748e+007
23912	-2.7134e+007
23913	-1.2447e+006
23914	-3.4002e+005
23915	-3.1938e+005
23916	2.0167e+005
23917	1.2492e+006
23918	4.3656e+005
23919	1.2601e+005
23920	-7.6621e+006
23921	-8.4863e+006
23922	-1.1044e+007
23923	-8.6239e+006
23924	-1.3079e+006
23925	6.0902e+005
23926	-3.8625e+006
23927	-2.8111e+006
23928	-7.0729e+006
23929	-6.3304e+006
23930	1.0547e+005
23931	-6.8291e+006
23932	2.6264e+006
23933	4.7154e+005
23934	2.6357e+005
23935	2.3578e+006
23936	1.7799e+006
23937	1.6055e+006
23938	-3.6418e+005
23939	3.0584e+006
23940	1.2225e+006
23941	-6.367e+007
23942	-5.3162e+007
23943	-5.7455e+007
23944	1.6651e+006
23945	-6.3936e+007
23946	-6.8064e+007
23947	2.1727e+007
23948	-2.9931e+006
23949	-7.3324e+007
23950	-7.4279e+007
23951	-9.9844e+007
23952	-8.076e+007
23953	-6.7211e+007
23954	-7.6229e+007
23955	-1.6968e+007
23956	-8.1347e+006
23957	2.6043e+005
23958	-1.6277e+007
23959	-5.5098e+006
23960	-1.2563e+007
23961	-9.6853e+006
23962	-3.73e+006
23963	-7.4122e+006
23964	-3.4201e+006
23965	-3.7863e+006
23966	-5.0405e+006
23967	-5.2751e+006
23968	-2.4294e+007
23969	-1.848e+006
23970	-4.6436e+007
23971	-4.9913e+007
23972	-5.4222e+007
23973	-3.1299e+007
23974	-3.2071e+007
23975	5.4512e+006
23976	6.6821e+006
23977	-9.5436e+006
23978	-7.5995e+005
23979	-2.5724e+006
23980	3.1511e+006
23981	-7.9999e+006
23982	-6.2816e+007
23983	-6.1905e+007
23984	-7.3591e+007
23985	-6.9061e+007
23986	-9.7992e+006
23987	-4.6499e+006
23988	-5.1531e+007
23989	-7.0251e+007
23990	-7.4379e+007
23991	-2.4088e+007
23992	-5.0146e+006
23993	-1.0201e+007
23994	-5.0621e+006
23995	-6.7763e+006
23996	-4.7619e+006
23997	-4.0553e+006
23998	-2.8042e+006
23999	-3.7551e+006
24000	-2.0819e+006
24001	1.8177e+006
24002	8.4355e+006
24003	4.5165e+006
24004	7.044e+006
24005	-1.9973e+006
24006	-1.9092e+006
24007	2.4404e+006
24008	-3.7819e+006
24009	-3.044e+006
24010	-4.1844e+006
24011	-1.7452e+006
24012	-3.1064e+005
24013	6.8975e+006
24014	7.0747e+005
24015	1.8848e+005
24016	-2.2188e+006
24017	-1.8014e+006
24018	5.5006e+006
24019	-9.7544e+005
24020	-4.5049e+006
24021	-1.0364e+006
24022	-4.2276e+006
24023	-3.3401e+006
24024	3.1129e+006
24025	2.6198e+007
24026	2.3361e+007
24027	2.6727e+007
24028	2.8108e+007
24029	9.8745e+006
24030	-6.6898e+005
24031	-6.4745e+006
24032	8.6305e+006
24033	4.6674e+006
24034	6.1651e+007
24035	-2.4305e+006
24036	5.014e+007
24037	6.3744e+007
24038	5.4911e+007
24039	4.7651e+007
24040	5.3632e+007
24041	8.6918e+006
24042	4.212e+007
24043	-5.2965e+007
24044	-1.7948e+007
24045	7.6445e+005
24046	-6.0997e+007
24047	-1.3602e+007
24048	-1.4335e+007
24049	-1.2656e+007
24050	7.5918e+006
24051	-1.4098e+005
24052	2.2714e+005
24053	3.7701e+005
24054	-1.3114e+007
24055	7.263e+006
24056	-4.0724e+006
24057	9.9115e+006
24058	9.9709e+006
24059	-6.3523e+006
24060	-5.5609e+006
24061	3.0233e+006
24062	7.2835e+006
24063	-2.6722e+006
24064	3.8987e+006
24065	-2.8207e+006
24066	-2.2081e+006
24067	-1.6857e+006
24068	3.0166e+006
24069	-9.8384e+005
24070	-3.8881e+006
24071	-9.4403e+005
24072	-2.753e+006
24073	-8.2568e+007
24074	-7.0317e+007
24075	1.5651e+006
24076	-5.1245e+007
24077	-6.481e+007
24078	-5.5489e+006
24079	-3.3839e+007
24080	9.4213e+006
24081	-2.7426e+006
24082	1.2873e+007
24083	4.4946e+006
24084	6.1115e+006
24085	6.5568e+006
24086	1.0779e+006
24087	1.7729e+007
24088	2.014e+007
24089	1.3378e+007
24090	1.4999e+007
24091	1.3963e+006
24092	-8.4308e+006
24093	-1.0068e+006
24094	-2.0288e+006
24095	-9.2767e+005
24096	-6.0389e+006
24097	-4.7563e+006
24098	-1.601e+006
24099	-1.4789e+006
24100	-3.5398e+006
24101	-5.3793e+005
24102	-5.7394e+005
24103	-3.4907e+006
24104	7.0335e+006
24105	3.1507e+006
24106	6.3496e+006
24107	6.5567e+006
24108	2.6281e+006
24109	4.2456e+006
24110	6.7991e+006
24111	5.8789e+006
24112	3.4537e+006
24113	6.4416e+006
24114	7.5851e+006
24115	7.421e+006
24116	6.5007e+006
24117	3.6278e+006
24118	-1.9013e+006
24119	-9.1575e+005
24120	-2.7807e+006
24121	1.4082e+007
24122	-3.88e+006
24123	-2.8512e+007
24124	3.8136e+006
24125	1.6183e+007
24126	1.5905e+007
24127	3.2907e+007
24128	4.9424e+006
24129	-1.3019e+007
24130	-4.1717e+006
24131	-5.7844e+006
24132	2.0958e+006
24133	-29415
24134	-1.4109e+006
24135	-3.1002e+006
24136	-1.83e+006
24137	-3.2387e+005
24138	-3.5487e+006
24139	-1.4329e+006
24140	-2.8928e+006
24141	2.0004e+006
24142	-1.7604e+005
24143	-4.4512e+005
24144	3.4557e+006
24145	-3.3914e+006
24146	-3.8259e+006
24147	-2.5556e+006
24148	-1.8266e+006
24149	-2.1929e+006
24150	-3.6816e+006
24151	5.0877e+007
24152	1.4148e+007
24153	7.0238e+007
24154	4.5519e+007
24155	6.6021e+006
24156	6.8206e+006
24157	1.4919e+006
24158	5.9782e+006
24159	-5.6843e+006
24160	-7.1417e+006
24161	-7.2614e+006
24162	-9.6004e+006
24163	-1.2026e+007
24164	1.8672e+007
24165	-1.0411e+007
24166	-6.4574e+006
24167	1.4452e+007
24168	1.7594e+005
24169	4.0448e+006
24170	-2.1775e+006
24171	-2.58e+006
24172	-1.4082e+005
24173	1.2937e+006
24174	6.0305e+005
24175	1.0418e+006
24176	2.5954e+006
24177	2.7432e+005
24178	-5.6964e+005
24179	4.9088e+006
24180	-4.2785e+005
24181	5.0506e+006
24182	1.8626e+006
24183	5.1713e+006
24184	8.3618e+006
24185	7.6717e+006
24186	9.0383e+006
24187	5.7091e+006
24188	1.4674e+006
24189	5.1398e+005
24190	-8.7408e+005
24191	-2.9785e+006
24192	-2.9509e+006
24193	-1.6495e+007
24194	1.3333e+005
24195	3.0886e+006
24196	-3.3397e+005
24197	2.2077e+006
24198	-2.4406e+005
24199	-6.3289e+005
24200	9.8458e+005
24201	3.5382e+006
24202	-6.1247e+005
24203	-2.5505e+005
24204	3.1807e+006
24205	1.1503e+006
24206	2.6612e+006
24207	-9.3696e+005
24208	3.866e+006
24209	3.9459e+006
24210	3.7818e+006
24211	-8.8427e+005
24212	-3.6882e+005
24213	-11399
24214	5.1544e+006
24215	-4.9376e+006
24216	1.02e+007
24217	5.6298e+007
24218	3.9758e+007
24219	4.0703e+007
24220	4.7887e+005
24221	6.0286e+005
24222	5.5898e+005
24223	9.6402e+005
24224	4.1328e+006
24225	-1.3516e+006
24226	4.1782e+005
24227	-52758
24228	-1.7668e+005
24229	1.3818e+006
24230	2.2602e+006
24231	8.2429e+006
24232	5.9275e+006
24233	8.9194e+006
24234	5.7315e+006
24235	1.0941e+006
24236	1.0963e+006
24237	1.4002e+006
24238	-2.095e+006
24239	3.8956e+006
24240	4.5939e+005
24241	1.3371e+006
24242	1.8755e+006
24243	1.741e+006
24244	2.511e+006
24245	1.1814e+007
24246	1.0836e+007
24247	1.7078e+006
24248	4.8625e+005
24249	2.4084e+006
24250	4.0442e+005
24251	9.2787e+005
24252	6.255e+005
24253	3.486e+005
24254	6.7845e+005
24255	2.0488e+006
24256	9.5488e+005
24257	3.5665e+006
24258	4.2847e+005
24259	-42082
24260	-3.6217e+005
24261	8.4345e+005
24262	4.8518e+005
24263	1.2553e+006
24264	1.2062e+006
24265	4.634e+005
24266	-1.8088e+007
24267	-1.4896e+007
24268	1.3975e+007
24269	8.9976e+006
24270	-1.1925e+006
24271	-6.1e+006
24272	1.8156e+007
24273	1.1525e+007
24274	-2.4269e+006
24275	2.088e+006
24276	4.0803e+006
24277	5.7207e+006
24278	5.0124e+006
24279	4.8079e+006
24280	4.2661e+006
24281	1.825e+006
24282	-1.1098e+005
24283	1.2814e+007
24284	-4.6136e+006
24285	-8.9984e+005
24286	6.9468e+006
24287	1.9784e+006
24288	9.4743e+006
24289	-2.0763e+006
24290	-2.1249e+006
24291	-1.1764e+006
24292	-1.3664e+006
24293	-1.3457e+006
24294	-1.2507e+006
24295	1.2642e+005
24296	2.4523e+006
24297	5.0301e+005
24298	5.5407e+005
24299	-5.7312e+007
24300	-3.4388e+007
24301	-4.83e+006
24302	2.8649e+006
24303	5.4066e+006
24304	5.6164e+006
24305	2.9548e+006
24306	6.7371e+006
24307	6.3795e+006
24308	-7.1223e+005
24309	2.6822e+006
24310	1.2641e+006
24311	-1.2398e+005
24312	5.8575e+006
24313	-2.2285e+006
24314	-2.2008e+006
24315	3.1759e+006
24316	8.5484e+005
24317	4.1227e+006
24318	1.1571e+006
24319	5.4893e+006
24320	2.1601e+006
24321	4.7236e+006
24322	-4.3646e+006
24323	-1.4316e+006
24324	-3.2194e+006
24325	-3.3391e+006
24326	-2.0211e+006
24327	-4.2449e+006
24328	-5.9636e+006
24329	-5.2157e+006
24330	-5.3709e+006
24331	-3.8479e+006
24332	5.7928e+006
24333	4.7709e+006
24334	5.872e+006
24335	8.498e+006
24336	3.8179e+006
24337	8.5202e+006
24338	4.5197e+006
24339	1.3598e+006
24340	-1.4773e+006
24341	-1.4963e+007
24342	2.6641e+007
24343	3.7282e+007
24344	3.7041e+007
24345	2.1677e+007
24346	2.1737e+007
24347	7.0009e+006
24348	-2.0791e+006
24349	2.1997e+006
24350	-9.0404e+005
24351	3.0148e+005
24352	-3.0004e+006
24353	5.5337e+007
24354	5.5388e+007
24355	6.1318e+007
24356	-1.0455e+007
24357	-4.4378e+006
24358	-7.127e+006
24359	-7.6532e+006
24360	1.1982e+006
24361	1.3627e+005
24362	5.2163e+006
24363	3.2394e+006
24364	5.402e+006
24365	5.1931e+006
24366	4.4741e+006
24367	88389
24368	9.5599e+006
24369	-6.9587e+006
24370	3.7322e+006
24371	1.3453e+007
24372	-1.5312e+006
24373	1.5438e+006
24374	1.0988e+007
24375	1.7918e+006
24376	6.1086e+006
24377	-2.7647e+005
24378	-6.0789e+007
24379	-3.7865e+007
24380	-3.8638e+007
24381	-5.7944e+007
24382	1.7446e+006
24383	4.2154e+006
24384	2.3546e+006
24385	2.5363e+006
24386	7.2887e+006
24387	3.2263e+006
24388	-7.8283e+005
24389	4.0369e+006
24390	-3.3845e+005
24391	4.1731e+006
24392	-8.896e+005
24393	1.2076e+006
24394	2.4621e+006
24395	7.8358e+005
24396	-4.2175e+007
24397	-6.2254e+007
24398	2.8986e+006
24399	3.6273e+006
24400	3.2056e+006
24401	4.0576e+006
24402	3.6952e+006
24403	-3.1625e+007
24404	-3.689e+007
24405	-6.0521e+005
24406	-6.2102e+005
24407	-9.8752e+005
24408	-5.0244e+005
24409	-8.3387e+005
24410	2.4084e+006
24411	1.5645e+006
24412	5.6763e+006
24413	2.7107e+006
24414	7.0429e+006
24415	2.2867e+006
24416	-1.4453e+006
24417	-8.0858e+006
24418	-2.5604e+006
24419	-4.2408e+006
24420	-4.1564e+006
24421	-4.1378e+006
24422	-4.3613e+006
24423	-1.1533e+007
24424	-4.1133e+006
24425	-6.1816e+006
24426	-7.727e+006
24427	-1.1168e+007
24428	-1.1634e+007
24429	-4.0453e+006
24430	-1.3114e+006
24431	-1.1334e+008
24432	-9.523e+007
24433	-7.6158e+007
24434	-8.9724e+007
24435	-9.5581e+007
24436	-6.5759e+007
24437	-8.5154e+007
24438	-1.7234e+007
24439	4.6367e+006
24440	8.1108e+006
24441	1.7869e+007
24442	7.4063e+006
24443	1.2022e+007
24444	-4.1754e+006
24445	2.4799e+006
24446	-3.1676e+006
24447	-6.6313e+005
24448	5.8706e+005
24449	5.9858e+005
24450	-6.1184e+005
24451	7.346e+005
24452	1.216e+007
24453	-1.6328e+006
24454	3.552e+005
24455	-2.0077e+006
24456	-1.0633e+006
24457	-3.4205e+006
24458	-2.1724e+006
24459	1.6113e+005
24460	1.093e+007
24461	2.9277e+006
24462	-5.9219e+006
24463	-5.1305e+006
24464	7.7139e+006
24465	4.9299e+006
24466	7.4574e+006
24467	4.444e+006
24468	7.9362e+006
24469	6.6976e+006
24470	5.2318e+006
24471	9.9005e+006
24472	4.2914e+006
24473	7.1854e+006
24474	1.0364e+007
24475	-8.3003e+005
24476	4.2964e+006
24477	1.4054e+007
24478	2.6845e+007
24479	-2.9435e+006
24480	7.9761e+006
24481	-1.3445e+007
24482	-1.4218e+007
24483	-4.0275e+005
24484	1.6595e+006
24485	-21202
24486	-9675.9
24487	-2.8346e+006
24488	2.311e+006
24489	2.2863e+006
24490	5.5947e+006
24491	2.7217e+007
24492	6.0121e+006
24493	2.6313e+007
24494	-8.8351e+006
24495	-1.0956e+007
24496	-8.9418e+006
24497	-2.2079e+007
24498	-1.8414e+007
24499	-6.511e+005
24500	-1.1992e+006
24501	-7.141e+005
24502	-8.2322e+005
24503	-7.254e+005
24504	-1.2546e+006
24505	-6.0908e+005
24506	-4.6132e+005
24507	1.163e+007
24508	-1.0366e+007
24509	-9.7239e+006
24510	-1.766e+006
24511	4.5461e+006
24512	-1.7438e+007
24513	-9.5909e+006
24514	2.4385e+007
24515	1.7242e+007
24516	7.4301e+005
24517	-4.7956e+005
24518	2.1659e+005
24519	-2.5396e+005
24520	-2.1784e+006
24521	5.3791e+005
24522	-1.3229e+006
24523	-1.1412e+006
24524	4.2601e+006
24525	5.8806e+006
24526	-1.845e+006
24527	3.6902e+006
24528	2.5607e+005
24529	9.5223e+005
24530	4.8168e+005
24531	1.3672e+006
24532	3.4345e+006
24533	-1.6364e+005
24534	1.0634e+006
24535	4.6393e+006
24536	3.1598e+006
24537	1.2495e+006
24538	6.5663e+005
24539	2.5441e+006
24540	4.045e+005
24541	2.6729e+006
24542	2.1939e+006
24543	83583
24544	-1.7721e+005
24545	-4.6772e+005
24546	-8.3612e+005
24547	3.1909e+006
24548	1.3297e+006
24549	-94331
24550	-5.3114e+005
24551	4.2213e+006
24552	-3.5083e+006
24553	-3.4054e+006
24554	1.1061e+006
24555	1.0295e+006
24556	-2.9121e+006
24557	-4.5285e+006
24558	5.7718e+006
24559	2.9054e+007
24560	2.9563e+007
24561	-1.0016e+008
24562	-5.0165e+006
24563	-1.1097e+007
24564	-6.3907e+007
24565	-7.9562e+007
24566	3.5404e+006
24567	-1.9572e+006
24568	-2.3442e+006
24569	2.4974e+007
24570	8.1214e+006
24571	2.1757e+007
24572	-5.3186e+005
24573	-2.8891e+006
24574	-3.0088e+006
24575	5.1176e+005
24576	2.6805e+006
24577	-1.1885e+007
24578	-6.1174e+006
24579	-6.5476e+006
24580	2.1181e+007
24581	2.3517e+007
24582	1.9206e+007
24583	3.5364e+006
24584	1.3765e+006
24585	-4.8038e+005
24586	-1.215e+006
24587	-2.1214e+006
24588	-1.0613e+006
24589	-1.041e+006
24590	-3.3051e+005
24591	2.361e+007
24592	3.7149e+006
24593	9.4384e+006
24594	2.3369e+007
24595	-2.2875e+006
24596	3.2785e+006
24597	2.5322e+006
24598	-3.1066e+006
24599	-4.652e+006
24600	9.5739e+005
24601	-4.0495e+006
24602	2.3352e+007
24603	1.0925e+007
24604	3.1369e+006
24605	-3.7919e+006
24606	-1.9023e+007
24607	-2.4929e+007
24608	3.8547e+007
24609	1.4847e+007
24610	1.295e+007
24611	1.3038e+007
24612	2.9278e+006
24613	7.9195e+006
24614	6.8244e+006
24615	1.8144e+006
24616	7.3496e+006
24617	4.6399e+006
24618	1.7276e+007
24619	-1.7438e+006
24620	-9.3392e+005
24621	-3.8867e+006
24622	-2.8569e+006
24623	-3.0155e+006
24624	-1.6514e+006
24625	-4.9533e+006
24626	-5.4062e+006
24627	6.5702e+006
24628	9.2463e+006
24629	9.5765e+006
24630	6.309e+006
24631	6.5936e+006
24632	4.6576e+006
24633	-2.0716e+006
24634	1.4791e+007
24635	1.8646e+007
24636	-9.607e+006
24637	-2.3697e+007
24638	2.6274e+006
24639	2.0739e+006
24640	3.3026e+006
24641	3.2535e+006
24642	5.4986e+006
24643	-6.7531e+005
24644	-6.5467e+005
24645	-6.5744e+005
24646	-1.3362e+005
24647	-5.5963e+005
24648	-1.0888e+006
24649	5.2564e+005
24650	1.531e+006
24651	-2.8444e+006
24652	-3.3956e+006
24653	-5.6532e+006
24654	6.9833e+006
24655	84675
24656	-6.4688e+006
24657	2.9597e+006
24658	2.6415e+006
24659	1.6005e+006
24660	2.8351e+006
24661	2.5743e+006
24662	6.1502e+006
24663	3.9484e+006
24664	1.9154e+006
24665	4.1838e+006
24666	-7.4089e+005
24667	-3.2098e+006
24668	-2.6653e+006
24669	-6.6345e+005
24670	-1.134e+006
24671	-7.4991e+005
24672	1.1433e+005
24673	-3.7645e+006
24674	8.1059e+006
24675	1.1726e+007
24676	-1.6431e+006
24677	4.5111e+005
24678	-1.1296e+006
24679	-2.2709e+006
24680	-3.4711e+006
24681	-6.842e+005
24682	-3.9551e+006
24683	-9.0663e+006
24684	8.7276e+006
24685	-1.2195e+007
24686	5.0758e+006
24687	5.5071e+006
24688	-1.5919e+006
24689	-5.0921e+005
24690	-2.4789e+006
24691	-3.264e+006
24692	-1.289e+006
24693	-2.9816e+006
24694	-2.0024e+007
24695	1.1252e+007
24696	-2.2195e+007
24697	-9.674e+007
24698	-1.1331e+008
24699	-1.057e+007
24700	-1.0846e+007
24701	-1.2077e+007
24702	7.3847e+006
24703	-1.2511e+007
24704	-2.096e+007
24705	-1.7938e+007
24706	7.8432e+006
24707	-1.3525e+006
24708	-2.6192e+006
24709	-9.5503e+006
24710	-5.1498e+006
24711	-5.6244e+006
24712	-4.7368e+006
24713	-1.7592e+005
24714	2.6884e+007
24715	1.75e+007
24716	8.6504e+006
24717	2.2286e+007
24718	-6.1027e+007
24719	5.1472e+006
24720	4.8127e+007
24721	4.563e+007
24722	1.2819e+007
24723	-1.3128e+007
24724	2.0682e+007
24725	-1.7533e+006
24726	1.3038e+006
24727	37605
24728	-3.424e+006
24729	1.8007e+006
24730	-2.9684e+006
24731	-1.0715e+006
24732	1.262e+006
24733	-6.9107e+006
24734	-4.2963e+006
24735	3.8969e+005
24736	-3.7683e+005
24737	5.6406e+007
24738	6.6866e+007
24739	-1.5994e+006
24740	7.5668e+005
24741	2.3253e+006
24742	3.038e+006
24743	6.5675e+005
24744	-8.4466e+005
24745	-3.236e+005
24746	-3.0297e+005
24747	7.4456e+005
24748	-3.7863e+005
24749	5.6589e+007
24750	7.975e+006
24751	-7.6798e+006
24752	6.0412e+007
24753	6.2504e+007
24754	8.4055e+006
24755	7.1388e+006
24756	-1.2498e+007
24757	-8.9223e+006
24758	-9.3057e+006
24759	-6.9809e+006
24760	-1.3562e+007
24761	-5.6817e+006
24762	4.64e+005
24763	2.552e+006
24764	-1.9972e+005
24765	-2.0087e+006
24766	-1.4306e+006
24767	4.5686e+005
24768	-2.2066e+006
24769	-2.1982e+006
24770	-1.6828e+006
24771	5.1788e+006
24772	2.1653e+006
24773	5.6575e+006
24774	1.9383e+006
24775	2.39e+006
24776	4.6929e+006
24777	-2.3136e+007
24778	-2.0487e+007
24779	-2.1803e+007
24780	-5.8078e+006
24781	-1.0278e+007
24782	-1.9292e+007
24783	-1.5265e+007
24784	-1.573e+007
24785	1.5268e+006
24786	-3.5304e+005
24787	3.8933e+005
24788	-4.5571e+005
24789	4.1386e+006
24790	5.6879e+006
24791	8.6798e+006
24792	5.066e+006
24793	5.3506e+006
24794	3.4146e+006
24795	6.0728e+006
24796	2.654e+007
24797	2.4397e+006
24798	1.3969e+006
24799	7.8324e+005
24800	5.5357e+006
24801	-2.194e+006
24802	2.7125e+006
24803	-1.0593e+007
24804	-1.8021e+006
24805	-1.3597e+006
24806	-3.0737e+006
24807	8.6402e+006
24808	1.7481e+006
24809	5.9998e+006
24810	8.506e+006
24811	5.791e+006
24812	6.3222e+006
24813	2.9334e+006
24814	-7.3324e+005
24815	2.3678e+006
24816	5.7096e+006
24817	3.4689e+006
24818	1.7604e+006
24819	-3.5975e+005
24820	3.8207e+006
24821	2.4601e+006
24822	1.266e+006
24823	-1.1864e+006
24824	-3.3005e+005
24825	-4.4854e+005
24826	-1.0328e+006
24827	4.8958e+007
24828	4.568e+007
24829	1.2869e+007
24830	3.568e+006
24831	4.9725e+006
24832	2.7215e+007
24833	8682.3
24834	2.9515e+006
24835	3.3648e+006
24836	3.8035e+006
24837	3.1447e+006
24838	2.4133e+006
24839	-1.5871e+006
24840	-2.0277e+006
24841	-2.3558e+006
24842	-1.9046e+007
24843	-5.7292e+006
24844	-2.2375e+007
24845	-6.38e+006
24846	2.3953e+007
24847	1.0031e+007
24848	1.0501e+007
24849	1.9929e+007
24850	2.9135e+006
24851	7.5542e+006
24852	3.6154e+006
24853	4.8296e+006
24854	-2.3779e+007
24855	-2.3691e+007
24856	-1.4388e+007
24857	3.4178e+006
24858	8.1337e+006
24859	1.4356e+007
24860	4.0171e+007
24861	4.1995e+007
24862	3.401e+007
24863	3.2486e+007
24864	7.097e+006
24865	5.5222e+006
24866	7.8341e+006
24867	-1.112e+006
24868	4.8136e+005
24869	2.1935e+006
24870	6.19e+006
24871	-4.2304e+007
24872	-6.5314e+007
24873	-1.6369e+006
24874	-8.4364e+005
24875	-1.4278e+006
24876	-1.5729e+006
24877	3.5727e+006
24878	41613
24879	4.4973e+005
24880	-1.012e+006
24881	8.2821e+005
24882	-2.6643e+006
24883	-1.2684e+006
24884	6.4752e+005
24885	-7.2044e+005
24886	-5.0631e+005
24887	6.4869e+006
24888	7.9301e+006
24889	4.7759e+006
24890	2.652e+006
24891	-1.6977e+007
24892	-1.3902e+007
24893	-9.982e+006
24894	-1.2384e+007
24895	-1.0055e+007
24896	-1.2476e+006
24897	-3.6678e+006
24898	-4.194e+006
24899	3.5955e+006
24900	1.9422e+006
24901	4.403e+006
24902	-3.3266e+006
24903	-3.7783e+006
24904	-2.6185e+007
24905	-1.5863e+007
24906	5.7888e+006
24907	-71392
24908	8.7192e+006
24909	4.2699e+007
24910	5.631e+007
24911	3.8404e+007
24912	1.4104e+007
24913	-1.5085e+006
24914	-4.7147e+006
24915	4.2001e+006
24916	5.8754e+006
24917	7.4348e+006
24918	5.2598e+006
24919	2.6047e+006
24920	8.6434e+006
24921	-1.0667e+007
24922	-1.1887e+007
24923	3.0933e+006
24924	4.3906e+006
24925	4.3416e+006
24926	6.5867e+006
24927	8.8682e+006
24928	8.3264e+006
24929	5.8853e+006
24930	2.2125e+006
24931	4.5798e+005
24932	-6.3493e+005
24933	-1.234e+006
24934	1.6162e+007
24935	1.5618e+007
24936	-3.1819e+006
24937	-3.1542e+006
24938	4.3994e+005
24939	5.8312e+005
24940	4.0981e+007
24941	1.2691e+007
24942	-5.4582e+007
24943	-8.7108e+007
24944	1.8232e+006
24945	1.2013e+006
24946	-4.5009e+005
24947	-5.7453e+006
24948	-9.8815e+006
24949	5.1543e+006
24950	5.6808e+006
24951	1.4115e+007
24952	-4.0141e+006
24953	4.7207e+006
24954	3.7803e+006
24955	-44733
24956	3.3935e+005
24957	4.8253e+005
24958	1.2036e+006
24959	2.3145e+006
24960	5.2086e+006
24961	-3.1213e+006
24962	1.797e+006
24963	5.7935e+006
24964	4.7589e+006
24965	1.1689e+007
24966	9.4984e+006
24967	3.3819e+006
24968	1.1383e+006
24969	2.723e+006
24970	1.1119e+007
24971	1.2997e+007
24972	1.3006e+005
24973	-8.7826e+005
24974	3.7952e+006
24975	4.3513e+006
24976	3.1363e+006
24977	-3.132e+006
24978	-2.9512e+006
24979	-8.5401e+005
24980	4.0053e+005
24981	-1.6205e+006
24982	1.2875e+006
24983	5.9576e+005
24984	3.3925e+005
24985	-5.622e+006
24986	-1.4422e+007
24987	-1.9574e+007
24988	-4.57e+006
24989	-4.5423e+006
24990	-2.3318e+007
24991	9.3813e+005
24992	-1.9727e+007
24993	-3.7314e+006
24994	8.0663e+006
24995	3.6576e+006
24996	7.9897e+006
24997	7.224e+006
24998	-2.9379e+006
24999	-2.3122e+006
25000	6.4785e+006
25001	3.4474e+007
25002	3.3644e+007
25003	-1.6786e+007
25004	-1.2857e+007
25005	8.0842e+006
25006	1.4284e+007
25007	7.4771e+005
25008	-1.1123e+007
25009	-1.4807e+007
25010	-2.3139e+006
25011	-1.6034e+006
25012	3.7025e+005
25013	7.3305e+005
25014	-3.1458e+006
25015	-2.4397e+006
25016	-1.8829e+006
25017	-3.1371e+006
25018	-4.463e+006
25019	6.3644e+006
25020	3.1765e+006
25021	-2.0536e+007
25022	3.575e+006
25023	4.7915e+007
25024	1.7496e+007
25025	3.8405e+007
25026	8.6672e+006
25027	-8.4685e+006
25028	-1.0065e+007
25029	-4.5205e+006
25030	-1.8291e+006
25031	-1.2092e+007
25032	-1.0055e+007
25033	-9.5394e+006
25034	5.8565e+006
25035	1.8324e+006
25036	1.6868e+007
25037	1.5578e+007
25038	2.5386e+006
25039	3.7803e+006
25040	3.909e+006
25041	8.4034e+006
25042	3.3171e+006
25043	3.8125e+006
25044	-3.1207e+007
25045	-7.7324e+006
25046	5.434e+006
25047	1.9465e+006
25048	-74517
25049	3.3934e+006
25050	-1.1975e+006
25051	6.1683e+006
25052	42452
25053	6.2055e+005
25054	2.508e+006
25055	-1.2545e+006
25056	2.5719e+007
25057	7.991e+006
25058	-5.4589e+007
25059	9.5144e+005
25060	6.9492e+005
25061	1.5527e+006
25062	4.7967e+006
25063	-3.0811e+005
25064	4.6201e+005
25065	-3.2989e+005
25066	-6.049e+007
25067	7.6019e+006
25068	9.6942e+006
25069	-1.2704e+007
25070	-1.5059e+007
25071	-1.9392e+007
25072	-4.7966e+006
25073	-7.1355e+006
25074	6.1526e+007
25075	93180
25076	6.9723e+006
25077	6.6186e+005
25078	6.1104e+006
25079	6.6524e+006
25080	7.3712e+006
25081	1.0129e+005
25082	6.4338e+005
25083	8.7573e+005
25084	-5.0687e+006
25085	-7.3175e+005
25086	-6.1542e+005
25087	1.9988e+006
25088	-2.6911e+006
25089	-3.8931e+006
25090	4.8527e+007
25091	6.2131e+007
25092	1.2656e+006
25093	1.0086e+007
25094	6.8429e+007
25095	-5.1719e+006
25096	8.5733e+006
25097	-1.0647e+006
25098	-1.956e+006
25099	-1.1924e+007
25100	-7.4152e+006
25101	1.4258e+006
25102	4.3857e+006
25103	2.8671e+006
25104	-2.6951e+007
25105	8.5721e+005
25106	-1.3596e+007
25107	1.677e+006
25108	9.8774e+006
25109	5.5269e+006
25110	1.2771e+006
25111	-1.3863e+006
25112	-9.3442e+006
25113	-4.6803e+006
25114	-1.1427e+007
25115	-1.0912e+007
25116	6.1824e+005
25117	-3.411e+006
25118	1.3656e+007
25119	1.5617e+007
25120	-2.2744e+007
25121	7.8694e+006
25122	3.1003e+006
25123	4.7731e+005
25124	1.5459e+006
25125	-3.3922e+007
25126	-4.9921e+006
25127	-6.0835e+006
25128	1.4866e+006
25129	3.5151e+005
25130	1.7219e+006
25131	3.9607e+005
25132	1.1171e+006
25133	3.9051e+006
25134	7.3507e+006
25135	2.6846e+006
25136	3.5575e+006
25137	8.7232e+006
25138	-6.2008e+006
25139	3.1868e+006
25140	6.0919e+006
25141	-2.5588e+007
25142	2.1655e+006
25143	-4.8983e+007
25144	-1.5555e+007
25145	7.619e+005
25146	-8.8747e+006
25147	2.869e+006
25148	3.5873e+006
25149	12717
25150	-1.989e+006
25151	-4.3966e+006
25152	1.1599e+007
25153	-8.0337e+005
25154	-8.9903e+005
25155	1.3094e+006
25156	1.2603e+006
25157	5.8398e+006
25158	-2.844e+007
25159	2.0304e+006
25160	1.2876e+006
25161	4.2755e+006
25162	4.2265e+006
25163	6.813e+005
25164	1.6826e+006
25165	3.7731e+005
25166	3.3934e+006
25167	8.5592e+006
25168	-1.2726e+006
25169	1.0372e+007
25170	-2.0177e+006
25171	-3.6845e+006
25172	-7.881e+006
25173	1.5295e+005
25174	6.558e+007
25175	-5.1356e+006
25176	4.0127e+007
25177	3.2245e+007
25178	1.3721e+006
25179	2.9209e+006
25180	-5.2302e+005
25181	3179.3
25182	-1.5053e+007
25183	-1.7752e+006
25184	-6.9275e+006
25185	-9.4672e+006
25186	-1.5727e+007
25187	9.8103e+006
25188	-1.4619e+007
