Node Number	Normal Stress (Pa)
1	-6.881e+007
2	2.1817e+007
3	-7.4243e+007
4	-7.3434e+007
5	-7.6761e+007
6	-6.7545e+007
7	-5.7298e+007
8	-5.5204e+007
9	-4.2034e+007
10	-3.6137e+007
11	-3.055e+007
12	-2.145e+007
13	-1.3852e+007
14	-5.8095e+006
15	1.374e+006
16	1.0238e+007
17	1.654e+007
18	2.6288e+007
19	1.4975e+007
20	1.3752e+007
21	8.9493e+006
22	3.9374e+006
23	-8.7462e+007
24	9.7588e+006
25	1.091e+006
26	-2.1548e+007
27	-3.5349e+007
28	-4.3231e+007
29	-5.3042e+007
30	-6.4892e+007
31	-7.0926e+007
32	-8.4552e+007
33	-9.1833e+007
34	-9.8018e+007
35	-9.7974e+007
36	-1.0442e+008
37	-1.1196e+008
38	-9.2063e+007
39	-5.6221e+007
40	-6.3816e+007
41	-6.651e+007
42	-5.8398e+007
43	6.2249e+007
44	-7.884e+007
45	6.7327e+007
46	7.0956e+007
47	6.9394e+007
48	6.8642e+007
49	6.3935e+007
50	6.5048e+007
51	5.366e+007
52	5.2596e+007
53	3.9518e+007
54	3.5579e+007
55	2.4202e+007
56	2.3501e+007
57	1.1381e+007
58	3.8754e+006
59	-4.4584e+006
60	-1.4367e+007
61	-2.3866e+007
62	-3.3974e+007
63	-4.5798e+007
64	-5.7623e+007
65	-6.2075e+007
66	4.5899e+007
67	2.4095e+007
68	1.7955e+007
69	1.2559e+007
70	7.5352e+006
71	-2.555e+008
72	4.4929e+007
73	5.4862e+007
74	8.3371e+007
75	7.0945e+007
76	7.4051e+007
77	7.5754e+007
78	6.9986e+007
79	6.5948e+007
80	5.1208e+007
81	4.5288e+007
82	2.7146e+007
83	6.7928e+006
84	-1.563e+007
85	-3.9346e+007
86	-5.4893e+007
87	-7.8284e+007
88	-1.3171e+008
89	-1.4136e+008
90	-1.7388e+008
91	-1.7516e+008
92	-1.8359e+008
93	-2.8338e+007
94	-4.0841e+007
95	-5.7807e+007
96	-7.1197e+007
97	-2.8472e+006
98	-2.7833e+006
99	-1.5927e+006
100	-2.6467e+006
101	-2.8726e+006
102	-2.465e+007
103	-1.3384e+007
104	-1.7499e+007
105	-2.0943e+007
106	-2.4181e+007
107	-1.1845e+007
108	-2.2279e+007
109	-1.8618e+007
110	-1.4309e+007
111	-3.8109e+006
112	-5.5596e+006
113	-7.0135e+006
114	-7.3019e+006
115	-1.0576e+007
116	-2.1463e+006
117	-7.9233e+006
118	-7.8327e+006
119	-8.0665e+006
120	-7.9865e+006
121	-7.7171e+006
122	-8.168e+006
123	-8.301e+006
124	-8.0298e+006
125	-7.0123e+006
126	-7.031e+006
127	-5.7992e+006
128	-6.1876e+006
129	-4.1643e+006
130	-4.0048e+006
131	-2.6559e+006
132	1.8755e+007
133	-4.7495e+006
134	-3.2049e+006
135	-3.2686e+006
136	-4.6711e+006
137	-4.82e+006
138	-3.2537e+006
139	-98827
140	4.67e+006
141	9.9119e+006
142	2.422e+006
143	1.5873e+007
144	1.4964e+007
145	1.3071e+007
146	1.2164e+007
147	1.0096e+007
148	9.3241e+006
149	8.1887e+006
150	6.7372e+006
151	5.9446e+006
152	4.725e+006
153	4.6092e+006
154	4.0488e+006
155	3.8531e+006
156	2.3882e+006
157	3.0219e+006
158	7.3664e+005
159	56677
160	1.8715e+005
161	80384
162	-1.1633e+005
163	16959
164	-2.014e+005
165	10205
166	-1.5643e+006
167	3.2718e+005
168	2.8086e+006
169	80800
170	5.4787e+005
171	1.1879e+006
172	1.5937e+006
173	2.1402e+006
174	3.1678e+006
175	4.1699e+006
176	5.0524e+006
177	5.8401e+006
178	6.5861e+006
179	7.372e+006
180	7.6963e+006
181	7.9982e+006
182	7.8223e+006
183	7.4476e+006
184	7.0008e+006
185	6.0877e+006
186	5.2194e+006
187	4.4514e+006
188	3.3017e+006
189	-5.1739e+006
190	-3.1033e+006
191	-2.9605e+006
192	-3.1551e+006
193	-3.0717e+006
194	-2.9846e+006
195	-2.4877e+006
196	-1.5947e+006
197	-6.2255e+005
198	7.273e+005
199	-6.0787e+005
200	-5.9792e+005
201	-8.4761e+005
202	-1.0154e+006
203	-7.9392e+005
204	-8.0431e+005
205	-3.1797e+005
206	-4.0057e+005
207	2.0894e+005
208	6.0159e+005
209	8.6804e+005
210	9.0042e+005
211	1.0179e+006
212	9.0849e+005
213	5.3339e+005
214	2.5755e+005
215	-3.1132e+005
216	-1.18e+006
217	-1.992e+006
218	-2.6693e+006
219	-3.9578e+006
220	1.5225e+005
221	2.0009e+005
222	54420
223	70718
224	25829
225	3.2522e+005
226	-2.7611e+005
227	-2.8665e+005
228	-5356.
229	3.0394e+005
230	1.9439e+006
231	1.6242e+006
232	8.753e+005
233	2.8476e+005
234	-6.4024e+005
235	-1.4482e+006
236	-2.5909e+006
237	-3.5666e+006
238	-4.9462e+006
239	-6.0072e+006
240	-7.2296e+006
241	-8.0885e+006
242	-9.282e+006
243	-1.0085e+007
244	-1.095e+007
245	-1.1651e+007
246	-1.1661e+007
247	-1.1877e+007
248	-1.1651e+007
249	-1.1432e+007
250	-1.0934e+007
251	-1.0274e+007
252	-9.4319e+006
253	-8.6729e+006
254	-7.6727e+006
255	-6.8955e+006
256	-5.8561e+006
257	-5.0543e+006
258	-4.2056e+006
259	-3.4276e+006
260	-2.5578e+006
261	-1.8833e+006
262	-1.2348e+006
263	-5.1982e+005
264	-1.4197e+006
265	-2.2285e+006
266	-2.3799e+006
267	-2.3889e+006
268	-2.623e+006
269	-2.5991e+006
270	-2.3338e+006
271	-1.7021e+006
272	-7.5879e+005
273	1.2533e+005
274	-6.515e+006
275	-7.3922e+006
276	-8.1819e+006
277	-8.1312e+006
278	-7.9868e+006
279	-7.3769e+006
280	-6.7076e+006
281	-5.6773e+006
282	-4.8156e+006
283	-3.8172e+006
284	-2.734e+006
285	-1.7933e+006
286	-7.8833e+005
287	92602
288	8.4004e+005
289	1.4134e+006
290	1.831e+006
291	2.01e+006
292	1.9779e+006
293	1.8937e+006
294	1.4648e+006
295	9.6434e+005
296	3.3751e+005
297	-3.0619e+005
298	-1.0901e+006
299	-1.5772e+006
300	-2.5207e+006
301	-2.8348e+006
302	-3.5277e+006
303	-3.6092e+006
304	-4.0536e+006
305	-3.4252e+006
306	-3.1765e+006
307	-2.6484e+006
308	-1.0258e+006
309	7.8813e+005
310	1.2991e+006
311	1.4948e+006
312	1.4544e+006
313	1.3095e+006
314	9.5034e+005
315	7.7047e+005
316	4.6653e+005
317	2.3995e+005
318	76003
319	87647
320	61598
321	2.6812e+005
322	4.9964e+005
323	6.3285e+005
324	1.0719e+006
325	1.2529e+006
326	1.1605e+006
327	1.225e+006
328	7.1724e+005
329	2.8273e+006
330	-1.1486e+005
331	2.8705e+005
332	5.9025e+005
333	7.5594e+005
334	1.0943e+006
335	1.031e+006
336	7.1605e+005
337	2.8068e+005
338	3.5437e+005
339	-5.2828e+005
340	-2.0212e+005
341	2.027e+005
342	4.9184e+005
343	3.2602e+005
344	3.9546e+005
345	4.0319e+005
346	2.5912e+005
347	2.0731e+005
348	1.0419e+005
349	1.6542e+005
350	3.4586e+005
351	5.4646e+005
352	8.7766e+005
353	1.0056e+006
354	1.3543e+006
355	2.1486e+006
356	2.5807e+006
357	1.8842e+006
358	1.787e+006
359	2.42e+007
360	-1.5724e+006
361	-6.1247e+005
362	-9.1538e+005
363	-1.9299e+005
364	1.2824e+006
365	3.3086e+006
366	4.6144e+006
367	6.8573e+006
368	9.3206e+006
369	1.1662e+007
370	1.3396e+007
371	1.7581e+007
372	2.0493e+007
373	2.4309e+007
374	2.7669e+007
375	3.0704e+007
376	3.365e+007
377	3.6867e+007
378	3.9352e+007
379	4.1717e+007
380	4.3598e+007
381	4.4114e+007
382	4.4982e+007
383	4.5359e+007
384	4.4887e+007
385	4.3509e+007
386	4.2499e+007
387	4.0691e+007
388	3.8807e+007
389	3.6773e+007
390	3.4013e+007
391	3.198e+007
392	2.9087e+007
393	2.6403e+007
394	-3.1192e+007
395	-1.9518e+007
396	-1.6031e+007
397	-1.2997e+007
398	-9.6569e+006
399	-6.54e+006
400	-2.2403e+006
401	2.5211e+006
402	7.808e+006
403	1.3101e+007
404	6.1061e+005
405	-1.9264e+006
406	-3.5754e+006
407	-5.8262e+006
408	-8.3445e+006
409	-1.1303e+007
410	-1.4421e+007
411	-1.7403e+007
412	-2.1631e+007
413	-2.5422e+007
414	-2.9899e+007
415	-3.3755e+007
416	-3.9118e+007
417	-4.3733e+007
418	-4.8434e+007
419	-5.2488e+007
420	-5.711e+007
421	-6.1574e+007
422	-6.5111e+007
423	-6.8299e+007
424	-7.0809e+007
425	-7.2671e+007
426	-7.3992e+007
427	-7.4543e+007
428	-7.4355e+007
429	-7.3749e+007
430	-7.1615e+007
431	-6.9705e+007
432	-6.6683e+007
433	-6.3988e+007
434	-5.8979e+007
435	-5.3565e+007
436	-4.7299e+007
437	-3.8279e+007
438	-2.4174e+007
439	-2.0148e+007
440	-1.7569e+007
441	-1.4362e+007
442	-1.247e+007
443	2.1192e+007
444	2.0698e+007
445	2.2518e+007
446	2.1406e+007
447	2.1261e+007
448	1.3268e+006
449	9.21e+005
450	9.9247e+005
451	9.5554e+005
452	5.206e+005
453	8.7475e+005
454	1.0902e+006
455	3.501e+005
456	7.1449e+005
457	9.9665e+005
458	6.1645e+005
459	1.1672e+006
460	4.5893e+005
461	7.7357e+005
462	4.3482e+005
463	7.8266e+005
464	7.0847e+005
465	5.8485e+005
466	2.2117e+005
467	3.999e+005
468	3.9845e+005
469	7.4453e+005
470	8.3139e+005
471	6.7967e+005
472	6.1109e+005
473	6.7477e+005
474	7.3403e+005
475	5.1363e+005
476	6.4337e+005
477	5.2943e+005
478	4.922e+005
479	1.1073e+006
480	3.6637e+005
481	7.6973e+005
482	-1.3485e+006
483	-7.4087e+005
484	-1.6917e+006
485	-1.0846e+006
486	-1.0007e+006
487	-1.6979e+006
488	-1.168e+006
489	-1.3755e+006
490	-1.3762e+006
491	-1.2276e+006
492	-1.3894e+006
493	-1.1795e+006
494	-1.091e+006
495	-1.4355e+006
496	-6.8059e+005
497	-1.6509e+006
498	-1.2241e+006
499	-1.7287e+006
500	-1.3529e+006
501	-1.4168e+006
502	-1.6753e+006
503	-1.2129e+006
504	-1.0511e+006
505	-2.2028e+006
506	-1.2851e+006
507	-1.6633e+006
508	-1.2981e+006
509	-1.6292e+006
510	-1.0945e+006
511	-1.4477e+006
512	-1.5722e+006
513	-1.0685e+006
514	-1.1043e+006
515	-1.0534e+006
516	-3.7163e+006
517	-6.9926e+006
518	-5.7361e+006
519	-4.1789e+006
520	-2.6117e+006
521	-1.3074e+006
522	-2.5157e+005
523	4.7964e+005
524	1.9621e+006
525	2.5263e+006
526	3.5548e+006
527	4.5742e+006
528	5.2905e+006
529	5.9076e+006
530	6.6156e+006
531	7.068e+006
532	7.4409e+006
533	7.6955e+006
534	7.8238e+006
535	7.8027e+006
536	7.649e+006
537	7.4303e+006
538	7.0687e+006
539	6.6146e+006
540	6.1148e+006
541	5.6103e+006
542	4.9774e+006
543	4.232e+006
544	3.5898e+006
545	2.8103e+006
546	2.0437e+006
547	1.2422e+006
548	1.3595e+005
549	-1.0291e+006
550	-2.1757e+006
551	-5.6566e+005
552	-2.473e+006
553	-4.7336e+006
554	-1.0524e+007
555	-1.4577e+007
556	-1.8414e+007
557	-2.3168e+007
558	-2.598e+007
559	-2.6765e+007
560	-2.6496e+007
561	-7.5995e+005
562	-24545
563	-1.1919e+005
564	-1.7092e+005
565	-58924
566	-96142
567	91603
568	-3.024e+005
569	-2.3363e+005
570	-1.8329e+005
571	-3.0859e+005
572	-1.5139e+005
573	-3.5057e+005
574	-2.3594e+005
575	-1.5398e+005
576	-3.3795e+005
577	651.31
578	-1.722e+005
579	-4.5594e+005
580	3.3097e+005
581	90643
582	1.3322e+005
583	-1.4016e+005
584	-2.8813e+005
585	4.3041e+005
586	-3.7754e+005
587	-27793
588	2.3214e+005
589	12323
590	1.2682e+005
591	77121
592	6.538e+005
593	-9182.2
594	-3.8524e+005
595	4.3145e+005
596	-6.3941e+007
597	-7.5569e+007
598	-7.8247e+007
599	-7.4274e+007
600	-6.3234e+007
601	-5.1715e+007
602	-3.9693e+007
603	-2.8729e+007
604	-2.2437e+007
605	-1.7142e+007
606	-1.0986e+007
607	-7.6187e+006
608	-4.8109e+006
609	-9.3531e+006
610	-8.3096e+006
611	-8.9685e+006
612	-8.7845e+006
613	-1.0242e+007
614	-1.1339e+007
615	-1.3049e+007
616	-1.5718e+007
617	-1.8832e+007
618	-2.1297e+007
619	-2.2047e+007
620	-2.5935e+007
621	-3.0242e+007
622	-3.2551e+007
623	-3.4602e+007
624	-3.9365e+007
625	-4.1214e+007
626	-4.3145e+007
627	-4.5979e+007
628	-4.754e+007
629	-4.951e+007
630	-5.0733e+007
631	-5.1786e+007
632	-5.2562e+007
633	-5.2342e+007
634	-5.2354e+007
635	-5.2465e+007
636	-5.0778e+007
637	-5.0931e+007
638	-4.9808e+007
639	-4.9697e+007
640	-4.9428e+007
641	-5.0088e+007
642	-5.2194e+007
643	-5.3479e+007
644	-4.5079e+006
645	-4.8066e+006
646	-4.8955e+006
647	-3.1739e+006
648	-1.8863e+006
649	-1.2562e+006
650	-1.2265e+006
651	-1.7145e+006
652	-3.8653e+006
653	-7.216e+006
654	-9.373e+006
655	-9.7185e+006
656	-8.0058e+006
657	-6.3271e+006
658	-4.9812e+006
659	-1.7476e+006
660	-8.0141e+005
661	-5.2268e+005
662	2.52e+005
663	-1.6821e+005
664	2.5804e+006
665	-1.4432e+006
666	1.1422e+005
667	-28392
668	1.8218e+005
669	2.0677e+005
670	4.5841e+006
671	2.9862e+006
672	2.3921e+006
673	1.4928e+006
674	1.7357e+006
675	2.2733e+006
676	2.3997e+006
677	1.3715e+006
678	4.0304e+005
679	9.4386e+005
680	6.5533e+006
681	3.0868e+006
682	3.2916e+006
683	5.0443e+005
684	5.0958e+006
685	4.3335e+006
686	-3.248e+006
687	-5.5582e+006
688	-6.1491e+006
689	-9.2168e+006
690	-1.7459e+007
691	-1.3503e+007
692	-1.464e+007
693	-1.9741e+007
694	-2.1662e+007
695	-1.9738e+007
696	-2.1316e+007
697	-2.1742e+007
698	-2.621e+007
699	-1.9468e+007
700	-2.0501e+007
701	-1.8003e+007
702	-1.6061e+007
703	-1.4379e+007
704	-9.8375e+006
705	-1.5095e+006
706	-35770
707	-3.4902e+005
708	-4.4088e+005
709	-1.9597e+007
710	-1.4257e+007
711	-1.2205e+007
712	-6.2209e+006
713	-5.642e+005
714	3.2635e+006
715	5.809e+006
716	4.5929e+006
717	8.281e+006
718	8.8528e+006
719	1.064e+007
720	7.2933e+006
721	7.0383e+006
722	-2.176e+007
723	-3.2468e+007
724	-4.3166e+007
725	-5.152e+007
726	6.8836e+006
727	7.3564e+006
728	8.4476e+006
729	6.2072e+006
730	8.2332e+006
731	6.2376e+006
732	1.1151e+007
733	9.8573e+006
734	1.5352e+007
735	1.0006e+007
736	1.3567e+007
737	1.193e+007
738	1.4187e+007
739	9.1157e+006
740	1.3878e+007
741	1.3889e+007
742	1.2391e+007
743	1.209e+007
744	1.3932e+007
745	9.6527e+006
746	9.5822e+006
747	7.6392e+006
748	-2.569e+006
749	-4.7381e+006
750	-6.2533e+006
751	-1.4897e+007
752	-1.2565e+007
753	-1.3421e+007
754	-1.8091e+007
755	-2.0259e+007
756	-1.989e+007
757	-2.6937e+007
758	-2.2883e+007
759	-2.8498e+007
760	-2.315e+007
761	-7.3994e+006
762	-1.0793e+007
763	-1.2398e+007
764	-1.3947e+007
765	9.746e+006
766	8.5722e+006
767	1.1405e+007
768	1.2931e+007
769	1.5208e+007
770	1.3952e+007
771	1.7332e+007
772	1.4017e+007
773	1.6406e+007
774	1.1959e+007
775	1.3253e+007
776	1.2581e+007
777	6.4735e+006
778	-2.9991e+006
779	-3.3578e+006
780	-4.3525e+006
781	-4.5759e+006
782	-3.5218e+006
783	-3.0427e+006
784	-2.579e+006
785	-2.3727e+006
786	-1.0405e+006
787	62954
788	4.4709e+005
789	1.6207e+006
790	1.6064e+006
791	2.3278e+006
792	2.4771e+006
793	3.0554e+006
794	3.4806e+006
795	3.1463e+006
796	3.115e+006
797	3.4634e+006
798	2.0395e+006
799	3.1792e+006
800	1.6319e+006
801	1.9666e+006
802	1.5206e+006
803	2.0895e+006
804	1.863e+006
805	2.752e+006
806	3.1635e+006
807	3.9339e+006
808	4.8958e+006
809	6.3149e+006
810	5.0283e+006
811	7.9503e+006
812	9.859e+006
813	8.275e+006
814	7.7179e+006
815	9.4253e+006
816	-2.2683e+008
817	-2.3871e+008
818	-2.4354e+008
819	-2.6721e+008
820	-2.4654e+008
821	-2.9385e+008
822	-2.7221e+008
823	-2.9181e+008
824	-2.6295e+008
825	-2.1581e+008
826	-1.7495e+008
827	-1.6925e+008
828	-1.6293e+008
829	-1.2249e+008
830	-7.485e+007
831	-5.4733e+007
832	-3.2536e+007
833	-9.4063e+006
834	7.2561e+006
835	1.7854e+007
836	3.1178e+007
837	-7.3711e+007
838	-7.9824e+007
839	-7.5838e+007
840	-7.4374e+007
841	-7.015e+007
842	-6.849e+007
843	-5.0016e+007
844	-5.5064e+007
845	-5.1882e+007
846	-4.6822e+007
847	-3.5647e+007
848	-3.3837e+007
849	-2.0243e+007
850	-1.2965e+007
851	-4.7048e+006
852	4.7635e+006
853	1.4641e+007
854	2.2259e+007
855	3.5983e+007
856	4.8201e+007
857	5.1313e+007
858	2.6e+007
859	2.828e+007
860	2.608e+007
861	2.1844e+007
862	2.1197e+007
863	1.5866e+007
864	1.0561e+007
865	6.1639e+006
866	1.1481e+006
867	-5.532e+006
868	-1.6519e+007
869	-2.8528e+007
870	-3.8092e+007
871	-5.0682e+007
872	-5.7764e+007
873	-6.5917e+007
874	-5.2468e+007
875	-2.5821e+007
876	-1.1018e+007
877	5.8118e+006
878	1.9835e+007
879	3.2347e+007
880	3.5761e+007
881	3.7453e+007
882	4.606e+007
883	5.442e+007
884	5.4481e+007
885	4.8147e+007
886	4.3224e+007
887	3.2267e+007
888	1.6913e+007
889	1.3698e+007
890	1.5768e+006
891	1.1079e+006
892	-1.3476e+006
893	-1.039e+007
894	-3.5995e+007
895	-4.7048e+007
896	-2.1137e+007
897	-5.5157e+006
898	-1.7965e+006
899	-3.789e+006
900	-59836
901	9.3934e+006
902	1.4585e+007
903	-5.269e+007
904	5.5217e+006
905	-6.8491e+005
906	-8.8481e+005
907	-3.4808e+006
908	-1.9647e+007
909	1.8763e+007
910	-5.0616e+007
911	1.226e+007
912	5.6586e+006
913	2.8584e+005
914	-8.5383e+005
915	-1.0491e+007
916	-3.1565e+007
917	-1.6825e+007
918	-4.7214e+006
919	-2.3704e+006
920	-6.2717e+005
921	3.7068e+006
922	1.6538e+007
923	1.9028e+006
924	61765
925	-4.2167e+006
926	-1.844e+007
927	-1.2801e+007
928	-2.1425e+006
929	-2.7245e+005
930	3.7063e+006
931	-7.9163e+007
932	-6.9087e+007
933	-6.7391e+007
934	-3.2291e+007
935	-2.667e+007
936	1.6456e+007
937	3.8285e+006
938	8.6246e+006
939	-9.5782e+006
940	-9.1804e+006
941	-1.3931e+006
942	4.1442e+006
943	-3.006e+007
944	-2.3567e+007
945	-1.2141e+007
946	-2.8002e+006
947	6.2742e+006
948	4.8615e+006
949	-3.3371e+005
950	9.2395e+005
951	6.0757e+006
952	1.3689e+007
953	1.5672e+007
954	-3.515e+007
955	-4.4292e+007
956	1.1837e+007
957	2.1065e+007
958	2.8931e+007
959	1.1379e+007
960	-1.3328e+006
961	-6.9684e+006
962	-5.8645e+006
963	-2.9341e+007
964	8.6392e+006
965	-4.9893e+007
966	-5.4675e+007
967	-3.3329e+007
968	-1.3475e+007
969	-8.2799e+005
970	3.9353e+006
971	-1.5196e+006
972	-4.657e+006
973	-5.106e+006
974	1.7184e+006
975	-2.5573e+007
976	-1.1528e+007
977	4.3064e+005
978	2.5952e+006
979	-4.4493e+005
980	-1.5455e+006
981	85466
982	2.9997e+006
983	6.8543e+006
984	-5.0601e+007
985	-4.0655e+007
986	-2.2456e+007
987	-7.1992e+006
988	9.0392e+005
989	9750.9
990	-2.9443e+006
991	-3.8822e+006
992	5.5499e+006
993	-3.7659e+007
994	-6.4827e+006
995	-4.7823e+006
996	-3.3313e+005
997	-1.891e+006
998	-7.2312e+006
999	-1.4442e+007
1000	-3.0162e+006
1001	-2.6282e+006
1002	-1.7568e+006
1003	-2.4391e+006
1004	-4.6442e+006
1005	-7.4978e+006
1006	-1.292e+007
1007	-4.9222e+006
1008	-1.7089e+006
1009	-5.4962e+005
1010	-3.5652e+006
1011	-1.0555e+007
1012	-5.0349e+006
1013	-7.526e+006
1014	-9.8189e+006
1015	-5.9667e+006
1016	-3.8965e+006
1017	-3.1242e+006
1018	-5.4342e+005
1019	-3.2565e+006
1020	-7.7909e+006
1021	-4.3103e+006
1022	-2.9482e+005
1023	-2.3942e+006
1024	-5.4429e+006
1025	-1.4664e+006
1026	-1.0193e+006
1027	-7.5037e+007
1028	-6.8011e+007
1029	-3.9608e+007
1030	-2.2601e+007
1031	-1.1086e+007
1032	-2.5936e+006
1033	-2.7859e+007
1034	-2.7648e+007
1035	-2.562e+007
1036	-1.5856e+007
1037	-7.9536e+006
1038	-1.7133e+006
1039	-2.3862e+006
1040	-4.3137e+007
1041	-4.9271e+007
1042	-2.9659e+007
1043	-1.5563e+007
1044	-7.0037e+006
1045	-4.0537e+007
1046	-5.174e+006
1047	-1.494e+006
1048	-6.3446e+007
1049	-5.7497e+007
1050	-4.1154e+007
1051	-2.5922e+007
1052	-1.306e+007
1053	-4.6018e+006
1054	-5.1719e+007
1055	-3.6221e+007
1056	-1.8143e+007
1057	-9.6302e+006
1058	-3.785e+007
1059	-1.9483e+007
1060	-1.7358e+006
1061	-1.057e+007
1062	-2.0648e+007
1063	-2.6215e+007
1064	-1.6232e+006
1065	-9.7799e+006
1066	-1.4547e+007
1067	-1.8907e+007
1068	-2.5363e+007
1069	-9.8569e+005
1070	-4.1384e+006
1071	-1.488e+007
1072	-2.2155e+007
1073	-4.7818e+006
1074	-7.9204e+006
1075	-1.4588e+007
1076	-2.2193e+007
1077	-1.7705e+006
1078	-7.5608e+006
1079	-2.022e+007
1080	-1.412e+007
1081	-1.9122e+007
1082	-3.7386e+006
1083	-1.1853e+007
1084	-1.6037e+007
1085	-9.2295e+006
1086	-9.0661e+006
1087	9.0937e+006
1088	-3.891e+006
1089	-3.6915e+006
1090	-3.5441e+006
1091	4.6807e+006
1092	-9.9774e+006
1093	-8.2514e+006
1094	-3.3639e+006
1095	4.1633e+006
1096	8.4532e+006
1097	-5.7039e+006
1098	-7.0194e+005
1099	-4.909e+006
1100	-4.4108e+006
1101	1.9398e+005
1102	-6.3069e+006
1103	-4.5309e+006
1104	1.9105e+005
1105	-3.1881e+006
1106	-5.1791e+006
1107	4.8659e+005
1108	9.0749e+005
1109	1.0839e+006
1110	8.6172e+005
1111	3.9961e+005
1112	25211
1113	1.1872e+005
1114	4.2781e+005
1115	1.0308e+006
1116	1.4044e+006
1117	8.4256e+005
1118	-7.3877e+005
1119	-73618
1120	1.9384e+005
1121	1.341e+005
1122	57485
1123	77652
1124	3.9538e+005
1125	4.793e+005
1126	1.082e+006
1127	1.244e+006
1128	-1.4354e+006
1129	-1.4705e+006
1130	-2.0181e+006
1131	-1.1472e+006
1132	-6.5603e+005
1133	1.0207e+006
1134	9.3919e+005
1135	6.5455e+005
1136	8.6037e+005
1137	5.2939e+005
1138	2.0721e+005
1139	20475
1140	1.5697e+005
1141	6.4922e+005
1142	9.6046e+005
1143	1.1462e+006
1144	-1.3696e+006
1145	-1.6087e+006
1146	5.4907e+005
1147	-2.0582e+005
1148	3.2992e+005
1149	5.4731e+005
1150	3.1513e+005
1151	79576
1152	17643
1153	1.4253e+005
1154	4.8783e+005
1155	9.5724e+005
1156	-5.8315e+005
1157	96286
1158	1.888e+005
1159	1.0763e+005
1160	-5704.1
1161	7074.8
1162	2.7095e+005
1163	8.3271e+005
1164	1.3935e+006
1165	-1.4373e+006
1166	-9.4852e+005
1167	1.1712e+006
1168	7.8631e+005
1169	4.9168e+005
1170	2.9445e+005
1171	1.1296e+005
1172	24076
1173	-39779
1174	2.7613e+005
1175	5.9365e+005
1176	7.2943e+005
1177	-1.3755e+005
1178	1.5666e+005
1179	2.0671e+005
1180	1.7079e+005
1181	1.255e+005
1182	2.6889e+005
1183	7.8128e+005
1184	1.2903e+006
1185	-7.455e+005
1186	-1.1294e+006
1187	-4.973e+005
1188	-2.3949e+005
1189	14657
1190	-1.1215e+005
1191	-2608.9
1192	-58988
1193	1.9317e+005
1194	-1.0136e+005
1195	1.6912e+005
1196	1.232e+005
1197	14886
1198	15345
1199	2.8054e+005
1200	7.9633e+005
1201	1.222e+006
1202	-8.6031e+005
1203	9.3875e+005
1204	6.5413e+005
1205	3.7466e+005
1206	4.9906e+005
1207	98801
1208	97483
1209	1.1577e+005
1210	1.5092e+005
1211	4.7627e+005
1212	1.0405e+006
1213	-6.2063e+005
1214	-6.9411e+005
1215	3.5462e+005
1216	-2.7279e+005
1217	-1.2282e+005
1218	-1.4785e+005
1219	28349
1220	-72550
1221	-1.6367e+005
1222	33420
1223	-10737
1224	-32876
1225	1.2373e+005
1226	4.1034e+005
1227	-5.1594e+005
1228	5.9101e+005
1229	-51490
1230	-69337
1231	39483
1232	2.9677e+005
1233	-479.
1234	-81733
1235	-10595
1236	5.9623e+005
1237	-3.8199e+005
1238	-2.5909e+005
1239	-77621
1240	18726
1241	-1.8119e+005
1242	32720
1243	-2.8295e+005
1244	-7990.7
1245	1.931e+005
1246	2.2521e+005
1247	-2.1975e+005
1248	-1.2145e+005
1249	5.5265e+005
1250	1.4977e+006
1251	3.0342e+006
1252	4.5207e+006
1253	5.6233e+006
1254	5.8034e+006
1255	5.2088e+006
1256	3.6532e+006
1257	1.7601e+006
1258	6.0492e+005
1259	72944
1260	8.1199e+005
1261	1.242e+006
1262	1.9706e+006
1263	2.1305e+006
1264	1.7365e+006
1265	8.299e+005
1266	-3.3517e+005
1267	-1.8411e+006
1268	-2.1664e+006
1269	-2.4756e+006
1270	-1.6555e+006
1271	2.0141e+005
1272	48278
1273	-60457
1274	-13803
1275	-21842
1276	5.2666e+005
1277	1.4407e+006
1278	2.9532e+006
1279	4.0226e+006
1280	4.5511e+006
1281	4.3598e+006
1282	3.4799e+006
1283	2.3621e+006
1284	3.8807e+005
1285	-83426
1286	1.4995e+005
1287	-19507
1288	2.3049e+005
1289	6.798e+005
1290	1.7172e+006
1291	2.5302e+006
1292	3.1919e+006
1293	3.3672e+006
1294	2.9815e+006
1295	2.2674e+006
1296	3.1656e+005
1297	7.879e+005
1298	1.4059e+006
1299	1.8676e+006
1300	2.3391e+006
1301	2.2244e+006
1302	1.6932e+006
1303	6.6706e+005
1304	-9.8603e+005
1305	-1.9024e+006
1306	-2.3378e+006
1307	-6.5149e+005
1308	78868
1309	73754
1310	8.4309e+005
1311	1.5469e+006
1312	2.0824e+006
1313	2.345e+006
1314	2.1284e+006
1315	1.353e+006
1316	9.4528e+005
1317	4.1236e+005
1318	9.787e+005
1319	1.5834e+006
1320	2.0361e+006
1321	2.2351e+006
1322	1.9421e+006
1323	1.1852e+006
1324	45038
1325	1.3101e+005
1326	1.188e+005
1327	42206
1328	2.9814e+005
1329	5.5311e+005
1330	1.0716e+006
1331	1.0358e+006
1332	9.7968e+005
1333	7.6254e+005
1334	7.2175e+005
1335	9.4962e+005
1336	1.6261e+006
1337	1.8793e+006
1338	1.8101e+006
1339	1.3817e+006
1340	4.6154e+005
1341	-8.6793e+005
1342	-1.717e+006
1343	-1.9135e+006
1344	1.9728e+005
1345	-2.3661e+005
1346	-3035.6
1347	1.1103e+006
1348	1.5744e+006
1349	1.5669e+006
1350	1.6233e+006
1351	9.7958e+005
1352	-2.4509e+005
1353	-1.1376e+006
1354	2.885e+005
1355	77709
1356	2.7524e+005
1357	4.4223e+005
1358	4.4471e+005
1359	3.4254e+005
1360	-40164
1361	5.7361e+005
1362	1.1928e+006
1363	1.1575e+006
1364	1.0687e+006
1365	5.1944e+005
1366	-90719
1367	-1.747e+006
1368	3.1605e+005
1369	51794
1370	-1.7077e+005
1371	-4.8232e+005
1372	-1.1318e+006
1373	8.7344e+005
1374	8.8323e+005
1375	6.6069e+005
1376	-9.1392e+005
1377	1.8701e+005
1378	3.4818e+005
1379	6.0134e+005
1380	3.5155e+005
1381	42123
1382	-4.7386e+005
1383	5.6131e+005
1384	1.571e+005
1385	-4.0307e+005
1386	-9.5419e+005
1387	-3.7334e+006
1388	-4.1813e+006
1389	-3.7977e+006
1390	-3.4602e+006
1391	-2.739e+006
1392	-1.5105e+006
1393	6.9162e+005
1394	7.5551e+006
1395	5.98e+006
1396	4.3265e+006
1397	2.1819e+006
1398	1.3477e+006
1399	2.657e+005
1400	-1.1113e+006
1401	-3.4245e+006
1402	-3.8957e+006
1403	-4.8118e+006
1404	-3.2368e+006
1405	8.7043e+005
1406	2104.4
1407	3532.7
1408	-2290.9
1409	62018
1410	-2.9654e+006
1411	-3.4784e+006
1412	-3.0936e+006
1413	-2.4683e+006
1414	-1.6165e+006
1415	-5.477e+005
1416	3.593e+006
1417	1.08e+006
1418	6.1316e+005
1419	1.5557e+005
1420	-4.976e+005
1421	-1.1443e+006
1422	-5.2076e+006
1423	-1.259e+005
1424	-1.8983e+005
1425	-1.5524e+005
1426	-3.3356e+006
1427	-3.3218e+006
1428	-3.0088e+006
1429	-2.1588e+006
1430	-1.4513e+006
1431	-4.555e+005
1432	2.2356e+006
1433	1.3167e+006
1434	7.1603e+005
1435	-3.2522e+005
1436	-4.1939e+005
1437	-3.8414e+005
1438	-1.5404e+005
1439	-3.3449e+006
1440	-4.4928e+006
1441	-5.0669e+006
1442	-2.3302e+006
1443	-2.1542e+005
1444	-1.7067e+005
1445	-35026
1446	-7.9293e+005
1447	-5.3615e+006
1448	-2.948e+005
1449	-3.5826e+006
1450	-3.7603e+006
1451	-3.7878e+006
1452	-3.0836e+006
1453	-2.1376e+006
1454	-1.4583e+006
1455	-2.3763e+006
1456	-2.123e+006
1457	-2.3015e+006
1458	-1.434e+006
1459	-5.202e+005
1460	-4.2451e+006
1461	-6.0361e+006
1462	-4.7934e+006
1463	-8.5697e+005
1464	-5.379e+005
1465	-3.7895e+006
1466	-2.9723e+006
1467	-1.8241e+006
1468	-5.6989e+005
1469	-4.8348e+006
1470	-4.5742e+006
1471	-3.5975e+006
1472	-2.4812e+006
1473	-1.1209e+006
1474	-4.4415e+006
1475	-4.5049e+006
1476	-2.7348e+006
1477	-1.5881e+006
1478	-1.1582e+006
1479	-5.7581e+006
1480	-1.1435e+006
1481	-4.7853e+006
1482	-3.5604e+006
1483	-2.1171e+006
1484	-3.932e+006
1485	-2.6364e+006
1486	-5.4776e+006
1487	-4.7652e+006
1488	-2.9566e+006
1489	-3.7251e+006
1490	-2.3772e+006
1491	-5.4199e+006
1492	-3.6478e+006
1493	-3.281e+006
1494	-1.2049e+007
1495	-1.5218e+007
1496	-1.8152e+007
1497	-9.2193e+006
1498	-1.3276e+007
1499	-1.253e+007
1500	2.709e+007
1501	2.11e+007
1502	1.0561e+007
1503	7.6662e+005
1504	-2.5755e+006
1505	-2.2721e+006
1506	2.3886e+005
1507	-3.1512e+006
1508	-1.0106e+007
1509	-2.3245e+007
1510	1.1797e+007
1511	1.1414e+007
1512	1.2978e+007
1513	3.8239e+006
1514	8.3635e+005
1515	-2.4604e+006
1516	-1.6379e+006
1517	-9.1627e+005
1518	-1.5126e+007
1519	-3.3702e+007
1520	-6.3029e+007
1521	-6.1489e+007
1522	2.3685e+007
1523	-3.2601e+007
1524	-6.6168e+007
1525	2.4839e+007
1526	6.1557e+006
1527	-3.0337e+006
1528	-3.1474e+006
1529	-3.7626e+006
1530	58316
1531	-1.6523e+006
1532	-1.1147e+007
1533	-2.8269e+007
1534	1.7153e+007
1535	-4.604e+007
1536	1.9689e+007
1537	1.3676e+007
1538	5.3524e+006
1539	-4.6625e+005
1540	-1.2168e+006
1541	-2.729e+005
1542	-1.9851e+006
1543	-8.4922e+006
1544	-1.8235e+007
1545	1.3673e+007
1546	8.5824e+006
1547	2.3686e+006
1548	-1.393e+006
1549	-1.4096e+006
1550	-1.5262e+006
1551	-6.2868e+006
1552	-1.716e+007
1553	-3.5182e+007
1554	1.661e+007
1555	8.9101e+006
1556	3.7486e+006
1557	1.3929e+005
1558	-20935
1559	-7.8586e+005
1560	-5.1631e+006
1561	-1.5829e+007
1562	1.6133e+007
1563	1.2343e+007
1564	-3.8855e+007
1565	-5.6012e+007
1566	-3.6499e+007
1567	-9.3569e+006
1568	-6.416e+005
1569	-6.4584e+005
1570	-6.1842e+006
1571	1.2953e+006
1572	-4.0981e+006
1573	-1.6317e+007
1574	-8.0654e+006
1575	4.6045e+006
1576	7.2455e+006
1577	-1.2264e+007
1578	-4.5197e+007
1579	7.829e+006
1580	-6.6365e+007
1581	-2.3386e+007
1582	-6.2258e+005
1583	1.2975e+006
1584	-5.4862e+006
1585	-6.8899e+006
1586	-2.8093e+006
1587	-6.094e+007
1588	-3.9622e+007
1589	-1.9496e+007
1590	-1.407e+006
1591	-1.8443e+006
1592	-7.9472e+006
1593	-8.1356e+006
1594	-1.1948e+007
1595	-6.4151e+006
1596	1.3742e+007
1597	-1.1009e+007
1598	-3.1453e+007
1599	-5.6123e+007
1600	-1.0434e+007
1601	-2.8643e+005
1602	-5.7186e+006
1603	-1.0755e+007
1604	-1.1436e+007
1605	-3.1691e+006
1606	-2.8052e+006
1607	-1.9765e+007
1608	-7.1092e+006
1609	-1.2072e+007
1610	-3.741e+007
1611	-5.184e+007
1612	-1.2326e+007
1613	-8.971e+006
1614	-1.1629e+007
1615	-7.3767e+006
1616	-9.7615e+006
1617	-2.1392e+007
1618	-2.1983e+007
1619	-1.6055e+006
1620	5.5647e+006
1621	2.4257e+006
1622	-5.0757e+006
1623	6.1897e+006
1624	2.2117e+006
1625	2.5531e+006
1626	8.8033e+005
1627	-2.7305e+007
1628	-6.4304e+007
1629	-6.6481e+007
1630	-6.643e+007
1631	-5.9979e+007
1632	-4.402e+007
1633	-2.2275e+006
1634	-2.9776e+007
1635	-1.7271e+007
1636	-6.3691e+006
1637	-2.1386e+006
1638	1.2749e+006
1639	-2.3721e+006
1640	-2.1485e+006
1641	-2.4665e+006
1642	-2.2227e+006
1643	-2.0439e+006
1644	1.1734e+006
1645	2.5624e+006
1646	-1.7879e+006
1647	3.8093e+006
1648	4.7795e+006
1649	4.7607e+006
1650	-1.6765e+006
1651	-2.0209e+006
1652	2.9827e+006
1653	-1.1123e+006
1654	-1.0706e+007
1655	-7.0265e+006
1656	-1.3101e+007
1657	-5.2012e+007
1658	-4.256e+006
1659	1.5771e+006
1660	-6.6215e+007
1661	1.4745e+006
1662	-1.8901e+006
1663	2.9642e+006
1664	-2.0742e+006
1665	-2.1501e+006
1666	-1.1001e+007
1667	-6.4893e+007
1668	-5.4539e+005
1669	-1.0818e+007
1670	-1.7694e+007
1671	-1.0865e+006
1672	-6.2936e+007
1673	-4.3743e+006
1674	-2.6898e+006
1675	4.3953e+006
1676	-2.026e+006
1677	-3.3284e+007
1678	-9.0684e+006
1679	4.1909e+006
1680	-2.5552e+006
1681	4.977e+006
1682	4.4256e+006
1683	-2.1114e+006
1684	1.8929e+006
1685	-2.3129e+006
1686	-2.3266e+006
1687	-1.8481e+006
1688	-2.5105e+006
1689	-2.3065e+007
1690	-3.5611e+007
1691	-6.7304e+007
1692	-1.5943e+007
1693	-1.5381e+007
1694	-3.3896e+007
1695	-1.1399e+007
1696	-1.5987e+007
1697	-2.7587e+007
1698	-9.5967e+005
1699	-1.9003e+005
1700	-7.7611e+007
1701	-1.5637e+007
1702	7.8105e+006
1703	-3.5425e+007
1704	-5.5815e+007
1705	1.0853e+007
1706	-1.6953e+007
1707	-3.8497e+007
1708	6.3192e+006
1709	-5.899e+007
1710	-6.6555e+007
1711	1.2767e+007
1712	-5.6473e+007
1713	1.107e+007
1714	9.5137e+006
1715	-1.3203e+007
1716	-5.8058e+007
1717	1.0841e+007
1718	8.1484e+006
1719	1.1665e+007
1720	-4.1248e+007
1721	-1.0038e+008
1722	-1.9026e+007
1723	-2.5952e+007
1724	-2.0714e+007
1725	1.7305e+007
1726	1.0371e+007
1727	-7.2988e+006
1728	-5.9674e+007
1729	-6.7261e+007
1730	-8.3026e+007
1731	-2.3517e+006
1732	-3.5302e+007
1733	-1.805e+007
1734	-7.9298e+006
1735	4.7631e+006
1736	5.1537e+006
1737	-4.6127e+006
1738	-2.3641e+007
1739	-7.0034e+007
1740	1.2168e+007
1741	8.1643e+006
1742	-9.8464e+007
1743	1.481e+007
1744	-6.4224e+007
1745	-3.4977e+007
1746	-1.3001e+007
1747	1.2647e+007
1748	-3.9418e+007
1749	-1.7624e+007
1750	-4.9975e+007
1751	7.7306e+006
1752	1.3479e+007
1753	-2.8472e+007
1754	-1.3587e+006
1755	-5.2191e+007
1756	-8.7885e+007
1757	-1.9948e+007
1758	-4.6468e+007
1759	-1.3545e+007
1760	-3.2604e+007
1761	8.7617e+006
1762	-1.3131e+007
1763	1.0215e+007
1764	-2.9637e+007
1765	6.0207e+006
1766	-3.9937e+007
1767	-5.6218e+007
1768	-5.8046e+007
1769	2.6536e+006
1770	9.0734e+006
1771	-2.7239e+007
1772	-4.3858e+007
1773	-3.9961e+007
1774	7.7733e+006
1775	9.0434e+006
1776	-8.1693e+007
1777	-1.2882e+007
1778	1.0359e+007
1779	8.5189e+006
1780	5.8903e+006
1781	1.4229e+007
1782	-8.5423e+006
1783	-7.5144e+007
1784	-9.0581e+006
1785	-2.3123e+007
1786	7.8388e+006
1787	1.7125e+007
1788	-6.7548e+007
1789	-3.6543e+007
1790	6.734e+006
1791	-3.7921e+007
1792	-8.6252e+007
1793	8.7481e+006
1794	2.4308e+006
1795	-2.2626e+007
1796	1.4947e+007
1797	1.1506e+007
1798	-9.7035e+007
1799	9.294e+006
1800	-5.0689e+007
1801	-3.4531e+007
1802	1.3407e+007
1803	-9.9552e+007
1804	-4.3787e+007
1805	-1.0156e+007
1806	-6.7778e+007
1807	-4.4885e+007
1808	-4.5471e+007
1809	-2.8556e+007
1810	-2.1063e+007
1811	-7.2268e+007
1812	-5.3924e+007
1813	-1.2329e+008
1814	-1.7018e+007
1815	-1.1307e+008
1816	1.1091e+007
1817	-4.7505e+007
1818	-2.3759e+007
1819	-3.1224e+007
1820	-8.4685e+006
1821	1.0896e+007
1822	1.1798e+007
1823	9.3164e+006
1824	-2.4976e+007
1825	-5.1784e+007
1826	1.9767e+007
1827	7.0723e+006
1828	1.1922e+007
1829	-8.2009e+006
1830	1.2776e+007
1831	-6.584e+007
1832	-1.0236e+007
1833	-3.0074e+007
1834	-1.5016e+007
1835	1.0398e+007
1836	-2.1266e+007
1837	-9.2471e+006
1838	-9.8659e+006
1839	-1.1239e+008
1840	-3.251e+007
1841	7.2889e+006
1842	3.6962e+005
1843	1.0408e+007
1844	1.4289e+007
1845	-1.9782e+007
1846	-3.6998e+007
1847	-1.8376e+007
1848	-3.3397e+007
1849	7.9294e+006
1850	-1.3164e+007
1851	-2.9131e+007
1852	-3.1401e+007
1853	1.4726e+007
1854	1.0879e+007
1855	5.6427e+006
1856	-1.0157e+008
1857	-2.1786e+007
1858	-1.7693e+007
1859	-1.0389e+008
1860	-4.7124e+007
1861	1.1214e+006
1862	9.4127e+006
1863	-1.3176e+008
1864	-7.6114e+007
1865	9.9442e+006
1866	-4.2298e+007
1867	-6.0829e+007
1868	-2.5075e+007
1869	-1.3765e+007
1870	-1.481e+007
1871	-3.3726e+007
1872	-2.0824e+006
1873	3.7052e+006
1874	-4.3613e+007
1875	1.4572e+007
1876	6.859e+006
1877	1.5507e+007
1878	1.6261e+007
1879	-8.7901e+007
1880	-6.8687e+007
1881	5.6912e+006
1882	-5.3862e+006
1883	-9.5258e+006
1884	-2.4031e+007
1885	-1.3411e+007
1886	1.1906e+007
1887	4.5836e+006
1888	-2.9961e+007
1889	-5.2724e+007
1890	-8.45e+007
1891	-5.9085e+007
1892	-3.8263e+007
1893	-2.946e+007
1894	7.0606e+006
1895	-3.9861e+007
1896	1.0366e+007
1897	-1.0045e+007
1898	1.2893e+007
1899	2.0196e+007
1900	-4.0092e+007
1901	-3.8738e+007
1902	1.2675e+007
1903	-5.1734e+006
1904	-1.143e+007
1905	-5.9019e+007
1906	-6.4574e+007
1907	-2.9017e+007
1908	1.0521e+007
1909	5.6215e+006
1910	1.0416e+007
1911	-4.2018e+007
1912	1.0979e+007
1913	-2.7273e+007
1914	-1.866e+007
1915	6.4354e+006
1916	1.1073e+007
1917	-3.3983e+007
1918	-2.874e+007
1919	-1.0188e+008
1920	-3.9494e+007
1921	1.2771e+007
1922	-1.097e+007
1923	7.0811e+005
1924	-1.0465e+007
1925	-2.1256e+007
1926	-8.9821e+007
1927	-4.9437e+007
1928	1.6387e+006
1929	-7.713e+006
1930	-3.7883e+007
1931	-1.2039e+007
1932	-7.0748e+007
1933	-9.2764e+006
1934	9.2508e+006
1935	9.5599e+006
1936	6.6015e+006
1937	1.232e+007
1938	-4.316e+007
1939	-7.5747e+006
1940	-7.6844e+006
1941	1.1905e+007
1942	4.5067e+006
1943	-4.5235e+007
1944	-2.2885e+007
1945	-3.4789e+007
1946	-1.2264e+007
1947	7.4929e+006
1948	-7.4524e+007
1949	9.1708e+005
1950	1.4238e+007
1951	-6.4417e+007
1952	-4.1049e+007
1953	-3.3933e+007
1954	1.945e+007
1955	-1.7334e+007
1956	-2.2131e+007
1957	-2.9735e+007
1958	-2.5877e+007
1959	-3.3028e+007
1960	-7.4182e+007
1961	9.2626e+006
1962	-1.6318e+007
1963	1.0921e+007
1964	-3.1152e+007
1965	8.8441e+005
1966	9.9588e+006
1967	-1.6067e+008
1968	-3.2106e+007
1969	-5.2585e+007
1970	5.8659e+006
1971	1.5417e+007
1972	9.4109e+006
1973	5.3929e+006
1974	-4.3343e+007
1975	-3.9125e+007
1976	-5.7113e+006
1977	-5.1892e+007
1978	-1.1608e+008
1979	-4.9949e+007
1980	-4.6332e+007
1981	1.3514e+007
1982	-1.122e+007
1983	-3.96e+007
1984	-2.1727e+007
1985	-4.8261e+007
1986	1.1714e+007
1987	-1.0618e+008
1988	2.0835e+007
1989	-6.8094e+006
1990	1.4575e+007
1991	4.8358e+006
1992	7.1095e+006
1993	-5.3617e+007
1994	1.3365e+007
1995	-9.8036e+007
1996	-1.1478e+008
1997	-1.0094e+008
1998	-2.1927e+007
1999	-1.6483e+007
2000	-6.257e+006
2001	-8.0427e+006
2002	-5.8378e+006
2003	8.7431e+007
2004	1.4284e+008
2005	-3.5479e+007
2006	5.0553e+007
2007	-1.8054e+006
2008	9.1031e+007
2009	1.5445e+007
2010	6.1305e+006
2011	-4.5178e+006
2012	4.3356e+007
2013	3.8129e+007
2014	-6.5662e+006
2015	8.475e+006
2016	7.3156e+007
2017	6.2753e+007
2018	6.897e+007
2019	1.5922e+008
2020	-1.4743e+007
2021	7.9617e+007
2022	1.8294e+007
2023	3.9107e+007
2024	-3.1397e+006
2025	9.9536e+006
2026	1.443e+007
2027	1.2632e+007
2028	2.1053e+007
2029	-5.7958e+006
2030	3.1476e+007
2031	-1.9424e+006
2032	6.1247e+006
2033	-2.4531e+006
2034	-3.0889e+007
2035	-5.4416e+006
2036	-1.4672e+007
2037	9.6924e+007
2038	2.0647e+007
2039	5.8086e+007
2040	1.2182e+007
2041	6.9395e+007
2042	-5.7299e+006
2043	-5.2112e+006
2044	-5.9888e+006
2045	-2.0047e+006
2046	1.3504e+008
2047	1.7583e+007
2048	1.7845e+007
2049	7.9011e+006
2050	4.0394e+007
2051	2.9524e+007
2052	-2.6674e+006
2053	-8.5208e+006
2054	7.2826e+007
2055	3.5688e+007
2056	5.2197e+007
2057	4.4061e+007
2058	1.4758e+008
2059	3.3551e+007
2060	2.4749e+007
2061	2.8304e+007
2062	8.0356e+007
2063	1.9295e+007
2064	2.0837e+007
2065	1.0352e+008
2066	3.7679e+007
2067	4.6769e+007
2068	8.7641e+006
2069	1.267e+008
2070	8.5308e+007
2071	6.5111e+007
2072	-4.7566e+006
2073	-2.5957e+006
2074	-3.9239e+006
2075	-1.1596e+007
2076	-2.9219e+007
2077	-2.3676e+007
2078	5.1005e+007
2079	5.0692e+007
2080	-2.606e+006
2081	7.4306e+007
2082	8.8143e+006
2083	8.5617e+007
2084	2.3134e+007
2085	-1.0837e+007
2086	2.0693e+007
2087	1.353e+008
2088	1.6745e+008
2089	1.0991e+007
2090	2.1768e+006
2091	4.4633e+007
2092	7.6455e+006
2093	7.1158e+005
2094	9.0633e+007
2095	-2.7496e+007
2096	-5.3052e+006
2097	1.4429e+008
2098	7.2607e+006
2099	6.7691e+007
2100	3.277e+007
2101	1.0771e+008
2102	5.9831e+006
2103	-6.4784e+006
2104	1.8975e+007
2105	2.3389e+007
2106	1.1082e+007
2107	4.2609e+006
2108	-1.7155e+006
2109	1.3004e+007
2110	7.2647e+007
2111	8.4825e+006
2112	4.3928e+007
2113	5.1682e+007
2114	4.4796e+007
2115	-5.6832e+006
2116	4.7967e+007
2117	-2.2497e+006
2118	-1.0559e+007
2119	-6.2905e+006
2120	1.2184e+008
2121	8.723e+006
2122	1.1581e+008
2123	-4.0852e+006
2124	7.1589e+006
2125	1.5432e+007
2126	-3.4604e+006
2127	1.1903e+007
2128	2.9228e+007
2129	-3.662e+006
2130	9.234e+006
2131	5.4826e+007
2132	6.496e+007
2133	-3.7486e+006
2134	-3.1888e+006
2135	2.2015e+007
2136	-5.8138e+006
2137	-6.7928e+006
2138	-4.9382e+006
2139	-4.5359e+006
2140	-1.1121e+007
2141	-1.5526e+007
2142	4.2109e+007
2143	3.211e+007
2144	-3.6435e+006
2145	3.9375e+007
2146	-5.7457e+006
2147	-2.9837e+007
2148	2.1173e+007
2149	6.6206e+006
2150	-2.8129e+006
2151	-7.451e+005
2152	-1.3669e+006
2153	-1.0424e+007
2154	1.3892e+007
2155	8.5601e+006
2156	2.8519e+007
2157	-1.1034e+007
2158	-1.8473e+006
2159	3.3034e+006
2160	5.3403e+006
2161	1.8668e+007
2162	8.3428e+006
2163	-2.0987e+007
2164	3.2734e+006
2165	-1.0537e+007
2166	2.1792e+007
2167	8.6149e+005
2168	1.4613e+007
2169	1.4506e+008
2170	-1.8733e+007
2171	2.9937e+007
2172	-1.5707e+007
2173	-9.7063e+006
2174	8.2442e+006
2175	6.5801e+006
2176	-1.2115e+007
2177	9.3877e+006
2178	8.5658e+007
2179	7.2249e+007
2180	1.2033e+008
2181	4.4053e+007
2182	6.1511e+006
2183	5.3214e+007
2184	8.5214e+007
2185	-6.2981e+006
2186	-4.2604e+006
2187	-4.2743e+006
2188	3.4835e+007
2189	7.4437e+007
2190	3.1818e+007
2191	6.2686e+007
2192	1.8758e+007
2193	-2.7214e+006
2194	-2.0923e+007
2195	1.0667e+008
2196	-4.8097e+006
2197	4.5922e+007
2198	-1.7604e+006
2199	7.2352e+007
2200	1.1918e+008
2201	-3.8874e+007
2202	-3.1796e+007
2203	1.9683e+007
2204	-1.0962e+007
2205	3.1618e+007
2206	3.4383e+007
2207	-8.8402e+006
2208	6.4434e+007
2209	1.6588e+008
2210	5.2436e+007
2211	4.5149e+007
2212	-4.0896e+006
2213	1.7413e+008
2214	6.6225e+007
2215	-7.3124e+006
2216	1.7424e+008
2217	-5.6027e+006
2218	5.6715e+006
2219	8.4246e+007
2220	4.6532e+006
2221	1.0803e+007
2222	2.1202e+007
2223	9.4691e+007
2224	-2.5189e+007
2225	2.7811e+006
2226	-1.8965e+007
2227	1.0435e+007
2228	2.9707e+006
2229	2.1076e+007
2230	7.2509e+006
2231	7.5178e+007
2232	1.1298e+007
2233	-5.7689e+006
2234	-2.6952e+006
2235	8.6841e+006
2236	-1.9641e+007
2237	6.1844e+006
2238	1.5151e+008
2239	1.4092e+007
2240	1.2884e+007
2241	6.045e+007
2242	-3.3455e+006
2243	5.4219e+007
2244	-6.2515e+006
2245	-4.6307e+006
2246	-2.1794e+006
2247	2.1617e+006
2248	2.5025e+007
2249	7.364e+007
2250	1.5093e+008
2251	-1.0227e+007
2252	-8.3962e+006
2253	1.2662e+008
2254	3.0622e+007
2255	5.8152e+006
2256	5.907e+007
2257	7.4892e+006
2258	1.9115e+006
2259	7.8437e+007
2260	3.6801e+007
2261	2.4046e+007
2262	8.8087e+007
2263	-3.6591e+006
2264	9.5357e+006
2265	1.1801e+005
2266	5.998e+006
2267	-9.4988e+006
2268	3.851e+006
2269	5.7518e+006
2270	5.3647e+007
2271	-2.7719e+007
2272	1.6817e+007
2273	1.7272e+007
2274	5.664e+007
2275	3.553e+007
2276	1.8274e+007
2277	1.377e+008
2278	-7.7064e+006
2279	5.6634e+007
2280	6.0599e+006
2281	-1.3021e+007
2282	1.0493e+007
2283	-5.1756e+006
2284	2.2883e+007
2285	4.808e+007
2286	2.8363e+007
2287	-1.1439e+007
2288	-5.6437e+006
2289	3.4e+007
2290	-3.6341e+006
2291	4.0755e+007
2292	-1.5884e+006
2293	6.484e+007
2294	6.0742e+006
2295	1.4623e+007
2296	4.3314e+007
2297	8.3365e+006
2298	6.0514e+007
2299	5.6561e+007
2300	4.7086e+007
2301	1.1453e+007
2302	-5.4133e+006
2303	1.0966e+007
2304	5.5281e+006
2305	5.9215e+006
2306	1.2957e+007
2307	2.3629e+007
2308	1.3621e+008
2309	1.6685e+008
2310	5.4197e+007
2311	2.0528e+007
2312	1.5444e+008
2313	-4.509e+006
2314	5.0698e+007
2315	4.1e+007
2316	1.2685e+007
2317	1.0607e+008
2318	-3.3359e+005
2319	2.2721e+006
2320	-4.3055e+006
2321	1.373e+007
2322	3.4358e+007
2323	4.5011e+007
2324	1.2122e+008
2325	8.5891e+006
2326	8.2269e+007
2327	2.0861e+007
2328	1.9165e+007
2329	8.6959e+007
2330	8.6135e+007
2331	8.8429e+006
2332	3.1883e+007
2333	2.1426e+007
2334	-1.4968e+006
2335	1.0501e+008
2336	3.9931e+007
2337	4.6104e+007
2338	2.6145e+007
2339	1.1542e+007
2340	2.3935e+007
2341	5.1053e+006
2342	5.2435e+007
2343	4.385e+007
2344	3.9445e+007
2345	3.3566e+007
2346	2.119e+007
2347	3.5535e+007
2348	5.1978e+006
2349	-1.608e+006
2350	-3.6141e+005
2351	-7.3335e+006
2352	-1.2805e+006
2353	3.1737e+006
2354	1.492e+007
2355	7.0222e+006
2356	1.4469e+007
2357	9.8517e+007
2358	-4.8482e+006
2359	4.6583e+007
2360	8.3238e+006
2361	2.0573e+007
2362	2.6817e+006
2363	1.0359e+008
2364	1.7665e+007
2365	-2.0338e+006
2366	-2.2517e+006
2367	7.5363e+006
2368	2.6304e+007
2369	7.1227e+006
2370	4.6702e+007
2371	-8.3371e+006
2372	2.0031e+007
2373	8.4868e+006
2374	-5.5996e+005
2375	8.8318e+006
2376	-1.9346e+006
2377	-4.8481e+006
2378	6.1049e+007
2379	-4.275e+006
2380	2.1388e+007
2381	7.3651e+007
2382	9.87e+006
2383	3.9146e+006
2384	9.5874e+007
2385	1.2893e+008
2386	1.4996e+007
2387	6.0182e+007
2388	4.8443e+007
2389	-2.5622e+006
2390	1.1891e+008
2391	3.5324e+007
2392	5.1641e+007
2393	8.3249e+006
2394	-6.389e+006
2395	9.0368e+007
2396	8.0458e+006
2397	1.058e+006
2398	6.6342e+007
2399	1.0079e+008
2400	-4.5292e+006
2401	-6.1351e+006
2402	3.8504e+006
2403	4.3576e+007
2404	1.1832e+008
2405	1.4417e+007
2406	3.0699e+007
2407	1.1624e+008
2408	5.2673e+007
2409	1.1532e+007
2410	-5.8528e+006
2411	9.9677e+007
2412	-3.1133e+006
2413	-1.0409e+007
2414	-9.3988e+005
2415	9.2741e+006
2416	-5.5601e+006
2417	3.4073e+007
2418	-5.9167e+005
2419	7.5222e+006
2420	8.3776e+005
2421	-7.1056e+006
2422	3.7322e+007
2423	1.2683e+008
2424	6.3606e+007
2425	-1.0085e+007
2426	2.3325e+007
2427	8.8304e+007
2428	5.5426e+007
2429	-5.2727e+006
2430	4.012e+007
2431	-9.8925e+005
2432	3.7844e+006
2433	1.4946e+007
2434	-1.8814e+006
2435	4.7905e+007
2436	5.7845e+007
2437	-8.1243e+005
2438	3.4676e+007
2439	8.3972e+006
2440	-1.8728e+006
2441	9.8939e+007
2442	3.078e+007
2443	7.8116e+006
2444	5.9747e+007
2445	2.1819e+006
2446	6.8273e+007
2447	-2.3614e+006
2448	4.9322e+006
2449	1.4808e+007
2450	-4.1203e+006
2451	1.2002e+008
2452	-3.3153e+006
2453	5.3499e+006
2454	1.1566e+007
2455	2.9276e+007
2456	1.1575e+008
2457	2.7026e+007
2458	-5.3632e+006
2459	-3.6031e+006
2460	-6.55e+006
2461	1.8156e+007
2462	6.936e+007
2463	6.3666e+006
2464	-2.6406e+006
2465	5.8519e+007
2466	3.4914e+006
2467	-5.0805e+006
2468	4.8109e+006
2469	-2.6347e+006
2470	-4.8726e+006
2471	-5.0374e+006
2472	-2.259e+006
2473	2.605e+007
2474	-1.5591e+006
2475	2.4743e+006
2476	7.7335e+007
2477	-3.4266e+006
2478	-7.0819e+006
2479	-2.6558e+006
2480	8.777e+007
2481	-2.0578e+007
2482	-1.2147e+007
2483	9.6819e+006
2484	-9.1327e+005
2485	5.7384e+007
2486	5.3811e+006
2487	-7.1744e+006
2488	-6.0124e+006
2489	-6.1929e+006
2490	-1.182e+007
2491	-4.859e+006
2492	-5.3287e+006
2493	-4.5878e+006
2494	-4.7436e+006
2495	-6.1902e+006
2496	-1.4966e+006
2497	-3.184e+006
2498	-1.4354e+007
2499	-1.7161e+007
2500	2.4113e+006
2501	2.9582e+007
2502	1.4365e+006
2503	-3.5724e+005
2504	2.5821e+007
2505	4.2906e+007
2506	5.2281e+006
2507	-1.5239e+007
2508	4.0335e+006
2509	2.2326e+006
2510	-2.8275e+006
2511	-3.9534e+007
2512	2.5691e+006
2513	9.1651e+006
2514	-9.9547e+006
2515	-2.2213e+007
2516	1.056e+008
2517	-4.2244e+006
2518	2.3882e+007
2519	4.9106e+007
2520	3.6884e+007
2521	7.6974e+006
2522	1.636e+006
2523	2.3152e+007
2524	-2.5723e+006
2525	7.9819e+007
2526	4.8907e+007
2527	-1.4029e+006
2528	-7.711e+006
2529	3.3949e+007
2530	2.952e+007
2531	1.5277e+008
2532	-5.5002e+006
2533	2.4718e+006
2534	4.6987e+007
2535	3.9244e+007
2536	3.0203e+007
2537	1.9057e+007
2538	-1.715e+007
2539	-6.5323e+006
2540	-5.2451e+005
2541	1.9618e+007
2542	1.3407e+007
2543	-4.5613e+006
2544	1.1308e+008
2545	-1.4641e+006
2546	-5.9757e+006
2547	-1.0998e+007
2548	9.6756e+007
2549	-1.8869e+006
2550	-5.5495e+006
2551	68356
2552	1.4565e+006
2553	2.3619e+006
2554	3.1153e+006
2555	3.4567e+006
2556	3.414e+006
2557	3.2454e+006
2558	2.4888e+006
2559	1.4678e+006
2560	60355
2561	-1.6802e+006
2562	-1.4995e+006
2563	-1.6185e+006
2564	-1.1992e+006
2565	-4.7113e+005
2566	6.3844e+005
2567	-1.2728e+006
2568	1.0489e+006
2569	5.4499e+005
2570	1.4888e+006
2571	1.0234e+005
2572	8.4819e+005
2573	2.9115e+006
2574	1.0926e+006
2575	4.7299e+006
2576	1.4809e+006
2577	5.3444e+006
2578	9.2727e+005
2579	4.512e+006
2580	1.0472e+006
2581	5.4493e+006
2582	1.1207e+006
2583	5.6159e+006
2584	3.4146e+006
2585	8.6674e+005
2586	-8.6581e+006
2587	-1.4766e+007
2588	-1.7109e+007
2589	-2.0788e+007
2590	-2.4622e+007
2591	-2.6068e+007
2592	-2.6159e+007
2593	-2.5742e+007
2594	-2.4193e+007
2595	-2.3144e+007
2596	-2.0257e+007
2597	-8.6073e+006
2598	-3.7148e+007
2599	-1.232e+007
2600	-3.5246e+007
2601	-1.1918e+007
2602	-1.1304e+007
2603	-1.3533e+007
2604	-9.0717e+006
2605	-3.4567e+007
2606	-1.4891e+007
2607	-2.3724e+007
2608	-1.2071e+007
2609	-1.3126e+007
2610	-3.0194e+007
2611	-3.6986e+007
2612	-1.5394e+007
2613	-1.4872e+007
2614	-3.6298e+007
2615	-9.58e+006
2616	-1.8762e+007
2617	-3.4439e+007
2618	-1.544e+007
2619	-3.7709e+007
2620	-1.5785e+007
2621	3.1063e+005
2622	1.2647e+006
2623	1.3867e+006
2624	5.3874e+005
2625	3.6677e+005
2626	1.5034e+005
2627	-3.3201e+005
2628	-2.0972e+005
2629	-2.0789e+005
2630	-1.0257e+005
2631	76765
2632	3.9323e+005
2633	-2.1867e+005
2634	-86440
2635	-42958
2636	1.6119e+006
2637	1.116e+006
2638	1.7814e+006
2639	2.9201e+005
2640	2.2306e+005
2641	4.8794e+005
2642	1.443e+006
2643	7.0947e+005
2644	2.8407e+006
2645	2.2926e+005
2646	4.5695e+005
2647	5.2649e+005
2648	44151
2649	2.7539e+005
2650	-97310
2651	1.156e+006
2652	-2.0339e+005
2653	70237
2654	4.0672e+005
2655	91160
2656	-70235
2657	1.4999e+005
2658	3.7396e+005
2659	2.655e+005
2660	4.4497e+005
2661	2.8056e+005
2662	4.0887e+005
2663	40985
2664	-3410.9
2665	-72824
2666	3.9038e+005
2667	45940
2668	-1.6229e+005
2669	-1.9345e+005
2670	1.7245e+005
2671	-8.8982e+005
2672	3.3742e+005
2673	2.1194e+005
2674	2.904e+005
2675	5882.4
2676	-86662
2677	686.96
2678	-1.4829e+005
2679	82751
2680	-3.2288e+005
2681	50386
2682	-1.6444e+005
2683	99050
2684	2.8763e+005
2685	-4.3501e+005
2686	-2.7542e+005
2687	-2.65e+005
2688	-2.2468e+005
2689	-8.5673e+005
2690	1.5789e+005
2691	62628
2692	-28749
2693	2.7308e+005
2694	61202
2695	51142
2696	-79306
2697	95128
2698	2.6277e+005
2699	92249
2700	-83528
2701	68728
2702	4.1085e+005
2703	-35904
2704	1.0395e+005
2705	94747
2706	2.2415e+005
2707	-2.517e+005
2708	40946
2709	-2.3751e+005
2710	4.6734e+005
2711	-6.0697e+005
2712	5.9683e+005
2713	-4.654e+005
2714	74828
2715	1.946e+005
2716	-2.4139e+005
2717	45416
2718	1.847e+005
2719	6.5518e+005
2720	-3.8003e+005
2721	2.3097e+005
2722	1.3194e+005
2723	34180
2724	2.3519e+005
2725	-7.5479e+005
2726	2.6418e+005
2727	4.3801e+005
2728	-69238
2729	3.3143e+005
2730	1.7477e+005
2731	-55292
2732	-2.6384e+005
2733	-18704
2734	2.2441e+005
2735	1.6253e+005
2736	4.0346e+005
2737	-1.3013e+005
2738	-2.6145e+005
2739	-5.1645e+005
2740	-7.5214e+005
2741	-1.3215e+005
2742	-9.2734e+005
2743	-4.8921e+006
2744	-1.2146e+007
2745	-1.7155e+007
2746	-1.5313e+007
2747	-3.6311e+007
2748	3.3079e+006
2749	-3.1213e+007
2750	4.6559e+006
2751	-1.7852e+007
2752	3.8632e+006
2753	-6.4438e+006
2754	1.7813e+006
2755	8.8728e+005
2756	-2.0826e+007
2757	-4.1616e+006
2758	-5.9594e+006
2759	-4.5659e+007
2760	1.3873e+007
2761	-3.5087e+007
2762	1.2163e+007
2763	-1.8085e+007
2764	5.9959e+006
2765	-4.0893e+007
2766	1.17e+007
2767	-1.2801e+006
2768	-4.3646e+006
2769	1.3355e+005
2770	-6.3252e+006
2771	-3.6735e+007
2772	6.2553e+005
2773	2.2243e+007
2774	1.4774e+007
2775	5.8465e+006
2776	2.0609e+007
2777	-2.6747e+007
2778	-4.0233e+007
2779	-1.2108e+007
2780	-4.0441e+007
2781	1.496e+007
2782	3.8447e+005
2783	1.0789e+006
2784	-3.9633e+006
2785	-9.8117e+006
2786	-9.7478e+006
2787	1.2701e+007
2788	2.2935e+006
2789	-2.7281e+007
2790	-1.8326e+007
2791	-7.4316e+006
2792	-1.9678e+007
2793	-1.0644e+007
2794	-2.2303e+007
2795	-3.4152e+006
2796	-2.7482e+007
2797	1.3563e+007
2798	-2.9643e+007
2799	2.5908e+007
2800	-5.0404e+007
2801	2.4194e+007
2802	-5.9733e+007
2803	3.7585e+006
2804	-3.9508e+007
2805	-1.9904e+006
2806	7.7315e+005
2807	-1.4631e+007
2808	-2.2909e+007
2809	-4.3952e+007
2810	-5.9486e+007
2811	-5.6244e+007
2812	1.7948e+005
2813	-2.8409e+007
2814	-1.9488e+007
2815	-5.5968e+007
2816	-3.6171e+007
2817	-5.8849e+007
2818	-2.3955e+006
2819	1.8508e+006
2820	-2.8628e+007
2821	1.205e+007
2822	-1.8815e+007
2823	-5.0114e+007
2824	2.4108e+007
2825	9.7929e+006
2826	2.466e+007
2827	3.2901e+007
2828	2.6912e+007
2829	-1.1609e+006
2830	-5.9083e+006
2831	-5.9741e+006
2832	-5.3336e+006
2833	-5.7118e+006
2834	-5.4004e+006
2835	-4.6549e+006
2836	-6.371e+006
2837	-3.4104e+006
2838	-7.1188e+006
2839	-4.564e+006
2840	-6.6465e+006
2841	-6.3748e+006
2842	-5.2148e+006
2843	-4.3796e+006
2844	-4.9952e+006
2845	-4.394e+006
2846	-6.1166e+006
2847	-3.2268e+006
2848	-7.0899e+006
2849	-2.4027e+006
2850	-8.0731e+006
2851	-4.8429e+006
2852	-6.2631e+006
2853	-5.0728e+006
2854	-4.548e+006
2855	-6.4095e+006
2856	-6.3482e+006
2857	-6.0665e+006
2858	-5.5835e+006
2859	-4.5805e+006
2860	-1.9889e+006
2861	-8.4073e+006
2862	-8.1376e+006
2863	-4.8967e+006
2864	-5.1096e+006
2865	-3.3189e+006
2866	-3.0525e+006
2867	-5.8226e+006
2868	-4.9747e+006
2869	-1.9474e+006
2870	-4.4576e+006
2871	-3.6192e+006
2872	-6.1381e+006
2873	-6.3218e+006
2874	-3.631e+006
2875	-3.4066e+006
2876	-2.6773e+006
2877	-4.7402e+006
2878	-4.5576e+006
2879	-5.9279e+006
2880	-4.9879e+006
2881	-5.356e+006
2882	-5.6102e+006
2883	-6.2983e+006
2884	-5.4555e+006
2885	-7.3664e+006
2886	-2.9887e+006
2887	-9.4569e+006
2888	-3.4068e+005
2889	-6.608e+006
2890	-2.369e+006
2891	-3.0132e+006
2892	-5.1812e+006
2893	-4.5511e+006
2894	-2.8079e+006
2895	-5.9379e+006
2896	-4.3156e+006
2897	-6.3466e+005
2898	-1.2159e+006
2899	-4.523e+006
2900	-7.902e+005
2901	-3.6442e+006
2902	-3.803e+006
2903	-5.2048e+005
2904	-1.6488e+006
2905	-3.4565e+006
2906	-5.7474e+006
2907	-1.8246e+006
2908	-5.4075e+006
2909	-9.4234e+005
2910	-5.2527e+006
2911	-5.0217e+006
2912	-2.9985e+006
2913	-5.9007e+006
2914	-9.7557e+006
2915	-8.5245e+006
2916	-4.1017e+006
2917	-4.7824e+006
2918	-4.3764e+007
2919	-2.3251e+007
2920	-6.9576e+007
2921	-1.2779e+007
2922	-4.2863e+007
2923	-6.8954e+007
2924	-9.056e+007
2925	-1.7441e+007
2926	-2.8698e+007
2927	-6.9651e+007
2928	-9.3416e+007
2929	-6.383e+007
2930	-4.3e+005
2931	-4.56e+007
2932	-2.3396e+007
2933	-5.8694e+007
2934	-5.7812e+005
2935	-8.3554e+007
2936	-4.138e+007
2937	7.8643e+006
2938	-9.15e+007
2939	-1.0273e+007
2940	-8.1099e+007
2941	1.7988e+005
2942	1.6314e+006
2943	-2.6656e+005
2944	-3.4863e+007
2945	7.7272e+006
2946	-92147
2947	-1.5644e+007
2948	6.771e+006
2949	-7.2659e+006
2950	1.0355e+007
2951	1.0775e+006
2952	-2.1836e+006
2953	-6.2779e+006
2954	-9.2446e+006
2955	5.2157e+006
2956	-1.9822e+006
2957	-4.0699e+007
2958	-3.7733e+006
2959	-1.0152e+007
2960	-1.0096e+007
2961	-1.1547e+007
2962	1.8812e+006
2963	6.0629e+006
2964	1.1289e+007
2965	9.806e+006
2966	-3.5861e+006
2967	-1.9379e+006
2968	-3.9783e+006
2969	-8.7872e+005
2970	1.4083e+006
2971	-2.3946e+005
2972	1.9802e+006
2973	-1.7942e+007
2974	-3.157e+006
2975	-5.4195e+006
2976	-6.487e+006
2977	3.0486e+006
2978	60148
2979	1.9219e+007
2980	-8.2867e+007
2981	-1.9492e+006
2982	-1.6246e+005
2983	3.7229e+006
2984	-5.963e+005
2985	-3.5912e+006
2986	78861
2987	3.0164e+006
2988	4.5466e+006
2989	-9.2597e+006
2990	1.9174e+006
2991	4.9599e+006
2992	-7.7383e+006
2993	-5.0682e+006
2994	-1.1448e+007
2995	6.4896e+006
2996	-2.6729e+006
2997	-2.5032e+006
2998	-8.6058e+006
2999	3.9791e+006
3000	-3.5776e+006
3001	1.2757e+007
3002	8.6307e+006
3003	1.0362e+007
3004	-1.4551e+006
3005	1.6224e+006
3006	-4.2738e+005
3007	2.5401e+005
3008	-5.4848e+006
3009	-1.0274e+007
3010	1.9276e+006
3011	-3.7429e+006
3012	4.0311e+006
3013	-4.9941e+005
3014	-6.3659e+006
3015	2.056e+005
3016	6.7199e+006
3017	7.7643e+005
3018	1.1271e+006
3019	1.6878e+006
3020	1.7813e+007
3021	3.0427e+005
3022	-5.8875e+006
3023	-4.7404e+007
3024	-8.5374e+007
3025	-3.2545e+005
3026	-3.8036e+007
3027	-1.3123e+007
3028	-4.5931e+005
3029	-7.8346e+007
3030	-9.7339e+006
3031	-6.0081e+006
3032	-1.2754e+005
3033	-3.1096e+006
3034	-6.6523e+005
3035	1.103e+006
3036	-3.2404e+007
3037	2.0903e+007
3038	4.0914e+006
3039	-3.9421e+006
3040	-4.674e+006
3041	-1.5709e+006
3042	-1.8179e+007
3043	1.3418e+007
3044	8.5355e+006
3045	-12313
3046	-5.5343e+006
3047	4.1717e+006
3048	-1.7339e+006
3049	4.007e+006
3050	-7.3902e+006
3051	1.4034e+006
3052	8.1943e+006
3053	-3.9273e+006
3054	3.3941e+007
3055	-3.3607e+006
3056	2.3359e+007
3057	-6.6802e+005
3058	-2.266e+006
3059	-3.9388e+006
3060	-8.6999e+005
3061	2.8837e+005
3062	6.9956e+006
3063	6.2973e+005
3064	8.2515e+005
3065	-5.8922e+006
3066	-2.0489e+005
3067	-7.6306e+005
3068	-5.9835e+005
3069	4.6913e+006
3070	-2.3904e+006
3071	1.3481e+007
3072	6.1553e+006
3073	-5.7109e+006
3074	8.5601e+005
3075	4.8525e+005
3076	2.3102e+007
3077	1.7909e+006
3078	-1.2041e+006
3079	-21793
3080	5.311e+006
3081	-7.4999e+005
3082	-2.9193e+007
3083	-3.9665e+007
3084	8.2762e+005
3085	1.8958e+007
3086	3.2506e+007
3087	2.1038e+006
3088	-2.0294e+006
3089	-1.1689e+006
3090	-8.4825e+007
3091	-2.3211e+005
3092	-1.5919e+006
3093	-6.4147e+006
3094	5.4798e+006
3095	1.142e+007
3096	-2.8529e+007
3097	-1.1387e+007
3098	1.2777e+007
3099	-47625
3100	-2.195e+006
3101	2.137e+007
3102	-9.7916e+006
3103	1.8313e+006
3104	2.6232e+006
3105	58322
3106	7.8565e+005
3107	-3.621e+006
3108	9.9524e+005
3109	-7.4788e+006
3110	-5.3444e+006
3111	-1.6383e+006
3112	2.0845e+006
3113	2.3498e+005
3114	2.3273e+006
3115	6.9207e+006
3116	1.6374e+007
3117	-6.4676e+005
3118	-2.6059e+007
3119	1.4054e+007
3120	-4.1353e+005
3121	-1.4657e+006
3122	-1.066e+006
3123	2.1439e+006
3124	-1.1943e+007
3125	-1.2995e+007
3126	-4.0825e+007
3127	-8.6732e+006
3128	-3.6519e+006
3129	-1.1673e+007
3130	4.1615e+005
3131	1.13e+007
3132	-8.1262e+006
3133	-4.2839e+007
3134	-1.2866e+006
3135	-2.0369e+005
3136	1.8612e+007
3137	-1.8647e+007
3138	3.149e+007
3139	3.3748e+006
3140	-7.2863e+005
3141	-5.3667e+007
3142	-1.6645e+005
3143	-1.7382e+005
3144	3.3323e+007
3145	1.2251e+007
3146	-1.0761e+006
3147	-3.7687e+007
3148	2.3122e+007
3149	-1.0641e+007
3150	2.393e+007
3151	-9.7329e+006
3152	4.221e+007
3153	5.943e+006
3154	2.0753e+007
3155	2.3821e+005
3156	3.1775e+006
3157	-2.0423e+005
3158	-5.3993e+006
3159	5.0147e+006
3160	-1.1158e+005
3161	-1.2169e+007
3162	-5.2328e+005
3163	-3.2024e+005
3164	1.1409e+006
3165	7.4719e+006
3166	-2.2431e+006
3167	-1.7834e+006
3168	3.3748e+006
3169	-3.6889e+006
3170	-7.2743e+005
3171	1.4524e+006
3172	2.146e+006
3173	5.0382e+005
3174	-9.0402e+005
3175	-2.3513e+007
3176	2.9429e+007
3177	3.514e+007
3178	5.2228e+006
3179	-2.2078e+006
3180	-8.4126e+005
3181	7.206e+006
3182	-1.283e+006
3183	4.5099e+005
3184	-1.2549e+006
3185	4.1914e+006
3186	1.3689e+007
3187	3.5281e+006
3188	-3.7854e+006
3189	1.0357e+006
3190	-2.7551e+006
3191	-3.0142e+006
3192	4.7115e+006
3193	-7.7992e+006
3194	-2.0476e+007
3195	4.8909e+006
3196	-7.5503e+005
3197	-5.8153e+005
3198	1.3759e+006
3199	-37655
3200	5.5916e+006
3201	1.8015e+006
3202	-1.4207e+007
3203	-4.6671e+006
3204	2.5585e+006
3205	-2.6025e+005
3206	-1.3708e+006
3207	1.1208e+006
3208	-1.9991e+006
3209	-7.6149e+005
3210	-1.42e+007
3211	-5.2862e+005
3212	8.266e+005
3213	1.1155e+006
3214	-4.7179e+007
3215	-5.6583e+006
3216	-1.1188e+007
3217	3.116e+007
3218	-1.3266e+005
3219	-1.1776e+008
3220	-1.1229e+005
3221	-6.401e+006
3222	-3.2306e+007
3223	1.4423e+006
3224	-6821.7
3225	-4.0722e+007
3226	-4.4841e+007
3227	-1.3025e+007
3228	-5.0095e+007
3229	2.2206e+007
3230	7.5844e+006
3231	5.3857e+005
3232	3.5444e+007
3233	1.7128e+007
3234	8.9267e+006
3235	3.0942e+006
3236	-2.394e+006
3237	7.0899e+005
3238	-5.3649e+005
3239	-3.1371e+005
3240	1.3634e+005
3241	-5.0087e+005
3242	-36348
3243	-6.9376e+006
3244	-1.7705e+005
3245	3.9134e+005
3246	-3.4775e+006
3247	2.9076e+005
3248	-2.7543e+006
3249	-3.7685e+007
3250	3.6341e+006
3251	2.5956e+006
3252	-1.1199e+006
3253	2.9128e+006
3254	-1.2339e+007
3255	-2.7715e+006
3256	-5.1955e+006
3257	1.7587e+007
3258	1.4836e+007
3259	-7.6002e+007
3260	1.7761e+007
3261	1.0305e+007
3262	-2.5643e+006
3263	-1.2422e+006
3264	1.5088e+006
3265	-2.0161e+006
3266	-3.8596e+006
3267	-3.2791e+006
3268	-2.7124e+006
3269	-3.4033e+006
3270	-4.6182e+006
3271	-2.7964e+005
3272	-1.752e+006
3273	-3.1932e+006
3274	-1.9135e+006
3275	-3.8766e+006
3276	5.7926e+005
3277	-3.6319e+006
3278	1.3237e+007
3279	1.7469e+007
3280	-1.8948e+007
3281	-5.5004e+006
3282	-4.7496e+007
3283	-2.5232e+006
3284	-2.4255e+006
3285	1.3265e+006
3286	1.809e+005
3287	-1.4973e+005
3288	2.7722e+007
3289	1.9381e+006
3290	-8.9659e+007
3291	-1.1962e+006
3292	-43238
3293	3.1484e+007
3294	-4.5975e+007
3295	-1.9561e+007
3296	-1.4757e+007
3297	-1.1169e+008
3298	-1.3936e+006
3299	-1.0911e+007
3300	3.7081e+006
3301	4.8562e+006
3302	-1.7422e+006
3303	5.8023e+006
3304	-1.3995e+006
3305	-2.16e+007
3306	-1.2973e+006
3307	-1.5954e+007
3308	-2.1399e+007
3309	3.7697e+005
3310	-5.3569e+005
3311	-53436
3312	-2.4147e+006
3313	1.6359e+005
3314	-1.4205e+007
3315	-2.0981e+007
3316	-1.5739e+007
3317	-1.003e+007
3318	-2.5087e+006
3319	-2.5719e+006
3320	-1.2716e+007
3321	-3.3613e+006
3322	-6.0906e+006
3323	8.3335e+006
3324	3.0928e+007
3325	7.0899e+006
3326	-4.6834e+006
3327	-90493
3328	-2.2007e+006
3329	-3.5006e+006
3330	-8.6033e+005
3331	-2.2566e+006
3332	-4.7264e+005
3333	-2.0377e+006
3334	-1.6026e+006
3335	-1.0668e+006
3336	-9.6614e+005
3337	8.1581e+005
3338	-5.8842e+006
3339	-8.7482e+006
3340	1.2868e+006
3341	-3.6258e+006
3342	22609
3343	-3.8642e+007
3344	-1.8455e+007
3345	-7.1783e+006
3346	1.8914e+006
3347	-6.4322e+006
3348	-7.0296e+005
3349	-7.5092e+005
3350	-3.2145e+006
3351	2.7106e+007
3352	1.6838e+005
3353	-4.5901e+006
3354	-1.1327e+006
3355	-8.9894e+006
3356	-3.0573e+006
3357	2.7694e+007
3358	-5.4989e+006
3359	-9.3998e+005
3360	4.1362e+006
3361	3.199e+006
3362	-3.2947e+006
3363	-1.5464e+006
3364	-3.8026e+006
3365	-4.897e+006
3366	-1.6725e+006
3367	-1.722e+007
3368	-9.3903e+005
3369	4.9469e+006
3370	-6.1444e+006
3371	4.9896e+006
3372	3.3975e+006
3373	-3.8897e+006
3374	8.4971e+006
3375	4.5078e+006
3376	7.9791e+006
3377	2.2071e+005
3378	-4.5473e+005
3379	2.5778e+005
3380	-3.3806e+006
3381	-2.237e+006
3382	2.0152e+006
3383	-1.6222e+006
3384	-3.2993e+006
3385	-2.1017e+006
3386	-7.7354e+005
3387	-4.8874e+006
3388	-1.3067e+007
3389	-3.6274e+006
3390	1.3035e+007
3391	-3.9516e+006
3392	6.1929e+005
3393	3.4525e+006
3394	3.6551e+006
3395	2.1559e+006
3396	2.4318e+007
3397	-3.1611e+007
3398	66673
3399	4.8553e+005
3400	5.3096e+005
3401	3.3388e+007
3402	5.2391e+007
3403	-5.4832e+006
3404	-2.7553e+006
3405	-5.7194e+005
3406	-63892
3407	-7.9782e+007
3408	-5.6776e+007
3409	-63507
3410	6.6646e+006
3411	5.5227e+006
3412	-3.3019e+005
3413	-4.6468e+007
3414	-8.2575e+007
3415	4.7705e+006
3416	-3.8345e+006
3417	-5.4277e+007
3418	-4.4848e+006
3419	-4.1798e+007
3420	-1.8919e+007
3421	-3.9901e+006
3422	-4.1452e+006
3423	-1.7612e+007
3424	-2.8709e+007
3425	-1.4987e+007
3426	-5.8767e+006
3427	1.8931e+007
3428	-3.3404e+007
3429	6.7476e+007
3430	4.8244e+007
3431	-1.7107e+007
3432	-3.425e+007
3433	5.257e+006
3434	2.5642e+006
3435	-3.3797e+006
3436	6.9059e+005
3437	-2.1922e+005
3438	-5.2028e+007
3439	-6.5912e+006
3440	1.6109e+005
3441	5.654e+006
3442	-9.7847e+005
3443	-2.9982e+006
3444	-6.0289e+006
3445	-7.9358e+006
3446	-2.2373e+007
3447	-1.8046e+007
3448	-2.2173e+005
3449	-2.042e+005
3450	-5.5025e+005
3451	2.4442e+007
3452	-1.0614e+007
3453	-1.7108e+006
3454	-7.8505e+006
3455	-1.1378e+007
3456	-2.5504e+006
3457	-7.9154e+006
3458	-2.6273e+006
3459	-4.8462e+005
3460	1.0785e+005
3461	2.8e+006
3462	1.3198e+006
3463	4.6672e+007
3464	2.5531e+006
3465	-1.1836e+007
3466	-1.616e+007
3467	-1.216e+006
3468	-9.9331e+005
3469	8.6912e+005
3470	6.403e+005
3471	-4.541e+006
3472	3.1623e+006
3473	-4.8974e+007
3474	1.1829e+007
3475	1.8361e+007
3476	1.6805e+007
3477	-5.2022e+005
3478	1.3508e+006
3479	6.341e+005
3480	-6.0972e+007
3481	-1.681e+006
3482	1.2578e+007
3483	8.6584e+006
3484	-2.1876e+007
3485	-7.8163e+005
3486	-2.651e+006
3487	71915
3488	-6.5713e+006
3489	-1.1738e+007
3490	7.9601e+006
3491	1.4945e+007
3492	-2.0865e+005
3493	-7.6078e+005
3494	5.2202e+007
3495	6.2188e+006
3496	2.5184e+007
3497	2.5549e+007
3498	6.5021e+006
3499	5.5195e+006
3500	-4.7578e+005
3501	-8.032e+007
3502	2.5995e+006
3503	1.3655e+006
3504	-8.4066e+007
3505	-6.3375e+006
3506	-1.6522e+007
3507	-7.1857e+005
3508	-8.0184e+005
3509	-5.3013e+006
3510	2.3897e+006
3511	-2.4779e+007
3512	-9.7358e+007
3513	-1.1535e+008
3514	-5.5023e+007
3515	-7.0507e+007
3516	5.9321e+005
3517	-3.2463e+007
3518	-2.681e+006
3519	5.8284e+006
3520	3.2766e+006
3521	1.2413e+006
3522	-5.7994e+006
3523	1.7968e+007
3524	1.3177e+006
3525	2.8311e+006
3526	-2.8362e+007
3527	-4.0658e+006
3528	7.2297e+006
3529	-6.2126e+006
3530	3.0161e+005
3531	1.5209e+007
3532	2.4938e+005
3533	1.6429e+007
3534	-2.5524e+007
3535	1.6248e+006
3536	3.2843e+007
3537	4.2447e+005
3538	-4.1632e+006
3539	6.5483e+006
3540	1.8137e+006
3541	-1.6573e+006
3542	2.3891e+006
3543	5.3671e+006
3544	2.9468e+006
3545	-5.3928e+006
3546	4.0143e+006
3547	-7.0195e+006
3548	3.5472e+007
3549	-7.9137e+007
3550	-5.0959e+007
3551	-4.7555e+007
3552	1494.5
3553	2.2248e+007
3554	50398
3555	-1.3012e+005
3556	-4907.3
3557	1.0252e+007
3558	-2.1248e+006
3559	-6.4853e+005
3560	-1.8711e+007
3561	-2.0968e+006
3562	1.1217e+006
3563	1.1789e+007
3564	9.6355e+006
3565	-1.1988e+005
3566	1.5719e+007
3567	-1.2986e+007
3568	-3.5865e+006
3569	-2.9293e+006
3570	-8.756e+006
3571	-6.6306e+006
3572	-6.9155e+006
3573	-1.4249e+006
3574	-5.2327e+006
3575	-8.183e+005
3576	1.8821e+006
3577	-5.3356e+006
3578	-2.5686e+006
3579	4.4885e+006
3580	-7.0706e+006
3581	-1.4563e+006
3582	-2.2389e+006
3583	-1.9375e+006
3584	2.087e+005
3585	1.2976e+007
3586	4.278e+006
3587	6.3829e+006
3588	2.8152e+007
3589	3.9877e+006
3590	5.3947e+005
3591	-3.5998e+007
3592	-1.1619e+008
3593	4.9038e+006
3594	-1.359e+007
3595	-4.3367e+006
3596	-1.6609e+006
3597	-8.0639e+006
3598	1.7351e+007
3599	-2.8218e+007
3600	3.9057e+007
3601	9.2914e+006
3602	-3.913e+005
3603	-8.1532e+005
3604	46640
3605	4.4808e+006
3606	3.1888e+006
3607	6.3924e+007
3608	-1.3284e+006
3609	-2.8343e+006
3610	-2.9462e+005
3611	2.5329e+006
3612	2.3225e+007
3613	5.396e+007
3614	3.2717e+006
3615	-1.0963e+007
3616	-3.2214e+007
3617	-8.9339e+005
3618	-3.1803e+005
3619	1.4934e+006
3620	-3.015e+006
3621	-1.5751e+007
3622	1.0315e+007
3623	5.1004e+005
3624	-6.9182e+006
3625	-2.5856e+005
3626	-2.436e+006
3627	-2.6837e+006
3628	6.3285e+006
3629	-1.1705e+007
3630	7.7347e+006
3631	-6.6495e+006
3632	-3.7941e+006
3633	5.2051e+006
3634	4.8274e+005
3635	1.6595e+006
3636	-2.1842e+006
3637	3.2534e+007
3638	-4.3014e+006
3639	5.4052e+006
3640	7.4411e+006
3641	1.9652e+006
3642	1.0888e+007
3643	9.3487e+006
3644	-6.597e+006
3645	-8.0344e+005
3646	-1.3624e+007
3647	-3.3378e+007
3648	-4.1901e+007
3649	3.2264e+007
3650	1.0567e+007
3651	4.6369e+006
3652	-2.0266e+007
3653	3.599e+005
3654	1.8898e+006
3655	-1.6862e+006
3656	3.8807e+005
3657	1.7728e+006
3658	1.305e+006
3659	-1.6681e+006
3660	-1.3543e+007
3661	-1.845e+006
3662	-7.788e+005
3663	-5.8159e+005
3664	1.723e+006
3665	-1.141e+007
3666	97558
3667	-9.702e+006
3668	-2.4538e+006
3669	-2.8237e+007
3670	6.5525e+005
3671	1.9425e+007
3672	-2.0214e+007
3673	-3.7519e+006
3674	-2.9867e+005
3675	-3.5825e+006
3676	9.8121e+005
3677	-7.0171e+006
3678	-9.39e+006
3679	1.8153e+006
3680	4.4515e+005
3681	1.9134e+005
3682	1.2296e+006
3683	3.2785e+007
3684	1.7682e+006
3685	3.7092e+006
3686	-2.1493e+007
3687	-2.5956e+006
3688	-6.143e+006
3689	4.2389e+006
3690	5.2054e+007
3691	-8.6967e+006
3692	1.0803e+006
3693	2.1462e+007
3694	-1.787e+007
3695	-5.7214e+006
3696	1.1742e+007
3697	-6.2492e+006
3698	-1.9625e+006
3699	2.5554e+006
3700	-4.3277e+006
3701	-7.4186e+006
3702	52970
3703	-1.4281e+005
3704	5.2491e+006
3705	1.867e+007
3706	1.2265e+005
3707	8.0985e+006
3708	-1.3827e+007
3709	-3.3306e+005
3710	32934
3711	-1.6782e+005
3712	2.8234e+006
3713	5.8766e+006
3714	-46902
3715	8.8865e+006
3716	9.8994e+006
3717	-7.0488e+006
3718	7.4514e+006
3719	-4.5646e+005
3720	-4.2512e+006
3721	2.1854e+006
3722	-5313.7
3723	-6.2479e+005
3724	-1.9934e+006
3725	2.2964e+006
3726	-1.1621e+007
3727	1.7724e+007
3728	-2.0568e+006
3729	-4.3965e+006
3730	-2.4125e+006
3731	-2.145e+006
3732	-3.4677e+006
3733	-35094
3734	-1.9081e+007
3735	2.1681e+007
3736	-3.2967e+006
3737	-1.3087e+007
3738	1.5109e+007
3739	-1.0713e+007
3740	1.417e+006
3741	-6.6229e+006
3742	4.1719e+006
3743	2.0981e+007
3744	-4.5053e+006
3745	3.1963e+006
3746	-1.0133e+007
3747	-2.2169e+006
3748	-8.4647e+006
3749	2.358e+006
3750	5.3946e+005
3751	-1.1982e+006
3752	-2.3581e+007
3753	3.3978e+006
3754	4.9828e+006
3755	-6.1162e+006
3756	-7.1474e+006
3757	-6.7455e+007
3758	-4.525e+007
3759	1.9383e+006
3760	-5.6879e+007
3761	-3.0726e+006
3762	2.2319e+005
3763	3.0661e+006
3764	2.8728e+007
3765	-1.1323e+006
3766	2.4554e+006
3767	-1.1878e+006
3768	4.5939e+006
3769	1.3074e+005
3770	2.1931e+007
3771	-3.2731e+006
3772	-5.9183e+006
3773	-6.1404e+006
3774	-8.1705e+007
3775	-8.0968e+006
3776	-3.1227e+007
3777	5.2083e+006
3778	3.7769e+006
3779	-1.2379e+006
3780	-4.458e+005
3781	-3.0201e+006
3782	-8.5506e+005
3783	5.9338e+007
3784	-1.2928e+006
3785	-88709
3786	7.1769e+006
3787	3.8684e+007
3788	-9.6661e+006
3789	1.3443e+006
3790	4.0277e+006
3791	-6.6701e+006
3792	2.4688e+006
3793	7.9968e+006
3794	-1.2381e+006
3795	-2.2255e+006
3796	3.7046e+006
3797	2.6306e+006
3798	2.2169e+006
3799	-1.6249e+006
3800	-8.4444e+005
3801	4.1667e+006
3802	-1.7726e+007
3803	1.5776e+007
3804	6.6134e+006
3805	-7.5026e+005
3806	-6.3195e+005
3807	-5.0493e+007
3808	-1.2777e+006
3809	6.8073e+005
3810	2.554e+005
3811	-3.3473e+006
3812	6.5297e+006
3813	-1.2631e+006
3814	-3.7814e+006
3815	2.0495e+006
3816	8.9025e+006
3817	1.2014e+006
3818	-2.8839e+006
3819	-6.5471e+007
3820	-3.5697e+006
3821	-1.5505e+006
3822	-1.016e+007
3823	-4.0917e+005
3824	-8.3532e+006
3825	-2.0105e+005
3826	-2.9365e+006
3827	-3.5524e+005
3828	-8.4863e+006
3829	6.9886e+005
3830	-5.9443e+005
3831	-5.172e+006
3832	-1.644e+007
3833	-6.5668e+006
3834	-1.7471e+007
3835	2.9305e+006
3836	-4.5882e+006
3837	-1.9943e+006
3838	-2.5366e+005
3839	-8.7561e+006
3840	-3.7197e+005
3841	-5.5138e+007
3842	1.1325e+007
3843	4.2078e+006
3844	3.6279e+005
3845	-2.1522e+006
3846	-4.8976e+006
3847	-31707
3848	-6.9561e+006
3849	-6.0245e+006
3850	-4.5517e+006
3851	3.1548e+006
3852	-2.9459e+007
3853	-3.1455e+005
3854	3.6502e+006
3855	2.6243e+006
3856	4.7543e+006
3857	-1.8104e+006
3858	2.3099e+006
3859	5.3163e+007
3860	2.5214e+006
3861	-1.3527e+007
3862	1.4111e+007
3863	-1.9078e+007
3864	-9.4145e+005
3865	2.8291e+005
3866	-5.5341e+005
3867	-1.4083e+006
3868	-2.3113e+006
3869	4.1029e+005
3870	4.589e+007
3871	-8.5005e+005
3872	8.3647e+005
3873	4.2771e+005
3874	3.4137e+007
3875	-3.2376e+007
3876	-8.6172e+006
3877	-1.4047e+006
3878	-38870
3879	4.6961e+006
3880	1.6075e+006
3881	-5.4136e+007
3882	1.4749e+006
3883	17325
3884	-1.2782e+005
3885	7.8996e+006
3886	5.3462e+007
3887	4.4192e+006
3888	4.0596e+005
3889	2.3184e+006
3890	-7.0043e+006
3891	2.254e+007
3892	-3.2893e+006
3893	3.0129e+006
3894	5.0087e+006
3895	-2.6094e+007
3896	2.5268e+007
3897	-2.9096e+006
3898	-1.1319e+007
3899	-2.0673e+007
3900	-1.073e+005
3901	-5.5142e+007
3902	-3.5887e+007
3903	5.7533e+007
3904	9.0252e+006
3905	-6.4633e+007
3906	2.2512e+006
3907	6.6828e+005
3908	1.4659e+007
3909	6.1419e+007
3910	-1.3435e+006
3911	-1.8813e+007
3912	2.7716e+007
3913	-9.6199e+005
3914	1.745e+007
3915	3.5039e+006
3916	2.3697e+006
3917	-1.2523e+007
3918	-3.6838e+007
3919	5.9105e+005
3920	2.9591e+006
3921	6545.9
3922	-2.489e+006
3923	-1.6921e+007
3924	1.5014e+006
3925	-2.686e+006
3926	-4.1662e+006
3927	-1.0458e+006
3928	2.5571e+006
3929	-5.6969e+006
3930	3.3347e+007
3931	-3.8266e+006
3932	-3.0449e+006
3933	-1.9093e+006
3934	8.5152e+006
3935	-9.2784e+006
3936	-5.0905e+007
3937	3.2979e+007
3938	-3.7799e+006
3939	-1.1818e+006
3940	-2.7195e+006
3941	6.5294e+005
3942	1.3736e+005
3943	4.9023e+006
3944	-2.1813e+005
3945	-1.3193e+007
3946	2.4502e+007
3947	5.8806e+005
3948	-2.3768e+006
3949	1.807e+007
3950	1.5961e+007
3951	1.195e+007
3952	-1.3589e+006
3953	-4.5943e+006
3954	2.8738e+006
3955	-1.114e+007
3956	7.0995e+006
3957	-7.0079e+006
3958	2.7019e+007
3959	-5.1806e+005
3960	4.0796e+006
3961	3.9257e+005
3962	2.5257e+007
3963	6.4242e+005
3964	-6.7313e+005
3965	6.2354e+006
3966	-1.0239e+006
3967	3.5348e+006
3968	-5.3015e+006
3969	5.2984e+006
3970	-2.4706e+006
3971	-2.9578e+005
3972	-1.1495e+006
3973	-2.1446e+006
3974	9.792e+006
3975	6.3403e+006
3976	-7.1526e+007
3977	-6.2515e+007
3978	-7.3825e+007
3979	-6.5442e+007
3980	-7.126e+007
3981	-6.3287e+007
3982	-5.6825e+007
3983	-6.1473e+007
3984	1.9178e+007
3985	1.8396e+007
3986	4.2033e+007
3987	4.4572e+007
3988	3.6565e+007
3989	2.3908e+007
3990	2.0214e+007
3991	2.4755e+007
3992	-7.3839e+007
3993	-6.5232e+007
3994	-7.3977e+007
3995	-7.7034e+007
3996	-6.5128e+007
3997	-6.2368e+007
3998	-6.419e+007
3999	-7.5098e+007
4000	-7.6629e+007
4001	-7.4636e+007
4002	-6.4723e+007
4003	-5.655e+007
4004	-6.1963e+007
4005	-7.2153e+007
4006	-7.63e+007
4007	-7.5567e+007
4008	-7.3455e+007
4009	-6.6387e+007
4010	-5.663e+007
4011	-5.8213e+007
4012	-6.2422e+007
4013	-6.8848e+007
4014	-6.8018e+007
4015	-5.2022e+007
4016	-4.5466e+007
4017	-4.5529e+007
4018	-5.6251e+007
4019	-6.2894e+007
4020	-5.3657e+007
4021	-5.6181e+007
4022	-3.3328e+007
4023	-4.0342e+007
4024	-3.3516e+007
4025	-4.0406e+007
4026	-3.5563e+007
4027	-4.8619e+007
4028	-5.5134e+007
4029	-5.3543e+007
4030	-3.2281e+007
4031	-2.7913e+007
4032	-3.4516e+007
4033	-3.9086e+007
4034	-4.6958e+007
4035	-4.4428e+007
4036	-2.1338e+007
4037	-2.1328e+007
4038	-2.1615e+007
4039	-2.7931e+007
4040	-3.3344e+007
4041	-4.148e+007
4042	-3.5892e+007
4043	-3.4987e+007
4044	-1.8389e+007
4045	-1.742e+007
4046	-1.8667e+007
4047	-2.1571e+007
4048	-2.6e+007
4049	-3.2194e+007
4050	-2.5397e+007
4051	-1.5598e+007
4052	-1.4626e+007
4053	-1.8777e+007
4054	-1.7651e+007
4055	-2.0846e+007
4056	-1.7207e+007
4057	-1.1048e+007
4058	-1.3468e+007
4059	-1.0955e+007
4060	-1.2102e+007
4061	-1.4227e+007
4062	-9.8306e+006
4063	-1.3408e+007
4064	-9.2783e+006
4065	-4.5441e+006
4066	-1.0018e+007
4067	-9.669e+006
4068	-8.3031e+006
4069	-6.8417e+006
4070	-2.2178e+006
4071	-5.2301e+005
4072	4.4158e+006
4073	-5.9969e+006
4074	-6.3497e+006
4075	-2.8206e+006
4076	5.8061e+006
4077	8.0075e+006
4078	1.1816e+007
4079	1.8678e+007
4080	1.3346e+006
4081	-2.758e+006
4082	1.1846e+006
4083	7.7117e+005
4084	8.2914e+006
4085	1.3389e+007
4086	2.311e+007
4087	2.922e+007
4088	5.7667e+006
4089	1.2723e+007
4090	1.5757e+007
4091	3.2371e+007
4092	3.3926e+007
4093	8.9176e+006
4094	1.2184e+007
4095	1.7576e+007
4096	1.5874e+007
4097	1.5113e+007
4098	1.8023e+007
4099	2.9277e+007
4100	4.4233e+006
4101	1.0198e+007
4102	2.0562e+007
4103	1.827e+007
4104	1.4363e+007
4105	2.0487e+007
4106	1.5944e+007
4107	1.6869e+007
4108	1.1402e+007
4109	1.6793e+007
4110	2.1334e+007
4111	1.1351e+007
4112	1.4168e+007
4113	1.6258e+007
4114	1.8718e+007
4115	1.5453e+007
4116	1.0791e+007
4117	5.4714e+006
4118	1.6182e+007
4119	1.544e+007
4120	2.0723e+007
4121	1.0127e+007
4122	1.4206e+007
4123	6.4433e+006
4124	1.1767e+007
4125	3.07e+006
4126	1.3781e+007
4127	8.6414e+006
4128	7.7257e+006
4129	1.1804e+007
4130	6.8481e+006
4131	1.8102e+007
4132	6.6654e+006
4133	9.261e+006
4134	-80353
4135	5.6406e+005
4136	9.3867e+006
4137	1.0849e+007
4138	6.1354e+006
4139	9.2982e+006
4140	-8.9763e+007
4141	-7.293e+007
4142	-7.669e+007
4143	-7.3078e+007
4144	-8.5508e+007
4145	-8.2904e+007
4146	-9.9574e+007
4147	-8.5018e+007
4148	-6.463e+007
4149	-7.1243e+007
4150	-7.2171e+007
4151	5.4249e+006
4152	1.3806e+007
4153	2.0468e+007
4154	2.8304e+006
4155	-3.8412e+006
4156	-1.581e+007
4157	1.9333e+006
4158	1.2297e+007
4159	1.0005e+007
4160	3.0862e+006
4161	-1.6639e+006
4162	-1.0228e+007
4163	-1.5035e+006
4164	-7.6128e+006
4165	-2.0144e+007
4166	-1.3843e+006
4167	-7.3241e+006
4168	-1.2477e+006
4169	-5.9978e+006
4170	-2.8448e+007
4171	-1.8932e+007
4172	-3.1464e+007
4173	-1.8643e+007
4174	-2.7476e+007
4175	-2.4955e+007
4176	-1.2567e+007
4177	-1.7317e+007
4178	-3.929e+007
4179	-2.5833e+007
4180	-2.3649e+007
4181	-4.959e+007
4182	-3.8364e+007
4183	-2.7455e+007
4184	-2.5544e+007
4185	-3.4377e+007
4186	-3.1856e+007
4187	-4.8136e+007
4188	-5.904e+007
4189	-2.5648e+007
4190	-2.759e+007
4191	-5.3531e+007
4192	-2.7389e+007
4193	-3.1396e+007
4194	-3.8318e+007
4195	-6.1775e+007
4196	-3.5797e+007
4197	-3.9615e+007
4198	-5.8967e+007
4199	-3.0553e+007
4200	-2.4219e+007
4201	-5.8436e+007
4202	-6.707e+007
4203	-3.2295e+007
4204	-6.6681e+007
4205	-4.452e+007
4206	-6.7909e+007
4207	-3.0144e+007
4208	-7.2996e+007
4209	-3.822e+007
4210	-6.0834e+007
4211	-7.2606e+007
4212	-7.4479e+007
4213	-5.0445e+007
4214	-5.0865e+007
4215	-7.7739e+007
4216	-3.3161e+007
4217	-2.8592e+007
4218	-8.1213e+007
4219	-7.6013e+007
4220	-4.0093e+007
4221	-8.0293e+007
4222	-6.3851e+007
4223	-7.7496e+007
4224	-5.3882e+007
4225	-8.8193e+007
4226	-3.8653e+007
4227	-3.5405e+007
4228	-8.8026e+007
4229	-8.7106e+007
4230	-7.0664e+007
4231	-9.4926e+007
4232	-4.2294e+007
4233	-5.2049e+007
4234	-9.2625e+007
4235	-9.1667e+007
4236	-9.0746e+007
4237	-8.5807e+007
4238	-7.4304e+007
4239	-1.0401e+008
4240	-7.8652e+007
4241	-9.7996e+007
4242	-5.5141e+007
4243	-9.5717e+007
4244	-1.0789e+008
4245	-8.89e+007
4246	-8.8578e+007
4247	-1.0711e+008
4248	-8.1744e+007
4249	-1.012e+008
4250	-1.7226e+008
4251	-5.5119e+007
4252	-6.4714e+007
4253	-9.4267e+007
4254	-9.5695e+007
4255	-9.1674e+007
4256	-1.0787e+008
4257	-8.8878e+007
4258	-7.5001e+007
4259	-9.7666e+007
4260	-8.8556e+007
4261	-6.5175e+007
4262	-1.0819e+008
4263	-7.4809e+007
4264	-6.7937e+007
4265	-9.749e+007
4266	-9.4897e+007
4267	-7.8224e+007
4268	-1.0089e+008
4269	-1.0201e+008
4270	-7.8579e+007
4271	-1.0126e+008
4272	-9.7758e+007
4273	-9.8668e+007
4274	-8.1995e+007
4275	-1.0466e+008
4276	-1.1366e+008
4277	-8.442e+007
4278	-7.5231e+007
4279	-6.863e+007
4280	-8.7808e+007
4281	-8.4032e+007
4282	-1.0187e+008
4283	-8.7319e+007
4284	-1.0371e+008
4285	-7.4471e+007
4286	-6.0018e+007
4287	-5.6992e+007
4288	-5.4456e+007
4289	-5.6117e+007
4290	-5.8581e+007
4291	-5.4944e+007
4292	-5.0531e+007
4293	-5.3357e+007
4294	-5.5179e+007
4295	-6.5163e+007
4296	-5.8253e+007
4297	-5.7216e+007
4298	-6.509e+007
4299	-6.2378e+007
4300	-5.8741e+007
4301	-5.4328e+007
4302	-5.7387e+007
4303	-6.2454e+007
4304	-5.8563e+007
4305	-6.6437e+007
4306	-7.2428e+007
4307	-6.0088e+007
4308	-5.8735e+007
4309	-6.6983e+007
4310	-6.2158e+007
4311	-5.2723e+007
4312	-5.4507e+007
4313	-5.1798e+007
4314	-6.2381e+007
4315	-6.8372e+007
4316	-6.72e+007
4317	-8.5043e+007
4318	-6.2927e+007
4319	6.4788e+007
4320	4.3172e+007
4321	5.6781e+007
4322	4.0431e+007
4323	4.4972e+007
4324	-7.0458e+007
4325	-5.3589e+007
4326	-7.6275e+007
4327	-6.6488e+007
4328	6.9141e+007
4329	4.5711e+007
4330	4.6663e+007
4331	4.7208e+007
4332	4.5506e+007
4333	4.751e+007
4334	7.0175e+007
4335	4.8478e+007
4336	4.9618e+007
4337	4.3935e+007
4338	4.9023e+007
4339	4.7898e+007
4340	4.9325e+007
4341	6.9018e+007
4342	4.8837e+007
4343	4.7737e+007
4344	4.3154e+007
4345	4.5247e+007
4346	4.7116e+007
4347	4.5148e+007
4348	6.6288e+007
4349	4.7361e+007
4350	4.4871e+007
4351	4.4772e+007
4352	4.3115e+007
4353	6.4491e+007
4354	4.5007e+007
4355	4.2889e+007
4356	4.2517e+007
4357	3.7248e+007
4358	3.8805e+007
4359	4.0761e+007
4360	5.9354e+007
4361	4.3446e+007
4362	4.3122e+007
4363	3.7804e+007
4364	4.1317e+007
4365	3.7676e+007
4366	5.3128e+007
4367	3.7428e+007
4368	3.211e+007
4369	2.7213e+007
4370	2.9506e+007
4371	3.1983e+007
4372	4.6057e+007
4373	3.6896e+007
4374	3.4231e+007
4375	2.6681e+007
4376	3.1451e+007
4377	2.8312e+007
4378	3.7549e+007
4379	2.7692e+007
4380	2.504e+007
4381	2.0142e+007
4382	1.8471e+007
4383	1.9526e+007
4384	2.1773e+007
4385	2.9891e+007
4386	2.307e+007
4387	2.0872e+007
4388	1.6502e+007
4389	1.6821e+007
4390	1.9803e+007
4391	2.3851e+007
4392	1.5183e+007
4393	1.0813e+007
4394	1.0965e+007
4395	1.1493e+007
4396	1.1132e+007
4397	1.2435e+007
4398	1.7441e+007
4399	1.4832e+007
4400	1.2324e+007
4401	1.0614e+007
4402	1.2084e+007
4403	7.6285e+006
4404	6.2648e+006
4405	2.9248e+006
4406	4.5547e+006
4407	5.8102e+006
4408	5.5543e+006
4409	4.4938e+006
4410	6.0249e+006
4411	-2.9149e+005
4412	-8.2826e+005
4413	-6.322e+006
4414	2.0572e+006
4415	7.4075e+005
4416	-5.111e+005
4417	-9.4127e+006
4418	-1.0489e+007
4419	-2.1098e+006
4420	-3.8048e+006
4421	-3.2218e+006
4422	-4.678e+006
4423	-1.9117e+007
4424	-1.5443e+007
4425	-2.1448e+007
4426	-1.2379e+007
4427	-8.7591e+006
4428	-1.2504e+007
4429	-9.6323e+006
4430	-2.892e+007
4431	-2.6197e+007
4432	-3.0979e+007
4433	-1.3509e+007
4434	-1.6986e+007
4435	-1.7253e+007
4436	-2.4695e+007
4437	-3.9886e+007
4438	-3.6033e+007
4439	-2.204e+007
4440	-2.6104e+007
4441	-2.9749e+007
4442	-5.1711e+007
4443	-4.1945e+007
4444	-4.824e+007
4445	-3.4522e+007
4446	-3.2017e+007
4447	-4.532e+007
4448	-3.5661e+007
4449	-5.9849e+007
4450	-5.4153e+007
4451	-5.7693e+007
4452	-4.0434e+007
4453	-5.1232e+007
4454	-4.5207e+007
4455	-5.9919e+007
4456	-4.266e+007
4457	-4.7338e+007
4458	-5.3458e+007
4459	-5.8106e+007
4460	2.6717e+007
4461	4.5414e+007
4462	3.8539e+007
4463	1.8985e+007
4464	2.8132e+007
4465	3.0368e+007
4466	2.303e+007
4467	2.8075e+007
4468	2.1025e+007
4469	3.7704e+007
4470	1.9883e+007
4471	2.389e+007
4472	2.1354e+007
4473	2.5895e+007
4474	1.5257e+007
4475	1.6813e+007
4476	2.082e+007
4477	1.7554e+007
4478	1.8283e+007
4479	1.0047e+007
4480	8.3514e+006
4481	1.4115e+007
4482	1.0599e+007
4483	1.2178e+007
4484	1.4856e+007
4485	1.5585e+007
4486	1.0446e+007
4487	1.3609e+007
4488	2.6232e+007
4489	1.9357e+007
4490	5.8397e+006
4491	9.6659e+006
4492	1.1186e+007
4493	7.9343e+006
4494	1.1097e+007
4495	-2.1955e+008
4496	-1.6335e+008
4497	-2.4116e+008
4498	-1.7869e+008
4499	-1.8359e+008
4500	-1.6904e+008
4501	4.9896e+007
4502	3.8598e+007
4503	2.8363e+007
4504	2.9938e+007
4505	2.7647e+007
4506	2.9883e+007
4507	3.1345e+007
4508	3.193e+007
4509	2.759e+007
4510	2.7139e+007
4511	2.3372e+007
4512	6.9117e+007
4513	4.9043e+007
4514	4.3564e+007
4515	3.3329e+007
4516	3.3138e+007
4517	3.4905e+007
4518	3.7849e+007
4519	3.6312e+007
4520	4.2895e+007
4521	3.6897e+007
4522	3.2105e+007
4523	7.7158e+007
4524	4.7393e+007
4525	4.8174e+007
4526	5.2103e+007
4527	5.715e+007
4528	5.1151e+007
4529	7.2498e+007
4530	4.1962e+007
4531	3.8551e+007
4532	4.5356e+007
4533	4.5198e+007
4534	4.589e+007
4535	5.3195e+007
4536	5.0937e+007
4537	4.4938e+007
4538	4.6597e+007
4539	4.4148e+007
4540	7.4903e+007
4541	3.8937e+007
4542	4.0103e+007
4543	4.5588e+007
4544	4.6751e+007
4545	5.4748e+007
4546	4.815e+007
4547	4.5701e+007
4548	4.8295e+007
4549	7.287e+007
4550	3.9789e+007
4551	3.636e+007
4552	4.644e+007
4553	4.7975e+007
4554	4.9557e+007
4555	5.5599e+007
4556	5.4299e+007
4557	4.9001e+007
4558	4.9147e+007
4559	6.7967e+007
4560	3.5411e+007
4561	3.3476e+007
4562	4.5091e+007
4563	4.6672e+007
4564	3.8729e+007
4565	5.2715e+007
4566	5.1414e+007
4567	5.8578e+007
4568	3.3392e+007
4569	3.14e+007
4570	4.0088e+007
4571	4.3072e+007
4572	4.4654e+007
4573	3.671e+007
4574	4.9395e+007
4575	4.0862e+007
4576	4.8248e+007
4577	2.4374e+007
4578	2.403e+007
4579	3.2719e+007
4580	2.8415e+007
4581	3.7284e+007
4582	2.5914e+007
4583	3.3818e+007
4584	4.2025e+007
4585	3.4939e+007
4586	3.3492e+007
4587	3.6217e+007
4588	2.1414e+007
4589	2.0763e+007
4590	2.8982e+007
4591	2.5455e+007
4592	2.877e+007
4593	3.0858e+007
4594	3.1979e+007
4595	3.0532e+007
4596	1.6969e+007
4597	1.2754e+007
4598	1.1692e+007
4599	1.991e+007
4600	1.6818e+007
4601	1.9698e+007
4602	1.7118e+007
4603	2.1787e+007
4604	1.4434e+007
4605	2.2908e+007
4606	-4.4184e+006
4607	2.5774e+006
4608	3.4255e+006
4609	6.4068e+006
4610	9.7339e+006
4611	-3.9098e+005
4612	6.9413e+006
4613	1.1611e+007
4614	3.3364e+006
4615	4.2579e+006
4616	-2.7488e+007
4617	-8.273e+006
4618	-7.7857e+006
4619	-1.1602e+007
4620	-1.3539e+007
4621	-4.2699e+006
4622	-7.8748e+006
4623	-6.9533e+006
4624	-7.7495e+006
4625	-4.712e+007
4626	-2.0131e+007
4627	-2.0499e+007
4628	-2.6378e+007
4629	-2.346e+007
4630	-2.5397e+007
4631	-2.7934e+007
4632	-1.9733e+007
4633	-1.9608e+007
4634	-6.6589e+007
4635	-2.4541e+007
4636	-3.501e+007
4637	-2.8273e+007
4638	-3.4152e+007
4639	-3.3171e+007
4640	-3.063e+007
4641	-3.5708e+007
4642	-2.7381e+007
4643	-1.05e+008
4644	-4.4651e+007
4645	-3.6236e+007
4646	-4.6705e+007
4647	-4.4715e+007
4648	-5.0455e+007
4649	-4.5847e+007
4650	-6.2308e+007
4651	-4.4866e+007
4652	-4.2325e+007
4653	-5.816e+007
4654	-6.213e+007
4655	-4.7403e+007
4656	-4.5954e+007
4657	-1.3654e+008
4658	-8.2708e+007
4659	-7.1431e+007
4660	-8.9023e+007
4661	-8.4875e+007
4662	-8.8845e+007
4663	-1.5762e+008
4664	-8.7529e+007
4665	-8.4813e+007
4666	-9.764e+007
4667	-9.3844e+007
4668	-8.9696e+007
4669	-9.3666e+007
4670	-9.3912e+007
4671	-1.0593e+008
4672	-1.7452e+008
4673	-1.1846e+008
4674	-1.0108e+008
4675	-1.139e+008
4676	-1.1923e+008
4677	-1.1018e+008
4678	-1.222e+008
4679	-1.7938e+008
4680	-1.1909e+008
4681	-1.1832e+008
4682	-1.1987e+008
4683	-1.2675e+008
4684	-1.1081e+008
4685	-1.1509e+008
4686	-1.2283e+008
4687	-1.2739e+008
4688	-1.2254e+008
4689	-1.2488e+008
4690	-1.3264e+008
4691	-1.2408e+008
4692	-1.4274e+008
4693	-1.3097e+008
4694	-1.4764e+008
4695	-1.1503e+008
4696	-1.3308e+008
4697	-1.0892e+008
4698	-1.1931e+008
4699	-3.4589e+007
4700	-5.1024e+007
4701	-3.1744e+007
4702	-3.0469e+007
4703	-4.1002e+007
4704	-3.6589e+007
4705	-4.1237e+007
4706	-4.9324e+007
4707	-3.7995e+007
4708	-4.5367e+007
4709	-3.6721e+007
4710	-4.344e+007
4711	-4.7254e+007
4712	-4.2841e+007
4713	-4.59e+007
4714	-5.4148e+007
4715	-6.4502e+007
4716	-6.8485e+007
4717	-5.385e+007
4718	-6.1988e+007
4719	-5.1924e+007
4720	-6.2631e+007
4721	-1.4901e+008
4722	-7.518e+007
4723	-6.8683e+007
4724	-7.4771e+007
4725	-9.1442e+007
4726	-6.9326e+007
4727	-2.2199e+006
4728	-8.1158e+006
4729	-2.1452e+006
4730	-5.9527e+006
4731	-4.8283e+006
4732	-2.3982e+006
4733	-4.0213e+006
4734	-5.9183e+006
4735	-2.4744e+006
4736	-2.2641e+006
4737	-2.543e+006
4738	-6.1186e+006
4739	-4.707e+006
4740	-2.8279e+006
4741	-3.2971e+006
4742	-3.1525e+006
4743	-6.3246e+006
4744	-5.2338e+006
4745	-4.1333e+006
4746	-2.2203e+006
4747	-3.2676e+006
4748	-3.04e+006
4749	-3.4747e+006
4750	-2.1197e+006
4751	-7.4885e+006
4752	-6.8206e+006
4753	-5.3254e+006
4754	-4.6385e+006
4755	-1.7709e+006
4756	-1.9158e+006
4757	-4.0798e+006
4758	-2.7597e+006
4759	-7.3477e+006
4760	-5.1656e+006
4761	-2.2979e+006
4762	-4.065e+006
4763	-2.4428e+006
4764	-3.1993e+006
4765	-4.6068e+006
4766	-3.4065e+006
4767	-3.3417e+006
4768	-7.4606e+006
4769	-6.0459e+006
4770	-5.2785e+006
4771	-4.1779e+006
4772	-2.2649e+006
4773	-2.5557e+006
4774	-3.3122e+006
4775	-3.5194e+006
4776	-2.4415e+007
4777	-2.3464e+007
4778	-2.5573e+007
4779	-2.0296e+007
4780	-2.0015e+007
4781	-1.5442e+007
4782	-7.4138e+006
4783	-1.6146e+007
4784	-1.2716e+007
4785	-1.1187e+007
4786	-1.1387e+007
4787	-9.9756e+006
4788	-1.9221e+007
4789	-1.8203e+007
4790	-1.4774e+007
4791	-1.6358e+007
4792	-1.3244e+007
4793	-1.3444e+007
4794	-2.2562e+007
4795	-1.9925e+007
4796	-2.3153e+007
4797	-2.1568e+007
4798	-1.8081e+007
4799	-1.9547e+007
4800	-1.5548e+007
4801	-1.4966e+007
4802	-1.7005e+007
4803	-1.5167e+007
4804	-2.323e+007
4805	-2.5339e+007
4806	-2.4772e+007
4807	-2.1166e+007
4808	-2.0062e+007
4809	-1.9781e+007
4810	-1.8624e+007
4811	-2.1497e+007
4812	-1.3077e+007
4813	-9.5735e+006
4814	-9.4188e+006
4815	-1.1959e+007
4816	-1.2473e+007
4817	-1.0818e+007
4818	-2.0449e+007
4819	-2.0215e+007
4820	-1.9111e+007
4821	-1.6464e+007
4822	-1.8385e+007
4823	-1.5947e+007
4824	-1.5345e+007
4825	-1.728e+007
4826	-1.4385e+007
4827	-1.0806e+007
4828	-1.3792e+007
4829	-1.3191e+007
4830	-1.205e+007
4831	-4.6852e+006
4832	-3.6663e+006
4833	-6.5151e+006
4834	-2.7147e+006
4835	-4.647e+006
4836	-3.5538e+006
4837	-4.9177e+006
4838	-6.2865e+006
4839	-7.3894e+006
4840	-3.6199e+006
4841	-3.5891e+006
4842	-5.5214e+006
4843	-7.023e+006
4844	-5.792e+006
4845	-7.1577e+006
4846	-8.1164e+006
4847	-1.0145e+007
4848	-9.7719e+006
4849	-4.3468e+006
4850	-8.4025e+006
4851	-7.7499e+006
4852	-6.519e+006
4853	-7.1473e+006
4854	-1.0289e+007
4855	-1.0201e+007
4856	-4.4911e+006
4857	-8.5468e+006
4858	-6.6632e+006
4859	-9.2499e+006
4860	-7.663e+006
4861	-1.1523e+007
4862	-2.3993e+007
4863	-2.193e+007
4864	-1.4762e+007
4865	-2.4011e+006
4866	-7.0484e+005
4867	-1.7474e+006
4868	-3.611e+006
4869	-7.878e+006
4870	-6.3364e+006
4871	-5.8283e+006
4872	-1.7614e+007
4873	-2.0604e+007
4874	-1.0459e+007
4875	-1.3436e+007
4876	-7.9496e+006
4877	-5.783e+006
4878	-5.3991e+006
4879	-1.7569e+007
4880	-8.0265e+006
4881	-6.1239e+006
4882	-5.516e+006
4883	-1.7686e+007
4884	-7.8518e+006
4885	-6.0839e+006
4886	-5.7324e+006
4887	-1.4985e+007
4888	-1.7646e+007
4889	-1.1093e+007
4890	-8.2256e+006
4891	-7.9425e+006
4892	-5.7574e+006
4893	-5.5977e+006
4894	-1.485e+007
4895	-8.0909e+006
4896	-8.2345e+006
4897	-5.9828e+006
4898	-5.6308e+006
4899	-1.5076e+007
4900	-9.132e+006
4901	-8.1654e+006
4902	-5.8806e+006
4903	-5.6973e+006
4904	-1.4846e+007
4905	-1.5142e+007
4906	-9.1985e+006
4907	-8.4591e+006
4908	-7.521e+006
4909	-5.745e+006
4910	-5.249e+006
4911	-1.4711e+007
4912	-8.3235e+006
4913	-7.0217e+006
4914	-4.8757e+006
4915	-4.7403e+006
4916	-1.4202e+007
4917	-7.8148e+006
4918	-6.4151e+006
4919	-4.885e+006
4920	-4.3238e+006
4921	-1.4211e+007
4922	-1.2363e+007
4923	-6.3447e+006
4924	-7.8241e+006
4925	-5.9934e+006
4926	-3.6549e+006
4927	-3.7079e+006
4928	-1.1747e+007
4929	-5.7288e+006
4930	-5.1759e+006
4931	-3.849e+006
4932	-3.3676e+006
4933	-8.9085e+006
4934	-1.1941e+007
4935	-4.6301e+006
4936	-4.0845e+006
4937	-1.7363e+006
4938	-2.356e+006
4939	-7.8969e+006
4940	-3.6184e+006
4941	-3.3304e+006
4942	-1.6566e+006
4943	-7.8171e+006
4944	-9.5964e+005
4945	-9.8216e+005
4946	-1.3269e+006
4947	-7.1427e+006
4948	-3.8658e+006
4949	-1.1772e+006
4950	1.4333e+007
4951	1.7314e+007
4952	2.0008e+007
4953	2.0385e+007
4954	-3.9772e+006
4955	-8.61e+006
4956	-4.3203e+006
4957	-4.2414e+006
4958	-4.087e+006
4959	-8.8722e+006
4960	-1.1849e+007
4961	-3.2368e+006
4962	-3.5479e+006
4963	-3.3147e+006
4964	-8.0999e+006
4965	-1.1077e+007
4966	-7.5206e+006
4967	-3.9699e+006
4968	-3.5798e+006
4969	-3.4801e+006
4970	-3.3465e+006
4971	-3.5822e+006
4972	-7.5525e+006
4973	-4.7456e+006
4974	-4.1813e+006
4975	-4.2834e+006
4976	-4.7415e+006
4977	-5.5791e+006
4978	-8.2537e+006
4979	-5.8441e+006
4980	-4.0369e+006
4981	-4.2558e+006
4982	-4.182e+006
4983	-4.6154e+006
4984	-4.8159e+006
4985	-5.0138e+006
4986	-5.6535e+006
4987	-5.9185e+006
4988	-1.6763e+006
4989	-3.3989e+006
4990	-3.2453e+006
4991	-4.2306e+006
4992	-4.8704e+006
4993	-5.1354e+006
4994	-2.6235e+006
4995	2.2856e+006
4996	-1.8215e+006
4997	2.2909e+006
4998	47576
4999	-1.6678e+006
5000	3.858e+005
5001	1.8052e+006
5002	-1.0461e+006
5003	7.2909e+006
5004	4.6753e+006
5005	6.1126e+006
5006	2.7702e+006
5007	7.5158e+006
5008	8.9533e+006
5009	4.1896e+006
5010	1.3383e+006
5011	1.2892e+007
5012	1.5586e+007
5013	7.2963e+006
5014	8.7335e+006
5015	1.5964e+007
5016	1.1574e+007
5017	2.7219e+006
5018	4.2882e+005
5019	1.8744e+006
5020	4.501e+006
5021	1.5418e+007
5022	1.1714e+007
5023	1.8944e+007
5024	1.7465e+007
5025	1.4017e+007
5026	1.1259e+007
5027	1.6118e+007
5028	1.701e+007
5029	1.0559e+007
5030	1.2618e+007
5031	1.0313e+007
5032	9.5255e+006
5033	1.5172e+007
5034	9.6131e+006
5035	1.113e+007
5036	9.072e+006
5037	7.8785e+006
5038	1.3389e+007
5039	1.4718e+007
5040	9.5424e+006
5041	9.7103e+006
5042	7.2115e+006
5043	6.8447e+006
5044	1.2355e+007
5045	8.5086e+006
5046	8.7564e+006
5047	6.8253e+006
5048	5.2021e+006
5049	1.1969e+007
5050	7.4629e+006
5051	5.1853e+006
5052	4.6344e+006
5053	1.1401e+007
5054	1.0536e+007
5055	6.0978e+006
5056	6.3409e+006
5057	4.4595e+006
5058	3.6752e+006
5059	9.8104e+006
5060	5.3721e+006
5061	5.3348e+006
5062	3.6461e+006
5063	3.2789e+006
5064	9.414e+006
5065	8.7383e+006
5066	4.9758e+006
5067	4.0442e+006
5068	4.6671e+006
5069	3.0364e+006
5070	2.4403e+006
5071	8.1285e+006
5072	3.4345e+006
5073	3.5217e+006
5074	4.329e+006
5075	2.4374e+006
5076	2.3824e+006
5077	7.5513e+006
5078	8.0706e+006
5079	3.1485e+006
5080	3.4638e+006
5081	3.951e+006
5082	2.1573e+006
5083	1.7756e+006
5084	7.2711e+006
5085	2.8683e+006
5086	3.1206e+006
5087	1.3709e+006
5088	1.6778e+006
5089	7.1733e+006
5090	5.6877e+006
5091	2.7705e+006
5092	2.705e+006
5093	6.3845e+005
5094	6.2195e+005
5095	4.9552e+006
5096	7.288e+005
5097	9.3883e+005
5098	4.801e+006
5099	5.272e+006
5100	3.9666e+005
5101	-3.0592e+005
5102	3.6937e+005
5103	-2.1695e+006
5104	4.6562e+005
5105	2.6648e+005
5106	5.1913e+005
5107	4.7992e+005
5108	1.2191e+005
5109	29391
5110	1.2564e+005
5111	1.7914e+005
5112	1.3993e+005
5113	1.3377e+005
5114	94628
5115	95342
5116	30625
5117	1.9087e+005
5118	2.0393e+005
5119	2.4438e+005
5120	3.486e+005
5121	2.0517e+005
5122	-17972
5123	41958
5124	-54721
5125	65763
5126	1.3749e+005
5127	4.2841e+005
5128	1.5055e+005
5129	2.9521e+005
5130	-49684
5131	-59309
5132	-1.5308e+005
5133	-32592
5134	3.3005e+005
5135	1.9686e+005
5136	37507
5137	-92220
5138	7334.1
5139	-69142
5140	34051
5141	31188
5142	3.9669e+005
5143	1.3737e+005
5144	1.0415e+005
5145	-95597
5146	-69691
5147	-1.7832e+005
5148	-77992
5149	1.8893e+005
5150	28191
5151	-5029.3
5152	-7.7705e+005
5153	36112
5154	27811
5155	-3.7229e+005
5156	2.9473e+005
5157	-1.1875e+005
5158	-7.5115e+005
5159	-1.3543e+006
5160	2.5079e+006
5161	2.9789e+006
5162	-1.1596e+006
5163	-4.9253e+005
5164	2.0399e+005
5165	1.6091e+005
5166	5.4846e+005
5167	2.8541e+006
5168	6.8147e+005
5169	3.0552e+006
5170	1.768e+006
5171	2.3763e+006
5172	4.7146e+006
5173	3.8098e+006
5174	2.2907e+006
5175	3.1434e+005
5176	37722
5177	-69477
5178	2.7105e+006
5179	2.7309e+006
5180	5.5827e+005
5181	8.6786e+005
5182	1.6406e+005
5183	2.1321e+005
5184	2.9441e+006
5185	7.9181e+005
5186	1.3908e+006
5187	5.332e+005
5188	8.7025e+005
5189	3.2641e+006
5190	3.4698e+006
5191	1.6669e+006
5192	1.8669e+006
5193	1.0732e+006
5194	1.0602e+006
5195	3.6727e+006
5196	3.4109e+006
5197	1.8698e+006
5198	2.654e+006
5199	1.8189e+006
5200	1.3334e+006
5201	3.6842e+006
5202	3.6689e+006
5203	2.3327e+006
5204	2.3043e+006
5205	5.2094e+006
5206	4.198e+006
5207	3.0403e+006
5208	4.6112e+006
5209	3.6021e+006
5210	2.8053e+006
5211	5.7104e+006
5212	4.1307e+006
5213	5.4462e+006
5214	4.0433e+006
5215	4.0028e+006
5216	6.1517e+006
5217	6.6944e+006
5218	4.5719e+006
5219	4.8742e+006
5220	6.2131e+006
5221	5.1804e+006
5222	4.3966e+006
5223	7.0883e+006
5224	5.2681e+006
5225	6.9791e+006
5226	5.5534e+006
5227	5.3044e+006
5228	7.4613e+006
5229	5.3888e+006
5230	5.6411e+006
5231	7.5342e+006
5232	6.4977e+006
5233	5.6973e+006
5234	8.028e+006
5235	7.8542e+006
5236	5.7817e+006
5237	7.8473e+006
5238	6.6598e+006
5239	6.1237e+006
5240	8.1902e+006
5241	7.9103e+006
5242	6.9008e+006
5243	6.2747e+006
5244	8.3412e+006
5245	8.161e+006
5246	6.7949e+006
5247	7.635e+006
5248	6.8129e+006
5249	6.091e+006
5250	8.0731e+006
5251	6.707e+006
5252	7.2242e+006
5253	6.3282e+006
5254	5.9037e+006
5255	7.8857e+006
5256	6.5443e+006
5257	6.1048e+006
5258	5.2404e+006
5259	7.245e+006
5260	7.6623e+006
5261	5.8562e+006
5262	5.6536e+006
5263	4.8704e+006
5264	4.7838e+006
5265	6.7885e+006
5266	5.3996e+006
5267	4.8354e+006
5268	4.4363e+006
5269	3.7907e+006
5270	6.3543e+006
5271	3.9213e+006
5272	3.8766e+006
5273	3.1058e+006
5274	3.4068e+006
5275	5.536e+006
5276	5.9703e+006
5277	3.5373e+006
5278	2.0145e+006
5279	2.5309e+006
5280	4.9611e+006
5281	2.5372e+006
5282	-4.1386e+006
5283	-4.5658e+006
5284	-5.8444e+006
5285	-9.1374e+006
5286	-3.0319e+006
5287	-3.5305e+006
5288	-4.8091e+006
5289	-2.4722e+006
5290	-8.1021e+006
5291	-3.8272e+006
5292	-4.5969e+006
5293	-4.6219e+006
5294	-3.0578e+006
5295	-2.4008e+006
5296	-2.5634e+006
5297	-3.7558e+006
5298	-4.5256e+006
5299	-3.7507e+006
5300	-3.1134e+006
5301	-2.6607e+006
5302	-3.8531e+006
5303	-3.5667e+006
5304	-4.6228e+006
5305	-3.848e+006
5306	-3.0282e+006
5307	-2.619e+006
5308	-2.7736e+006
5309	-3.7646e+006
5310	-3.8114e+006
5311	-3.525e+006
5312	-3.8063e+006
5313	-3.0459e+006
5314	-2.7362e+006
5315	-2.7301e+006
5316	-3.7211e+006
5317	-3.4815e+006
5318	-3.0024e+006
5319	-2.0412e+006
5320	-2.4816e+006
5321	-2.0716e+006
5322	-2.4128e+006
5323	-3.4726e+006
5324	-2.6478e+006
5325	-3.233e+006
5326	-2.0725e+006
5327	-2.7539e+006
5328	-1.619e+006
5329	-1.1086e+006
5330	-1.6251e+006
5331	-6.0331e+005
5332	-2.2013e+006
5333	1.034e+005
5334	-1.626e+006
5335	-9.2662e+005
5336	89074
5337	-1.1725e+006
5338	52376
5339	-1.1724e+005
5340	-1.7152e+006
5341	-7.0638e+005
5342	5.8946e+005
5343	5.7514e+005
5344	-6.864e+005
5345	1.3356e+006
5346	1.2437e+006
5347	5.5768e+005
5348	2.7691e+006
5349	-31453
5350	1.2644e+006
5351	1.2501e+006
5352	-6.029e+005
5353	-2.2781e+005
5354	-8.3062e+005
5355	-2.4911e+006
5356	-9.4544e+005
5357	-7.2277e+005
5358	-2.2284e+005
5359	3502.1
5360	-1.9825e+005
5361	-3.9873e+006
5362	-2.4861e+006
5363	-9.4046e+005
5364	-9.315e+005
5365	-1.2135e+005
5366	-4.1122e+006
5367	-9.0465e+005
5368	-2.0523e+005
5369	-4.7122e+005
5370	-4.196e+006
5371	-2.4048e+006
5372	-7.9911e+005
5373	-3.6049e+005
5374	-3009.2
5375	-6.5599e+006
5376	-4.0853e+006
5377	-1.6513e+006
5378	-2.294e+006
5379	-5.6114e+005
5380	3838.
5381	-8206.5
5382	-6.5651e+006
5383	-1.6565e+006
5384	-3.5927e+005
5385	2.4701e+005
5386	5.4398e+005
5387	-6.3219e+006
5388	-1.4133e+006
5389	-95815
5390	4.2072e+005
5391	5.0268e+005
5392	-6.3632e+006
5393	-5.081e+006
5394	-2.093e+006
5395	-1.4547e+006
5396	4.0527e+005
5397	7.2548e+005
5398	1.0383e+006
5399	-4.7763e+006
5400	-9.9303e+005
5401	-1.7882e+006
5402	7.3482e+005
5403	1.2861e+006
5404	1.2346e+006
5405	-4.58e+006
5406	-7.9671e+005
5407	8.8423e+005
5408	1.4193e+006
5409	1.6036e+006
5410	-4.4467e+006
5411	-4.9751e+006
5412	-6.6348e+005
5413	9.5915e+005
5414	1.5155e+006
5415	1.6198e+006
5416	-4.9589e+006
5417	-6.4729e+005
5418	-8.3572e+005
5419	9.6319e+005
5420	1.5742e+006
5421	1.6211e+006
5422	-3.9766e+006
5423	-4.9002e+006
5424	-7.7698e+005
5425	7.2094e+005
5426	1.3225e+006
5427	1.5664e+006
5428	-4.0313e+006
5429	-1.1006e+006
5430	-8.3168e+005
5431	3.9547e+005
5432	1.135e+006
5433	1.1133e+006
5434	-4.2188e+006
5435	-1.2881e+006
5436	-1.4721e+006
5437	-26889
5438	5.4372e+005
5439	9.7536e+005
5440	-3.4258e+006
5441	-4.3567e+006
5442	-1.61e+006
5443	-7.4567e+005
5444	2.5929e+005
5445	1.7787e+005
5446	-3.7103e+006
5447	-1.8944e+006
5448	-1.586e+006
5449	-7.5759e+005
5450	-2.5648e+005
5451	-4.1446e+006
5452	-2.3307e+006
5453	-1.1636e+006
5454	-4.5506e+006
5455	-7.0321e+006
5456	-4.0662e+006
5457	-3.3135e+006
5458	-1.5022e+006
5459	-2.2552e+006
5460	-7.3707e+006
5461	-4.4049e+006
5462	-2.8994e+006
5463	-8.0149e+006
5464	-8.5294e+006
5465	-5.0491e+006
5466	1.7617e+005
5467	-4.5056e+005
5468	1.7683e+005
5469	2.0821e+005
5470	-5.6538e+005
5471	1.2726e+005
5472	2.0075e+005
5473	58333
5474	2.3214e+005
5475	-5.4146e+005
5476	-2.8672e+005
5477	1.6137e+005
5478	62569
5479	51349
5480	-14503
5481	1.1956e+005
5482	1.593e+005
5483	-3.5956e+005
5484	88533
5485	48274
5486	59498
5487	5130.8
5488	65960
5489	1.2771e+005
5490	-84369
5491	-3.8527e+005
5492	-3.5141e+005
5493	96682
5494	1.7552e+005
5495	-17314
5496	87887
5497	43516
5498	-1.0681e+005
5499	-4.0772e+005
5500	24555
5501	1.5571e+005
5502	2.3758e+005
5503	1.9321e+005
5504	41915
5505	42880
5506	-5.6493e+005
5507	4.1452e+005
5508	-2.5802e+005
5509	-2.8138e+005
5510	-1.4495e+005
5511	-1.4897e+005
5512	-2.5875e+005
5513	1.1386e+005
5514	-1.46e+005
5515	-2.532e+005
5516	-1.5424e+005
5517	-2.6402e+005
5518	1.0859e+005
5519	3.7455e+005
5520	5.4462e+005
5521	3.8219e+005
5522	-1.1256e+005
5523	-1.2337e+005
5524	5.152e+005
5525	6.8527e+005
5526	-1.0794e+005
5527	2.1463e+005
5528	5.4603e+005
5529	-1.1956e+006
5530	1.7841e+006
5531	3.3774e+006
5532	5.7687e+005
5533	1.2498e+006
5534	2.7694e+006
5535	3.2176e+006
5536	-1.8232e+005
5537	4.1702e+005
5538	1.6159e+006
5539	5.8003e+005
5540	2.3949e+006
5541	-5.5679e+005
5542	-4.7465e+005
5543	-1.7774e+005
5544	2.0997e+006
5545	1.2587e+006
5546	-7.6992e+005
5547	-1.0442e+006
5548	7.9619e+005
5549	-1.8267e+006
5550	-1.2324e+006
5551	-7.9011e+005
5552	-2.0195e+006
5553	-6.6508e+005
5554	3.9223e+005
5555	-2.2307e+006
5556	-1.1941e+006
5557	-3.0788e+006
5558	-1.2365e+006
5559	-2.8021e+006
5560	-4.2564e+006
5561	-1.7243e+006
5562	-3.3753e+006
5563	-4.2316e+006
5564	-3.2899e+006
5565	-3.0655e+006
5566	-5.4767e+006
5567	-4.0651e+006
5568	-4.9214e+006
5569	-5.4235e+006
5570	-4.8148e+006
5571	-6.6184e+006
5572	-4.5956e+006
5573	-5.9914e+006
5574	-5.954e+006
5575	-5.3453e+006
5576	-7.659e+006
5577	-6.6026e+006
5578	-7.298e+006
5579	-6.5652e+006
5580	-8.6852e+006
5581	-8.4644e+006
5582	-7.597e+006
5583	-7.0321e+006
5584	-7.7275e+006
5585	-6.7866e+006
5586	-9.6836e+006
5587	-9.0611e+006
5588	-8.3242e+006
5589	-1.0518e+007
5590	-1.0254e+007
5591	-9.4628e+006
5592	-9.1115e+006
5593	-8.7259e+006
5594	-1.1301e+007
5595	-1.0687e+007
5596	-1.0974e+007
5597	-9.544e+006
5598	-1.0353e+007
5599	-1.1656e+007
5600	-1.1325e+007
5601	-1.0703e+007
5602	-1.1769e+007
5603	-1.1312e+007
5604	-1.133e+007
5605	-1.0559e+007
5606	-1.0708e+007
5607	-9.7302e+006
5608	-1.1764e+007
5609	-1.142e+007
5610	-1.0667e+007
5611	-1.1541e+007
5612	-1.1094e+007
5613	-1.1307e+007
5614	-1.0554e+007
5615	-9.874e+006
5616	-1.1183e+007
5617	-1.0985e+007
5618	-9.9195e+006
5619	-1.0444e+007
5620	-9.7642e+006
5621	-1.0604e+007
5622	-1.0736e+007
5623	-1.0217e+007
5624	-9.6708e+006
5625	-9.7294e+006
5626	-9.8528e+006
5627	-9.8863e+006
5628	-9.3991e+006
5629	-9.0524e+006
5630	-8.9141e+006
5631	-9.4654e+006
5632	-8.02e+006
5633	-8.9782e+006
5634	-8.1728e+006
5635	-8.5346e+006
5636	-7.6405e+006
5637	-7.2841e+006
5638	-8.0344e+006
5639	-7.5031e+006
5640	-6.3911e+006
5641	-7.1403e+006
5642	-6.3758e+006
5643	-7.1145e+006
5644	-6.0026e+006
5645	-5.4552e+006
5646	-6.0538e+006
5647	-6.5948e+006
5648	-5.4828e+006
5649	-4.9789e+006
5650	-4.63e+006
5651	-5.6529e+006
5652	-4.578e+006
5653	-3.8166e+006
5654	-5.2286e+006
5655	-4.9247e+006
5656	-3.6021e+006
5657	-4.1537e+006
5658	-4.0411e+006
5659	-2.9927e+006
5660	-4.5357e+006
5661	-3.213e+006
5662	-2.2206e+006
5663	-3.6838e+006
5664	-4.1008e+006
5665	-2.2526e+006
5666	-2.9822e+006
5667	-2.7781e+006
5668	-2.8755e+006
5669	-1.559e+006
5670	-3.3465e+006
5671	-1.9154e+006
5672	-2.5383e+006
5673	-2.07e+006
5674	-8.7729e+005
5675	-3.0222e+006
5676	-2.7549e+006
5677	-1.5911e+006
5678	-1.0886e+006
5679	-1.7457e+006
5680	-1.9724e+005
5681	-1.6075e+006
5682	-2.3974e+006
5683	-7.3108e+005
5684	-9.4531e+005
5685	-1.3882e+006
5686	-1.8241e+006
5687	-2.0341e+006
5688	-9.7401e+005
5689	3.9598e+005
5690	-7.3368e+005
5691	-1.2433e+006
5692	-2.3042e+006
5693	-2.4385e+006
5694	-1.3784e+006
5695	-1.832e+006
5696	-2.9364e+006
5697	-1.1381e+006
5698	-1.6476e+006
5699	-2.3844e+006
5700	-1.9077e+006
5701	-1.8748e+006
5702	-3.0121e+006
5703	-3.0914e+006
5704	-1.2138e+006
5705	-1.9228e+006
5706	-1.7233e+006
5707	-2.506e+006
5708	-1.9297e+006
5709	-1.8793e+006
5710	-3.0959e+006
5711	-1.9273e+006
5712	-1.6775e+006
5713	-1.4546e+006
5714	-2.6111e+006
5715	-2.0468e+006
5716	-2.3206e+006
5717	-3.127e+006
5718	-3.213e+006
5719	-1.7946e+006
5720	-1.5716e+006
5721	-2.4664e+006
5722	-2.3086e+006
5723	-2.1039e+006
5724	-3.115e+006
5725	-1.7826e+006
5726	-2.0179e+006
5727	-1.7405e+006
5728	-1.9713e+006
5729	-2.9824e+006
5730	-2.5055e+006
5731	-1.6019e+006
5732	-1.65e+006
5733	-1.7858e+006
5734	-1.2305e+006
5735	-1.4246e+006
5736	-1.1791e+006
5737	-2.1897e+006
5738	-1.2861e+006
5739	-1.47e+006
5740	-1.7563e+006
5741	-3.1673e+005
5742	-1.361e+005
5743	-7.0741e+005
5744	-1.718e+006
5745	-8.5057e+005
5746	-8.1439e+005
5747	-6.4104e+005
5748	-1.0648e+006
5749	-1.2846e+006
5750	4.5673e+005
5751	3.0596e+005
5752	-1.2849e+006
5753	-4.0851e+005
5754	-6.2273e+005
5755	-6.9536e+006
5756	-8.6105e+006
5757	-9.808e+006
5758	-5.533e+006
5759	-6.3028e+006
5760	-7.787e+006
5761	-9.0491e+006
5762	-6.7544e+006
5763	-5.9716e+006
5764	-8.1565e+006
5765	-9.4439e+006
5766	-8.6252e+006
5767	-7.1493e+006
5768	-8.059e+006
5769	-8.5998e+006
5770	-7.1239e+006
5771	-7.2265e+006
5772	-7.6819e+006
5773	-7.5066e+006
5774	-8.5276e+006
5775	-7.1543e+006
5776	-7.0422e+006
5777	-7.2017e+006
5778	-6.8493e+006
5779	-6.6574e+006
5780	-6.3562e+006
5781	-6.1925e+006
5782	-6.867e+006
5783	-5.4818e+006
5784	-6.3227e+006
5785	-6.0216e+006
5786	-5.2465e+006
5787	-4.9667e+006
5788	-5.8076e+006
5789	-5.465e+006
5790	-4.7835e+006
5791	-5.5065e+006
5792	-4.3164e+006
5793	-2.9639e+006
5794	-4.5358e+006
5795	-4.5656e+006
5796	-5.0341e+006
5797	-4.3526e+006
5798	-3.3624e+006
5799	-3.2756e+006
5800	-2.4648e+006
5801	-4.0664e+006
5802	-2.8633e+006
5803	-2.2636e+006
5804	-1.9231e+006
5805	-6.2973e+005
5806	-2.8613e+006
5807	-3.5248e+006
5808	-2.3217e+006
5809	-1.2908e+006
5810	-1.5937e+005
5811	-2.391e+006
5812	-1.1874e+006
5813	-1.8513e+006
5814	-3.4786e+005
5815	1.0972e+006
5816	3.431e+005
5817	-1.8885e+006
5818	-1.2186e+006
5819	-6.8493e+005
5820	4.6632e+005
5821	1.5377e+006
5822	-7.7811e+005
5823	1.1267e+006
5824	1.9114e+006
5825	2.5155e+006
5826	1.0269e+005
5827	-4.0439e+005
5828	1.1575e+006
5829	1.6222e+006
5830	2.8022e+006
5831	3.8938e+005
5832	1.4442e+006
5833	1.4574e+006
5834	1.9205e+006
5835	3.2959e+006
5836	3.011e+006
5837	7.4518e+005
5838	5.9819e+005
5839	1.6662e+006
5840	1.9939e+006
5841	3.3853e+006
5842	3.4935e+006
5843	8.3466e+005
5844	1.5654e+006
5845	1.7557e+006
5846	1.9358e+006
5847	3.4774e+006
5848	8.1859e+005
5849	7.2869e+005
5850	1.5493e+006
5851	1.6793e+006
5852	3.3366e+006
5853	3.4353e+006
5854	6.8659e+005
5855	1.2146e+006
5856	3.1222e+006
5857	2.9452e+006
5858	1.2445e+005
5859	4.7218e+005
5860	1.1403e+006
5861	6.5093e+005
5862	2.6949e+006
5863	-1.2579e+005
5864	8.9007e+005
5865	15663
5866	2.0734e+006
5867	2.3815e+006
5868	-1.0158e+006
5869	-4.3921e+005
5870	-38006
5871	5.7666e+005
5872	-6.9815e+005
5873	1.7515e+006
5874	1.329e+006
5875	-1.3376e+006
5876	-3.5986e+005
5877	-1.3336e+006
5878	9.3707e+005
5879	-1.7296e+006
5880	-2.2733e+006
5881	-7.5182e+005
5882	-2.049e+006
5883	4.9259e+005
5884	6.9353e+005
5885	-2.5169e+006
5886	-2.6778e+006
5887	20818
5888	-3.5219e+006
5889	-2.9886e+006
5890	-2.2171e+006
5891	-3.1813e+006
5892	-1.362e+005
5893	-4.7097e+005
5894	-3.6789e+006
5895	-2.3741e+006
5896	-3.5684e+006
5897	-8.1743e+005
5898	-4.0254e+006
5899	-4.2747e+006
5900	-2.7206e+006
5901	-3.8314e+006
5902	-1.2179e+006
5903	-8.5815e+005
5904	-4.3154e+006
5905	-2.7613e+006
5906	-3.7394e+006
5907	-1.4401e+006
5908	-4.317e+006
5909	-4.6174e+006
5910	-4.5376e+006
5911	-3.0263e+006
5912	-3.3008e+006
5913	-1.1259e+006
5914	-9.2404e+005
5915	-4.0028e+006
5916	-2.7121e+006
5917	-2.9124e+006
5918	-4.8239e+005
5919	-7.997e+005
5920	-3.8785e+006
5921	-3.4103e+006
5922	-2.5878e+006
5923	-2.1216e+006
5924	-2.1835e+005
5925	-3.1463e+006
5926	-1.8576e+006
5927	-1.5427e+005
5928	-3.3571e+005
5929	-1.2991e+006
5930	-3.1773e+006
5931	1.0436e+006
5932	6.3736e+005
5933	-9.5353e+005
5934	1.3969e+006
5935	8.9285e+005
5936	1.1033e+006
5937	-6.9804e+005
5938	3.5372e+005
5939	3.8791e+005
5940	1.4746e+006
5941	1.2011e+006
5942	1.2893e+006
5943	4.5156e+005
5944	1.382e+006
5945	1.2692e+006
5946	1.1574e+006
5947	4.4724e+005
5948	4.3139e+005
5949	7.0905e+005
5950	1.1299e+006
5951	1.0856e+006
5952	1.0849e+006
5953	3.7478e+005
5954	6.3659e+005
5955	8.6041e+005
5956	9.0603e+005
5957	7.3987e+005
5958	1.9519e+005
5959	3.3535e+005
5960	4.7844e+005
5961	6.185e+005
5962	5.8504e+005
5963	6.4993e+005
5964	1.0525e+005
5965	-1.0939e+005
5966	2.4541e+005
5967	3.5324e+005
5968	4.3307e+005
5969	3.3687e+005
5970	-2.6136e+005
5971	1.5798e+005
5972	1.3258e+005
5973	2.2358e+005
5974	-5.2026e+005
5975	-3.7465e+005
5976	-1.792e+005
5977	81825
5978	50607
5979	48239
5980	-6.0223e+005
5981	-2.6117e+005
5982	-1.6659e+005
5983	74623
5984	1.0318e+005
5985	54061
5986	-5.9641e+005
5987	-1.2765e+006
5988	-1.6076e+005
5989	1.6486e+005
5990	90157
5991	1.0928e+005
5992	-1.2895e+006
5993	-2.9258e+005
5994	3.8388e+005
5995	3.4797e+005
5996	2.1255e+005
5997	-1.6877e+006
5998	-1.1862e+006
5999	-1.8932e+005
6000	5.6624e+005
6001	4.6372e+005
6002	5.7443e+005
6003	-1.5719e+006
6004	-1.0781e+006
6005	-73563
6006	8.5236e+005
6007	8.3183e+005
6008	6.4104e+005
6009	-1.0115e+006
6010	-6954.7
6011	-35052
6012	1.1624e+006
6013	1.0513e+006
6014	1.0162e+006
6015	-1.2936e+006
6016	-7.9198e+005
6017	3.7907e+005
6018	1.2067e+006
6019	1.3287e+006
6020	1.1067e+006
6021	-1.2031e+006
6022	4.6962e+005
6023	1.1927e+006
6024	1.2825e+006
6025	1.1533e+006
6026	-1.2493e+006
6027	-1.6743e+006
6028	4.6417e+005
6029	1.7851e+005
6030	9.7113e+005
6031	1.0338e+006
6032	1.1856e+006
6033	-1.642e+006
6034	2.108e+005
6035	5.3581e+005
6036	7.799e+005
6037	-1.8959e+006
6038	-2.3057e+006
6039	-43099
6040	1.3562e+006
6041	2.3072e+006
6042	1.719e+006
6043	4.5085e+006
6044	86098
6045	8.361e+005
6046	2.4787e+005
6047	5.6456e+005
6048	3.0374e+006
6049	-1.0526e+006
6050	-5.9547e+005
6051	2.9707e+005
6052	4.3865e+005
6053	7.6551e+005
6054	6.5388e+005
6055	-8.5165e+005
6056	-3.9452e+005
6057	4.9802e+005
6058	-1.7245e+005
6059	6.731e+005
6060	8.0548e+005
6061	-7.0005e+005
6062	-20847
6063	9.2514e+005
6064	8.8833e+005
6065	8.4756e+005
6066	5.7021e+005
6067	-6.1721e+005
6068	1.0284e+005
6069	65574
6070	61996
6071	1.0627e+006
6072	1.0168e+006
6073	7.394e+005
6074	2.3477e+005
6075	8.7353e+005
6076	9.851e+005
6077	8.4278e+005
6078	9.0866e+005
6079	7.0774e+005
6080	9.0208e+005
6081	4.1341e+005
6082	2.0311e+005
6083	4.9836e+005
6084	6.853e+005
6085	6.3256e+005
6086	7.446e+005
6087	2.5593e+005
6088	3.1752e+005
6089	4.1487e+005
6090	5.2691e+005
6091	2.3008e+005
6092	-6.556e+005
6093	38240
6094	-6.0902e+005
6095	5.9847e+005
6096	4.5172e+005
6097	-2.4872e+006
6098	2.6693e+005
6099	-6.1875e+005
6100	-2.2453e+005
6101	-3.652e+005
6102	-6.3352e+005
6103	-9.8184e+005
6104	9.4871e+005
6105	8.4171e+005
6106	-2.8795e+005
6107	291.05
6108	-4.7044e+005
6109	1.1118e+006
6110	3.4727e+005
6111	-2.6803e+005
6112	64541
6113	1.3142e+006
6114	4.0893e+005
6115	2.0911e+005
6116	2.9406e+005
6117	1.4588e+006
6118	6.8609e+005
6119	3.3586e+005
6120	3.6074e+005
6121	2.5993e+005
6122	2.1115e+005
6123	6.0318e+005
6124	2.5295e+005
6125	3.9933e+005
6126	2.9465e+005
6127	2.9213e+005
6128	6.379e+005
6129	2.6641e+005
6130	3.3115e+005
6131	2.6865e+005
6132	2.96e+005
6133	6.4176e+005
6134	-3.4163e+005
6135	1.7488e+005
6136	2.7027e+005
6137	2.3321e+005
6138	1.9661e+005
6139	1.8337e+005
6140	-4.1367e+005
6141	1.0284e+005
6142	1.5575e+005
6143	1.324e+005
6144	1.5747e+005
6145	-6.991e+005
6146	-4.3957e+005
6147	76937
6148	-1.3267e+005
6149	1.348e+005
6150	80838
6151	49244
6152	-7.5066e+005
6153	-1.8423e+005
6154	2.5564e+005
6155	1.2153e+005
6156	79857
6157	-7.2005e+005
6158	-1.8514e+005
6159	-1.5361e+005
6160	4.4616e+005
6161	2.1176e+005
6162	1.7647e+005
6163	-6.2983e+005
6164	-99765
6165	12808
6166	-94915
6167	7.1206e+005
6168	4.7092e+005
6169	2.7677e+005
6170	537.38
6171	1.1311e+005
6172	9.4165e+005
6173	6.3652e+005
6174	5.743e+005
6175	1.7154e+006
6176	1.6613e+005
6177	2.7871e+005
6178	6.4181e+005
6179	1.18e+006
6180	7.4247e+005
6181	6.383e+005
6182	1.7794e+006
6183	7.058e+005
6184	1.7515e+006
6185	9.1682e+005
6186	1.0935e+006
6187	1.9537e+006
6188	1.0897e+006
6189	2.3647e+006
6190	1.6153e+006
6191	1.4907e+006
6192	3.8567e+006
6193	2.3509e+006
6194	1.4869e+006
6195	2.2324e+006
6196	1.8314e+006
6197	4.0727e+006
6198	1.8356e+006
6199	1.4831e+006
6200	1.5641e+006
6201	3.7244e+006
6202	1.2966e+006
6203	1.5155e+006
6204	3.6759e+006
6205	3.9884e+006
6206	1.248e+006
6207	2.5302e+007
6208	1.8651e+007
6209	2.2696e+007
6210	2.9865e+007
6211	2.6891e+007
6212	2.0835e+007
6213	-1.0924e+006
6214	-3.2157e+006
6215	-3.4506e+006
6216	-6.9646e+005
6217	-1.5821e+006
6218	-7.6393e+005
6219	-2.7357e+006
6220	6525.9
6221	-2.165e+005
6222	-1.006e+006
6223	-5.5418e+005
6224	-3.6067e+006
6225	-3.9986e+006
6226	-2.8872e+006
6227	-1.4493e+005
6228	4.6772e+005
6229	-1.1574e+006
6230	5.447e+005
6231	-3.2455e+006
6232	8.2892e+005
6233	2.2955e+006
6234	-2.5078e+006
6235	-7.7256e+005
6236	2.5204e+006
6237	1.5666e+006
6238	3.9615e+006
6239	2.4055e+005
6240	3.5335e+006
6241	5.7358e+006
6242	1.901e+006
6243	8.9342e+005
6244	4.1864e+006
6245	8.089e+006
6246	3.0224e+006
6247	6.3519e+006
6248	5.3079e+006
6249	1.0491e+007
6250	6.5525e+006
6251	4.2541e+006
6252	7.5835e+006
6253	9.5567e+006
6254	1.2529e+007
6255	7.723e+006
6256	1.0727e+007
6257	1.5489e+007
6258	1.0941e+007
6259	8.5902e+006
6260	1.3479e+007
6261	1.1594e+007
6262	9.6122e+006
6263	1.9037e+007
6264	1.3034e+007
6265	1.5572e+007
6266	2.2401e+007
6267	1.7481e+007
6268	1.449e+007
6269	1.7028e+007
6270	2.5989e+007
6271	1.9389e+007
6272	1.9542e+007
6273	1.8936e+007
6274	2.9187e+007
6275	2.4373e+007
6276	2.1069e+007
6277	2.1221e+007
6278	2.6165e+007
6279	3.2177e+007
6280	2.589e+007
6281	2.7682e+007
6282	3.5258e+007
6283	2.7363e+007
6284	3.1006e+007
6285	2.9779e+007
6286	2.9155e+007
6287	2.5809e+007
6288	3.8109e+007
6289	3.2615e+007
6290	3.1387e+007
6291	4.0535e+007
6292	3.7093e+007
6293	3.3857e+007
6294	3.263e+007
6295	2.9155e+007
6296	4.2658e+007
6297	3.8276e+007
6298	3.198e+007
6299	3.3813e+007
6300	3.0337e+007
6301	4.3856e+007
6302	3.9216e+007
6303	4.2177e+007
6304	3.2921e+007
6305	3.8249e+007
6306	4.4548e+007
6307	4.2435e+007
6308	3.8508e+007
6309	4.5171e+007
6310	4.5065e+007
6311	4.2868e+007
6312	3.4588e+007
6313	3.8941e+007
6314	3.5265e+007
6315	4.5123e+007
6316	4.5254e+007
6317	3.4776e+007
6318	4.4198e+007
6319	4.5018e+007
6320	4.5735e+007
6321	3.2748e+007
6322	3.454e+007
6323	4.3004e+007
6324	4.5046e+007
6325	3.2059e+007
6326	4.1595e+007
6327	4.4302e+007
6328	4.4541e+007
6329	3.1554e+007
6330	3.4706e+007
6331	3.5964e+007
6332	3.9749e+007
6333	4.3398e+007
6334	3.3802e+007
6335	3.779e+007
6336	4.2456e+007
6337	3.1458e+007
6338	3.286e+007
6339	3.5393e+007
6340	4.0044e+007
6341	4.1439e+007
6342	3.0441e+007
6343	2.9948e+007
6344	3.2997e+007
6345	3.8663e+007
6346	2.4487e+007
6347	2.3357e+007
6348	2.9061e+007
6349	2.8567e+007
6350	3.0534e+007
6351	3.7647e+007
6352	3.5712e+007
6353	2.347e+007
6354	2.7745e+007
6355	3.4266e+007
6356	2.2024e+007
6357	2.0569e+007
6358	1.9752e+007
6359	3.0967e+007
6360	3.2924e+007
6361	1.9227e+007
6362	2.1936e+007
6363	-2.5355e+007
6364	-3.4735e+007
6365	-2.7683e+007
6366	-4.1516e+007
6367	-4.7064e+007
6368	-3.1798e+007
6369	-1.7774e+007
6370	-2.8898e+007
6371	-2.1846e+007
6372	-1.4292e+007
6373	-1.4748e+007
6374	-2.3963e+007
6375	-2.5961e+007
6376	-1.4514e+007
6377	-1.3004e+007
6378	-2.222e+007
6379	-1.7759e+007
6380	-2.4217e+007
6381	-1.1327e+007
6382	-1.1487e+007
6383	-1.0624e+007
6384	-1.6242e+007
6385	-1.547e+007
6386	-2.27e+007
6387	-1.5588e+007
6388	-8.0984e+006
6389	-8.9542e+006
6390	-7.6804e+006
6391	-9.7024e+006
6392	-1.4572e+007
6393	-1.38e+007
6394	-1.3918e+007
6395	-9.1651e+006
6396	-4.3902e+006
6397	-4.9519e+006
6398	-6.1219e+006
6399	-8.1439e+006
6400	-1.2359e+007
6401	-7.6066e+006
6402	-4.7775e+006
6403	1.4035e+005
6404	-2.8021e+006
6405	-1.4711e+006
6406	-5.9941e+006
6407	26589
6408	-2.6277e+006
6409	9.6319e+005
6410	5.1645e+006
6411	3.3422e+006
6412	9.0956e+005
6413	2.4073e+006
6414	3.3439e+006
6415	1.0454e+007
6416	5.9856e+006
6417	8.1306e+006
6418	5.0507e+006
6419	9.9291e+006
6420	9.5538e+006
6421	1.2638e+007
6422	5.9873e+006
6423	1.7147e+007
6424	1.0777e+007
6425	1.2576e+007
6426	1.5285e+007
6427	-6.5791e+005
6428	3.4001e+006
6429	2.5029e+006
6430	-6.8988e+005
6431	-2.3274e+005
6432	-2.7509e+006
6433	1.2344e+006
6434	-3.9429e+006
6435	-1.9584e+006
6436	-1.5013e+006
6437	-4.7008e+006
6438	-1.1503e+006
6439	4.0992e+005
6440	-4.7674e+006
6441	-2.3258e+006
6442	-7.0854e+006
6443	-2.2757e+006
6444	-3.8372e+006
6445	-5.8928e+006
6446	-7.8189e+006
6447	-9.8238e+006
6448	-5.0963e+006
6449	-9.0781e+006
6450	-1.2862e+007
6451	-8.8362e+006
6452	-6.5757e+006
6453	-1.0557e+007
6454	-1.2967e+007
6455	-1.5912e+007
6456	-1.0395e+007
6457	-1.4526e+007
6458	-1.9517e+007
6459	-1.1886e+007
6460	-1.4202e+007
6461	-1.6017e+007
6462	-1.8109e+007
6463	-1.6678e+007
6464	-2.3526e+007
6465	-1.9451e+007
6466	-1.6316e+007
6467	-2.227e+007
6468	-2.0223e+007
6469	-1.8792e+007
6470	-2.766e+007
6471	-2.1346e+007
6472	-2.4165e+007
6473	-3.1827e+007
6474	-2.3585e+007
6475	-2.6482e+007
6476	-2.9771e+007
6477	-2.6404e+007
6478	-2.5649e+007
6479	-3.6437e+007
6480	-2.841e+007
6481	-3.1699e+007
6482	-4.1426e+007
6483	-3.4447e+007
6484	-3.1092e+007
6485	-3.4381e+007
6486	-3.7645e+007
6487	-3.4156e+007
6488	-2.91e+007
6489	-4.6084e+007
6490	-3.6755e+007
6491	-3.9672e+007
6492	-3.9952e+007
6493	-3.6463e+007
6494	-5.0461e+007
6495	-4.2022e+007
6496	-4.6193e+007
6497	-4.2303e+007
6498	-3.8813e+007
6499	-5.4799e+007
6500	-4.8254e+007
6501	-4.405e+007
6502	-4.822e+007
6503	-5.9342e+007
6504	-5.0565e+007
6505	-5.3757e+007
6506	-5.0531e+007
6507	-6.3342e+007
6508	-5.2797e+007
6509	-5.6793e+007
6510	-5.5989e+007
6511	-5.1738e+007
6512	-6.6705e+007
6513	-5.8561e+007
6514	-5.7757e+007
6515	-6.0539e+007
6516	-5.3506e+007
6517	-6.9554e+007
6518	-6.4139e+007
6519	-6.0156e+007
6520	-6.2134e+007
6521	-5.8637e+007
6522	-5.51e+007
6523	-7.174e+007
6524	-6.5394e+007
6525	-6.5148e+007
6526	-6.3389e+007
6527	-5.9892e+007
6528	-7.3332e+007
6529	-6.6325e+007
6530	-6.8782e+007
6531	-6.6078e+007
6532	-6.0822e+007
6533	-7.4268e+007
6534	-6.9443e+007
6535	-6.6863e+007
6536	-6.6739e+007
6537	-7.4449e+007
6538	-7.0512e+007
6539	-6.9718e+007
6540	-6.7138e+007
6541	-7.4052e+007
6542	-7.0418e+007
6543	-6.7044e+007
6544	-6.6602e+007
6545	-7.2682e+007
6546	-7.0115e+007
6547	-7.0526e+007
6548	-6.6299e+007
6549	-7.066e+007
6550	-6.9459e+007
6551	-6.3929e+007
6552	-6.5232e+007
6553	-5.9555e+007
6554	-6.8194e+007
6555	-6.8068e+007
6556	-6.8505e+007
6557	-6.2975e+007
6558	-5.8601e+007
6559	-6.2424e+007
6560	-6.5335e+007
6561	-6.6556e+007
6562	-6.1463e+007
6563	-5.8398e+007
6564	-6.0912e+007
6565	-6.1484e+007
6566	-6.5209e+007
6567	-6.5101e+007
6568	-5.7051e+007
6569	-5.9565e+007
6570	-5.6272e+007
6571	-6.1642e+007
6572	-6.2597e+007
6573	-4.7857e+007
6574	-4.9244e+007
6575	-5.4547e+007
6576	-5.3079e+007
6577	-5.7061e+007
6578	-5.0432e+007
6579	-5.8934e+007
6580	-4.515e+007
6581	-5.0372e+007
6582	-4.2789e+007
6583	-5.5801e+007
6584	-5.5117e+007
6585	-4.2017e+007
6586	-3.7854e+007
6587	-4.7239e+007
6588	-4.1593e+007
6589	-5.0607e+007
6590	-3.3344e+007
6591	-3.5341e+007
6592	-2.2161e+007
6593	-1.662e+007
6594	-3.8007e+007
6595	-2.9035e+007
6596	-2.8289e+007
6597	-1.8858e+007
6598	-1.4607e+007
6599	-2.7022e+007
6600	-1.5965e+007
6601	-1.3317e+007
6602	-2.7489e+007
6603	-2.5732e+007
6604	-1.3416e+007
6605	-1.1714e+007
6606	-9.1267e+006
6607	-2.5886e+007
6608	-1.6655e+007
6609	-8.1807e+006
6610	-2.494e+007
6611	-1.5709e+007
6612	2.0945e+007
6613	1.4823e+007
6614	2.5387e+007
6615	1.9331e+007
6616	2.1608e+007
6617	1.4896e+007
6618	1.4575e+007
6619	2.514e+007
6620	2.1962e+007
6621	1.5806e+007
6622	2.4284e+007
6623	2.605e+007
6624	1.8315e+007
6625	2.1333e+007
6626	1.525e+007
6627	1.3043e+007
6628	2.3728e+007
6629	1.7321e+007
6630	1.7758e+007
6631	1.2971e+007
6632	2.1638e+007
6633	2.3656e+007
6634	1.7249e+007
6635	1.1239e+006
6636	3.9535e+006
6637	2.5889e+006
6638	2.8601e+005
6639	9.5303e+005
6640	9.5674e+005
6641	2.386e+006
6642	2.43e+005
6643	83107
6644	1.012e+006
6645	9.7401e+005
6646	2.1329e+006
6647	2.4218e+006
6648	2.7873e+005
6649	3.6431e+005
6650	1.0478e+006
6651	7.3807e+005
6652	2.1145e+006
6653	3.4585e+005
6654	1.0293e+006
6655	6.9768e+005
6656	1.897e+006
6657	1.4659e+006
6658	27600
6659	1.2838e+005
6660	5.569e+005
6661	9.8249e+005
6662	1.643e+006
6663	2.0468e+005
6664	7.2017e+005
6665	2.0305e+006
6666	1.7508e+006
6667	1.8297e+006
6668	3.1242e+005
6669	1.2492e+006
6670	5.323e+005
6671	1.4596e+006
6672	62711
6673	-57651
6674	8.7918e+005
6675	8.5557e+005
6676	1.4933e+006
6677	1.6418e+006
6678	2.4491e+005
6679	2.9218e+005
6680	1.0614e+006
6681	5.9987e+005
6682	8.0655e+005
6683	1.4541e+006
6684	1.6344e+006
6685	4.3326e+005
6686	7.4095e+005
6687	8.9182e+005
6688	1.264e+006
6689	1.8238e+005
6690	2.4316e+005
6691	8.1306e+005
6692	1.5393e+006
6693	1.6745e+006
6694	1.4016e+006
6695	4.5774e+005
6696	6.1625e+005
6697	1.0475e+006
6698	1.0362e+005
6699	6.0419e+005
6700	1.6239e+006
6701	1.2048e+006
6702	2.5428e+005
6703	2.6093e+005
6704	1.05e+006
6705	6.0874e+005
6706	1.4545e+006
6707	84910
6708	86686
6709	8.8066e+005
6710	7.4556e+005
6711	1.9782e+006
6712	1.6285e+006
6713	2.606e+005
6714	1.0546e+006
6715	6.4666e+005
6716	1.9411e+006
6717	2.371e+006
6718	2.3548e+005
6719	2.2351e+005
6720	1.0804e+006
6721	4.0301e+005
6722	2.3092e+006
6723	1.7367e+005
6724	1.0186e+006
6725	3.1054e+005
6726	3.1861e+006
6727	2.1273e+006
6728	-8168.3
6729	1.0061e+006
6730	8.3676e+005
6731	3.9918e+005
6732	3.2755e+006
6733	3.1607e+006
6734	62239
6735	81195
6736	1.0954e+006
6737	5.7149e+005
6738	3.16e+006
6739	61514
6740	-58999
6741	7.8796e+005
6742	3.208e+006
6743	3.333e+006
6744	1.1404e+005
6745	7.5553e+005
6746	3.2515e+006
6747	1.1221e+005
6748	1.5747e+005
6749	6.4538e+005
6750	3.1756e+006
6751	3.1039e+006
6752	36352
6753	6.4293e+005
6754	3.0696e+006
6755	-1.2282e+005
6756	2063.5
6757	7.044e+005
6758	3.245e+006
6759	3.1014e+006
6760	-90981
6761	6.2383e+005
6762	3.2746e+006
6763	-61350
6764	-9057.5
6765	5.785e+005
6766	3.1644e+006
6767	3.4401e+006
6768	-1.1926e+005
6769	5.864e+005
6770	4.4438e+006
6771	3.505e+006
6772	1.3167e+005
6773	-54385
6774	1.2804e+006
6775	5.1082e+005
6776	4.3868e+006
6777	74696
6778	1.2234e+006
6779	7.9977e+005
6780	4.3682e+006
6781	3.8075e+006
6782	-1.9881e+005
6783	56085
6784	1.2048e+006
6785	7.3685e+005
6786	3.5908e+006
6787	4.115e+006
6788	1.0876e+005
6789	1.2416e+006
6790	5.6805e+005
6791	3.2203e+006
6792	-2.6172e+005
6793	62493
6794	8.7113e+005
6795	3.422e+006
6796	3.0754e+006
6797	2.6417e+005
6798	9.0274e+005
6799	1.0728e+006
6800	-1.0447e+006
6801	-3.2121e+006
6802	-2.0191e+006
6803	-5.7694e+005
6804	-7.7608e+005
6805	-1.2163e+006
6806	-1.7153e+006
6807	-2.0172e+005
6808	-2.7314e+005
6809	-4.7228e+005
6810	-1.3881e+006
6811	-1.9596e+006
6812	-2.1908e+006
6813	-6.7715e+005
6814	-9.477e+005
6815	-1.0426e+006
6816	-1.656e+006
6817	-1.7975e+006
6818	-3.7357e+005
6819	-4.1089e+005
6820	-5.8835e+005
6821	-1.3493e+006
6822	-1.7556e+006
6823	-3.6894e+005
6824	-5.464e+005
6825	-1.433e+006
6826	-1.9182e+006
6827	-2.1042e+006
6828	-7.1756e+005
6829	-5.2136e+005
6830	-8.9502e+005
6831	-1.2718e+006
6832	-1.6533e+006
6833	-2.5642e+005
6834	-1.3758e+006
6835	-1.757e+006
6836	-1.7628e+006
6837	-3.6016e+005
6838	-6.0648e+005
6839	-7.5408e+005
6840	-1.3019e+006
6841	-1.8741e+006
6842	-1.7631e+006
6843	-5.7259e+005
6844	-6.0682e+005
6845	-7.5441e+005
6846	-1.3085e+006
6847	-1.7999e+006
6848	-4.9832e+005
6849	-6.8014e+005
6850	-6.7771e+005
6851	-1.2845e+006
6852	-1.8807e+006
6853	-1.9723e+006
6854	-6.7421e+005
6855	-5.7919e+005
6856	-7.5859e+005
6857	-1.1353e+006
6858	-1.8674e+006
6859	-5.693e+005
6860	-4.0982e+005
6861	-6.5368e+005
6862	-1.2632e+006
6863	-1.6198e+006
6864	-1.8231e+006
6865	-5.2502e+005
6866	-5.8011e+005
6867	-3.6554e+005
6868	-1.058e+006
6869	-1.792e+006
6870	-1.881e+006
6871	-7.5237e+005
6872	-6.8768e+005
6873	-5.378e+005
6874	-1.1658e+006
6875	-1.5036e+006
6876	-2.7432e+005
6877	-3.7491e+005
6878	-3.1022e+005
6879	-1.4375e+006
6880	-2.0587e+006
6881	-1.9888e+006
6882	-7.595e+005
6883	-7.954e+005
6884	-1.4764e+006
6885	-1.8453e+006
6886	-3.7839e+005
6887	-5.4609e+005
6888	-1.5408e+006
6889	-2.0976e+006
6890	-1.9014e+006
6891	-6.307e+005
6892	-9.2051e+005
6893	-1.3848e+006
6894	-1.7878e+006
6895	-1.7135e+006
6896	-4.4278e+005
6897	-4.5744e+005
6898	-7.3259e+005
6899	-1.546e+006
6900	-1.8197e+006
6901	-4.8938e+005
6902	-1.4441e+006
6903	-1.949e+006
6904	-1.9941e+006
6905	-8.2055e+005
6906	-6.1863e+005
6907	-8.4105e+005
6908	-1.132e+006
6909	-1.7629e+006
6910	-5.8936e+005
6911	-6.0986e+005
6912	-5.2465e+005
6913	-1.6269e+006
6914	-1.5475e+006
6915	-1.682e+006
6916	-2.2712e+005
6917	-5.0844e+005
6918	-4.4374e+005
6919	-1.7439e+006
6920	-2.1233e+006
6921	-2.1571e+006
6922	-8.0298e+005
6923	-1.4742e+006
6924	-1.6983e+006
6925	-3.4413e+005
6926	-4.7683e+005
6927	-1.4807e+006
6928	-1.7256e+006
6929	-1.8874e+006
6930	-6.6593e+005
6931	-1.4637e+006
6932	-1.543e+006
6933	-5.3147e+005
6934	-4.8335e+005
6935	-5.9514e+005
6936	-1.3619e+006
6937	-1.7085e+006
6938	-1.7596e+006
6939	-6.9699e+005
6940	-7.6066e+005
6941	-1.2711e+006
6942	-1.4923e+006
6943	-4.2968e+005
6944	-3.4554e+005
6945	-4.9334e+005
6946	-1.51e+006
6947	-1.5621e+006
6948	-1.6689e+006
6949	-5.2213e+005
6950	-6.6994e+005
6951	-1.3203e+006
6952	-1.6243e+006
6953	-1.7991e+006
6954	-6.4228e+005
6955	-7.4868e+005
6956	-5.8436e+005
6957	-7.5693e+005
6958	-1.0864e+006
6959	-1.5473e+006
6960	-3.9042e+005
6961	-5.0508e+005
6962	-1.0788e+006
6963	-1.5626e+006
6964	-1.5652e+006
6965	-4.0834e+005
6966	-4.2007e+005
6967	-5.23e+005
6968	-1.5371e+006
6969	-2.7138e+006
6970	-3.9459e+005
6971	-1.1682e+006
6972	-2.946e+006
6973	-4.1121e+006
6974	-4.1461e+006
6975	-7.5229e+005
6976	-2.6314e+006
6977	-6.3644e+006
6978	-1.0047e+007
6979	-4.3364e+006
6980	-4.9575e+006
6981	-8.2211e+006
6982	-9.4185e+006
6983	-3.7082e+006
6984	-3.3953e+006
6985	-7.4425e+006
6986	-6.6237e+006
6987	-2.9296e+006
6988	-2.6891e+006
6989	-3.7911e+006
6990	-1.9596e+006
6991	-5.8401e+006
6992	-1.9054e+006
6993	-3.0075e+006
6994	-7.7951e+005
6995	-4.1669e+006
6996	-5.1879e+006
6997	-6.2354e+005
6998	-1.2533e+006
6999	90703
7000	-2.3553e+006
7001	1.1403e+005
7002	-3.639e+006
7003	6.1864e+005
7004	1.2209e+006
7005	-3.2734e+006
7006	-1.8882e+006
7007	9.8424e+005
7008	-1.0445e+006
7009	2.2442e+006
7010	-1.147e+006
7011	1.7149e+006
7012	1.7255e+006
7013	2.6883e+006
7014	9.358e+005
7015	-3.0325e+005
7016	3.0405e+006
7017	7.0701e+005
7018	-8.6488e+005
7019	2.9704e+006
7020	1.2179e+006
7021	4.0645e+006
7022	1.2213e+006
7023	3.4847e+006
7024	4.9323e+006
7025	1.731e+006
7026	3.0244e+006
7027	3.5315e+006
7028	4.5431e+006
7029	3.9944e+006
7030	3.0415e+006
7031	5.5991e+006
7032	3.3825e+006
7033	4.9012e+006
7034	6.2616e+006
7035	4.4452e+006
7036	3.6911e+006
7037	5.2098e+006
7038	6.8418e+006
7039	4.7992e+006
7040	4.9305e+006
7041	5.98e+006
7042	5.5638e+006
7043	7.2545e+006
7044	5.0253e+006
7045	5.6294e+006
7046	6.2062e+006
7047	5.5411e+006
7048	7.5682e+006
7049	5.8159e+006
7050	6.3926e+006
7051	5.7276e+006
7052	7.7597e+006
7053	6.2281e+006
7054	5.9432e+006
7055	5.5547e+006
7056	6.5199e+006
7057	6.6557e+006
7058	5.8549e+006
7059	7.8132e+006
7060	6.2923e+006
7061	6.4004e+006
7062	6.7199e+006
7063	5.98e+006
7064	7.7259e+006
7065	6.3898e+006
7066	6.626e+006
7067	6.7093e+006
7068	5.9694e+006
7069	7.5397e+006
7070	6.2143e+006
7071	6.313e+006
7072	6.5492e+006
7073	5.8926e+006
7074	7.2495e+006
7075	6.1049e+006
7076	5.9279e+006
7077	6.4398e+006
7078	5.3146e+006
7079	6.8416e+006
7080	5.7471e+006
7081	5.092e+006
7082	5.8993e+006
7083	6.259e+006
7084	5.1338e+006
7085	6.3647e+006
7086	5.212e+006
7087	5.5201e+006
7088	5.6723e+006
7089	4.9068e+006
7090	5.0593e+006
7091	5.8626e+006
7092	4.9621e+006
7093	4.5395e+006
7094	5.4224e+006
7095	4.8094e+006
7096	5.2939e+006
7097	4.2873e+006
7098	3.9861e+006
7099	5.1701e+006
7100	4.5571e+006
7101	4.6047e+006
7102	3.7699e+006
7103	3.9708e+006
7104	3.6697e+006
7105	3.9444e+006
7106	2.8815e+006
7107	4.2407e+006
7108	3.9109e+006
7109	3.3972e+006
7110	3.5717e+006
7111	3.2001e+006
7112	3.0761e+006
7113	2.7413e+006
7114	3.2506e+006
7115	2.4537e+006
7116	2.427e+006
7117	2.3516e+006
7118	2.1334e+006
7119	1.9296e+006
7120	2.8609e+006
7121	2.064e+006
7122	1.643e+006
7123	1.6085e+006
7124	1.9683e+006
7125	1.5463e+006
7126	1.6807e+006
7127	6.8908e+005
7128	1.2078e+006
7129	1.4096e+006
7130	1.1456e+006
7131	6.0525e+005
7132	-4.4657e+005
7133	8.5651e+005
7134	1.0215e+005
7135	-6.8179e+005
7136	5.9243e+005
7137	52121
7138	-1.6024e+006
7139	5.9131e+005
7140	2.74e+005
7141	-1.2643e+006
7142	-9.4207e+005
7143	-5.3039e+005
7144	-3.3758e+006
7145	18024
7146	-1.8376e+006
7147	-1.861e+006
7148	-1.5154e+006
7149	-1.5193e+006
7150	-67105
7151	-1.7945e+005
7152	-2.47e+006
7153	-3.6033e+006
7154	-1.1331e+006
7155	-2.1044e+006
7156	-3.4236e+006
7157	-6.936e+006
7158	-3.5315e+006
7159	-7.629e+006
7160	-3.2347e+006
7161	-4.436e+006
7162	-8.0663e+006
7163	-1.2551e+007
7164	-1.0547e+007
7165	-7.3314e+006
7166	-1.1425e+007
7167	-1.0962e+007
7168	-1.0277e+007
7169	-1.6495e+007
7170	-1.2574e+007
7171	-1.4729e+007
7172	-1.3452e+007
7173	-1.5282e+007
7174	-1.2304e+007
7175	-2.0791e+007
7176	-1.9531e+007
7177	-1.6647e+007
7178	-1.72e+007
7179	-2.4574e+007
7180	-2.1908e+007
7181	-2.2661e+007
7182	-1.6993e+007
7183	-1.9577e+007
7184	-1.7753e+007
7185	-2.0044e+007
7186	-2.6372e+007
7187	-2.6098e+007
7188	-2.4067e+007
7189	-1.8399e+007
7190	-2.145e+007
7191	-2.6631e+007
7192	-2.649e+007
7193	-2.6064e+007
7194	-1.7868e+007
7195	-1.8791e+007
7196	-2.2789e+007
7197	-2.1843e+007
7198	-2.593e+007
7199	-1.7734e+007
7200	-2.0939e+007
7201	-2.2655e+007
7202	-3.9225e+005
7203	-2.7854e+006
7204	-6.0041e+005
7205	-2.9178e+006
7206	-71869
7207	-2.3271e+005
7208	-2.5501e+006
7209	-1.3572e+006
7210	26110
7211	-1.128e+005
7212	-1.4506e+005
7213	-1.4045e+006
7214	-21214
7215	-1.6012e+005
7216	-1.1492e+005
7217	-1.1992e+006
7218	-1.4304e+006
7219	-47080
7220	-1.2868e+005
7221	-1.8598e+005
7222	-77533
7223	-1.1432e+006
7224	-1.2847e+006
7225	-72682
7226	-1.0433e+005
7227	-1.2998e+005
7228	-2269.6
7229	-1.3033e+006
7230	-99357
7231	-91291
7232	63459
7233	-1.2294e+005
7234	-1.054e+005
7235	-1.0235e+006
7236	-1.2095e+006
7237	1.5733e+005
7238	-29065
7239	-2.6802e+005
7240	-1.2205e+006
7241	-39670
7242	-2.0846e+005
7243	-1.1861e+006
7244	-1.1918e+006
7245	-2.2076e+005
7246	-5285.4
7247	86545
7248	2289.5
7249	-2.4594e+005
7250	-1.2777e+006
7251	-1.1667e+006
7252	1.1172e+005
7253	27460
7254	-2.2999e+005
7255	-1.3404e+006
7256	49066
7257	-2.5098e+005
7258	-1.2618e+006
7259	-1.3533e+006
7260	-1.8055e+005
7261	62002
7262	1.2767e+005
7263	-97314
7264	-2.9325e+005
7265	-1.4529e+006
7266	-37586
7267	-1.969e+005
7268	-1.9496e+005
7269	-1.1922e+006
7270	-1.3956e+006
7271	19726
7272	-1.3959e+005
7273	-2.4596e+005
7274	-1.1513e+006
7275	-1.2403e+006
7276	-2.43e+005
7277	1.5148e+005
7278	60708
7279	67194
7280	-1.6865e+005
7281	-1.3323e+006
7282	59500
7283	-85776
7284	-1.2329e+006
7285	-1.163e+006
7286	2.288e+005
7287	11630
7288	-3.1407e+005
7289	-1.3194e+006
7290	-10932
7291	1.4237e+005
7292	-50984
7293	-74798
7294	-62484
7295	-1.4612e+006
7296	-1.265e+006
7297	-1.9285e+005
7298	-2.1666e+005
7299	2.1081e+005
7300	-9.4587e+005
7301	-8.7159e+005
7302	1.1683e+005
7303	2.006e+005
7304	1.4605e+005
7305	1.1193e+005
7306	-1.066e+006
7307	-3333.4
7308	25887
7309	-3469.
7310	-1.0447e+006
7311	-1.0898e+006
7312	17956
7313	55715
7314	47177
7315	-2.1415e+005
7316	-1.2265e+006
7317	1.9929e+005
7318	44548
7319	-1.1874e+005
7320	-80977
7321	71138
7322	-1.166e+006
7323	-1.3005e+006
7324	-29439
7325	-1.5496e+005
7326	26437
7327	-8.0673e+005
7328	-8.4051e+005
7329	3.2983e+005
7330	3.4221e+005
7331	-2.0266e+005
7332	-1.2445e+006
7333	5.0456e+005
7334	1.6596e+005
7335	-74140
7336	-61766
7337	1.0217e+005
7338	-9.0783e+005
7339	-1.0696e+006
7340	3.4084e+005
7341	1.2223e+005
7342	-7.7786e+005
7343	4.708e+005
7344	34839
7345	69570
7346	-8.8777e+005
7347	-9.3888e+005
7348	6.385e+005
7349	3.6089e+005
7350	-75070
7351	1.0197e+005
7352	-8.8163e+005
7353	6.9575e+005
7354	2.0941e+005
7355	-17824
7356	1.0284e+005
7357	3.6546e+005
7358	-7.9969e+005
7359	-9.0648e+005
7360	1.8456e+005
7361	77991
7362	3.2231e+005
7363	-5.1135e+005
7364	-6.8612e+005
7365	4.729e+005
7366	1.6788e+005
7367	-1.9721e+005
7368	-1.0176e+006
7369	1.5072e+005
7370	1.9202e+005
7371	1.4141e+005
7372	-1.6361e+005
7373	23110
7374	-1.2031e+006
7375	-1.2056e+006
7376	3995.8
7377	-3.5163e+005
7378	3.1911e+005
7379	-7.9473e+005
7380	-1.9714e+006
7381	4.1234e+005
7382	-3.4423e+005
7383	-6.9755e+007
7384	-5.871e+007
7385	-5.7731e+007
7386	-5.7891e+007
7387	-6.3439e+007
7388	-5.7018e+007
7389	-7.6908e+007
7390	-6.3544e+007
7391	-7.5303e+007
7392	-6.3704e+007
7393	-6.2832e+007
7394	-6.1562e+007
7395	-7.6261e+007
7396	-7.6642e+007
7397	-5.7829e+007
7398	-6.5044e+007
7399	-6.2826e+007
7400	-6.8754e+007
7401	-7.4656e+007
7402	-7.1142e+007
7403	-5.5842e+007
7404	-5.3779e+007
7405	-6.0839e+007
7406	-5.7475e+007
7407	-6.5622e+007
7408	-5.6253e+007
7409	-4.527e+007
7410	-4.8259e+007
7411	-4.8306e+007
7412	-4.5704e+007
7413	-4.5661e+007
7414	-5.0493e+007
7415	-3.951e+007
7416	-4.3289e+007
7417	-4.2547e+007
7418	-3.4211e+007
7419	-3.965e+007
7420	-3.3499e+007
7421	-3.364e+007
7422	-3.7278e+007
7423	-2.5583e+007
7424	-3.4168e+007
7425	-2.5665e+007
7426	-2.9194e+007
7427	-2.8158e+007
7428	-1.9789e+007
7429	-2.2519e+007
7430	-1.9e+007
7431	-2.1914e+007
7432	-2.5012e+007
7433	-1.4064e+007
7434	-1.4114e+007
7435	-1.6353e+007
7436	-1.9267e+007
7437	-1.7418e+007
7438	-1.4543e+007
7439	-9.3025e+006
7440	-1.1036e+007
7441	-8.9951e+006
7442	-1.434e+007
7443	-9.8673e+006
7444	-6.2148e+006
7445	-5.1061e+006
7446	-7.3112e+006
7447	-9.6241e+006
7448	-1.2656e+007
7449	-8.1834e+006
7450	-2.6259e+006
7451	-3.7022e+006
7452	-8.2202e+006
7453	-4.9433e+006
7454	-4.2314e+006
7455	-8.8314e+006
7456	-9.5358e+006
7457	-1.165e+007
7458	-1.5817e+006
7459	-8.6391e+006
7460	-1.1128e+007
7461	-1.06e+006
7462	-1.9572e+006
7463	-9.8066e+006
7464	-8.8765e+006
7465	-2.2866e+006
7466	-1.0443e+007
7467	-1.0136e+007
7468	-7.7003e+006
7469	-9.5134e+006
7470	-3.7548e+006
7471	-2.1946e+006
7472	-1.0351e+007
7473	-7.6083e+006
7474	-1.0791e+007
7475	-4.4837e+006
7476	-6.0452e+006
7477	-1.108e+007
7478	-1.1888e+007
7479	-8.3372e+006
7480	-1.2194e+007
7481	-6.5934e+006
7482	-1.2436e+007
7483	-1.4384e+007
7484	-9.709e+006
7485	-7.4485e+006
7486	-1.3908e+007
7487	-1.3291e+007
7488	-1.198e+007
7489	-1.7275e+007
7490	-1.1044e+007
7491	-1.336e+007
7492	-1.5242e+007
7493	-1.724e+007
7494	-1.3315e+007
7495	-2.0065e+007
7496	-1.4916e+007
7497	-1.8797e+007
7498	-2.1672e+007
7499	-1.6149e+007
7500	-2.2511e+007
7501	-2.003e+007
7502	-2.3991e+007
7503	-1.9659e+007
7504	-1.6524e+007
7505	-2.2885e+007
7506	-2.8088e+007
7507	-2.1603e+007
7508	-2.45e+007
7509	-2.4829e+007
7510	-2.3767e+007
7511	-3.1396e+007
7512	-2.6653e+007
7513	-2.5515e+007
7514	-2.6983e+007
7515	-2.5921e+007
7516	-3.3576e+007
7517	-3.1164e+007
7518	-2.7808e+007
7519	-2.6669e+007
7520	-3.1372e+007
7521	-2.7075e+007
7522	-3.6983e+007
7523	-3.2189e+007
7524	-3.5106e+007
7525	-3.2398e+007
7526	-3.2914e+007
7527	-4.029e+007
7528	-3.7488e+007
7529	-3.478e+007
7530	-3.5296e+007
7531	-4.218e+007
7532	-4.2617e+007
7533	-3.8412e+007
7534	-3.2918e+007
7535	-3.5704e+007
7536	-3.7826e+007
7537	-3.622e+007
7538	-4.4562e+007
7539	-4.3583e+007
7540	-3.8792e+007
7541	-4.676e+007
7542	-4.5e+007
7543	-4.8996e+007
7544	-4.0209e+007
7545	-4.8525e+007
7546	-4.9776e+007
7547	-3.6804e+007
7548	-4.2263e+007
7549	-4.0989e+007
7550	-4.412e+007
7551	-5.0121e+007
7552	-5.4744e+007
7553	-5.0761e+007
7554	-4.3248e+007
7555	-4.5104e+007
7556	-5.126e+007
7557	-5.5356e+007
7558	-4.3859e+007
7559	-4.4221e+007
7560	-4.5716e+007
7561	-5.2174e+007
7562	-5.5883e+007
7563	-5.834e+007
7564	-4.4748e+007
7565	-5.2452e+007
7566	-5.8728e+007
7567	-4.5136e+007
7568	-5.2348e+007
7569	-5.9411e+007
7570	-5.8617e+007
7571	-3.9042e+007
7572	-4.432e+007
7573	-4.5026e+007
7574	-4.5014e+007
7575	-5.241e+007
7576	-5.9418e+007
7577	-4.4326e+007
7578	-5.1622e+007
7579	-5.9473e+007
7580	-5.9885e+007
7581	-4.4382e+007
7582	-4.7652e+007
7583	-5.0854e+007
7584	-5.9041e+007
7585	-3.7485e+007
7586	-4.3538e+007
7587	-4.6809e+007
7588	-5.037e+007
7589	-5.8681e+007
7590	-5.9117e+007
7591	-3.7562e+007
7592	-4.2749e+007
7593	-4.6885e+007
7594	-4.9213e+007
7595	-4.9753e+007
7596	-5.8119e+007
7597	-4.2188e+007
7598	-4.9563e+007
7599	-5.8064e+007
7600	-5.7956e+007
7601	-4.2472e+007
7602	-4.2132e+007
7603	-4.5261e+007
7604	-4.9758e+007
7605	-5.7822e+007
7606	-4.2337e+007
7607	-5.1141e+007
7608	-5.7196e+007
7609	-5.8151e+007
7610	-4.3618e+007
7611	-4.2667e+007
7612	-5.2836e+007
7613	-5.8249e+007
7614	-5.7565e+007
7615	-4.4671e+007
7616	-5.1144e+007
7617	-5.2499e+007
7618	-5.8207e+007
7619	-4.5313e+007
7620	-5.1787e+007
7621	-4.6572e+006
7622	-4.5419e+006
7623	-5.4953e+006
7624	-1.0411e+006
7625	-1.1481e+006
7626	-3.0272e+006
7627	-4.851e+006
7628	-5.6447e+006
7629	-1.1904e+006
7630	-2.8831e+006
7631	-3.4221e+006
7632	-4.0347e+006
7633	-5.6891e+006
7634	-4.8389e+006
7635	-2.9276e+006
7636	-3.4666e+006
7637	-2.5301e+006
7638	-3.9781e+006
7639	-2.4414e+006
7640	-2.1302e+006
7641	-2.0668e+006
7642	-2.463e+006
7643	-1.5712e+006
7644	-1.1097e+006
7645	-1.7976e+006
7646	-1.4864e+006
7647	-2.0349e+006
7648	-1.8192e+006
7649	-1.2413e+006
7650	-7.9464e+005
7651	-1.4308e+006
7652	-1.1713e+006
7653	-1.7199e+006
7654	-1.4705e+006
7655	-7.7982e+005
7656	-1.5587e+006
7657	-8.8806e+005
7658	-1.416e+006
7659	-8.8595e+005
7660	-1.7051e+006
7661	-1.8206e+006
7662	-2.7899e+006
7663	-1.8027e+006
7664	-2.6398e+006
7665	-1.1299e+006
7666	-2.4645e+006
7667	-5.5406e+006
7668	-5.5482e+006
7669	-3.7152e+006
7670	-2.2053e+006
7671	-2.0276e+006
7672	-3.5399e+006
7673	-8.2945e+006
7674	-7.2236e+006
7675	-8.8857e+006
7676	-3.703e+006
7677	-9.5457e+006
7678	-1.1908e+007
7679	-9.9642e+006
7680	-1.9041e+006
7681	-4.7815e+006
7682	-6.9956e+006
7683	-1.1833e+007
7684	-1.208e+007
7685	-2.0769e+006
7686	-1.7644e+006
7687	-7.1683e+006
7688	-7.1665e+006
7689	-3.9458e+006
7690	-8.9217e+006
7691	-1.0444e+007
7692	-6.4466e+006
7693	-4.2889e+006
7694	-4.9717e+006
7695	-4.6747e+006
7696	-5.6542e+006
7697	-3.1064e+006
7698	-3.9752e+006
7699	-9.6044e+006
7700	-5.0502e+006
7701	-5.6073e+006
7702	-4.1323e+006
7703	-3.1662e+006
7704	-3.8353e+006
7705	-3.3644e+006
7706	-3.3022e+006
7707	-4.8815e+006
7708	-8.9315e+006
7709	-7.9755e+006
7710	-6.512e+006
7711	-4.3773e+006
7712	-2.4933e+006
7713	-1.2745e+006
7714	-3.2647e+006
7715	-4.8951e+006
7716	-2.7604e+006
7717	-7.6945e+005
7718	-2.6651e+006
7719	-8.7646e+005
7720	-6.5995e+005
7721	-2.3286e+006
7722	-6.6205e+005
7723	-2.7916e+006
7724	-4.3609e+006
7725	-4.6349e+006
7726	-4.4221e+006
7727	-2.2144e+006
7728	-2.9635e+005
7729	-2.192e+006
7730	-1.8685e+005
7731	-1.8555e+006
7732	-1.3534e+005
7733	-5.1513e+006
7734	-4.2216e+006
7735	-4.4956e+006
7736	-3.3898e+006
7737	-65672
7738	-2.7098e+006
7739	-2.0751e+006
7740	-6.7049e+005
7741	-2.0526e+006
7742	-47489
7743	-1.4966e+006
7744	41895
7745	-4.7639e+006
7746	-7.1679e+006
7747	-3.0025e+006
7748	-2.3225e+006
7749	-2.8315e+005
7750	-1.1093e+006
7751	1.2061e+006
7752	-7.3578e+006
7753	-7.378e+006
7754	-3.4888e+006
7755	-3.2126e+006
7756	-2.6818e+006
7757	-2.5326e+006
7758	-1.5832e+006
7759	-9.2461e+005
7760	-4.9326e+005
7761	-1.3194e+006
7762	5.6859e+005
7763	-5.9835e+006
7764	-2.1145e+006
7765	-1.3075e+006
7766	4.4969e+005
7767	-7.9953e+006
7768	-1.0175e+007
7769	-4.1263e+006
7770	-3.3193e+006
7771	-1.5621e+006
7772	-5.4166e+006
7773	42916
7774	-4.8617e+006
7775	-7.545e+005
7776	-4.3573e+005
7777	6.1509e+005
7778	-1.3206e+006
7779	-2.2886e+005
7780	-6.1462e+005
7781	76893
7782	-5.0704e+005
7783	1.8242e+005
7784	5.4378e+005
7785	-5.7416e+005
7786	-1.3919e+006
7787	-3.0017e+005
7788	-1.2587e+006
7789	1.9447e+005
7790	-7.7679e+005
7791	-4.0176e+005
7792	-7.9418e+005
7793	2.877e+005
7794	-4.6887e+005
7795	-1.1534e+006
7796	-7.645e+005
7797	-2.0838e+006
7798	3.e+005
7799	-4.5658e+005
7800	-2.1917e+006
7801	-1.1411e+006
7802	3.7851e+006
7803	1.5373e+006
7804	5.8112e+006
7805	-1.9791e+006
7806	2.0542e+006
7807	3.4869e+006
7808	2.8529e+006
7809	2.6891e+006
7810	7.3831e+005
7811	-2.7781e+006
7812	-5.0891e+006
7813	1.3837e+006
7814	1.2552e+006
7815	2.6879e+006
7816	1.5122e+005
7817	1.9425e+006
7818	-5.3862e+006
7819	1.0867e+006
7820	8.979e+005
7821	2.3909e+006
7822	-1.4581e+005
7823	1.7967e+006
7824	1.6142e+006
7825	-5.8358e+006
7826	6.3709e+005
7827	7.2495e+005
7828	4.4828e+005
7829	1.3898e+006
7830	-1.4219e+006
7831	-5.9544e+005
7832	1.3471e+006
7833	2.0045e+006
7834	-7.6413e+006
7835	-5.7144e+006
7836	8.4635e+005
7837	1.5112e+006
7838	-1.3005e+006
7839	2.3365e+006
7840	-7.3724e+006
7841	1.1152e+006
7842	1.3806e+006
7843	1.7801e+006
7844	-1.0317e+006
7845	1.8856e+006
7846	-7.3092e+006
7847	-8.1302e+006
7848	1.4438e+006
7849	9.3555e+005
7850	1.8432e+006
7851	-9.6849e+005
7852	8.8725e+005
7853	-8.3395e+006
7854	-8.6444e+006
7855	9.297e+005
7856	4.2142e+005
7857	-1.5567e+006
7858	-1.4826e+006
7859	1.3943e+006
7860	6.7345e+005
7861	-8.8237e+006
7862	97575
7863	4.4549e+005
7864	2.471e+005
7865	-62789
7866	6.1482e+005
7867	-2.0409e+006
7868	-8.4687e+005
7869	9.1004e+005
7870	-4.3734e+005
7871	3.7486e+006
7872	-8.5533e+006
7873	-1.0392e+007
7874	5.1751e+005
7875	8.8523e+005
7876	-1.7705e+006
7877	-5.7646e+005
7878	-2.5995e+006
7879	4.82e+006
7880	-4.8824e+006
7881	-7.587e+006
7882	3.3222e+006
7883	3.69e+006
7884	2.0519e+005
7885	3.1892e+006
7886	-6.6156e+006
7887	1.4385e+006
7888	1.5655e+006
7889	1.589e+006
7890	1.9567e+006
7891	-1.6571e+006
7892	2.2645e+006
7893	2.8179e+005
7894	-1.5281e+006
7895	1.898e+006
7896	-1.0369e+007
7897	-6.5132e+006
7898	1.6679e+006
7899	-1.5547e+006
7900	2.3669e+006
7901	3.842e+005
7902	2.9235e+006
7903	2.8001e+006
7904	-9.7218e+006
7905	-1.1763e+007
7906	2.7429e+005
7907	-2.9483e+006
7908	-1.0094e+006
7909	-3.6731e+006
7910	1.5299e+006
7911	-5.318e+006
7912	4.7146e+006
7913	-7.4261e+006
7914	2.3819e+006
7915	2.8112e+006
7916	2.57e+006
7917	-1.3774e+006
7918	3.8256e+006
7919	5.4274e+005
7920	-7.8073e+006
7921	2.43e+006
7922	2.2572e+006
7923	-1.7585e+006
7924	3.4444e+006
7925	-4.4031e+006
7926	-1.1598e+007
7927	-1.889e+007
7928	-1.3608e+006
7929	3.9158e+005
7930	-1.5335e+006
7931	-3.4369e+006
7932	-5.5493e+006
7933	-8.2204e+006
7934	-5.8536e+006
7935	-2.0045e+007
7936	-1.9745e+007
7937	-2.7039e+006
7938	-2.5159e+006
7939	-2.8808e+006
7940	-7.6354e+005
7941	-2.3653e+006
7942	-2.6887e+006
7943	-4.592e+006
7944	-6.2369e+006
7945	-9.3755e+006
7946	-7.6829e+006
7947	-2.0041e+007
7948	-3.1762e+006
7949	-2.6607e+006
7950	-4.8874e+006
7951	-6.5323e+006
7952	-1.3338e+007
7953	-2.288e+007
7954	-2.1575e+007
7955	-4.0304e+006
7956	-4.7101e+006
7957	-4.1946e+006
7958	-6.4529e+006
7959	-6.4213e+006
7960	-8.0662e+006
7961	-1.5481e+007
7962	-2.7001e+007
7963	-2.3459e+007
7964	-8.1513e+006
7965	-1.0574e+007
7966	-1.2697e+007
7967	-1.2187e+007
7968	-1.5501e+007
7969	-1.4072e+007
7970	-2.1482e+007
7971	-6.1736e+006
7972	-8.596e+006
7973	-6.8401e+006
7974	-1.0719e+007
7975	-8.274e+006
7976	-1.7191e+007
7977	-2.205e+007
7978	-2.3834e+007
7979	-7.0506e+006
7980	-5.8997e+006
7981	-6.742e+006
7982	-7.4085e+006
7983	-1.1288e+007
7984	-1.4092e+007
7985	-8.5263e+006
7986	-8.8425e+006
7987	-2.0702e+007
7988	-2.6385e+007
7989	-8.4504e+006
7990	-1.334e+007
7991	-1.3839e+007
7992	-1.2521e+007
7993	-1.6642e+007
7994	-1.1077e+007
7995	-1.1393e+007
7996	-2.07e+007
7997	-2.7133e+007
7998	-2.7345e+007
7999	-9.4105e+006
8000	-1.43e+007
8001	-1.3482e+007
8002	-1.2037e+007
8003	-2.0527e+007
8004	-2.6171e+007
8005	-2.5922e+007
8006	-9.1757e+006
8007	-8.4487e+006
8008	-1.0321e+007
8009	-1.3338e+007
8010	-1.252e+007
8011	-1.1075e+007
8012	-1.8089e+007
8013	-1.3373e+007
8014	-2.1529e+007
8015	-2.4936e+007
8016	-2.6711e+007
8017	-9.9645e+006
8018	-9.9363e+006
8019	-1.111e+007
8020	-1.8878e+007
8021	-1.4162e+007
8022	-2.3976e+007
8023	-2.5149e+007
8024	-1.015e+007
8025	-1.1323e+007
8026	-1.3205e+007
8027	-1.3567e+007
8028	-1.9091e+007
8029	-1.4375e+007
8030	-2.2839e+007
8031	-2.7383e+007
8032	-2.6043e+007
8033	-1.2384e+007
8034	-1.5439e+007
8035	-1.5802e+007
8036	-1.7956e+007
8037	-2.1325e+007
8038	-1.9985e+007
8039	-2.2222e+007
8040	-2.2672e+007
8041	-9.1019e+006
8042	-8.8435e+006
8043	-9.0127e+006
8044	-1.2068e+007
8045	-1.1816e+007
8046	-1.2431e+007
8047	-1.4585e+007
8048	-1.9252e+007
8049	-2.2739e+007
8050	-2.1316e+007
8051	-9.3599e+006
8052	-1.1355e+007
8053	-1.2584e+007
8054	-1.2332e+007
8055	-1.5102e+007
8056	-1.7032e+007
8057	-2.0067e+007
8058	-8.1956e+006
8059	-8.1108e+006
8060	-1.2141e+007
8061	-1.0105e+007
8062	-1.1083e+007
8063	-1.3853e+007
8064	-1.522e+007
8065	-1.7219e+007
8066	-1.9096e+007
8067	-7.2248e+006
8068	-1.117e+007
8069	-8.7583e+006
8070	-9.1346e+006
8071	-1.0112e+007
8072	-9.6673e+006
8073	-1.2108e+007
8074	-1.6377e+007
8075	-6.3833e+006
8076	-6.6313e+006
8077	-1.0328e+007
8078	-7.9168e+006
8079	-9.633e+006
8080	-8.8258e+006
8081	-1.136e+007
8082	-1.4107e+007
8083	-4.3608e+006
8084	-5.6463e+006
8085	-7.3625e+006
8086	-5.2047e+006
8087	-5.8875e+006
8088	-6.5553e+006
8089	-7.7266e+005
8090	2.7644e+006
8091	-1.6114e+006
8092	-8.6411e+005
8093	-6.0264e+005
8094	4.4008e+005
8095	-1.2777e+006
8096	-1.924e+005
8097	-8.7452e+005
8098	-1.211e+006
8099	-7.6487e+005
8100	20497
8101	-1.2722e+005
8102	1.3425e+005
8103	-5.4076e+005
8104	-3.9495e+005
8105	-1.3676e+006
8106	-1.3613e+005
8107	-22378
8108	-2.0005e+006
8109	-6.9739e+005
8110	-1.5172e+006
8111	-1.4135e+006
8112	-2.7583e+006
8113	-1.5653e+006
8114	-1.8206e+005
8115	-68306
8116	-2.0464e+006
8117	-3.2096e+005
8118	-1.6927e+007
8119	-2.0678e+007
8120	-2.1373e+007
8121	-2.136e+007
8122	-2.5499e+007
8123	-1.3431e+007
8124	-1.8604e+007
8125	-1.3114e+007
8126	-1.1306e+007
8127	-1.7674e+007
8128	-1.1096e+007
8129	-1.3231e+007
8130	-1.8008e+007
8131	-2.1058e+007
8132	-1.869e+007
8133	-1.0761e+007
8134	-1.5934e+007
8135	-1.0444e+007
8136	-9.2131e+006
8137	-2.0032e+007
8138	-2.6371e+007
8139	-1.7664e+007
8140	-9.7356e+006
8141	-1.4712e+007
8142	-9.4179e+006
8143	-7.3206e+006
8144	-3.3925e+006
8145	-1.6934e+007
8146	-2.3379e+007
8147	-1.4672e+007
8148	-9.9928e+006
8149	-6.7434e+006
8150	-1.172e+007
8151	-4.4241e+006
8152	-1.1191e+007
8153	-4.3284e+006
8154	1.3497e+006
8155	-1.4106e+007
8156	-7.1645e+006
8157	-1.5957e+006
8158	-8.3622e+006
8159	-1.5001e+006
8160	-2.5347e+006
8161	4.5362e+006
8162	-1.2192e+007
8163	-1.1178e+007
8164	-5.2506e+006
8165	-3.5052e+006
8166	3.1812e+005
8167	-6.4484e+006
8168	-6.2088e+005
8169	5.2009e+006
8170	-9.9056e+006
8171	-1.7191e+006
8172	-3.9779e+006
8173	-2.2325e+006
8174	1.5908e+006
8175	2.5036e+006
8176	2.738e+006
8177	6.5184e+005
8178	6.437e+006
8179	-1.0514e+007
8180	-5.6317e+006
8181	-1.0665e+007
8182	-2.3271e+006
8183	-2.8405e+006
8184	-3.5398e+006
8185	1.8955e+006
8186	2.1299e+006
8187	9.3673e+005
8188	8.5669e+006
8189	-3.7876e+006
8190	-4.8302e+005
8191	4.8233e+006
8192	3.7396e+006
8193	3.7511e+006
8194	3.974e+006
8195	2.7808e+006
8196	9.7464e+006
8197	-3.5018e+006
8198	4.4962e+005
8199	-2.1036e+006
8200	-1.9713e+005
8201	-8.0598e+005
8202	5.1092e+006
8203	4.037e+006
8204	4.4089e+006
8205	3.0667e+006
8206	8.9667e+006
8207	1.3432e+006
8208	2.733e+006
8209	87637
8210	6.0028e+006
8211	7.5643e+006
8212	4.9306e+006
8213	5.3025e+006
8214	7.1658e+006
8215	2.79e+006
8216	1.0596e+006
8217	-6.2451e+005
8218	-1.5858e+006
8219	2.4339e+006
8220	4.2075e+006
8221	5.8909e+006
8222	3.2572e+006
8223	4.881e+006
8224	2.6625e+006
8225	-7.5199e+005
8226	2.3064e+006
8227	4.714e+006
8228	4.08e+006
8229	4.7535e+006
8230	2.9963e+006
8231	-2.7114e+007
8232	-2.2455e+007
8233	-2.4809e+007
8234	-3.2448e+007
8235	-2.1008e+007
8236	-1.9686e+007
8237	-2.7111e+007
8238	-1.8755e+007
8239	-3.7817e+007
8240	-3.7803e+007
8241	-2.6363e+007
8242	-3.2466e+007
8243	-4.7343e+007
8244	-5.9102e+007
8245	-4.3152e+007
8246	-5.3306e+007
8247	-3.1712e+007
8248	-4.0157e+007
8249	-4.6631e+007
8250	-3.7815e+007
8251	-4.5361e+007
8252	-6.3279e+007
8253	-4.4334e+007
8254	-5.0807e+007
8255	-4.9537e+007
8256	7.12e+006
8257	-2.5795e+005
8258	6.6785e+006
8259	1.0181e+007
8260	9.83e+006
8261	2.6563e+006
8262	6.2031e+006
8263	5.6822e+006
8264	1.9735e+006
8265	1.1477e+006
8266	4.5967e+006
8267	7.902e+006
8268	-21501
8269	1.0066e+007
8270	-6.2544e+005
8271	6.4396e+006
8272	2.21e+006
8273	4.8332e+006
8274	7.3274e+006
8275	1.0927e+007
8276	1.0612e+007
8277	-79864
8278	2.9722e+006
8279	6.9852e+006
8280	7.3332e+006
8281	4.2726e+006
8282	2.7556e+006
8283	5.3788e+006
8284	7.2202e+006
8285	9.8073e+006
8286	-1.2255e+006
8287	-1.2001e+006
8288	1.852e+006
8289	6.213e+006
8290	3.1524e+006
8291	4.3313e+006
8292	7.2354e+006
8293	1.082e+007
8294	1.1261e+007
8295	-2.1246e+005
8296	2.865e+006
8297	7.226e+006
8298	5.3443e+006
8299	8.6945e+006
8300	1.0263e+007
8301	-1.2102e+006
8302	-1.4171e+006
8303	8.0218e+006
8304	1.8672e+006
8305	1.1474e+005
8306	2.4701e+006
8307	6.2282e+006
8308	4.3465e+006
8309	1.0504e+007
8310	1.272e+007
8311	1.2863e+007
8312	1.0399e+006
8313	7.8575e+005
8314	1.0479e+007
8315	4.9271e+006
8316	1.2605e+007
8317	1.2216e+007
8318	1.3865e+005
8319	9.8316e+006
8320	4.28e+006
8321	4.7793e+006
8322	1.2679e+007
8323	1.5081e+007
8324	1.4963e+007
8325	2.8859e+006
8326	1.2579e+007
8327	1.312e+007
8328	7.5266e+006
8329	1.1786e+007
8330	1.2408e+007
8331	-3.5518e+006
8332	2.1279e+005
8333	5.9484e+006
8334	1.0447e+007
8335	4.8534e+006
8336	1.5247e+006
8337	1.2748e+007
8338	1.4189e+007
8339	1.4146e+007
8340	-1.7711e+006
8341	7.4821e+005
8342	7.7292e+006
8343	1.1941e+007
8344	1.2227e+007
8345	3.3054e+006
8346	1.3059e+007
8347	1.3328e+007
8348	-70385
8349	6.9106e+006
8350	1.1122e+007
8351	4.2912e+006
8352	2.4868e+006
8353	1.1651e+007
8354	1.4457e+007
8355	1.2533e+007
8356	-3.3004e+006
8357	1.0584e+006
8358	1.2271e+007
8359	1.0591e+007
8360	8.0393e+006
8361	1.2251e+007
8362	1.1143e+007
8363	5.42e+006
8364	6.7571e+006
8365	1.1497e+007
8366	9.9972e+006
8367	-5.8362e+006
8368	-2.0053e+006
8369	9.7352e+006
8370	-2.0038e+006
8371	2.8842e+006
8372	4.2213e+006
8373	1.3883e+007
8374	8.1543e+006
8375	1.2378e+007
8376	3.7578e+005
8377	1.2116e+007
8378	3.7721e+005
8379	6.2594e+006
8380	6.6023e+006
8381	1.1835e+007
8382	1.314e+007
8383	8.16e+006
8384	3.815e+005
8385	1.0808e+007
8386	1.2394e+006
8387	9.5692e+006
8388	6.2652e+006
8389	1.1841e+007
8390	1.224e+007
8391	7.4108e+006
8392	2.095e+006
8393	-6.1154e+006
8394	-3.6767e+005
8395	-1.5244e+006
8396	1.0059e+007
8397	4.9023e+005
8398	8.82e+006
8399	1.3011e+007
8400	1.9443e+006
8401	-1.6751e+006
8402	9.9084e+006
8403	7.7322e+006
8404	3.3957e+005
8405	8.6693e+006
8406	4.3109e+006
8407	1.1792e+007
8408	1.935e+005
8409	2.8655e+006
8410	-7.5393e+005
8411	1.083e+007
8412	7.7783e+006
8413	9.4178e+006
8414	5.2321e+006
8415	9.6175e+006
8416	-1.9461e+006
8417	-8.2074e+006
8418	-2.8704e+006
8419	-2.8935e+006
8420	1.619e+006
8421	7.2116e+006
8422	5.6388e+006
8423	7.2782e+006
8424	3.0925e+006
8425	8.6107e+006
8426	-1.9813e+006
8427	-3.8757e+006
8428	-2.9057e+006
8429	1.5838e+006
8430	7.1764e+006
8431	6.9106e+006
8432	2.5351e+006
8433	-4.8472e+006
8434	-3.8772e+006
8435	-4.073e+006
8436	-1.0473e+006
8437	6.1225e+005
8438	5.9391e+006
8439	-3.6535e+006
8440	-2.0245e+007
8441	-1.8679e+007
8442	-9.9513e+006
8443	-9.1771e+006
8444	-7.2093e+005
8445	-6.1514e+006
8446	3.5333e+006
8447	8.3498e+005
8448	-5.4957e+006
8449	-1.9764e+007
8450	-1.0262e+007
8451	-1.8055e+006
8452	-7.236e+006
8453	-2.4958e+005
8454	1.5807e+006
8455	-1.0575e+007
8456	-2.3107e+007
8457	-2.0521e+007
8458	-1.5998e+007
8459	-1.0563e+007
8460	-1.1019e+007
8461	-2.5631e+006
8462	-7.9936e+006
8463	-2.197e+007
8464	-5.8768e+006
8465	8.2314e+005
8466	-1.3731e+007
8467	-2.7429e+007
8468	-2.9891e+007
8469	-1.4884e+007
8470	-6.8849e+006
8471	-9.4195e+006
8472	-1.0199e+007
8473	-1.0507e+007
8474	-3.4987e+006
8475	-1.2993e+007
8476	-2.8725e+007
8477	-2.5845e+007
8478	-1.3718e+007
8479	-8.2533e+006
8480	-9.0325e+006
8481	-1.5638e+007
8482	-1.5756e+007
8483	-2.6273e+007
8484	-1.8807e+007
8485	-1.4146e+007
8486	-8.6815e+006
8487	-5.7414e+006
8488	-1.6066e+007
8489	-1.9175e+007
8490	-3.0939e+007
8491	-2.8608e+007
8492	-2.1142e+007
8493	-1.6491e+007
8494	-1.1016e+007
8495	-1.9283e+007
8496	-1.4639e+007
8497	-8.0763e+006
8498	-1.8401e+007
8499	-1.3394e+007
8500	-2.0074e+007
8501	-3.2023e+007
8502	-1.7575e+007
8503	-2.0367e+007
8504	-1.5724e+007
8505	-1.4478e+007
8506	-2.3414e+007
8507	-3.1838e+007
8508	-2.9745e+007
8509	-1.6105e+007
8510	-1.739e+007
8511	-1.7767e+007
8512	-2.0183e+007
8513	-1.5539e+007
8514	-1.4293e+007
8515	-2.491e+007
8516	-3.1968e+007
8517	-3.3269e+007
8518	-1.9629e+007
8519	-2.1291e+007
8520	-1.9063e+007
8521	-1.6368e+007
8522	-1.7817e+007
8523	-2.2332e+007
8524	-2.5691e+007
8525	-2.994e+007
8526	-2.157e+007
8527	-1.7602e+007
8528	-1.9263e+007
8529	-1.4341e+007
8530	-1.9317e+007
8531	-2.0304e+007
8532	-2.5824e+007
8533	-3.2748e+007
8534	-2.995e+007
8535	-2.4378e+007
8536	-1.7105e+007
8537	-1.7149e+007
8538	-2.2125e+007
8539	-2.3112e+007
8540	-2.7275e+007
8541	-2.1703e+007
8542	-1.443e+007
8543	-1.4475e+007
8544	-1.3082e+007
8545	-1.945e+007
8546	-1.2873e+007
8547	-9.0962e+006
8548	-4.6296e+005
8549	-7.4486e+006
8550	-8.0034e+006
8551	-5.168e+006
8552	-5.9938e+006
8553	-1.1595e+007
8554	-9.1454e+006
8555	-1.1857e+007
8556	-1.0306e+007
8557	-9.7001e+006
8558	-7.3722e+006
8559	-7.3137e+006
8560	-7.5471e+006
8561	-6.8647e+006
8562	-7.6906e+006
8563	-1.3173e+007
8564	-1.2659e+007
8565	-1.0503e+007
8566	-1.1851e+007
8567	-8.1161e+006
8568	-8.3496e+006
8569	-1.4195e+007
8570	-1.3434e+007
8571	-3.8788e+006
8572	-1.2625e+007
8573	-9.2828e+006
8574	-9.1244e+006
8575	9.1591e+006
8576	3.3735e+006
8577	9.5857e+006
8578	9.1325e+006
8579	7.3465e+006
8580	5.8141e+006
8581	5.2134e+006
8582	9.9885e+006
8583	2.7866e+006
8584	2.778e+006
8585	8.5456e+006
8586	9.7755e+006
8587	3.8166e+006
8588	6.7596e+006
8589	4.9615e+006
8590	5.2272e+006
8591	5.5526e+006
8592	4.6265e+006
8593	1.2168e+007
8594	4.1943e+006
8595	3.1849e+006
8596	1.1192e+007
8597	6.3778e+006
8598	6.9688e+006
8599	1.4069e+007
8600	5.1513e+006
8601	3.9479e+006
8602	1.1955e+007
8603	9.4968e+006
8604	8.2929e+006
8605	7.1408e+006
8606	8.6044e+006
8607	7.7318e+006
8608	1.458e+007
8609	6.29e+006
8610	1.3093e+007
8611	1.399e+007
8612	1.0636e+007
8613	9.4317e+006
8614	9.7431e+006
8615	9.4926e+006
8616	1.5642e+007
8617	5.6617e+006
8618	6.0974e+006
8619	1.3361e+007
8620	8.1395e+006
8621	8.2551e+006
8622	9.1148e+006
8623	8.9697e+006
8624	1.1419e+007
8625	8.8643e+006
8626	1.5674e+007
8627	7.7875e+006
8628	1.4419e+007
8629	1.5051e+007
8630	9.9452e+006
8631	1.066e+007
8632	1.3109e+007
8633	1.5211e+007
8634	6.1299e+006
8635	5.7888e+006
8636	6.7366e+006
8637	1.2761e+007
8638	1.4717e+007
8639	9.5157e+006
8640	8.2876e+006
8641	9.0022e+006
8642	1.1452e+007
8643	8.5414e+006
8644	6.7316e+006
8645	1.4183e+007
8646	6.9834e+006
8647	1.5911e+007
8648	1.071e+007
8649	9.8413e+006
8650	1.0197e+007
8651	9.736e+006
8652	1.2606e+007
8653	4.7602e+006
8654	3.6576e+006
8655	4.3515e+006
8656	1.3688e+007
8657	6.2946e+006
8658	5.1243e+006
8659	7.618e+006
8660	7.5128e+006
8661	1.2917e+007
8662	4.3043e+006
8663	2.8634e+006
8664	1.3366e+007
8665	1.4335e+007
8666	6.9412e+006
8667	1.0875e+007
8668	5.3009e+006
8669	8.2647e+006
8670	7.752e+006
8671	9.5274e+006
8672	2.5418e+006
8673	2.5277e+006
8674	1.303e+007
8675	1.0539e+007
8676	4.9652e+006
8677	8.5311e+006
8678	7.4163e+006
8679	-5.1215e+005
8680	9.9764e+006
8681	2.4513e+006
8682	1.9112e+006
8683	5.4772e+006
8684	9.4264e+005
8685	-3.1784e+006
8686	3.2131e+006
8687	-3.0077e+006
8688	-3.9606e+006
8689	-2.1359e+006
8690	-1.9691e+006
8691	-1.1592e+006
8692	-3.8551e+006
8693	-4.14e+006
8694	-2.4287e+006
8695	-2.3153e+006
8696	-2.1484e+006
8697	-2.1064e+006
8698	-3.5922e+006
8699	-4.4642e+006
8700	-5.4176e+006
8701	-4.6373e+006
8702	-5.1596e+006
8703	-2.926e+006
8704	-2.6038e+006
8705	-4.0895e+006
8706	-5.5293e+006
8707	-3.0377e+006
8708	-3.0612e+006
8709	-2.7155e+006
8710	-4.2012e+006
8711	-3.2822e+006
8712	-6.6938e+006
8713	-2.5701e+006
8714	-3.3394e+006
8715	-3.6368e+006
8716	-3.4092e+006
8717	-2.9165e+006
8718	-2.8108e+006
8719	-6.6394e+006
8720	-6.4543e+006
8721	-2.3306e+006
8722	-3.0999e+006
8723	-3.202e+006
8724	-3.1697e+006
8725	-2.677e+006
8726	-2.4759e+006
8727	-6.4075e+006
8728	-2.0988e+006
8729	-1.5251e+006
8730	-2.868e+006
8731	-2.9701e+006
8732	-2.398e+006
8733	-2.4451e+006
8734	-1.7066e+006
8735	-6.3044e+006
8736	-5.8246e+006
8737	-1.4219e+006
8738	-2.7649e+006
8739	-2.8667e+006
8740	-2.5721e+006
8741	-2.867e+006
8742	-2.2948e+006
8743	-1.9988e+006
8744	-4.8876e+005
8745	-4.1696e+006
8746	-5.1584e+006
8747	-7.558e+005
8748	-4.6906e+005
8749	-2.2006e+006
8750	-1.906e+006
8751	-1.3327e+006
8752	2.5502e+005
8753	-3.6179e+006
8754	82645
8755	-1.6489e+006
8756	-1.3543e+006
8757	-6.9666e+005
8758	-7.8095e+005
8759	1.0339e+006
8760	-3.4259e+006
8761	-2.3632e+006
8762	2.7471e+005
8763	-1.4568e+006
8764	-1.1326e+006
8765	-5.0459e+005
8766	1.6135e+006
8767	-3.6554e+005
8768	-1.7764e+006
8769	1.5442e+006
8770	8.6149e+005
8771	1.2437e+006
8772	1.8923e+005
8773	-5.4586e+005
8774	82189
8775	1.9671e+006
8776	-3.7265e+005
8777	1.2366e+006
8778	-7.0388e+005
8779	1.8213e+005
8780	-5.5297e+005
8781	-2.592e+005
8782	75084
8783	2.4024e+006
8784	-11962
8785	1.518e+006
8786	1.5973e+006
8787	5.4281e+005
8788	-1.9228e+005
8789	1.0148e+005
8790	5.7001e+005
8791	1.3453e+006
8792	2.7662e+006
8793	3.0912e+006
8794	1.5926e+006
8795	2.4829e+006
8796	1.7022e+006
8797	1.6719e+006
8798	-1.0197e+005
8799	-7.9438e+005
8800	1.7612e+005
8801	6.4465e+005
8802	1.4199e+006
8803	3.268e+006
8804	3.3803e+006
8805	1.9913e+006
8806	1.1937e+006
8807	1.8719e+005
8808	-5.0522e+005
8809	1.7091e+006
8810	3.3135e+006
8811	3.5929e+006
8812	4.6733e+006
8813	2.204e+006
8814	1.4063e+006
8815	3.998e+005
8816	-2.9261e+005
8817	8.972e+005
8818	2.833e+006
8819	3.1307e+006
8820	4.5061e+006
8821	3.1959e+006
8822	2.3136e+006
8823	2.0368e+006
8824	1.2392e+006
8825	7.3006e+005
8826	2.6659e+006
8827	3.2892e+006
8828	6.0792e+006
8829	4.4905e+006
8830	2.2979e+006
8831	1.2235e+006
8832	1.0245e+006
8833	5.4945e+005
8834	-1.192e+006
8835	7.1439e+005
8836	2.6502e+006
8837	-2.2735e+005
8838	2.7515e+006
8839	6.2534e+006
8840	6.7038e+006
8841	5.2865e+006
8842	2.4721e+006
8843	1.1987e+006
8844	7.2366e+005
8845	2.8244e+006
8846	2.6094e+006
8847	4.5745e+006
8848	2.7268e+006
8849	1.7602e+006
8850	1.5801e+006
8851	4.8678e+005
8852	11713
8853	1.8571e+005
8854	2.4055e+006
8855	6.1263e+006
8856	5.1443e+006
8857	2.1499e+006
8858	1.7071e+006
8859	1.0566e+006
8860	7.5554e+005
8861	3.0549e+006
8862	1.7992e+006
8863	5.3527e+006
8864	1.3395e+006
8865	1.3763e+006
8866	9.3342e+005
8867	-18134
8868	7.0686e+005
8869	1.7436e+006
8870	5.52e+006
8871	3.6798e+006
8872	1.5069e+006
8873	1.1008e+006
8874	-6.6403e+005
8875	3.753e+005
8876	1.4923e+005
8877	8.7423e+005
8878	1.8051e+006
8879	3.4568e+006
8880	1.2839e+006
8881	-8.8702e+005
8882	1.5231e+005
8883	6.889e+005
8884	1.612e+005
8885	6.5124e+005
8886	1.9762e+006
8887	4.9642e+006
8888	3.3365e+006
8889	3.7412e+006
8890	2.6024e+006
8891	1.5911e+006
8892	1.5683e+006
8893	-7.483e+005
8894	4.3675e+005
8895	5.481e+005
8896	9.7335e+005
8897	4.4565e+005
8898	2.3075e+006
8899	3.2233e+006
8900	1.4778e+006
8901	4.9213e+005
8902	-8.1883e+005
8903	4.3483e+005
8904	8.6008e+005
8905	3.3238e+005
8906	2.9577e+006
8907	3.7576e+006
8908	3.6678e+006
8909	1.9223e+006
8910	9.3664e+005
8911	-3.7432e+005
8912	5.747e+005
8913	8.7934e+005
8914	1.1803e+006
8915	2.4845e+006
8916	3.5487e+006
8917	3.9633e+006
8918	2.7627e+006
8919	2.128e+006
8920	7.8044e+005
8921	1.3861e+006
8922	4.4148e+006
8923	4.3485e+006
8924	4.3849e+006
8925	3.1479e+006
8926	2.391e+006
8927	1.1656e+006
8928	1.7713e+006
8929	1.3922e+006
8930	5.6053e+006
8931	4.8658e+006
8932	2.872e+006
8933	1.5562e+006
8934	1.6466e+006
8935	3.73e+006
8936	2.2522e+006
8937	1.8731e+006
8938	5.6716e+006
8939	5.7343e+006
8940	5.5754e+006
8941	3.5815e+006
8942	2.2658e+006
8943	4.4395e+006
8944	2.8332e+006
8945	2.5827e+006
8946	6.4893e+006
8947	5.091e+006
8948	3.2424e+006
8949	2.7866e+006
8950	2.9382e+006
8951	1.9297e+006
8952	1.6225e+006
8953	3.7963e+006
8954	2.1549e+006
8955	2.1899e+006
8956	2.2912e+006
8957	8.9046e+006
8958	6.552e+006
8959	7.1928e+006
8960	4.2476e+006
8961	4.9652e+006
8962	5.2572e+006
8963	3.6159e+006
8964	3.6509e+006
8965	4.9201e+006
8966	9.067e+006
8967	8.1472e+006
8968	5.2487e+006
8969	5.202e+006
8970	4.5702e+006
8971	5.8744e+006
8972	7.9965e+006
8973	7.7819e+006
8974	7.3552e+006
8975	4.4567e+006
8976	3.7732e+006
8977	3.7782e+006
8978	4.2622e+006
8979	5.0824e+006
8980	6.5147e+006
8981	8.5716e+006
8982	7.5034e+006
8983	4.1782e+006
8984	3.2226e+006
8985	3.4947e+006
8986	3.9837e+006
8987	4.1993e+006
8988	6.2361e+006
8989	8.9721e+006
8990	8.3571e+006
8991	4.0763e+006
8992	7.1861e+006
8993	4.8374e+006
8994	5.6537e+006
8995	5.053e+006
8996	7.0898e+006
8997	-2.3277e+008
8998	-1.53e+008
8999	-1.6961e+008
9000	-1.6435e+008
9001	-1.6926e+008
9002	-1.547e+008
9003	-1.7109e+008
9004	-1.2752e+008
9005	-2.4112e+008
9006	-1.5893e+008
9007	-1.539e+008
9008	-1.7555e+008
9009	-1.6982e+008
9010	-1.6177e+008
9011	-1.6064e+008
9012	-1.7703e+008
9013	-1.3346e+008
9014	-2.5537e+008
9015	-1.5631e+008
9016	-1.5547e+008
9017	-1.7224e+008
9018	-1.6446e+008
9019	-1.6418e+008
9020	-1.7045e+008
9021	-1.7945e+008
9022	-1.5409e+008
9023	-2.5688e+008
9024	-1.673e+008
9025	-1.5575e+008
9026	-1.9525e+008
9027	-2.1394e+008
9028	-1.8408e+008
9029	-1.7629e+008
9030	-1.7602e+008
9031	-1.8228e+008
9032	-1.5623e+008
9033	-2.702e+008
9034	-1.3942e+008
9035	-1.4542e+008
9036	-2.0361e+008
9037	-1.6596e+008
9038	-1.8215e+008
9039	-1.7195e+008
9040	-1.6284e+008
9041	-1.459e+008
9042	-1.6412e+008
9043	-2.8303e+008
9044	-1.6307e+008
9045	-1.4101e+008
9046	-2.1281e+008
9047	-2.2726e+008
9048	-2.0581e+008
9049	-1.8649e+008
9050	-1.8778e+008
9051	-2.8201e+008
9052	-1.4944e+008
9053	-1.3019e+008
9054	-2.0198e+008
9055	-1.7754e+008
9056	-1.9498e+008
9057	-1.7567e+008
9058	-1.942e+008
9059	-1.7696e+008
9060	-2.7738e+008
9061	-1.5924e+008
9062	-1.3537e+008
9063	-2.1179e+008
9064	-2.033e+008
9065	-1.8734e+008
9066	-1.9074e+008
9067	-2.04e+008
9068	-1.7864e+008
9069	-2.3938e+008
9070	-1.2325e+008
9071	-1.2094e+008
9072	-1.8226e+008
9073	-1.8887e+008
9074	-1.7291e+008
9075	-1.7631e+008
9076	-1.6421e+008
9077	-1.9538e+008
9078	-9.9678e+007
9079	-9.344e+007
9080	-1.5642e+008
9081	-1.5869e+008
9082	-1.4934e+008
9083	-1.5274e+008
9084	-1.3629e+008
9085	-1.3839e+008
9086	-1.4994e+008
9087	-1.721e+008
9088	-8.556e+007
9089	-7.3009e+007
9090	-1.3599e+008
9091	-9.2104e+007
9092	-1.323e+008
9093	-1.1796e+008
9094	-1.2951e+008
9095	-1.6609e+008
9096	-8.2711e+007
9097	-7.8936e+007
9098	-1.3314e+008
9099	-1.2858e+008
9100	-1.3771e+008
9101	-8.9255e+007
9102	-1.1176e+008
9103	-1.1511e+008
9104	-1.2479e+008
9105	-1.2666e+008
9106	-1.0304e+008
9107	-1.4271e+008
9108	-7.7154e+007
9109	-7.5777e+007
9110	-1.3455e+008
9111	-1.086e+008
9112	-1.2163e+008
9113	-9.9885e+007
9114	-9.8668e+007
9115	-5.6931e+007
9116	-6.191e+007
9117	-9.8815e+007
9118	-1.1433e+008
9119	-6.7017e+007
9120	-8.8381e+007
9121	-1.014e+008
9122	-7.735e+007
9123	-6.4791e+007
9124	-4.2214e+007
9125	-3.8091e+007
9126	-7.4997e+007
9127	-7.1768e+007
9128	-4.3199e+007
9129	-4.7206e+007
9130	-4.4528e+007
9131	-7.7585e+007
9132	-5.1606e+007
9133	-5.5424e+007
9134	-5.3532e+007
9135	-4.3635e+007
9136	-3.2156e+007
9137	-3.0851e+007
9138	-5.3258e+007
9139	-6.171e+007
9140	-3.7147e+007
9141	-3.4469e+007
9142	-4.1548e+007
9143	-2.0971e+007
9144	-2.0858e+007
9145	-1.9752e+007
9146	-4.216e+007
9147	-3.6314e+007
9148	-2.6049e+007
9149	-2.3371e+007
9150	-2.4138e+007
9151	-1.9564e+007
9152	-3.0449e+007
9153	-1.0751e+006
9154	-9.2933e+006
9155	-7.6354e+006
9156	-2.4749e+007
9157	-1.2573e+007
9158	-7.9988e+006
9159	-1.8884e+007
9160	-6.4964e+006
9161	1.2555e+007
9162	2.9315e+006
9163	6.9578e+005
9164	-6.9033e+006
9165	-1.6418e+007
9166	1.6982e+006
9167	-4.2416e+006
9168	3.3243e+005
9169	1.8348e+006
9170	2.4516e+007
9171	8.2305e+006
9172	1.0999e+007
9173	6.8779e+006
9174	4.9621e+006
9175	-1.6043e+006
9176	1.6345e+007
9177	6.9972e+006
9178	5.6314e+006
9179	9.0075e+006
9180	7.1337e+006
9181	1.7661e+007
9182	1.1624e+007
9183	2.3007e+007
9184	1.567e+007
9185	2.0715e+007
9186	1.3796e+007
9187	-7.6768e+007
9188	-5.1885e+007
9189	-5.443e+007
9190	-6.2102e+007
9191	-6.3924e+007
9192	-7.7831e+007
9193	-5.4942e+007
9194	-5.4583e+007
9195	-6.5158e+007
9196	-7.5106e+007
9197	-4.9702e+007
9198	-5.259e+007
9199	-5.7752e+007
9200	-6.3165e+007
9201	-7.2262e+007
9202	-4.897e+007
9203	-5.5436e+007
9204	-5.702e+007
9205	-4.8943e+007
9206	-6.932e+007
9207	-4.6858e+007
9208	-4.1146e+007
9209	-4.7861e+007
9210	-5.3324e+007
9211	-4.6831e+007
9212	-5.9253e+007
9213	-4.0316e+007
9214	-4.6001e+007
9215	-5.254e+007
9216	-3.1079e+007
9217	-2.6408e+007
9218	-3.0772e+007
9219	-2.9875e+007
9220	-3.6765e+007
9221	-5.3473e+007
9222	-2.8932e+007
9223	-3.2398e+007
9224	-3.4445e+007
9225	-4.9352e+007
9226	-2.7341e+007
9227	-2.2804e+007
9228	-2.5726e+007
9229	-3.2855e+007
9230	-4.1234e+007
9231	-2.0274e+007
9232	-2.4009e+007
9233	-3.0324e+007
9234	-3.4742e+007
9235	-1.4686e+007
9236	-1.5393e+007
9237	-1.6526e+007
9238	-1.8421e+007
9239	-2.1326e+007
9240	-2.704e+007
9241	-1.4488e+007
9242	-2.0421e+007
9243	-1.6604e+007
9244	-7.6906e+006
9245	-1.0288e+007
9246	-1.0344e+007
9247	-1.0351e+007
9248	-1.3624e+007
9249	-8.8349e+006
9250	-6.6494e+006
9251	-6.7122e+006
9252	-7.8597e+006
9253	29376
9254	-2.5192e+006
9255	-1.8904e+006
9256	-3.1251e+006
9257	-3.7295e+006
9258	9.7023e+006
9259	2.8437e+006
9260	1.0046e+006
9261	2.4659e+006
9262	1.845e+007
9263	7.7825e+006
9264	1.0358e+007
9265	7.4047e+006
9266	2.9121e+007
9267	1.4167e+007
9268	1.4557e+007
9269	1.1627e+007
9270	1.1214e+007
9271	4.2092e+007
9272	2.4836e+007
9273	2.1418e+007
9274	1.8489e+007
9275	2.5596e+007
9276	4.9757e+007
9277	3.0945e+007
9278	3.1705e+007
9279	3.2501e+007
9280	3.3492e+007
9281	3.4962e+007
9282	3.3261e+007
9283	2.714e+007
9284	2.1457e+007
9285	2.6847e+007
9286	2.718e+007
9287	2.2597e+007
9288	2.3962e+007
9289	2.1496e+007
9290	1.9889e+007
9291	2.3491e+007
9292	2.1833e+007
9293	2.152e+007
9294	1.7771e+007
9295	1.3683e+007
9296	1.9716e+007
9297	1.8531e+007
9298	1.1387e+007
9299	1.3359e+007
9300	1.9392e+007
9301	1.5751e+007
9302	1.3213e+007
9303	8.7212e+006
9304	7.5904e+006
9305	1.3085e+007
9306	9.9467e+006
9307	8.3625e+006
9308	5.8346e+006
9309	4.9381e+006
9310	4.3116e+006
9311	7.2944e+006
9312	3.656e+006
9313	3.6359e+006
9314	2.6395e+006
9315	2.113e+006
9316	3.4161e+006
9317	-2.1919e+006
9318	-99771
9319	1.3165e+005
9320	9.0819e+005
9321	-1.1026e+007
9322	-3.4398e+006
9323	-4.5064e+006
9324	-3.963e+006
9325	-5.2148e+006
9326	-2.4318e+006
9327	-2.2524e+007
9328	-1.3455e+007
9329	-1.e+007
9330	-1.0709e+007
9331	-3.331e+007
9332	-1.9459e+007
9333	-2.4087e+007
9334	-1.9584e+007
9335	-2.7026e+007
9336	-4.4387e+007
9337	-3.7043e+007
9338	-2.8869e+007
9339	-3.1808e+007
9340	-5.4223e+007
9341	-4.3339e+007
9342	-4.7762e+007
9343	-3.8103e+007
9344	-4.6879e+007
9345	-5.5227e+007
9346	-5.1302e+007
9347	-5.9193e+007
9348	-5.6482e+007
9349	-6.2305e+007
9350	-7.2131e+007
9351	-5.3857e+007
9352	-6.047e+007
9353	-6.8212e+007
9354	-3.9145e+007
9355	-4.9758e+007
9356	-3.6802e+007
9357	-5.5581e+007
9358	-4.7133e+007
9359	-3.5693e+007
9360	-5.3745e+007
9361	-6.1488e+007
9362	-1.842e+007
9363	-2.3479e+007
9364	-2.726e+007
9365	-4.2258e+007
9366	-3.5898e+007
9367	-2.237e+007
9368	-4.8164e+007
9369	-2.6031e+006
9370	-1.6077e+007
9371	-1.3922e+007
9372	-1.9858e+007
9373	-8.692e+006
9374	-2.8497e+007
9375	-1.4968e+007
9376	-1.377e+007
9377	1.2824e+007
9378	1.4808e+005
9379	-5.5067e+006
9380	-1.1443e+007
9381	-2.2305e+006
9382	-2.7701e+005
9383	4.7599e+006
9384	-6.5534e+006
9385	-5.3551e+006
9386	2.9713e+006
9387	2.6091e+007
9388	7.1599e+006
9389	9.0195e+006
9390	4.7813e+006
9391	1.1772e+007
9392	1.6567e+006
9393	9.8578e+006
9394	9.9831e+006
9395	3.4054e+007
9396	1.5275e+007
9397	1.1037e+007
9398	1.8028e+007
9399	1.9719e+007
9400	2.4388e+007
9401	1.6114e+007
9402	1.6239e+007
9403	3.6607e+007
9404	1.6982e+007
9405	1.6695e+007
9406	1.7666e+007
9407	1.2744e+007
9408	2.4006e+007
9409	2.2344e+007
9410	1.9735e+007
9411	2.1426e+007
9412	2.6095e+007
9413	1.8008e+007
9414	4.1756e+007
9415	1.6832e+007
9416	1.7541e+007
9417	1.8511e+007
9418	2.4852e+007
9419	2.319e+007
9420	2.6941e+007
9421	3.5148e+007
9422	2.6614e+007
9423	1.8854e+007
9424	5.024e+007
9425	2.1135e+007
9426	2.3e+007
9427	2.2815e+007
9428	2.6962e+007
9429	2.6766e+007
9430	2.7493e+007
9431	3.0502e+007
9432	3.9451e+007
9433	3.0918e+007
9434	5.4451e+007
9435	2.718e+007
9436	3.1142e+007
9437	3.0946e+007
9438	4.4932e+007
9439	3.4682e+007
9440	4.3631e+007
9441	5.1314e+007
9442	2.7211e+007
9443	2.9094e+007
9444	2.6952e+007
9445	3.1173e+007
9446	4.4963e+007
9447	3.4713e+007
9448	3.8365e+007
9449	4.5685e+007
9450	2.877e+007
9451	2.5927e+007
9452	2.3784e+007
9453	3.0452e+007
9454	4.1796e+007
9455	3.9538e+007
9456	3.3539e+007
9457	3.1546e+007
9458	3.5198e+007
9459	3.7745e+007
9460	2.6309e+007
9461	2.1323e+007
9462	2.799e+007
9463	3.0492e+007
9464	3.7076e+007
9465	3.1077e+007
9466	2.083e+007
9467	7.4127e+006
9468	1.5844e+007
9469	2.2512e+007
9470	1.3187e+007
9471	2.3551e+007
9472	2.5014e+007
9473	2.5599e+007
9474	2.1259e+007
9475	1.5306e+007
9476	1.7838e+007
9477	2.0876e+007
9478	1.8908e+007
9479	2.2304e+007
9480	9.6099e+006
9481	1.6231e+007
9482	1.2979e+007
9483	1.5118e+007
9484	1.73e+007
9485	1.3237e+007
9486	1.5643e+007
9487	3.5493e+006
9488	4.4593e+005
9489	3.6177e+006
9490	5.9409e+006
9491	2.1152e+005
9492	1.1157e+005
9493	6.969e+005
9494	-4.1496e+005
9495	-1.1162e+006
9496	-2.4142e+006
9497	-1.1007e+006
9498	-1.8708e+006
9499	-3.3968e+005
9500	-6.9356e+006
9501	-1.5019e+007
9502	-1.0441e+007
9503	-1.0516e+007
9504	-7.644e+006
9505	-4.4343e+007
9506	-2.7821e+007
9507	-4.3306e+007
9508	-3.378e+007
9509	-2.962e+007
9510	-2.7115e+007
9511	-4.0418e+007
9512	-3.7319e+007
9513	-3.076e+007
9514	-4.3477e+007
9515	-3.4092e+007
9516	-4.8832e+007
9517	-5.5038e+007
9518	-5.4268e+007
9519	-6.2697e+007
9520	-4.2845e+007
9521	-5.8778e+007
9522	-3.5876e+007
9523	-2.6351e+007
9524	-1.8981e+007
9525	-3.3556e+007
9526	-2.989e+007
9527	-1.9796e+007
9528	-4.5822e+007
9529	-3.6561e+006
9530	-1.117e+007
9531	-5.1185e+006
9532	-9.1584e+006
9533	-5.9408e+006
9534	-3.4703e+006
9535	-2.6925e+006
9536	-3.2589e+006
9537	-2.0835e+006
9538	-1.9695e+006
9539	2.6467e+006
9540	-1.6107e+006
9541	-8.3287e+005
9542	-1.9244e+006
9543	-3.0797e+006
9544	-2.2081e+006
9545	-2.0307e+006
9546	1.8415e+006
9547	5.9936e+006
9548	-1.7668e+006
9549	-3.435e+005
9550	1.8235e+006
9551	1.8232e+006
9552	3.706e+006
9553	1.7692e+007
9554	3.5585e+006
9555	1.1989e+007
9556	6.5501e+006
9557	1.2966e+007
9558	1.3261e+007
9559	1.3577e+007
9560	2.0161e+007
9561	1.2251e+007
9562	1.6674e+007
9563	1.5561e+007
9564	1.5856e+007
9565	1.6173e+007
9566	1.4622e+007
9567	-5.1653e+007
9568	-4.8765e+007
9569	-5.1825e+007
9570	8.8911e+006
9571	5.5902e+006
9572	1.1554e+007
9573	7.9134e+006
9574	7.0185e+006
9575	2.4868e+006
9576	-1.9953e+005
9577	6.0897e+005
9578	-1.3114e+006
9579	-4.2568e+005
9580	1.2047e+006
9581	4.8101e+006
9582	1.6714e+006
9583	-2.9948e+005
9584	-8.6932e+005
9585	-4.1152e+005
9586	-1.4113e+006
9587	-1.3135e+006
9588	-1.0826e+005
9589	-2.1673e+006
9590	-6.986e+006
9591	-3.8488e+006
9592	-2.9374e+006
9593	-5.3295e+006
9594	-4.1892e+006
9595	-1.5069e+007
9596	-2.5606e+007
9597	-1.9043e+007
9598	-1.7738e+007
9599	-1.5144e+007
9600	-1.9051e+007
9601	-2.2585e+007
9602	1.765e+007
9603	1.9833e+007
9604	1.7946e+007
9605	2.3229e+007
9606	-4.1091e+007
9607	-5.6052e+007
9608	-6.4481e+007
9609	-4.4629e+007
9610	-5.0788e+007
9611	8.9595e+006
9612	7.9836e+006
9613	1.4399e+007
9614	7.9833e+006
9615	1.2518e+007
9616	1.4924e+007
9617	1.0388e+007
9618	3.7807e+006
9619	4.6824e+006
9620	4.3764e+006
9621	7.9818e+006
9622	7.0869e+006
9623	1.0943e+006
9624	1.738e+005
9625	6698.9
9626	-8.2602e+005
9627	59696
9628	-1.4787e+005
9629	-3.9603e+005
9630	-2.5353e+006
9631	-1.4982e+006
9632	-1.6239e+006
9633	-1.298e+006
9634	-92775
9635	-7.354e+006
9636	-1.4466e+007
9637	-1.1646e+007
9638	-1.0566e+007
9639	-8.8348e+006
9640	-7.6945e+006
9641	-2.4195e+007
9642	-2.5003e+007
9643	-2.49e+007
9644	-2.3697e+007
9645	-3.5104e+007
9646	-2.501e+007
9647	-2.8544e+007
9648	-1.7633e+007
9649	-1.4813e+007
9650	-1.1596e+007
9651	-3.14e+007
9652	-1.764e+007
9653	-4.4691e+006
9654	-8.7613e+006
9655	-3.4319e+006
9656	-5.5436e+006
9657	-5.9498e+006
9658	-3.0732e+006
9659	-1.1543e+006
9660	-2.2565e+006
9661	-1.3214e+006
9662	-1.89e+006
9663	-2.0563e+006
9664	2.3597e+006
9665	-1.476e+006
9666	-1.0575e+006
9667	6.3784e+005
9668	-4.4981e+005
9669	1.5396e+006
9670	-3.9681e+005
9671	3.4224e+006
9672	1.2335e+006
9673	7.5745e+006
9674	-1.8589e+005
9675	1.0122e+007
9676	3.7065e+006
9677	4.9312e+006
9678	8.2417e+006
9679	1.9576e+007
9680	1.7318e+007
9681	9.4081e+006
9682	5.4419e+006
9683	6.111e+006
9684	1.6574e+007
9685	1.872e+007
9686	1.4657e+007
9687	1.6833e+007
9688	1.5824e+007
9689	8.152e+005
9690	2.8046e+006
9691	8.682e+005
9692	2.4985e+006
9693	-1.0404e+006
9694	-1.0534e+005
9695	-9.3805e+005
9696	-8.4022e+005
9697	-2.5991e+005
9698	-8.509e+006
9699	-3.1796e+006
9700	-2.5013e+006
9701	-3.3053e+006
9702	-2.9795e+006
9703	-5.6975e+006
9704	-2.8208e+006
9705	-1.5621e+007
9706	-1.454e+007
9707	-1.8448e+007
9708	-1.2809e+007
9709	-9.5835e+006
9710	-1.5628e+007
9711	-9.9897e+006
9712	-1.9423e+006
9713	2.4737e+006
9714	-1.7837e+006
9715	-2.1945e+005
9716	-4.2702e+005
9717	-8524.4
9718	5.5891e+006
9719	3.4003e+006
9720	5.4416e+006
9721	6.1108e+006
9722	-7.4125e+007
9723	-6.4528e+007
9724	-7.7582e+007
9725	-9.5425e+007
9726	-9.7258e+007
9727	-7.3309e+007
9728	-6.8239e+007
9729	-5.949e+007
9730	-6.1881e+007
9731	-5.9844e+007
9732	-7.2544e+007
9733	-9.222e+007
9734	-6.686e+007
9735	-5.5842e+007
9736	-6.1033e+007
9737	-7.6382e+007
9738	-6.6012e+007
9739	-3.8291e+007
9740	-1.0227e+007
9741	-3.281e+007
9742	-5.8832e+007
9743	-7.5025e+007
9744	-3.2333e+007
9745	-7.4166e+006
9746	-2.8026e+006
9747	-2.0073e+007
9748	-1.9467e+007
9749	-1.7204e+007
9750	-7.2215e+007
9751	-7.1432e+007
9752	-4.6071e+007
9753	-2.9523e+007
9754	1.8761e+007
9755	2.2694e+007
9756	7.8141e+006
9757	-3.6602e+007
9758	9.1122e+006
9759	-2.4507e+007
9760	1.638e+007
9761	7.6035e+006
9762	3.8819e+006
9763	-2.7156e+006
9764	1.0002e+007
9765	3.6459e+006
9766	3.5525e+006
9767	-1.4614e+006
9768	-3.5848e+007
9769	-1.4107e+007
9770	-5.4555e+006
9771	-8.2733e+006
9772	-7.1176e+006
9773	-1.457e+007
9774	-8.0744e+006
9775	-7.5224e+006
9776	-7.1432e+006
9777	-8.8931e+006
9778	-1.246e+007
9779	1.3755e+006
9780	-3.6288e+006
9781	3.6231e+006
9782	1.6266e+005
9783	2.0784e+006
9784	-2.6263e+006
9785	2.5545e+006
9786	6.3917e+006
9787	23031
9788	9.4901e+006
9789	1.4229e+005
9790	6.2388e+006
9791	-3.2605e+007
9792	-2.9701e+007
9793	-3.9976e+007
9794	-4.0331e+007
9795	-4.0276e+007
9796	-4.0482e+007
9797	-2.6454e+007
9798	-2.457e+007
9799	-3.0613e+007
9800	-3.1616e+007
9801	-2.354e+007
9802	-1.8857e+007
9803	-1.1835e+007
9804	-1.7827e+007
9805	-7.1641e+006
9806	-1.1848e+006
9807	-6.2666e+006
9808	-8.3137e+006
9809	3.3524e+006
9810	4.4347e+006
9811	2.4938e+006
9812	2.539e+006
9813	-3.7765e+006
9814	3.7283e+006
9815	2.2083e+006
9816	3.0795e+006
9817	2.2011e+006
9818	2.3438e+006
9819	1.8326e+006
9820	3.3999e+006
9821	-1.0714e+006
9822	-3.8932e+005
9823	-9.3963e+005
9824	-3.9651e+005
9825	-1.544e+006
9826	3.4998e+006
9827	-3.108e+005
9828	5.0471e+005
9829	-9.152e+005
9830	5.4617e+005
9831	-2.1544e+006
9832	3.0806e+006
9833	4.5377e+006
9834	6.465e+006
9835	3.5355e+006
9836	3.1221e+006
9837	1.468e+007
9838	1.1164e+007
9839	1.0272e+007
9840	9.6193e+006
9841	1.615e+007
9842	1.0095e+007
9843	1.4449e+007
9844	1.2155e+007
9845	1.7142e+007
9846	1.2002e+007
9847	1.1087e+007
9848	-4.2521e+007
9849	-4.4408e+007
9850	-4.2821e+007
9851	-4.4643e+007
9852	-4.3027e+007
9853	-4.9484e+007
9854	-3.8811e+007
9855	-4.2473e+007
9856	-6.4833e+007
9857	-4.0988e+007
9858	-3.8334e+007
9859	-5.4462e+007
9860	-1.0746e+007
9861	-8.19e+005
9862	-5.3094e+006
9863	-5.2961e+007
9864	-1.0269e+007
9865	3.7949e+006
9866	1.0119e+007
9867	6.9329e+006
9868	6.6634e+006
9869	1.1417e+007
9870	-2.2203e+007
9871	1.4052e+007
9872	1.6433e+007
9873	1.4918e+007
9874	9.8358e+006
9875	-3.0364e+007
9876	1.535e+007
9877	1.5435e+007
9878	7.6569e+006
9879	4.9295e+006
9880	5.6942e+006
9881	-84451
9882	1.0594e+006
9883	5.6024e+006
9884	6.6584e+006
9885	-1.273e+007
9886	-1.4262e+006
9887	-2.9949e+006
9888	-2.1386e+006
9889	-6.4402e+006
9890	-1.0447e+007
9891	-5.8127e+006
9892	-6.0372e+006
9893	-5.4253e+006
9894	-7.7871e+006
9895	-1.3265e+007
9896	-1.1354e+007
9897	-5.4853e+006
9898	-2.0731e+006
9899	-7.2352e+006
9900	-4.862e+006
9901	-1.0802e+007
9902	-3.9971e+007
9903	-3.35e+007
9904	-3.4503e+007
9905	-3.9917e+007
9906	-4.0123e+007
9907	7.0946e+006
9908	2.3898e+006
9909	8.4864e+006
9910	7.5707e+006
9911	-5.0247e+007
9912	-5.178e+007
9913	-6.2947e+007
9914	-5.8674e+007
9915	-5.0399e+007
9916	-5.2638e+007
9917	-4.7665e+007
9918	-4.6167e+007
9919	-5.9654e+007
9920	-2.9451e+007
9921	-3.6992e+007
9922	-2.7893e+007
9923	-3.5507e+007
9924	-3.2853e+007
9925	-1.2502e+007
9926	-1.7966e+007
9927	-1.0337e+007
9928	-1.0607e+007
9929	-1.7228e+007
9930	-2.2926e+007
9931	-1.9867e+005
9932	-4.0136e+006
9933	37969
9934	-4.2831e+006
9935	-1.0573e+006
9936	4.701e+005
9937	3.2652e+006
9938	2.4196e+006
9939	1.9725e+006
9940	-2.6622e+006
9941	2.9368e+006
9942	-9.8224e+005
9943	-7.549e+005
9944	-2.2319e+006
9945	-6.5335e+006
9946	-8.4669e+005
9947	-3.1013e+006
9948	-3.8006e+006
9949	-4.2696e+006
9950	-8.3025e+006
9951	-8.0467e+006
9952	-8.1022e+006
9953	-5.2722e+006
9954	-1.2109e+007
9955	-4.9449e+006
9956	-1.6938e+006
9957	-2.5103e+006
9958	-1.0532e+006
9959	-4.4941e+006
9960	-6.8559e+006
9961	2.359e+006
9962	4.2864e+006
9963	3.6342e+006
9964	-3.2086e+006
9965	-3.4437e+006
9966	1.3568e+006
9967	-1.0706e+006
9968	4.1103e+006
9969	-1.855e+007
9970	-3.3114e+007
9971	-2.4014e+007
9972	-3.1616e+007
9973	-3.2619e+007
9974	-2.4543e+007
9975	-3.1629e+007
9976	-5.5487e+006
9977	-1.6992e+007
9978	-9.3636e+006
9979	-1.063e+007
9980	-1.752e+007
9981	-1.6254e+007
9982	1.5129e+006
9983	-3.3843e+006
9984	6.6728e+005
9985	-95973
9986	-5.0017e+006
9987	-3.6538e+006
9988	-4.2799e+005
9989	-4.6512e+006
9990	-6.6983e+006
9991	1.0751e+006
9992	1.7495e+006
9993	1.3025e+006
9994	6.5428e+005
9995	6.9947e+005
9996	2.2667e+006
9997	-9.9524e+005
9998	-2.1759e+005
9999	-1.6946e+006
10000	-4.5212e+005
10001	-3.0938e+005
10002	7.4667e+005
10003	-7.3004e+005
10004	-2.2449e+006
10005	-2.7139e+006
10006	-3.7165e+006
10007	-1.0024e+006
10008	-2.1499e+006
10009	-3.3891e+006
10010	1.5426e+006
10011	-1.8984e+006
10012	-4.2602e+006
10013	5.4036e+005
10014	1.2693e+005
10015	-2.5736e+006
10016	4.927e+006
10017	-2.8031e+006
10018	1.9975e+006
10019	6.2021e+006
10020	3.9248e+006
10021	6.6782e+006
10022	1.1032e+007
10023	-4.413e+007
10024	-6.3301e+007
10025	-5.7617e+007
10026	-5.0753e+007
10027	-3.9157e+007
10028	-3.917e+007
10029	-5.2644e+007
10030	-2.2985e+007
10031	-3.0071e+007
10032	-2.1718e+007
10033	-2.7416e+007
10034	-7.4688e+006
10035	-8.4661e+006
10036	-1.409e+007
10037	-1.9134e+005
10038	1.3361e+006
10039	1.4211e+006
10040	-82034
10041	9.7401e+005
10042	-7.2459e+006
10043	-4.4159e+006
10044	-1.7018e+006
10045	-1.5591e+006
10046	-7.9151e+006
10047	-6.244e+006
10048	-1.1722e+007
10049	-4.5574e+006
10050	6.026e+006
10051	-3.8662e+007
10052	-3.7672e+007
10053	-5.1146e+007
10054	-4.4282e+007
10055	-5.6325e+006
10056	-6.2247e+006
10057	-2.0285e+006
10058	-4.2602e+006
10059	-4.0146e+006
10060	-5.1547e+006
10061	-3.2456e+006
10062	-5.3745e+006
10063	-4.3394e+006
10064	-2.871e+006
10065	-3.2672e+006
10066	-3.41e+006
10067	-1.021e+006
10068	-4.4137e+005
10069	-3.1397e+005
10070	-1.2584e+006
10071	-1.2203e+006
10072	-2.7281e+006
10073	-2.1426e+006
10074	-1.2182e+006
10075	-2.1529e+006
10076	-2.5528e+006
10077	-5.3982e+006
10078	-8.8933e+006
10079	-6.337e+006
10080	-3.7106e+006
10081	-4.6303e+006
10082	-5.2229e+006
10083	-1.3681e+007
10084	-1.2499e+007
10085	-9.5303e+006
10086	-3.9692e+006
10087	-4.0255e+006
10088	-1.9776e+006
10089	-8.3269e+005
10090	-2.1925e+006
10091	-3.8315e+006
10092	-2.8762e+006
10093	5.1345e+005
10094	5.7439e+005
10095	-2.4405e+006
10096	-1.1501e+006
10097	-1.6116e+006
10098	4.0083e+005
10099	-1.7147e+006
10100	1.0101e+006
10101	-1.1551e+006
10102	-6.8213e+005
10103	-1.4913e+006
10104	-2.8478e+006
10105	-1.7292e+006
10106	-2.075e+006
10107	3.1351e+005
10108	-1.4963e+006
10109	-6.0851e+006
10110	-3.9504e+006
10111	-6.2175e+006
10112	-2.0072e+006
10113	-3.6476e+006
10114	-2.9685e+006
10115	-7.5119e+006
10116	-8.6583e+006
10117	-5.0744e+006
10118	-6.043e+006
10119	-1.1738e+007
10120	-1.137e+007
10121	-1.0356e+007
10122	-8.7692e+006
10123	-8.4359e+006
10124	-8.6108e+006
10125	-4.9785e+006
10126	-5.4444e+006
10127	-4.6162e+006
10128	-2.8418e+006
10129	-3.4799e+006
10130	-2.9306e+006
10131	-1.7857e+006
10132	-4.3744e+006
10133	-2.8027e+006
10134	-1.0019e+006
10135	-1.5877e+006
10136	-1.9462e+006
10137	-1.7305e+006
10138	-1.6907e+006
10139	-5.4652e+005
10140	-4.2222e+005
10141	-1.4719e+006
10142	-7.8447e+005
10143	-1.3666e+006
10144	-1.4822e+006
10145	-1.1111e+006
10146	-2.9797e+006
10147	-4.5041e+006
10148	-3.3899e+006
10149	-9.1731e+006
10150	-7.9992e+006
10151	-5.3727e+006
10152	-6.2924e+006
10153	-7.5868e+006
10154	-7.2535e+006
10155	-4.0795e+006
10156	-4.6726e+006
10157	-2.8982e+006
10158	-6.8989e+005
10159	-1.842e+006
10160	-8.6724e+006
10161	-7.6584e+006
10162	-5.0885e+006
10163	-8.8049e+006
10164	-6.8852e+006
10165	-6.235e+006
10166	-7.2036e+006
10167	-4.9316e+006
10168	-5.1385e+006
10169	-4.0022e+006
10170	-4.8966e+006
10171	-3.5103e+006
10172	-4.1034e+006
10173	-2.6814e+006
10174	-2.329e+006
10175	-2.8243e+006
10176	-2.9671e+006
10177	-3.7173e+006
10178	-2.2953e+006
10179	-1.9428e+006
10180	-2.4381e+006
10181	2.6545e+005
10182	3.2638e+005
10183	-1.3658e+006
10184	-4.1912e+005
10185	-1.0049e+006
10186	-7.8137e+005
10187	-1.108e+006
10188	-5.4841e+005
10189	-5.5237e+006
10190	-2.8253e+006
10191	-4.3497e+006
10192	-2.1379e+006
10193	-1.3134e+006
10194	-2.4836e+006
10195	-2.2746e+006
10196	-6.6169e+006
10197	-4.9101e+006
10198	-5.8712e+006
10199	-5.2209e+006
10200	-4.5418e+006
10201	-2.5359e+006
10202	-3.174e+006
10203	-8.8062e+005
10204	-1.2392e+006
10205	-9.8367e+005
10206	-3.9185e+006
10207	-1.7067e+006
10208	-2.4045e+006
10209	-2.8044e+006
10210	-2.0525e+006
10211	-1.8435e+006
10212	-3.7361e+006
10213	-4.3287e+006
10214	-3.3678e+006
10215	-1.6092e+006
10216	-1.5695e+006
10217	-5.3693e+005
10218	-1.717e+006
10219	-1.3459e+006
10220	-1.3651e+006
10221	-7.8637e+005
10222	-7.1524e+007
10223	-6.9242e+007
10224	-6.3439e+007
10225	-6.1221e+007
10226	-6.1296e+007
10227	-5.8641e+007
10228	-6.5728e+007
10229	-6.2754e+007
10230	-5.0647e+007
10231	-5.7707e+007
10232	-4.836e+007
10233	-5.0694e+007
10234	-4.4439e+007
10235	-3.4633e+007
10236	-3.7914e+007
10237	-3.3597e+007
10238	-3.7235e+007
10239	-2.613e+007
10240	-1.9082e+007
10241	-2.0372e+007
10242	-2.1996e+007
10243	-2.5094e+007
10244	-2.0624e+007
10245	-1.3325e+007
10246	-9.0448e+006
10247	-1.0358e+007
10248	-1.439e+007
10249	-1.1515e+007
10250	-9.917e+006
10251	-2.4899e+006
10252	-4.7987e+006
10253	-7.1115e+006
10254	-3.1227e+006
10255	-5.6709e+006
10256	-3.5498e+007
10257	-3.4198e+007
10258	-2.2539e+007
10259	-2.2735e+007
10260	-1.7245e+007
10261	-2.6634e+007
10262	-3.4093e+007
10263	-3.4401e+007
10264	-2.2434e+007
10265	-2.8179e+007
10266	-2.1904e+007
10267	-3.3387e+007
10268	-2.5771e+007
10269	-3.1735e+007
10270	-1.7947e+007
10271	-2.089e+007
10272	-2.3748e+007
10273	-2.0889e+007
10274	-1.4458e+007
10275	-1.767e+007
10276	-1.3764e+007
10277	-9.2879e+006
10278	-6.5638e+006
10279	-1.0507e+007
10280	-6.2777e+006
10281	-7.0831e+006
10282	-1.7326e+006
10283	-3.9943e+006
10284	-3.4436e+006
10285	-1.6036e+006
10286	-2.0694e+006
10287	-1.3795e+006
10288	-4.695e+006
10289	-1.9401e+006
10290	-3.494e+006
10291	-3.019e+006
10292	-2.4058e+006
10293	-5.5672e+006
10294	-4.2994e+006
10295	-1.716e+006
10296	-4.1837e+007
10297	-5.3291e+007
10298	-4.7428e+007
10299	-3.054e+007
10300	-3.0178e+007
10301	-3.0374e+007
10302	-3.3958e+007
10303	-3.78e+007
10304	-4.5346e+007
10305	-5.3384e+007
10306	-4.2746e+007
10307	-4.3561e+007
10308	-4.2067e+007
10309	-4.1325e+007
10310	-2.779e+007
10311	-3.294e+007
10312	-2.3901e+007
10313	-2.4571e+007
10314	-2.8623e+007
10315	-3.2261e+007
10316	-2.4153e+007
10317	-2.5767e+007
10318	-1.6853e+007
10319	-1.2597e+007
10320	-1.8478e+007
10321	-1.3753e+007
10322	-1.7105e+007
10323	-5.8028e+006
10324	-8.317e+006
10325	-9.4735e+006
10326	-7.876e+006
10327	-6.6082e+006
10328	-4.0846e+007
10329	-4.6128e+007
10330	-2.8878e+007
10331	-3.4623e+007
10332	-3.334e+006
10333	-4.8879e+006
10334	-3.7997e+006
10335	-5.6933e+006
10336	-3.4277e+005
10337	-3.0479e+006
10338	-1.9597e+006
10339	-1.2699e+006
10340	-6.0471e+007
10341	-5.7582e+007
10342	-5.5425e+007
10343	-4.6078e+007
10344	-4.4113e+007
10345	-5.55e+007
10346	-4.9325e+007
10347	-5.4608e+007
10348	-4.7673e+007
10349	-4.3103e+007
10350	-4.5437e+007
10351	-4.6436e+007
10352	-3.9502e+007
10353	-3.4932e+007
10354	-2.8657e+007
10355	-3.1515e+007
10356	-3.1071e+007
10357	-3.1886e+007
10358	-2.2703e+007
10359	-1.8098e+007
10360	-1.8797e+007
10361	-2.2285e+007
10362	-2.3899e+007
10363	-8.8309e+006
10364	-1.5601e+007
10365	-1.1345e+007
10366	-1.6272e+007
10367	-1.2502e+007
10368	-1.2366e+007
10369	-9.6363e+006
10370	-6.5476e+006
10371	-7.8897e+006
10372	-7.116e+006
10373	-3.5136e+006
10374	-5.4072e+006
10375	-3.4469e+007
10376	-4.0214e+007
10377	-3.8249e+007
10378	-3.7036e+007
10379	-3.5542e+007
10380	-2.9048e+007
10381	-3.48e+007
10382	-1.3886e+007
10383	-1.8813e+007
10384	-1.5043e+007
10385	-1.4908e+007
10386	-1.8395e+007
10387	-1.0787e+007
10388	-7.9214e+006
10389	-3.328e+007
10390	-2.9863e+007
10391	-3.5614e+007
10392	-1.5578e+007
10393	-1.9065e+007
10394	-2.9371e+006
10395	-1.7532e+006
10396	-6.5674e+006
10397	-3.635e+006
10398	-3.1629e+006
10399	-2.1124e+006
10400	-7.3542e+006
10401	-1.2725e+007
10402	-9.0653e+006
10403	-1.1212e+007
10404	-1.03e+007
10405	-1.7764e+007
10406	-2.1401e+007
10407	-1.8342e+007
10408	-1.8318e+007
10409	-1.6494e+007
10410	-2.5789e+007
10411	-2.4185e+007
10412	-2.4204e+007
10413	-2.3217e+007
10414	-2.2668e+007
10415	-1.9465e+007
10416	-2.2514e+007
10417	-2.1568e+007
10418	-1.3045e+006
10419	-3.2025e+006
10420	-2.6809e+006
10421	-2.1893e+006
10422	-8.1427e+005
10423	-1.4833e+006
10424	-8.8502e+006
10425	-1.2184e+007
10426	-1.195e+007
10427	-7.3385e+006
10428	-6.7037e+006
10429	-8.4637e+006
10430	-1.6727e+007
10431	-1.4568e+007
10432	-1.6835e+007
10433	-9.8714e+006
10434	-1.1969e+007
10435	-2.055e+007
10436	-1.9015e+007
10437	-1.4149e+007
10438	-2.3778e+007
10439	-1.904e+007
10440	-1.9215e+007
10441	-2.2088e+007
10442	-1.3781e+006
10443	-2.3621e+006
10444	-1.8705e+006
10445	-1.7373e+006
10446	-2.9545e+006
10447	-5.8496e+006
10448	-3.9385e+006
10449	-7.7687e+006
10450	-4.8363e+006
10451	-7.0844e+006
10452	-1.3367e+007
10453	-1.5458e+007
10454	-1.5433e+007
10455	-1.1135e+007
10456	-1.3609e+007
10457	-1.2455e+007
10458	-2.1187e+007
10459	-1.9096e+007
10460	-1.7247e+007
10461	-1.9538e+007
10462	-6.3511e+006
10463	-6.1713e+006
10464	-4.2602e+006
10465	-7.0056e+006
10466	-6.086e+006
10467	-3.7686e+006
10468	-2.3935e+006
10469	-3.8457e+006
10470	-1.102e+007
10471	-8.575e+006
10472	-5.7739e+006
10473	-7.5339e+006
10474	-5.415e+006
10475	-1.7404e+007
10476	-1.4354e+007
10477	-1.6855e+007
10478	-9.8916e+006
10479	-9.7424e+006
10480	-1.1672e+007
10481	-2.0657e+007
10482	-1.7454e+007
10483	-1.763e+007
10484	-1.5791e+007
10485	-2.7545e+006
10486	-3.6524e+006
10487	-2.2629e+006
10488	-2.1298e+006
10489	-5.6497e+006
10490	-9.7069e+006
10491	-8.3951e+006
10492	-6.5475e+006
10493	-7.4755e+006
10494	-8.7956e+006
10495	-1.717e+007
10496	-1.9671e+007
10497	-1.8128e+007
10498	-1.6279e+007
10499	-1.6468e+007
10500	-1.4488e+007
10501	-1.3684e+007
10502	-1.857e+007
10503	-1.2987e+007
10504	-1.5078e+007
10505	-1.1675e+007
10506	-9.5086e+006
10507	-1.1438e+007
10508	-1.0634e+007
10509	-1.2159e+007
10510	-1.5919e+007
10511	-1.3939e+007
10512	-1.4256e+007
10513	-4.6364e+006
10514	-5.5644e+006
10515	-3.247e+006
10516	-1.3945e+007
10517	-1.0541e+007
10518	-9.6217e+006
10519	-1.0942e+007
10520	-9.5003e+006
10521	-1.1713e+007
10522	-1.4188e+007
10523	-1.1592e+007
10524	-8.3099e+006
10525	-6.4285e+006
10526	-8.1885e+006
10527	-6.0696e+006
10528	-6.4785e+006
10529	-9.5218e+006
10530	-6.9875e+006
10531	-7.6865e+006
10532	-2.3238e+007
10533	-2.1481e+007
10534	-2.0735e+007
10535	-1.4007e+007
10536	-1.6923e+007
10537	-1.0193e+007
10538	6.8872e+006
10539	6.6285e+006
10540	8.7735e+006
10541	4.6439e+006
10542	4.6424e+006
10543	1.9338e+007
10544	1.0197e+007
10545	6.4015e+006
10546	1.1602e+007
10547	-3.7912e+006
10548	-4.4e+006
10549	-1.142e+007
10550	-7.8637e+006
10551	-1.4335e+007
10552	-4.3002e+006
10553	-4.0512e+006
10554	-7.7639e+006
10555	-1.4235e+007
10556	-5.3543e+006
10557	-7.5053e+006
10558	-3.9774e+006
10559	-1.6751e+006
10560	-3.3661e+006
10561	-4.7141e+006
10562	-5.2806e+006
10563	82547
10564	-2.7687e+006
10565	2.4373e+006
10566	8.9587e+006
10567	4.1949e+006
10568	9.3959e+006
10569	-9.1144e+006
10570	-8.1422e+006
10571	-1.396e+007
10572	-2.119e+007
10573	-1.7378e+007
10574	-1.0648e+007
10575	-6.9777e+006
10576	-7.2792e+006
10577	-1.3097e+007
10578	-4.5339e+006
10579	-2.0329e+006
10580	-3.9474e+006
10581	-6.0185e+006
10582	-3.1894e+006
10583	6.3082e+006
10584	1.7307e+006
10585	2.1772e+006
10586	7.7315e+006
10587	4.165e+006
10588	1.3064e+006
10589	1.9017e+007
10590	9.8764e+006
10591	1.2961e+007
10592	-6.0054e+006
10593	-5.1174e+006
10594	-5.4415e+006
10595	-1.1823e+007
10596	-7.1886e+006
10597	-2.6164e+006
10598	-2.5545e+005
10599	-4.6876e+006
10600	-1.8585e+006
10601	1.7324e+006
10602	-1.1262e+006
10603	-4.6599e+006
10604	-5.6079e+006
10605	-5.044e+006
10606	-1.4844e+007
10607	-8.114e+006
10608	-4.4709e+006
10609	-3.7995e+006
10610	-4.7949e+006
10611	-5.1475e+006
10612	-5.7139e+006
10613	-7.8649e+006
10614	1.9251e+005
10615	-1.4971e+006
10616	5.7468e+006
10617	-2.8451e+006
10618	1.9516e+006
10619	-6.7828e+005
10620	-5.743e+006
10621	-1.2125e+007
10622	-8.813e+006
10623	-2.1699e+006
10624	-3.8595e+006
10625	-4.855e+006
10626	-6.6021e+006
10627	-5.2076e+006
10628	-3.0407e+006
10629	-1.4985e+006
10630	5.7454e+006
10631	-6.7975e+005
10632	-4.5362e+006
10633	-2.3693e+006
10634	-1.1561e+007
10635	-6.9261e+006
10636	-5.5316e+006
10637	-8.2491e+006
10638	6.9704e+005
10639	-84723
10640	1.4038e+005
10641	-1.1043e+006
10642	-18349
10643	-4.421e+005
10644	9.957e+005
10645	3.5083e+005
10646	6.187e+005
10647	1.5791e+005
10648	1.921e+005
10649	9.7214e+005
10650	7.0692e+005
10651	2.4612e+005
10652	2.8032e+005
10653	5.2378e+005
10654	8.6104e+005
10655	6.9555e+005
10656	7.0451e+005
10657	5.7808e+005
10658	1.5088e+005
10659	4.1268e+005
10660	4.3413e+005
10661	4.645e+005
10662	3.0341e+005
10663	3.5737e+005
10664	-2.9482e+005
10665	59985
10666	1.1621e+005
10667	22843
10668	52394
10669	-2.8657e+005
10670	69596
10671	1.3784e+005
10672	68180
10673	-1.2609e+006
10674	-2.6402e+005
10675	-1.9107e+005
10676	-1.4523e+005
10677	2.9239e+005
10678	5.3851e+005
10679	2.8517e+005
10680	-1.0948e+005
10681	8.4001e+005
10682	9.9563e+005
10683	7.5931e+005
10684	-8.1251e+005
10685	3.5854e+005
10686	1.6392e+005
10687	1.1825e+006
10688	1.2753e+006
10689	1.1808e+006
10690	-1.1273e+006
10691	5.8617e+005
10692	5.4537e+005
10693	9.9439e+005
10694	6.9582e+005
10695	19564
10696	-4.0619e+005
10697	-1.0871e+006
10698	-6.6096e+005
10699	8.4346e+005
10700	-3.932e+005
10701	-3.0121e+005
10702	-3.2838e+005
10703	11334
10704	-1.0558e+005
10705	1.176e+006
10706	53129
10707	31362
10708	1.4506e+005
10709	1.9132e+005
10710	1.7525e+005
10711	5.3709e+005
10712	1.8686e+005
10713	1.656e+005
10714	1.6145e+005
10715	1.2087e+005
10716	1.7041e+005
10717	40334
10718	1.3573e+005
10719	82557
10720	25890
10721	1.1414e+005
10722	-2.0758e+005
10723	35974
10724	42364
10725	1.0157e+005
10726	-2.2902e+005
10727	2.0123e+005
10728	3.3317e+005
10729	3.3214e+005
10730	37570
10731	3.7513e+005
10732	6.56e+005
10733	6.3029e+005
10734	1.5162e+006
10735	6.5223e+005
10736	4.4263e+005
10737	1.163e+006
10738	9.5737e+005
10739	1.2378e+006
10740	1.1862e+006
10741	3.3233e+006
10742	9.5359e+005
10743	8.9551e+005
10744	4.3669e+005
10745	1.1323e+006
10746	1.3187e+006
10747	9.7648e+005
10748	-1.4025e+006
10749	-1.0093e+006
10750	-7.4152e+005
10751	-1.7443e+006
10752	-1.4201e+006
10753	-1.4539e+006
10754	-1.108e+006
10755	-9.9538e+005
10756	-1.8134e+006
10757	-1.7277e+006
10758	-1.4921e+006
10759	-1.2692e+006
10760	-9.016e+005
10761	-1.378e+006
10762	-6.765e+005
10763	-1.0478e+006
10764	-8.2224e+005
10765	-1.0086e+006
10766	-7.209e+005
10767	-4.3093e+005
10768	-7.6301e+005
10769	-5.8966e+005
10770	9.7995e+005
10771	1.2071e+006
10772	1.096e+006
10773	8.6485e+005
10774	2.3523e+005
10775	1.9438e+005
10776	1.0552e+006
10777	8.6275e+005
10778	-3.1585e+005
10779	3.675e+005
10780	1.9447e+005
10781	1.572e+005
10782	6.0181e+005
10783	7.2043e+005
10784	5.7311e+005
10785	6.5434e+005
10786	2.635e+005
10787	2.2518e+005
10788	5.9514e+005
10789	7.0384e+005
10790	4.1201e+005
10791	4.3885e+005
10792	4.3346e+005
10793	4.2226e+005
10794	4.1192e+005
10795	1.2488e+005
10796	2.6797e+005
10797	2.6117e+005
10798	1.4339e+005
10799	1.6008e+005
10800	-3.9102e+005
10801	-1.9557e+005
10802	-36215
10803	50026
10804	19059
10805	22275
10806	-2.8894e+005
10807	-1.9435e+005
10808	87305
10809	1.4975e+005
10810	58595
10811	-2.449e+005
10812	-1.7195e+005
10813	3.9588e+005
10814	5.6852e+005
10815	4.6267e+005
10816	1228.9
10817	-26868
10818	7.2414e+005
10819	9.5885e+005
10820	7.7705e+005
10821	3.2338e+005
10822	1.2875e+005
10823	8.4764e+005
10824	1.0517e+006
10825	9.3782e+005
10826	4.5705e+005
10827	1.7139e+005
10828	-9.7638e+005
10829	-1.0576e+006
10830	-7.0862e+005
10831	-1.4177e+006
10832	-9.4492e+005
10833	-1.523e+006
10834	-1.2786e+006
10835	-1.3691e+006
10836	-9.3765e+005
10837	-1.2394e+006
10838	-1.2874e+006
10839	-9.5168e+005
10840	5.2037e+005
10841	6.3925e+005
10842	2.1076e+005
10843	1.5848e+005
10844	-5.214e+005
10845	1.7244e+005
10846	-1.2718e+005
10847	62046
10848	-3.5156e+005
10849	-5.3791e+005
10850	-3.6455e+005
10851	-1.3467e+005
10852	-2.5022e+005
10853	-1.4727e+005
10854	4.3861e+005
10855	-83695
10856	45213
10857	-96684
10858	1.4678e+005
10859	1.332e+005
10860	1.7362e+005
10861	4.2088e+005
10862	1.5391e+005
10863	2.8232e+005
10864	2.7693e+005
10865	3.0479e+005
10866	2.1404e+005
10867	1.6489e+005
10868	17747
10869	96266
10870	51826
10871	-16287
10872	-2.5939e+005
10873	20859
10874	-11068
10875	7516.9
10876	-2.4161e+005
10877	-1.9577e+005
10878	51378
10879	2.0933e+005
10880	41773
10881	1.7407e+005
10882	-2.5211e+005
10883	-1.7917e+005
10884	3.8198e+005
10885	5.4074e+005
10886	3.405e+005
10887	4.3124e+005
10888	-1.0757e+005
10889	96024
10890	7.7545e+005
10891	8.4334e+005
10892	3.6257e+005
10893	3.2177e+005
10894	-3.6035e+005
10895	-6.6432e+005
10896	-3.1539e+005
10897	-2.234e+005
10898	-5.5169e+005
10899	-3.7549e+005
10900	-20631
10901	1.2647e+005
10902	-2534.5
10903	1.3808e+005
10904	1.1631e+005
10905	-35768
10906	1.7273e+005
10907	1.9776e+005
10908	1.7896e+005
10909	1.8434e+005
10910	40753
10911	1.6308e+005
10912	1.5717e+005
10913	1.3921e+005
10914	1.1542e+005
10915	1.0256e+005
10916	-1.5987e+005
10917	27096
10918	-1.8251e+005
10919	82542
10920	59896
10921	4590.8
10922	55032
10923	-2.707e+005
10924	-2.3917e+005
10925	-3.7831e+005
10926	66285
10927	1.3798e+005
10928	11210
10929	78995
10930	-2.4617e+005
10931	-1.5658e+005
10932	-2.6431e+005
10933	2.6992e+005
10934	5.2612e+005
10935	2.7575e+005
10936	3.7361e+005
10937	-24648
10938	-2.5534e+005
10939	3.3845e+005
10940	8.07e+005
10941	1.0615e+006
10942	8.1452e+005
10943	8.2893e+005
10944	1.4811e+005
10945	1.2824e+006
10946	1.3419e+006
10947	1.3077e+006
10948	1.0512e+006
10949	4.2162e+005
10950	5.9242e+005
10951	-1.0914e+006
10952	-1.2834e+006
10953	-8.5194e+005
10954	-1.2017e+006
10955	-9.7877e+005
10956	-1.039e+006
10957	-7.2291e+005
10958	-9.0442e+005
10959	-8.2131e+005
10960	-6.2157e+005
10961	9.7877e+005
10962	1.1966e+006
10963	1.055e+006
10964	3.1049e+005
10965	4.8129e+005
10966	8.6253e+005
10967	7.2022e+005
10968	3.2938e+005
10969	-3.9229e+005
10970	2.8229e+005
10971	2.9106e+005
10972	1.1803e+005
10973	6.1055e+005
10974	5.729e+005
10975	4.9537e+005
10976	4.2315e+005
10977	1.8207e+005
10978	27481
10979	1.5455e+005
10980	7406.5
10981	1.5589e+005
10982	1.505e+005
10983	4.4126e+005
10984	63807
10985	403.79
10986	-4933.9
10987	-2.4269e+005
10988	-83341
10989	2.5051e+005
10990	-44037
10991	10733
10992	-61889
10993	-2.8714e+005
10994	-2.384e+005
10995	2.7752e+005
10996	-1.9255e+005
10997	-21194
10998	-49383
10999	-5714.7
11000	-2.7032e+005
11001	2.4559e+005
11002	1.0857e+005
11003	2.3465e+005
11004	1.0179e+005
11005	2.4086e+005
11006	-1.8532e+005
11007	-2.1341e+005
11008	6.6154e+005
11009	4.8415e+005
11010	5.4635e+005
11011	2.3305e+005
11012	1.8077e+005
11013	1.3997e+005
11014	-54655
11015	1.4893e+005
11016	6.1424e+005
11017	3.0094e+005
11018	2.4866e+005
11019	-4.4152e+005
11020	-1.1945e+005
11021	-3.7909e+005
11022	-603.33
11023	-1.5269e+005
11024	27653
11025	1.6289e+005
11026	1.6827e+005
11027	1.8792e+005
11028	1.6496e+005
11029	1.5276e+005
11030	-1.1033e+005
11031	76637
11032	49705
11033	1.7203e+005
11034	92837
11035	1.3414e+005
11036	-1.2829e+005
11037	-1.5093e+005
11038	-2.9007e+005
11039	70421
11040	1.2063e+005
11041	-1.8696e+005
11042	-2.051e+005
11043	-3.1271e+005
11044	2.7472e+005
11045	2.099e+005
11046	-1.1526e+005
11047	-25676
11048	-2.5637e+005
11049	7.8881e+005
11050	6.2878e+005
11051	8.0322e+005
11052	-6.2404e+005
11053	1.224e+005
11054	-175.39
11055	5.9362e+005
11056	1.0433e+006
11057	1.2562e+006
11058	1.1654e+006
11059	1.0577e+006
11060	3.7691e+005
11061	5.4083e+005
11062	-9.3745e+005
11063	-6.8306e+005
11064	-5.0603e+005
11065	-6.3286e+005
11066	-4.5666e+005
11067	-9.9485e+005
11068	-8.7501e+005
11069	-6.9798e+005
11070	-7.1201e+005
11071	-3.684e+005
11072	-5.9571e+005
11073	-2.8041e+005
11074	-3.9596e+005
11075	-1.1242e+005
11076	-4.668e+005
11077	-2.5614e+005
11078	-3.1074e+005
11079	1.4954e+005
11080	-1.515e+005
11081	-1.1108e+005
11082	-1.2907e+005
11083	-54084
11084	-1.3249e+005
11085	2.0136e+005
11086	15991
11087	3.0136e+005
11088	-1.1749e+005
11089	-1.3e+005
11090	-3.5525e+005
11091	2.0941e+005
11092	1.3796e+005
11093	-75231
11094	12870
11095	-27049
11096	-2.5174e+005
11097	2.6418e+005
11098	-15319
11099	-65769
11100	-64163
11101	73306
11102	-2.7993e+005
11103	2.3599e+005
11104	2.8391e+005
11105	60308
11106	1.1632e+005
11107	1.9938e+005
11108	-2.549e+005
11109	1.199e+005
11110	-51306
11111	33883
11112	-3.6099e+005
11113	-1.3251e+005
11114	-3.0865e+005
11115	39261
11116	-49930
11117	-1.3459e+005
11118	1.3396e+005
11119	2728.4
11120	1.745e+005
11121	1.179e+005
11122	85308
11123	30912
11124	1.11e+005
11125	1.1034e+005
11126	78311
11127	-1.5209e+005
11128	94938
11129	78068
11130	7952.1
11131	56184
11132	65327
11133	2074.4
11134	-2.0625e+005
11135	-3.6802e+005
11136	65557
11137	83131
11138	-8765.5
11139	2375.
11140	-2.4203e+005
11141	-3.6779e+005
11142	2.1573e+005
11143	3.7841e+005
11144	2.0213e+005
11145	-2.5055e+005
11146	6.363e+005
11147	9.1844e+005
11148	6.0334e+005
11149	6.9628e+005
11150	1.2992e+005
11151	1.0804e+006
11152	1.1313e+006
11153	5.0667e+005
11154	-7.4047e+005
11155	-7.7721e+005
11156	-6.8813e+005
11157	-5.6344e+005
11158	-5.7747e+005
11159	7.9644e+005
11160	9.8965e+005
11161	7.6488e+005
11162	7.6749e+005
11163	2.0113e+005
11164	3.5851e+005
11165	1.9425e+005
11166	3.6505e+005
11167	5.0438e+005
11168	6.2257e+005
11169	2.6329e+005
11170	2.162e+005
11171	4.3686e+005
11172	2.0707e+005
11173	3.3572e+005
11174	1.2356e+005
11175	2.1065e+005
11176	39441
11177	4.2684e+005
11178	3.9792e+005
11179	1.8576e+005
11180	-32432
11181	66110
11182	49161
11183	82737
11184	-4248.9
11185	65452
11186	43373
11187	-1.6495e+005
11188	65209
11189	52516
11190	41446
11191	17018
11192	-3.1758e+005
11193	1.3732e+005
11194	70160
11195	-1.7425e+005
11196	-3.1536e+005
11197	3.e+005
11198	4.4331e+005
11199	3.3469e+005
11200	-30110
11201	-1.5268e+005
11202	8.1839e+005
11203	2.5203e+005
11204	4.1595e+005
11205	-5.6828e+005
11206	-4.4359e+005
11207	-3.0957e+005
11208	-3.9422e+005
11209	-6.0502e+005
11210	-5.3805e+005
11211	-4.8033e+005
11212	-77770
11213	-3.7881e+005
11214	-4.9436e+005
11215	4.7282e+005
11216	3.257e+005
11217	1.1354e+005
11218	66446
11219	2.0063e+005
11220	-1.9781e+005
11221	-3.2739e+005
11222	-2.6594e+005
11223	-2.7787e+005
11224	1.3289e+005
11225	-1.2773e+005
11226	1.5763e+005
11227	-1.3534e+005
11228	-1.9096e+005
11229	-1.0022e+005
11230	1.1022e+006
11231	1.3262e+005
11232	2.3262e+005
11233	-99672
11234	-1.1274e+005
11235	-64563
11236	1.0897e+006
11237	1.9155e+005
11238	1.9581e+005
11239	1.2011e+005
11240	-11570
11241	-20494
11242	-76421
11243	2.7965e+005
11244	-70944
11245	-16534
11246	-19915
11247	66525
11248	2.0649e+005
11249	-3.398e+005
11250	-82072
11251	-2.7283e+005
11252	-2.2331e+005
11253	1.8745e+005
11254	-48496
11255	-81085
11256	11342
11257	16470
11258	-22101
11259	50046
11260	33177
11261	-46235
11262	-44179
11263	3994.8
11264	-2.1906e+005
11265	-3.8083e+005
11266	2.6436e+005
11267	11099
11268	-57304
11269	-21736
11270	-20433
11271	-2.6614e+005
11272	-3.919e+005
11273	2.2633e+005
11274	2.533e+005
11275	56565
11276	78222
11277	1.5841e+005
11278	-1.8784e+005
11279	3.0463e+005
11280	-3.2895e+005
11281	87062
11282	5.0328e+005
11283	3.0172e+005
11284	3.1777e+005
11285	-63077
11286	-1.8565e+005
11287	2.3037e+005
11288	-4.4897e+005
11289	-3.9125e+005
11290	11312
11291	-2.5722e+005
11292	4.4389e+005
11293	5.9362e+005
11294	4.0811e+005
11295	1.8464e+005
11296	3.1883e+005
11297	-16382
11298	-1.1634e+005
11299	2.3974e+005
11300	2.4399e+005
11301	-1.2526e+005
11302	-18309
11303	-38664
11304	68131
11305	2.081e+005
11306	2.3081e+005
11307	1.6813e+005
11308	36101
11309	1.1629e+005
11310	1.3235e+005
11311	1.2254e+005
11312	2.6251e+005
11313	44941
11314	43061
11315	2.6099e+005
11316	84616
11317	1.7171e+005
11318	-1.2979e+005
11319	-39050
11320	-1.4171e+005
11321	33097
11322	-31503
11323	-1.3146e+005
11324	-44862
11325	-4.1633e+005
11326	2.2887e+005
11327	11062
11328	-9292.9
11329	-2.55e+005
11330	2.3747e+005
11331	4.1072e+005
11332	29867
11333	1.8725e+005
11334	3.2143e+005
11335	-3.3247e+005
11336	78288
11337	-1.6836e+005
11338	-2.7102e+005
11339	1.0341e+006
11340	1.3974e+005
11341	-96211
11342	1.6448e+005
11343	66739
11344	-29447
11345	1.1248e+006
11346	-5474.1
11347	2.3092e+005
11348	-22344
11349	1.5748e+005
11350	-81232
11351	2.791e+005
11352	-94591
11353	1.5217e+005
11354	1.7488e+005
11355	1.7914e+005
11356	12365
11357	1.1291e+005
11358	2.5912e+005
11359	41559
11360	1.2781e+005
11361	-1.0814e+005
11362	2.3877e+005
11363	2.6574e+005
11364	2.0916e+005
11365	-2.9427e+005
11366	1.2175e+005
11367	-1.5564e+005
11368	1.378e+005
11369	1.3593e+005
11370	-1.706e+005
11371	-1.208e+005
11372	-1.1963e+005
11373	1.4203e+005
11374	4.08e+005
11375	7.9698e+005
11376	2.156e+005
11377	-70478
11378	54521
11379	2.6094e+006
11380	2.8152e+006
11381	1.0123e+006
11382	4.5715e+005
11383	8.4613e+005
11384	5.3965e+005
11385	3.9157e+005
11386	1.3493e+006
11387	1.0122e+006
11388	1.4692e+006
11389	1.0887e+006
11390	1.1704e+006
11391	3.3629e+006
11392	2.2052e+006
11393	2.2374e+006
11394	2.9937e+006
11395	2.3757e+006
11396	3.5628e+006
11397	3.7369e+006
11398	4.2716e+006
11399	3.5254e+006
11400	4.6084e+006
11401	4.823e+006
11402	5.0872e+006
11403	4.4076e+006
11404	7.1537e+006
11405	4.9073e+006
11406	5.1773e+006
11407	5.0816e+006
11408	4.5853e+006
11409	5.6975e+006
11410	4.7843e+006
11411	4.3444e+006
11412	4.0952e+006
11413	6.7663e+006
11414	4.3684e+006
11415	4.9602e+006
11416	3.5665e+006
11417	3.0076e+006
11418	2.9603e+006
11419	5.5712e+006
11420	3.1382e+006
11421	4.1823e+006
11422	2.0611e+006
11423	1.0741e+006
11424	4.1903e+006
11425	2.1916e+006
11426	1.7665e+006
11427	3.3893e+005
11428	4.0317e+005
11429	4.6074e+005
11430	-3.3859e+006
11431	-3.3904e+005
11432	-1.5946e+006
11433	1.9475e+005
11434	4.3042e+005
11435	2.4265e+005
11436	-1.8606e+006
11437	7.9994e+005
11438	1.109e+006
11439	8.9534e+005
11440	-8.4837e+005
11441	1.324e+006
11442	1.5548e+006
11443	1.4127e+006
11444	-1.2717e+006
11445	1.9191e+006
11446	2.1549e+006
11447	2.0034e+006
11448	-1.122e+005
11449	2.2348e+006
11450	2.1774e+006
11451	2.1828e+006
11452	-2.2066e+005
11453	1.9804e+006
11454	1.7149e+006
11455	1.8393e+006
11456	-6.8654e+005
11457	-4.1766e+005
11458	1.2615e+006
11459	7.4848e+005
11460	1.0075e+006
11461	-1.3238e+006
11462	-1.0881e+006
11463	1.6594e+005
11464	-6.606e+005
11465	-1.4507e+005
11466	-3.7222e+006
11467	-1.5847e+006
11468	-3.2378e+006
11469	-2.0037e+006
11470	-1.4135e+006
11471	-3.9658e+006
11472	-3.191e+006
11473	-3.9908e+006
11474	-2.321e+006
11475	-1.5762e+006
11476	-2.0344e+006
11477	-3.3537e+006
11478	-2.189e+006
11479	-2.4067e+006
11480	-3.5083e+006
11481	-2.7478e+006
11482	-6.337e+005
11483	-1.9967e+006
11484	-1.1535e+006
11485	-1.7845e+006
11486	-1.6564e+006
11487	-9.5701e+005
11488	-2.3378e+006
11489	58994
11490	2.5899e+005
11491	-5.408e+005
11492	-2.8606e+005
11493	-6089.1
11494	-17574
11495	63573
11496	89646
11497	-95589
11498	-3.6263e+005
11499	-1.6184e+005
11500	44744
11501	9205.4
11502	-1.4996e+005
11503	-17822
11504	68071
11505	-16655
11506	29975
11507	14202
11508	-1.2663e+005
11509	2.4501e+005
11510	2.0533e+005
11511	-20674
11512	2.4099e+005
11513	3.7858e+005
11514	6.0323e+005
11515	2.8774e+006
11516	1.3363e+006
11517	1.7197e+006
11518	1.5789e+006
11519	1.1419e+006
11520	4.3458e+006
11521	2.7661e+006
11522	2.1768e+006
11523	2.3352e+006
11524	2.7417e+006
11525	2.2501e+006
11526	3.5223e+006
11527	2.7531e+006
11528	3.8246e+006
11529	3.2764e+006
11530	3.6073e+006
11531	3.0525e+006
11532	4.107e+006
11533	3.2878e+006
11534	4.3594e+006
11535	3.8715e+006
11536	3.9592e+006
11537	3.4481e+006
11538	6.6176e+006
11539	4.3712e+006
11540	5.0714e+006
11541	3.7489e+006
11542	3.8635e+006
11543	3.6707e+006
11544	3.2441e+006
11545	6.3418e+006
11546	3.9439e+006
11547	4.9757e+006
11548	3.2307e+006
11549	2.8737e+006
11550	2.4165e+006
11551	4.0957e+006
11552	1.3751e+006
11553	2.3147e+006
11554	1.6537e+006
11555	2.4926e+006
11556	-1.3171e+005
11557	6.6668e+005
11558	1.5056e+006
11559	64756
11560	1.0805e+006
11561	1.1657e+005
11562	23794
11563	-4.2848e+005
11564	1.1441e+005
11565	1.1185e+005
11566	1.3437e+005
11567	-44756
11568	1.0549e+005
11569	11350
11570	2.4216e+005
11571	8.971e+005
11572	4.5515e+005
11573	1.3635e+005
11574	2.6431e+005
11575	1.1882e+006
11576	1.0221e+006
11577	6.5541e+005
11578	7.6145e+005
11579	4.8897e+005
11580	1.4129e+006
11581	1.7963e+006
11582	8.8007e+005
11583	1.2801e+006
11584	1.632e+006
11585	1.1351e+006
11586	2.9043e+006
11587	2.315e+006
11588	1.4734e+006
11589	2.1193e+006
11590	2.0385e+006
11591	2.3063e+006
11592	1.8009e+006
11593	2.5416e+006
11594	3.6131e+006
11595	2.6372e+006
11596	2.7685e+006
11597	2.1139e+006
11598	3.6917e+006
11599	2.8561e+006
11600	2.7478e+006
11601	2.1734e+006
11602	3.4476e+006
11603	4.4794e+006
11604	3.157e+006
11605	2.555e+006
11606	2.1673e+006
11607	1.872e+006
11608	1.3725e+006
11609	3.2548e+006
11610	3.8465e+006
11611	1.8102e+006
11612	1.6063e+006
11613	2.4453e+006
11614	3.4895e+006
11615	3.6446e+005
11616	2.2379e+005
11617	-2.6088e+006
11618	-4.8322e+005
11619	-4.6917e+005
11620	-2.2849e+005
11621	-1.7388e+006
11622	6.0013e+005
11623	8.833e+005
11624	7.5482e+005
11625	-8.6042e+005
11626	-1.0707e+006
11627	-1.5031e+006
11628	1.1923e+006
11629	1.4947e+006
11630	1.1778e+006
11631	-1.1897e+006
11632	-5.514e+005
11633	1.3683e+005
11634	1.7255e+006
11635	1.9519e+006
11636	1.7468e+006
11637	1.721e+006
11638	-1.637e+005
11639	-9.5889e+005
11640	3.6745e+005
11641	2.1876e+006
11642	2.2871e+006
11643	2.1092e+006
11644	1.953e+006
11645	72059
11646	-1.1636e+005
11647	-57343
11648	2.2298e+006
11649	2.0832e+006
11650	2.0172e+006
11651	1.9238e+006
11652	-1.7375e+005
11653	1.8176e+006
11654	1.4392e+006
11655	1.5375e+006
11656	1.3364e+006
11657	-7.0822e+005
11658	-8.9219e+005
11659	9.2612e+005
11660	3.5605e+005
11661	5.643e+005
11662	-3.2211e+006
11663	-1.4052e+006
11664	-1.0836e+006
11665	-1.4442e+006
11666	-4.705e+005
11667	-9.2698e+005
11668	-2.7635e+006
11669	-1.9102e+006
11670	-3.5632e+006
11671	-2.1201e+006
11672	-1.3852e+006
11673	-1.8097e+006
11674	-3.2217e+006
11675	-2.4612e+006
11676	-2.0274e+006
11677	-2.1257e+006
11678	-2.5465e+006
11679	-1.2982e+006
11680	-2.679e+006
11681	1.4689e+005
11682	-1.2825e+006
11683	-3.2726e+005
11684	-8.9455e+005
11685	-4.5503e+005
11686	1.0494e+005
11687	98834
11688	-80295
11689	-1.4655e+005
11690	96278
11691	57980
11692	1.3552e+005
11693	75732
11694	-82851
11695	30721
11696	2.4911e+005
11697	5.7062e+005
11698	6.981e+005
11699	1.878e+006
11700	9.6171e+005
11701	7.7098e+005
11702	1.05e+006
11703	1.3093e+006
11704	9.9458e+005
11705	2.8192e+006
11706	2.05e+006
11707	1.3883e+006
11708	1.577e+006
11709	1.5591e+006
11710	1.2636e+006
11711	3.1369e+006
11712	2.3178e+006
11713	1.3583e+006
11714	1.6904e+006
11715	1.6623e+006
11716	1.3438e+006
11717	1.398e+006
11718	3.2682e+006
11719	1.4896e+006
11720	2.6459e+006
11721	1.5541e+006
11722	1.4455e+006
11723	1.0441e+006
11724	1.2897e+006
11725	2.8283e+006
11726	2.5376e+006
11727	1.1491e+006
11728	5.5819e+005
11729	6.7497e+005
11730	1.9881e+006
11731	2.4405e+006
11732	3.0323e+006
11733	1.871e+006
11734	2.298e+005
11735	4.7112e+005
11736	1.7843e+006
11737	3.4336e+005
11738	2.7169e+005
11739	5.6705e+005
11740	3.5043e+005
11741	-4.2127e+005
11742	-1.2585e+006
11743	-1.6909e+006
11744	8.5023e+005
11745	9.6416e+005
11746	-7.6502e+005
11747	-9.7531e+005
11748	-76790
11749	1.2665e+006
11750	1.6048e+006
11751	1.3469e+006
11752	-1.101e+006
11753	2.2557e+005
11754	6.6488e+005
11755	1.9577e+006
11756	1.8053e+006
11757	-79446
11758	4.517e+005
11759	-2.0885e+005
11760	2.0226e+006
11761	1.901e+006
11762	-1.6835e+005
11763	-1.0934e+005
11764	1.6619e+006
11765	1.7827e+006
11766	-5.8376e+005
11767	-3.1488e+005
11768	8.2336e+005
11769	1.0824e+006
11770	-1.1462e+006
11771	2.5329e+005
11772	-4.1145e+005
11773	-1.0003e+005
11774	-1.3946e+006
11775	1.2491e+005
11776	2.0976e+005
11777	-5.6195e+005
11778	-3.2126e+005
11779	-1.2048e+005
11780	1.5804e+005
11781	2.0365e+005
11782	-60328
11783	53244
11784	-1.2658e+005
11785	1.7017e+005
11786	59958
11787	2.7301e+005
11788	2.3334e+005
11789	9.2796e+005
11790	5.6127e+005
11791	4.2562e+005
11792	1.8792e+005
11793	2.8669e+005
11794	2.4257e+005
11795	6.8923e+005
11796	4.985e+005
11797	4.1418e+005
11798	4.9767e+005
11799	1.733e+006
11800	8.9137e+005
11801	6.2599e+005
11802	1.5373e+006
11803	7.5692e+005
11804	7.5816e+005
11805	1.8123e+006
11806	8.5285e+005
11807	1.1506e+006
11808	7.4025e+005
11809	6.8916e+005
11810	5.4379e+005
11811	2.6136e+006
11812	8.3494e+005
11813	6.6111e+005
11814	4.6976e+005
11815	4.0446e+005
11816	7.1533e+005
11817	1.9632e+006
11818	2.6297e+005
11819	3.6119e+005
11820	1.4011e+005
11821	6.0676e+005
11822	2.1453e+006
11823	-6.6957e+005
11824	8.3568e+005
11825	5.0512e+005
11826	6.4768e+005
11827	5.189e+005
11828	-2.6658e+005
11829	-1.1038e+006
11830	1.03e+006
11831	7.6162e+005
11832	-14426
11833	-9.8985e+005
11834	-91332
11835	1.3682e+006
11836	1.6002e+006
11837	1.4094e+006
11838	-1.0797e+006
11839	2.4668e+005
11840	6.8621e+005
11841	1.7268e+006
11842	1.7231e+006
11843	1.5184e+006
11844	3.7328e+005
11845	-2.8728e+005
11846	1.6885e+006
11847	1.7167e+006
11848	1.4394e+006
11849	1.2354e+006
11850	38061
11851	-3.809e+005
11852	-3.2188e+005
11853	1.5025e+006
11854	1.1807e+006
11855	9.5059e+005
11856	-8.6393e+005
11857	71838
11858	7.2056e+005
11859	1.0822e+005
11860	1.8541e+005
11861	-2.2619e+005
11862	-1.508e+006
11863	-1.2979e+006
11864	-1.6705e+006
11865	-1.1864e+006
11866	-1.2924e+006
11867	-5.5651e+005
11868	-2.3352e+006
11869	-2.7044e+006
11870	-1.8511e+006
11871	-1.8152e+006
11872	-9.8102e+005
11873	-1.732e+006
11874	-1.3154e+006
11875	-2.236e+006
11876	-2.7598e+006
11877	-3.129e+006
11878	-2.3685e+006
11879	-1.5256e+006
11880	-1.8303e+006
11881	-2.3343e+006
11882	-1.4035e+006
11883	-1.086e+006
11884	2.4289e+005
11885	1.3749e+005
11886	2.5666e+005
11887	92482
11888	-1.1982e+005
11889	-3.5947e+005
11890	-6.8422e+005
11891	1.6457e+006
11892	-1.1691e+006
11893	-5.65e+005
11894	-5.7032e+005
11895	-5.6743e+005
11896	1.3101e+006
11897	-4.4821e+005
11898	-1.308e+005
11899	8.4195e+005
11900	1.1515e+006
11901	9.9186e+005
11902	65908
11903	-10997
11904	4.2831e+005
11905	1.3836e+006
11906	1.3659e+006
11907	2.2085e+005
11908	1.3622e+006
11909	1.3178e+006
11910	1.2251e+006
11911	-4.4346e+005
11912	1.0714e+006
11913	1.142e+006
11914	-7.4317e+005
11915	-55331
11916	-4.7429e+005
11917	1.926e+005
11918	7.4951e+005
11919	4.4443e+005
11920	2.8825e+005
11921	-1.065e+006
11922	-1.249e+006
11923	-1.0389e+006
11924	-1.2925e+005
11925	-5.7951e+005
11926	-2.0238e+006
11927	-1.5397e+006
11928	-1.4423e+006
11929	-1.1347e+006
11930	-1.0155e+006
11931	-6.9809e+005
11932	3.0227e+005
11933	1.3809e+005
11934	-4.832e+005
11935	-41734
11936	1.9688e+005
11937	1.3236e+005
11938	32698
11939	2.5109e+005
11940	5.7902e+005
11941	3.5874e+005
11942	2.3113e+005
11943	3.1171e+005
11944	4.1828e+005
11945	4.8705e+005
11946	4.4347e+005
11947	3.9521e+005
11948	5.2178e+005
11949	4.1679e+005
11950	8.3593e+005
11951	5.7055e+005
11952	2.4825e+005
11953	5.2302e+005
11954	3.9813e+005
11955	4.1803e+005
11956	5.394e+005
11957	-1.5803e+005
11958	8.3717e+005
11959	1.9717e+005
11960	85886
11961	1.9233e+005
11962	3.9676e+005
11963	4.8832e+005
11964	-1.0547e+005
11965	-2.6124e+005
11966	-2.5701e+005
11967	2.0541e+005
11968	4.4483e+005
11969	7.2353e+005
11970	3.8031e+005
11971	5.6746e+005
11972	2.8065e+005
11973	-3.4065e+005
11974	-2.0243e+005
11975	-1.1779e+006
11976	3.9116e+005
11977	1.1751e+006
11978	1.0331e+006
11979	8.9706e+005
11980	30039
11981	4.6956e+005
11982	1.0204e+006
11983	8.794e+005
11984	7.5451e+005
11985	12383
11986	1.9835e+005
11987	-6.4817e+005
11988	9.7598e+005
11989	8.6471e+005
11990	6.1291e+005
11991	-3.3261e+005
11992	1.5398e+005
11993	-6.9254e+005
11994	5.9006e+005
11995	22788
11996	58185
11997	-7.2152e+005
11998	-3.5932e+005
11999	-5.0232e+005
12000	-2.4689e+005
12001	-5.2245e+005
12002	-1.574e+006
12003	-1.9466e+006
12004	-1.4394e+006
12005	-1.3305e+006
12006	-1.3506e+006
12007	-2.2511e+006
12008	-2.7748e+006
12009	-1.9243e+006
12010	-1.3202e+006
12011	2.5153e+005
12012	1.5187e+005
12013	-4.6943e+005
12014	2.0167e+005
12015	46959
12016	3.4295e+005
12017	-3.5449e+005
12018	-64322
12019	-3.2231e+005
12020	-6835.3
12021	1.4011e+005
12022	2.3166e+005
12023	-1.0666e+006
12024	-8.0707e+005
12025	-4.7809e+005
12026	-4.4269e+005
12027	-7.1825e+005
12028	-15667
12029	-1.292e+006
12030	-1.2224e+006
12031	-1.043e+006
12032	-1.6167e+006
12033	-1.0126e+006
12034	6.1081e+005
12035	7.3739e+005
12036	7.1738e+005
12037	-52516
12038	3.0989e+005
12039	6.1739e+005
12040	4.6268e+005
12041	5.2016e+005
12042	61228
12043	-7.8529e+005
12044	93412
12045	4.0889e+005
12046	-5.3663e+005
12047	-6.5089e+005
12048	-2.8869e+005
12049	-9.3405e+005
12050	-2.3582e+006
12051	3.7416e+005
12052	87350
12053	1.9786e+005
12054	6.3367e+005
12055	4.4294e+005
12056	4.7476e+005
12057	4.5475e+005
12058	3.6976e+005
12059	-3.1514e+005
12060	2.7844e+005
12061	5.2352e+005
12062	4.7644e+005
12063	4.9634e+005
12064	-2.6569e+005
12065	-1.8857e+005
12066	-79720
12067	1.7384e+005
12068	1.9684e+005
12069	-2.0461e+005
12070	99609
12071	3.3811e+005
12072	-3.5933e+005
12073	-9.6018e+005
12074	-1.5838e+005
12075	-4.3847e+005
12076	-11439
12077	-1.2182e+006
12078	-2.0858e+005
12079	3.8501e+005
12080	6.3009e+005
12081	-7.8842e+005
12082	-3.0184e+005
12083	-9.0269e+005
12084	-6.7863e+005
12085	-1.7302e+006
12086	-1.2524e+006
12087	-1.1828e+006
12088	-8.2057e+005
12089	-2.0057e+006
12090	-2.3784e+006
12091	-1.5279e+006
12092	-3.5789e+006
12093	-3.3494e+006
12094	-3.5391e+006
12095	-1.5519e+007
12096	-8.3641e+006
12097	-3.5734e+006
12098	-3.8298e+006
12099	-3.7584e+006
12100	-1.5743e+007
12101	-9.1909e+006
12102	-3.638e+006
12103	-3.4456e+006
12104	-3.5597e+006
12105	-1.289e+007
12106	-6.9469e+006
12107	-6.1312e+006
12108	-3.2769e+006
12109	-2.9643e+006
12110	-3.2345e+006
12111	-6.7782e+006
12112	-5.2399e+006
12113	-6.0387e+006
12114	-2.6037e+006
12115	-2.1777e+006
12116	-2.4489e+006
12117	-4.1986e+006
12118	-5.6781e+006
12119	-1.5635e+006
12120	-1.0291e+006
12121	-1.4809e+006
12122	-9.6024e+006
12123	-2.5509e+006
12124	-3.5844e+006
12125	-2.2915e+006
12126	3.4686e+005
12127	71960
12128	2.8286e+005
12129	1.1806e+005
12130	-5.4689e+006
12131	4.9661e+005
12132	-1.1905e+006
12133	86777
12134	6.7676e+006
12135	4.2128e+006
12136	4.8954e+006
12137	1.4785e+007
12138	1.3306e+007
12139	8.9583e+006
12140	6.8552e+006
12141	1.0396e+007
12142	4.7865e+006
12143	4.1078e+006
12144	3.6484e+006
12145	1.1626e+007
12146	6.0677e+006
12147	6.4504e+006
12148	3.9598e+006
12149	2.7033e+006
12150	2.5213e+006
12151	9.4699e+006
12152	5.6236e+006
12153	3.7577e+006
12154	1.631e+006
12155	1.3975e+006
12156	9.2834e+005
12157	3.0944e+006
12158	9.8044e+005
12159	7.5165e+005
12160	4.6417e+005
12161	1.7458e+006
12162	2.1063e+005
12163	-1.1595e+005
12164	-59220
12165	9.7677e+005
12166	1.2921e+006
12167	-8.0443e+005
12168	-1.1278e+006
12169	-6.3264e+005
12170	3.2055e+006
12171	2.6009e+005
12172	2.8829e+005
12173	-3.6601e+006
12174	-3.3847e+006
12175	-8.2096e+006
12176	-7.6304e+006
12177	-5.8888e+006
12178	-4.3538e+006
12179	-3.6203e+006
12180	-4.1943e+006
12181	-7.866e+006
12182	-6.1245e+006
12183	-5.0097e+006
12184	-4.6523e+006
12185	-5.0867e+006
12186	-5.6494e+006
12187	-8.3241e+006
12188	-7.0451e+006
12189	-1.1832e+006
12190	-4.2222e+006
12191	-4.1518e+006
12192	-2.7835e+006
12193	-4.8619e+006
12194	-3.4343e+006
12195	-2.6151e+006
12196	1.553e+006
12197	-7.2989e+005
12198	5.616e+006
12199	3.5129e+006
12200	-1.3807e+006
12201	-5.6147e+005
12202	-61899
12203	1.5186e+005
12204	-2.5798e+005
12205	-61185
12206	-93146
12207	-1.0594e+005
12208	1.1212e+005
12209	-96058
12210	-78767
12211	-86482
12212	3.8707e+005
12213	-5.4112e+005
12214	-46613
12215	13496
12216	3.2064e+005
12217	1.599e+005
12218	-3.1505e+006
12219	-3.1551e+006
12220	-3.274e+006
12221	-1.5135e+007
12222	-7.9801e+006
12223	-8.5829e+006
12224	-3.407e+006
12225	-3.4001e+006
12226	-8.8394e+006
12227	-5.9716e+006
12228	-3.2077e+006
12229	-3.0512e+006
12230	-3.4407e+006
12231	-6.5949e+006
12232	-5.7792e+006
12233	-4.8819e+006
12234	-2.7386e+006
12235	-2.3136e+006
12236	-2.776e+006
12237	-4.7439e+006
12238	-5.5428e+006
12239	-1.8877e+006
12240	-1.5339e+006
12241	-1.8771e+006
12242	-3.6374e+006
12243	-9.9948e+005
12244	-5.016e+005
12245	-6.7032e+005
12246	-2.0695e+006
12247	-1.8101e+006
12248	2.4549e+006
12249	2.1545e+006
12250	5.2569e+006
12251	8.9804e+005
12252	3.7741e+005
12253	-5.2146e+005
12254	7.8466e+006
12255	2.5435e+006
12256	2.1344e+006
12257	1.4397e+005
12258	96885
12259	-8.4417e+005
12260	2.3101e+006
12261	1.3785e+006
12262	4.4803e+005
12263	-1.3191e+005
12264	-1.1429e+005
12265	-6.392e+005
12266	1.1497e+006
12267	1.237e+006
12268	-4.4087e+005
12269	-3.2582e+005
12270	5.6691e+005
12271	5.9512e+005
12272	-6.4915e+005
12273	-5.8964e+005
12274	3.189e+006
12275	2.4358e+005
12276	-2.825e+005
12277	-4.4324e+005
12278	-5.1372e+006
12279	-5.2845e+006
12280	-5.8473e+006
12281	-4.4197e+006
12282	-7.243e+006
12283	-2.907e+005
12284	-1.7066e+005
12285	-4.9144e+005
12286	47406
12287	87854
12288	-4.8517e+005
12289	-3.2198e+005
12290	-2.0262e+005
12291	-1.8025e+005
12292	2.933e+005
12293	15445
12294	-1.6296e+005
12295	-95135
12296	-2.2502e+005
12297	3.1059e+005
12298	51269
12299	-3.3287e+006
12300	-3.4591e+006
12301	-3.548e+006
12302	-8.1652e+006
12303	-8.768e+006
12304	-7.3568e+006
12305	-5.9002e+006
12306	-3.5411e+006
12307	-3.5548e+006
12308	-5.8932e+006
12309	-4.996e+006
12310	-3.3983e+006
12311	-3.0462e+006
12312	-3.3991e+006
12313	-6.5524e+006
12314	-5.0141e+006
12315	-4.8395e+006
12316	-2.6212e+006
12317	-2.1482e+006
12318	-2.5656e+006
12319	-3.9086e+006
12320	-3.0745e+006
12321	-4.5892e+006
12322	-5.388e+006
12323	-1.1221e+006
12324	-1.7944e+006
12325	-1.4548e+006
12326	-1.6377e+006
12327	-2.5213e+006
12328	-3.5548e+006
12329	-2.7207e+006
12330	-1.5561e+006
12331	-6.2421e+005
12332	-6.5623e+005
12333	-2.0234e+006
12334	-1.764e+006
12335	-6.4997e+005
12336	-4.8678e+005
12337	1.7762e+006
12338	-47304
12339	4.1955e+006
12340	-6.9813e+005
12341	1.0164e+006
12342	-5.0673e+005
12343	-5.2977e+005
12344	3.736e+006
12345	4.1187e+006
12346	-1.1576e+006
12347	-8.3012e+005
12348	-7.0346e+005
12349	3.4357e+006
12350	3.8184e+006
12351	-9.1717e+005
12352	1.9524e+006
12353	-1.2241e+006
12354	-1.3134e+006
12355	1.8409e+006
12356	1.4318e+006
12357	-21156
12358	-1.3604e+006
12359	-9.2668e+005
12360	-1.5771e+006
12361	8.6227e+005
12362	-68240
12363	-2.6909e+005
12364	-9.0906e+005
12365	-4.5217e+005
12366	-9.8614e+005
12367	-7.7119e+005
12368	6.2364e+005
12369	6.5185e+005
12370	8.7989e+005
12371	3.6569e+005
12372	-1.6559e+005
12373	9.6714e+005
12374	-94531
12375	-3.3712e+005
12376	7.3869e+005
12377	51872
12378	-3.9188e+006
12379	-3.4637e+006
12380	-3.795e+006
12381	-8.1698e+006
12382	-7.3615e+006
12383	-5.849e+006
12384	-4.9272e+006
12385	-4.369e+006
12386	-8.1646e+006
12387	-6.423e+006
12388	-6.8856e+006
12389	-3.6985e+006
12390	-5.2142e+006
12391	-5.5515e+006
12392	-4.9301e+006
12393	-4.3494e+006
12394	-7.1726e+006
12395	-2.3532e+006
12396	-3.5618e+006
12397	-2.981e+006
12398	-1.9305e+005
12399	-5.3619e+005
12400	-3.7666e+005
12401	2.8051e+005
12402	2648.8
12403	-3.3507e+005
12404	-5.2993e+005
12405	2.135e+005
12406	-2.3274e+005
12407	-3.5429e+005
12408	-3.7028e+005
12409	3.0288e+005
12410	2.3587e+005
12411	-1.6492e+005
12412	-2.7761e+005
12413	1.1138e+005
12414	-1.1256e+006
12415	-8.2495e+005
12416	-2.1921e+006
12417	-1.2269e+006
12418	-8.1869e+005
12419	-4.8033e+006
12420	-5.6988e+006
12421	-5.0981e+006
12422	-8.3698e+006
12423	-6.6385e+006
12424	-6.8573e+006
12425	-7.32e+006
12426	-4.075e+005
12427	-4.3235e+005
12428	2.4081e+005
12429	-18511
12430	1.7381e+005
12431	-3.6715e+006
12432	-3.9139e+006
12433	-4.2087e+006
12434	-8.2887e+006
12435	-7.4804e+006
12436	-3.7741e+006
12437	-4.2976e+006
12438	-4.1673e+006
12439	-5.9433e+006
12440	-8.9804e+006
12441	-7.5692e+006
12442	-6.1125e+006
12443	-5.2152e+006
12444	-3.7886e+006
12445	-4.181e+006
12446	-4.2866e+006
12447	-5.957e+006
12448	-5.229e+006
12449	-3.4365e+006
12450	-3.028e+006
12451	-3.3406e+006
12452	-3.322e+006
12453	-3.5368e+006
12454	-3.6144e+006
12455	-5.0516e+006
12456	-4.8769e+006
12457	-2.555e+006
12458	-1.9808e+006
12459	-2.3094e+006
12460	-3.898e+006
12461	-3.0638e+006
12462	-1.1576e+006
12463	-1.6412e+006
12464	-1.2896e+006
12465	-1.5596e+006
12466	-2.2496e+006
12467	-3.5849e+006
12468	-3.4089e+006
12469	1.8895e+006
12470	-3.0041e+006
12471	-2.4633e+006
12472	-2.2122e+006
12473	-3.2822e+006
12474	-3.3139e+006
12475	-2.3367e+006
12476	5.3294e+005
12477	-3.4032e+006
12478	-2.5182e+006
12479	-3.1168e+006
12480	-2.1419e+006
12481	-2.4259e+006
12482	4.4367e+005
12483	-1.0093e+006
12484	-2.0844e+006
12485	-1.5111e+006
12486	-2.0352e+006
12487	3.5497e+005
12488	-6.905e+005
12489	-1.7454e+006
12490	-5.7553e+005
12491	-5.4504e+005
12492	-8.3922e+005
12493	5.5561e+005
12494	2.9766e+005
12495	-1.3121e+005
12496	61108
12497	-4.54e+006
12498	-7.8116e+006
12499	-6.2992e+006
12500	-5.4148e+006
12501	-5.4354e+006
12502	-5.8971e+006
12503	-5.7568e+006
12504	-4.834e+006
12505	-6.9757e+006
12506	-7.6573e+006
12507	-4.6175e+006
12508	-5.2758e+006
12509	-4.2126e+006
12510	-3.6719e+006
12511	-6.3544e+006
12512	-6.9744e+005
12513	-9.8893e+005
12514	-6.5585e+005
12515	-1.2589e+006
12516	-8.5071e+005
12517	-5.539e+005
12518	-8.2939e+005
12519	-8.407e+005
12520	-4.9632e+005
12521	52256
12522	-3.6935e+006
12523	-4.2874e+006
12524	-5.9578e+006
12525	-5.2298e+006
12526	-2.7268e+006
12527	-3.2663e+006
12528	-3.4812e+006
12529	-2.1526e+006
12530	-1.4725e+006
12531	-1.9706e+006
12532	-2.9071e+006
12533	-1.7425e+006
12534	-8.6406e+005
12535	-8.5669e+005
12536	2.7282e+005
12537	36265
12538	-4.7045e+006
12539	-5.1562e+006
12540	-6.4805e+006
12541	-8.1064e+006
12542	-6.3751e+006
12543	-4.6798e+006
12544	-5.0259e+006
12545	-6.3502e+006
12546	-4.1914e+006
12547	-3.5789e+006
12548	-4.1813e+006
12549	-5.8618e+006
12550	-3.8713e+006
12551	-5.3085e+006
12552	-5.1338e+006
12553	-3.0208e+006
12554	-2.2992e+006
12555	-2.7189e+006
12556	-3.2357e+006
12557	-1.1322e+006
12558	-1.619e+006
12559	-7.8781e+005
12560	-1.3909e+006
12561	-4.4732e+006
12562	-5.0998e+006
12563	-4.9307e+006
12564	-3.4959e+006
12565	-6.1785e+006
12566	-4.2184e+006
12567	-4.635e+006
12568	-4.9624e+006
12569	-3.2435e+006
12570	-3.5276e+006
12571	-4.4163e+006
12572	-3.3334e+006
12573	-2.6856e+006
12574	-3.23e+006
12575	-2.3585e+006
12576	-1.3409e+006
12577	-2.3958e+006
12578	-1.226e+006
12579	-1.3732e+006
12580	-2.1123e+006
12581	-1.9827e+006
12582	-7.6758e+005
12583	-1.8224e+006
12584	-1.1509e+006
12585	-1.7677e+006
12586	-1.1812e+006
12587	-21358
12588	-5.5264e+005
12589	-5.6178e+006
12590	-5.589e+006
12591	-6.8368e+006
12592	-1.6303e+006
12593	-1.7603e+006
12594	-1.1738e+006
12595	-13988
12596	-7.9912e+005
12597	-1.4022e+006
12598	-2.5054e+005
12599	-5.1315e+006
12600	-4.7753e+006
12601	-5.1026e+006
12602	-6.4558e+006
12603	-4.4653e+006
12604	-4.5565e+006
12605	-4.1628e+006
12606	-3.2585e+006
12607	-3.6041e+006
12608	-3.7752e+006
12609	-3.8528e+006
12610	-2.5368e+006
12611	-2.2471e+006
12612	-1.6606e+006
12613	-3.0536e+006
12614	-1.889e+006
12615	-4.3486e+006
12616	-3.8286e+006
12617	-2.9571e+006
12618	-4.1299e+006
12619	-3.1808e+006
12620	-2.5068e+006
12621	-2.9587e+006
12622	-2.3466e+006
12623	-5.4487e+006
12624	-6.8019e+006
12625	-6.6965e+006
12626	-4.2452e+006
12627	-5.0925e+006
12628	-4.2065e+006
12629	-4.4552e+006
12630	-4.5465e+006
12631	-2.6669e+006
12632	-3.3022e+006
12633	-3.1188e+006
12634	-2.0803e+006
12635	-3.4733e+006
12636	-3.5509e+006
12637	-3.6865e+006
12638	-3.5031e+006
12639	-2.8537e+006
12640	-3.9351e+006
12641	-4.0264e+006
12642	-2.8909e+006
12643	-2.8291e+006
12644	-1.7906e+006
12645	-1.1621e+006
12646	-2.217e+006
12647	-6.773e+006
12648	-3.9851e+006
12649	-6.6676e+006
12650	-4.8738e+006
12651	-3.4644e+006
12652	-3.8965e+006
12653	-2.6316e+006
12654	-2.2426e+006
12655	-3.7131e+006
12656	-2.6689e+006
12657	-1.3633e+007
12658	-1.0634e+007
12659	-1.0519e+007
12660	-8.7659e+006
12661	-1.0267e+007
12662	-9.3077e+006
12663	-1.6685e+007
12664	-1.2219e+007
12665	-1.3874e+007
12666	-1.2685e+007
12667	-1.2104e+007
12668	-1.1852e+007
12669	-1.5714e+007
12670	-1.5341e+007
12671	-1.7047e+007
12672	-1.4152e+007
12673	-1.561e+007
12674	-1.3319e+007
12675	-1.0875e+007
12676	-7.3512e+006
12677	-8.8528e+006
12678	-1.2903e+007
12679	-1.2674e+007
12680	-1.1714e+007
12681	-1.1534e+007
12682	-1.0881e+007
12683	-1.0508e+007
12684	2.5387e+007
12685	2.5965e+007
12686	2.2122e+007
12687	2.339e+007
12688	2.3997e+007
12689	2.2109e+007
12690	2.7392e+007
12691	2.297e+007
12692	1.7388e+007
12693	1.8855e+007
12694	2.1002e+007
12695	1.9344e+007
12696	1.2119e+007
12697	7.9566e+006
12698	9.7355e+006
12699	1.4074e+007
12700	1.0433e+007
12701	9.538e+006
12702	3.0595e+006
12703	1.5019e+005
12704	2.2576e+006
12705	1.9304e+006
12706	5.5358e+006
12707	2.3972e+006
12708	-1.5209e+006
12709	-1.8962e+006
12710	-1.2181e+006
12711	-2.2567e+006
12712	-1.371e+006
12713	7.261e+005
12714	-1.7445e+006
12715	-1.2725e+006
12716	-1.1465e+006
12717	-2.105e+006
12718	-2.333e+006
12719	-2.0072e+006
12720	-8.0193e+005
12721	-17017
12722	-8.7313e+005
12723	-2.735e+005
12724	-1.0775e+006
12725	-2.3294e+006
12726	-6.6288e+006
12727	-2.5682e+006
12728	-5.8217e+006
12729	-4.1572e+006
12730	-6.8959e+006
12731	-4.0244e+006
12732	-9.2993e+006
12733	-1.4171e+007
12734	-1.2968e+007
12735	-1.0374e+007
12736	-1.7815e+007
12737	-2.7923e+007
12738	-3.4643e+007
12739	-2.074e+007
12740	-3.105e+007
12741	-3.4043e+007
12742	-2.4384e+007
12743	-3.7102e+007
12744	1.1605e+007
12745	1.4475e+007
12746	1.3965e+007
12747	1.3316e+007
12748	1.4779e+007
12749	1.3228e+007
12750	1.2196e+007
12751	1.2544e+007
12752	1.3774e+007
12753	1.4271e+007
12754	1.4588e+007
12755	2.1171e+007
12756	1.3262e+007
12757	1.3037e+007
12758	9.5667e+006
12759	1.3325e+007
12760	2.1953e+007
12761	1.4044e+007
12762	4.9898e+006
12763	3.9507e+005
12764	6.2031e+006
12765	1.9634e+007
12766	5.5004e+006
12767	-1.0987e+006
12768	-1.1555e+006
12769	1.6025e+006
12770	4.1541e+006
12771	-2.8039e+006
12772	-3.1115e+006
12773	-1.9267e+006
12774	4.8953e+006
12775	6.6579e+006
12776	-1.1025e+006
12777	-2.7003e+006
12778	-7.8981e+005
12779	-1.5238e+006
12780	5.3065e+006
12781	2.726e+006
12782	-4.2898e+005
12783	-1.2843e+006
12784	-1.2212e+006
12785	-1.1706e+006
12786	-3.9276e+005
12787	-8.389e+006
12788	-1.3137e+007
12789	-1.0706e+007
12790	-1.0746e+007
12791	-2.2425e+007
12792	-3.0986e+007
12793	-2.5431e+007
12794	-3.9839e+007
12795	-6.2259e+007
12796	-4.5649e+007
12797	-4.9105e+007
12798	-7.0687e+007
12799	-5.0836e+007
12800	-6.6768e+007
12801	-6.3828e+007
12802	-5.3764e+007
12803	-4.8335e+007
12804	-5.0172e+007
12805	-6.9917e+007
12806	-5.0065e+007
12807	-5.6224e+007
12808	2.0419e+007
12809	2.1148e+007
12810	2.0406e+007
12811	2.5689e+007
12812	-3.9321e+007
12813	-3.8721e+007
12814	-4.178e+007
12815	-5.6104e+007
12816	-7.2257e+007
12817	-5.8564e+007
12818	-6.6811e+007
12819	2.2264e+007
12820	2.0724e+007
12821	2.2871e+007
12822	2.6267e+007
12823	9.9145e+006
12824	7.369e+006
12825	9.2494e+006
12826	9.4661e+006
12827	2.08e+007
12828	1.8542e+007
12829	1.0633e+007
12830	6.6663e+006
12831	1.1594e+006
12832	2.7743e+006
12833	-3.3255e+005
12834	2.9382e+006
12835	2.2191e+006
12836	1.6205e+007
12837	2.0716e+006
12838	-1.8068e+006
12839	-3.8938e+005
12840	-2.2702e+006
12841	3.0061e+005
12842	-1.6569e+006
12843	2.1623e+006
12844	-26572
12845	6.3144e+006
12846	-2.4897e+006
12847	-2.5778e+006
12848	-2.5861e+006
12849	-1.8116e+006
12850	4.2442e+006
12851	-2.1721e+006
12852	-1.7536e+006
12853	-1.0729e+005
12854	-6.7564e+005
12855	-7.3394e+005
12856	18691
12857	-8.4195e+005
12858	3.5741e+006
12859	-6.8329e+005
12860	94529
12861	-1.8187e+006
12862	-1.5893e+006
12863	-3.9696e+006
12864	-1.2191e+006
12865	-4.0091e+006
12866	-4.4153e+006
12867	-1.5386e+006
12868	-7.6079e+005
12869	-9.8197e+006
12870	-8.7171e+006
12871	-1.4153e+007
12872	-8.1552e+006
12873	-8.7566e+006
12874	-2.8561e+007
12875	-1.4801e+007
12876	-2.2714e+007
12877	-3.1726e+007
12878	-2.2049e+007
12879	-3.7122e+007
12880	-3.3456e+007
12881	-4.9388e+007
12882	1.8421e+007
12883	1.6643e+007
12884	1.7883e+007
12885	1.7141e+007
12886	1.5906e+007
12887	-4.2447e+007
12888	-4.85e+007
12889	-5.6747e+007
12890	1.6681e+007
12891	1.8149e+007
12892	1.7911e+007
12893	2.0296e+007
12894	1.8409e+007
12895	1.1129e+007
12896	1.5143e+007
12897	1.1293e+007
12898	1.301e+007
12899	1.729e+007
12900	1.3226e+007
12901	1.5632e+007
12902	3.8605e+006
12903	7.1313e+006
12904	4.5505e+006
12905	4.2233e+006
12906	7.8287e+006
12907	6.2647e+006
12908	6.9338e+006
12909	-9.2964e+005
12910	1.6412e+006
12911	-1.6348e+005
12912	-3.1635e+005
12913	1.314e+006
12914	1.7807e+006
12915	-1.3132e+006
12916	-5.3877e+005
12917	-6.1888e+005
12918	-1.5774e+006
12919	-6.9164e+005
12920	-1.4795e+006
12921	-8.9921e+005
12922	-8.9955e+005
12923	-1.4692e+005
12924	-5.2938e+005
12925	-1.3334e+006
12926	-1.0076e+006
12927	-4.136e+006
12928	-1.3855e+006
12929	-3.5741e+006
12930	-2.1895e+006
12931	-4.5817e+006
12932	-3.4414e+006
12933	-1.2826e+007
12934	-6.8276e+006
12935	-1.216e+007
12936	-9.5664e+006
12937	-1.3474e+007
12938	-2.6709e+007
12939	-1.7032e+007
12940	-2.8545e+007
12941	-2.8439e+007
12942	-2.1879e+007
12943	-3.4597e+007
12944	1.5141e+007
12945	1.4903e+007
12946	1.3008e+007
12947	1.5401e+007
12948	1.4391e+007
12949	8.7463e+006
12950	1.0463e+007
12951	1.0679e+007
12952	7.8796e+006
12953	3.0586e+006
12954	4.9203e+006
12955	2.7314e+006
12956	4.7728e+006
12957	-6.2687e+005
12958	-7.7975e+005
12959	-9.8731e+005
12960	7.1916e+006
12961	-5.6882e+005
12962	-7.1527e+005
12963	5.4207e+006
12964	-1.5759e+006
12965	2.8401e+006
12966	-9.9559e+005
12967	-5.771e+005
12968	-1.156e+006
12969	-1.6342e+006
12970	-1.4755e+006
12971	-5.725e+006
12972	-6.3263e+006
12973	-1.2371e+007
12974	-6.7326e+006
12975	-1.6494e+007
12976	-3.1568e+007
12977	-2.7901e+007
12978	-1.7807e+007
12979	-2.5505e+007
12980	-3.7018e+007
12981	-3.6912e+007
12982	1.4476e+007
12983	1.8756e+007
12984	1.4693e+007
12985	1.6869e+007
12986	1.586e+007
12987	1.0843e+007
12988	1.3249e+007
12989	8.0435e+006
12990	8.7127e+006
12991	3.4214e+006
12992	-13580
12993	-2.2115e+005
12994	-8.8157e+005
12995	-1.5899e+006
12996	-1.264e+006
12997	-3.9821e+006
12998	-1.1054e+006
12999	-7.9019e+006
13000	-1.1809e+007
13001	-6.1707e+006
13002	-5.0304e+006
13003	-1.3235e+007
13004	-2.7236e+007
13005	-1.7142e+007
13006	-2.0676e+007
13007	1.6631e+007
13008	1.5396e+007
13009	1.256e+007
13010	1.3726e+007
13011	-3.8748e+007
13012	-4.4907e+007
13013	-4.6255e+007
13014	-5.8476e+007
13015	-4.7839e+007
13016	-5.3252e+007
13017	-2.9942e+007
13018	-4.8719e+007
13019	-3.806e+007
13020	-4.6311e+007
13021	-3.8082e+007
13022	-3.0006e+007
13023	-1.6371e+007
13024	-4.9898e+006
13025	-1.4427e+007
13026	-9.5449e+006
13027	-1.1592e+007
13028	-6.3209e+005
13029	3.2795e+005
13030	-1.0243e+006
13031	-9.1891e+005
13032	3.2583e+005
13033	-3.066e+006
13034	-1.2451e+006
13035	-5.5257e+005
13036	-3.8251e+006
13037	-5.8352e+006
13038	-6.5371e+006
13039	-7.0657e+006
13040	-4.4693e+006
13041	-3.0079e+006
13042	-5.7085e+006
13043	4.5621e+006
13044	-2.7973e+006
13045	-7.57e+005
13046	-3.4202e+006
13047	1.1453e+006
13048	3.8987e+006
13049	8.252e+006
13050	-1.0207e+007
13051	-3.4537e+006
13052	5.369e+006
13053	-3.9788e+006
13054	2.1177e+006
13055	-3.8423e+006
13056	-9.563e+006
13057	-1.2226e+007
13058	-1.4132e+007
13059	-1.2461e+007
13060	-1.0088e+007
13061	-1.7939e+007
13062	-1.6028e+007
13063	-1.7304e+006
13064	-1.0007e+007
13065	-7.2402e+006
13066	-9.7509e+006
13067	-9.8064e+006
13068	-6.9764e+006
13069	-1.3813e+007
13070	-9.0527e+005
13071	9.1735e+006
13072	7.1771e+005
13073	-3.4715e+006
13074	-2.3276e+006
13075	2.2154e+006
13076	3.2714e+006
13077	-1.6117e+007
13078	-2.5095e+006
13079	1.0494e+007
13080	-1.8818e+006
13081	2.2201e+006
13082	-2.4641e+005
13083	-4.1207e+007
13084	4.5068e+006
13085	-2.9113e+007
13086	-1.1637e+007
13087	-2.1859e+007
13088	-1.6015e+007
13089	-1.0001e+007
13090	-6.5012e+007
13091	-3.8868e+007
13092	-2.232e+007
13093	-5.5781e+007
13094	-3.8325e+007
13095	-5.066e+007
13096	-6.5285e+007
13097	-6.0599e+007
13098	-8.0275e+007
13099	-5.4915e+007
13100	2.5099e+006
13101	1.3221e+007
13102	7.1656e+006
13103	1.1519e+007
13104	-6.3652e+007
13105	-6.1244e+007
13106	-6.0016e+007
13107	-7.1183e+007
13108	-6.691e+007
13109	-6.5499e+007
13110	-5.8635e+007
13111	-3.1504e+007
13112	-2.1441e+007
13113	-1.6559e+007
13114	-2.3449e+007
13115	-2.2183e+007
13116	-1.0059e+007
13117	-1.0148e+006
13118	-5.5283e+006
13119	-9.546e+005
13120	-5.1778e+006
13121	-9.0941e+005
13122	-7.2249e+006
13123	-54765
13124	-2.7342e+005
13125	5.0553e+005
13126	5.6184e+005
13127	50637
13128	1.6179e+006
13129	-2.8534e+006
13130	-3.6653e+006
13131	-6.7167e+006
13132	-5.6024e+006
13133	-5.6868e+006
13134	-2.9727e+006
13135	-4.1203e+006
13136	-7.4186e+006
13137	-7.5128e+006
13138	-8.8227e+006
13139	-2.9473e+006
13140	-3.3608e+006
13141	-6.0613e+006
13142	-5.4724e+006
13143	-3.3344e+006
13144	2.7621e+006
13145	1.8464e+006
13146	-5.8531e+007
13147	-5.0302e+007
13148	-5.7303e+007
13149	-5.5716e+007
13150	-5.5922e+007
13151	-2.9559e+007
13152	-3.5538e+007
13153	-4.7872e+007
13154	-2.9693e+007
13155	-3.9643e+007
13156	-3.1567e+007
13157	-3.8653e+007
13158	-3.0301e+007
13159	-1.4965e+007
13160	-1.9631e+007
13161	-1.4615e+007
13162	-2.0239e+007
13163	-5.9205e+006
13164	-8.4673e+005
13165	-2.1061e+006
13166	-1.3468e+006
13167	-1.3016e+006
13168	-1.0654e+006
13169	-3.7815e+006
13170	-2.5067e+006
13171	-1.1518e+006
13172	-1.0091e+006
13173	-4.4243e+006
13174	-6.8329e+006
13175	-9.3513e+006
13176	-9.6918e+006
13177	-6.9174e+006
13178	-5.3508e+006
13179	-6.59e+006
13180	-1.0042e+007
13181	-9.4455e+006
13182	-8.3707e+006
13183	-3.5702e+006
13184	-5.9976e+006
13185	-8.1675e+005
13186	-6.6842e+006
13187	-1.1352e+007
13188	-1.1692e+007
13189	-1.0277e+007
13190	-1.5755e+007
13191	-8.5904e+006
13192	-6.0668e+006
13193	-8.9257e+006
13194	-4.7921e+006
13195	-8.9813e+006
13196	-6.1513e+006
13197	-3.2944e+006
13198	6.728e+006
13199	5.2867e+006
13200	5.4686e+006
13201	2.2414e+006
13202	6.2279e+006
13203	-3.7958e+007
13204	7.7553e+006
13205	7.8404e+006
13206	-1.0722e+007
13207	-6.9072e+006
13208	-1.5387e+007
13209	-9.3737e+006
13210	-4.3788e+007
13211	-2.5609e+007
13212	-5.8413e+007
13213	-3.4569e+007
13214	-2.6217e+007
13215	-3.1915e+007
13216	-4.8043e+007
13217	-4.7894e+007
13218	-4.6904e+007
13219	-6.0378e+007
13220	-5.3514e+007
13221	-6.6196e+006
13222	-1.51e+007
13223	-9.0861e+006
13224	-5.8603e+006
13225	-1.0083e+007
13226	-1.5707e+007
13227	-1.7278e+006
13228	-1.5458e+006
13229	-7.8652e+005
13230	-2.3013e+005
13231	-7.4133e+005
13232	8.2592e+005
13233	-8.5775e+006
13234	-4.4438e+006
13235	-5.803e+006
13236	-3.0889e+006
13237	-2.9462e+006
13238	-1.1096e+007
13239	-7.9941e+006
13240	-8.6619e+006
13241	-1.5499e+007
13242	-8.3345e+006
13243	-1.6715e+006
13244	-6.1542e+005
13245	-5.2717e+006
13246	-2.0459e+006
13247	-5.185e+005
13248	-1.3752e+007
13249	-2.0373e+007
13250	-2.6071e+007
13251	-9.5907e+006
13252	-8.0401e+006
13253	-1.1526e+007
13254	-1.1245e+007
13255	-8.6308e+006
13256	-5.2934e+006
13257	-1.0088e+007
13258	-4.9718e+006
13259	-6.6248e+006
13260	-1.2587e+007
13261	-1.4007e+007
13262	-1.1112e+007
13263	-1.0932e+007
13264	-9.1063e+006
13265	-4.4625e+007
13266	-3.5347e+007
13267	-3.5653e+007
13268	-4.2407e+007
13269	-2.8179e+007
13270	-3.1095e+007
13271	-5.7388e+007
13272	-4.2868e+007
13273	-4.9622e+007
13274	-4.2122e+007
13275	-5.0967e+007
13276	-3.8309e+007
13277	-4.9697e+007
13278	-9.8513e+006
13279	-1.1044e+007
13280	-1.1862e+007
13281	-1.4156e+007
13282	-8.0556e+006
13283	-1.1178e+007
13284	-7.4173e+006
13285	-7.6276e+006
13286	-8.06e+006
13287	-9.8947e+006
13288	-1.2176e+007
13289	-6.0403e+006
13290	-6.2243e+006
13291	-5.7714e+006
13292	-1.0843e+007
13293	-1.1019e+007
13294	-1.3892e+007
13295	-8.3526e+006
13296	-1.4662e+007
13297	-7.6104e+006
13298	-7.6407e+006
13299	-1.0189e+007
13300	-5.6639e+006
13301	-7.351e+006
13302	-6.0738e+006
13303	-5.8755e+006
13304	-9.3878e+006
13305	-6.4555e+006
13306	-4.3299e+006
13307	-5.9834e+006
13308	-5.5854e+006
13309	-1.029e+007
13310	-1.2874e+007
13311	-5.9783e+006
13312	-6.7735e+006
13313	-1.105e+007
13314	-2.1688e+007
13315	-1.9543e+007
13316	-2.4489e+007
13317	-1.5744e+007
13318	-1.6668e+007
13319	-2.0019e+007
13320	-1.3525e+007
13321	-1.5005e+007
13322	-2.4644e+007
13323	-2.4785e+007
13324	-2.8423e+007
13325	-1.604e+007
13326	-2.0315e+007
13327	-1.8092e+007
13328	-1.5224e+007
13329	-1.0755e+006
13330	-1.346e+006
13331	-1.8946e+006
13332	-1.0706e+006
13333	-2.0101e+006
13334	-1.0391e+006
13335	-1.1782e+006
13336	5.8772e+006
13337	4.0589e+006
13338	2.6873e+006
13339	3.1949e+006
13340	1.7677e+006
13341	3.1368e+006
13342	4.7325e+005
13343	2.678e+006
13344	2.3187e+006
13345	1.653e+006
13346	7.3302e+005
13347	1.3028e+006
13348	1.189e+006
13349	1.281e+006
13350	1.94e+005
13351	4.3964e+005
13352	-3.8827e+006
13353	-2.3857e+006
13354	-4.3638e+006
13355	-2.6397e+006
13356	-2.387e+006
13357	-2.4262e+006
13358	5.2925e+006
13359	-2.5569e+006
13360	2.5568e+006
13361	3.4493e+006
13362	7.8575e+005
13363	9.4413e+005
13364	1.8944e+006
13365	1.082e+006
13366	5.7247e+005
13367	3.3264e+005
13368	6.7832e+005
13369	1.0039e+006
13370	1.1816e+006
13371	1.6891e+006
13372	2.6189e+005
13373	1.1164e+006
13374	-3.307e+005
13375	1.4795e+006
13376	-1.0306e+005
13377	-39667
13378	5.3011e+005
13379	-4.3586e+005
13380	4.1345e+005
13381	-5.7868e+005
13382	3.8652e+005
13383	5.0885e+005
13384	-3.0294e+007
13385	-2.7446e+007
13386	-3.1084e+007
13387	-2.015e+007
13388	-2.0753e+007
13389	-3.0342e+007
13390	-6.5259e+007
13391	-6.362e+007
13392	-5.0726e+007
13393	-4.9775e+007
13394	-5.5741e+007
13395	-5.7199e+007
13396	-4.7957e+007
13397	-5.0095e+007
13398	-6.5687e+007
13399	-6.6892e+007
13400	-5.1389e+007
13401	-6.3107e+007
13402	-6.2665e+007
13403	-5.466e+007
13404	-5.2084e+007
13405	-6.6322e+007
13406	-6.6867e+007
13407	-5.0499e+007
13408	-5.3627e+007
13409	-5.6963e+007
13410	-6.0786e+007
13411	-5.5996e+007
13412	-6.2436e+007
13413	-4.8844e+007
13414	-5.0339e+007
13415	-5.4476e+007
13416	-5.094e+007
13417	-4.8016e+007
13418	-3.9816e+007
13419	-3.923e+007
13420	-4.7212e+007
13421	-4.3986e+007
13422	-3.504e+007
13423	-4.2961e+007
13424	-3.7624e+007
13425	-2.4586e+006
13426	-2.369e+006
13427	-9.4502e+005
13428	-1.1598e+006
13429	-1.2156e+006
13430	-1.1886e+006
13431	-1.2143e+006
13432	-2.6421e+007
13433	-3.2694e+007
13434	-2.9985e+007
13435	-2.9485e+007
13436	-2.5688e+007
13437	-2.4429e+007
13438	-3.0502e+007
13439	-1.4136e+007
13440	-2.0168e+007
13441	-2.0497e+007
13442	-2.009e+007
13443	-1.472e+007
13444	-1.9436e+007
13445	-1.6612e+007
13446	-1.9335e+007
13447	-8.685e+006
13448	-4.1086e+006
13449	-8.0904e+006
13450	-1.05e+007
13451	-8.6402e+006
13452	-1.1162e+007
13453	-8.2513e+006
13454	-2.1443e+006
13455	-2.3246e+006
13456	-9.5777e+005
13457	-9.3791e+005
13458	-7.4171e+005
13459	-1.1154e+006
13460	-8.6122e+005
13461	-9.5019e+005
13462	-1.1442e+006
13463	2.8351e+006
13464	-2.8663e+005
13465	-2.3423e+006
13466	99387
13467	-2.5787e+006
13468	-2.2611e+006
13469	-2.4637e+006
13470	-9.827e+005
13471	-1.067e+006
13472	-1.2524e+006
13473	-1.2077e+006
13474	-1.25e+006
13475	-2.3519e+006
13476	-2.2375e+006
13477	-9.3657e+005
13478	-1.0442e+006
13479	-9.3008e+005
13480	-1.0959e+006
13481	-8.9431e+005
13482	-2.2703e+006
13483	-2.3965e+006
13484	-9.9959e+005
13485	-1.1673e+006
13486	-1.2032e+006
13487	-1.2894e+006
13488	-1.222e+006
13489	-2.1484e+006
13490	-2.2678e+006
13491	-8.9235e+005
13492	-1.1223e+006
13493	-1.1675e+006
13494	-1.1148e+006
13495	-1.1308e+006
13496	-2.0776e+006
13497	-2.1784e+006
13498	-9.073e+005
13499	-7.2352e+005
13500	-8.9493e+005
13501	-1.0328e+006
13502	-9.4014e+005
13503	1.3752e+006
13504	1.5331e+006
13505	1.1112e+006
13506	-1.9242e+006
13507	2229.4
13508	-4.1285e+005
13509	-3.7003e+005
13510	1.2455e+006
13511	5.7084e+005
13512	2.7633e+006
13513	2.2276e+006
13514	2.7369e+006
13515	-4.4708e+005
13516	1.674e+006
13517	3.2446e+005
13518	1.94e+006
13519	1.0583e+006
13520	-1.839e+006
13521	-1.9497e+006
13522	-5.392e+005
13523	-7.2822e+005
13524	-9.7517e+005
13525	-7.6693e+005
13526	-8.4001e+005
13527	3.3868e+006
13528	4.1174e+006
13529	1.6979e+006
13530	2.3125e+006
13531	3.5041e+006
13532	3.6566e+006
13533	4.8782e+006
13534	4.6025e+006
13535	5.1144e+006
13536	2.1295e+006
13537	2.7977e+006
13538	4.4579e+006
13539	3.9892e+006
13540	4.4758e+006
13541	4.8688e+006
13542	5.1883e+006
13543	2.9408e+006
13544	4.4485e+006
13545	4.3875e+006
13546	3.131e+006
13547	-1.7833e+006
13548	-1.8513e+006
13549	-6.9224e+005
13550	-6.3652e+005
13551	-7.9882e+005
13552	-8.0909e+005
13553	-7.8432e+005
13554	-9.9726e+005
13555	-3.1976e+006
13556	-2.0235e+006
13557	-8.1384e+005
13558	-8.7837e+005
13559	-9.813e+005
13560	-1.652e+006
13561	-1.5704e+006
13562	-1.0129e+006
13563	-1.1695e+006
13564	-9.4913e+005
13565	2.2286e+006
13566	3.5868e+006
13567	3.1141e+006
13568	4.1635e+006
13569	3.7474e+006
13570	6.6695e+005
13571	1.3889e+006
13572	1.2006e+006
13573	3.4985e+006
13574	2.2288e+006
13575	-2.6842e+006
13576	1.8113e+005
13577	1.1511e+006
13578	1.9824e+005
13579	-6.0138e+005
13580	-2.501e+006
13581	-1.5108e+006
13582	-1.1903e+007
13583	-9.8872e+006
13584	-6.1931e+006
13585	-5.9526e+006
13586	-8.4113e+006
13587	-7.6286e+006
13588	-8.0252e+006
13589	-7.0546e+006
13590	-8.3983e+006
13591	-8.3652e+006
13592	-5.6412e+006
13593	-8.0474e+006
13594	-2.7688e+006
13595	-6.6741e+006
13596	-5.3847e+006
13597	-5.2149e+006
13598	-6.181e+006
13599	-4.7975e+006
13600	-7.3906e+006
13601	-1.1446e+007
13602	-9.5958e+006
13603	-9.6207e+006
13604	-9.5627e+006
13605	-4.3226e+007
13606	-4.6356e+007
13607	-4.6957e+007
13608	-2.1733e+006
13609	-4.0729e+006
13610	-4.7958e+006
13611	-3.4123e+006
13612	-2.1101e+005
13613	2.5516e+005
13614	3.6101e+005
13615	7.7269e+005
13616	-5.073e+007
13617	-5.352e+007
13618	-5.6697e+007
13619	-6.0679e+007
13620	2.9933e+006
13621	4.465e+005
13622	1.4916e+006
13623	-2.1739e+005
13624	-1.0263e+006
13625	-9.0561e+005
13626	-8.9112e+005
13627	-2.4615e+005
13628	1.8749e+006
13629	1.2754e+006
13630	3.2341e+006
13631	-1.002e+006
13632	-1.0932e+006
13633	-1.0258e+006
13634	-1.0565e+006
13635	-7.4744e+005
13636	-8.6695e+005
13637	-9.5592e+005
13638	-1.1414e+006
13639	-1.7362e+007
13640	-1.4882e+007
13641	-1.1585e+007
13642	-1.0956e+007
13643	-1.3477e+007
13644	-1.0567e+007
13645	-5.1301e+007
13646	-6.2313e+007
13647	-6.2189e+007
13648	-5.129e+007
13649	-5.6933e+007
13650	-3.6771e+005
13651	-4.3282e+005
13652	-5.4054e+005
13653	-1.4801e+006
13654	-1.88e+006
13655	-1.3403e+007
13656	-6.5067e+006
13657	-1.1578e+007
13658	-6.6951e+006
13659	-1.1767e+007
13660	-1.4816e+007
13661	-1.3869e+007
13662	-1.0643e+007
13663	-1.4819e+007
13664	-1.1676e+007
13665	-1.3221e+007
13666	-1.0383e+007
13667	-1.0231e+006
13668	-1.635e+006
13669	-7.5692e+005
13670	-1.4193e+006
13671	-5.6995e+005
13672	-7.7955e+005
13673	-4.5672e+007
13674	-4.767e+007
13675	-5.6515e+007
13676	-4.9411e+007
13677	-7.8866e+006
13678	-2.8287e+006
13679	-2.7471e+006
13680	-4.4822e+006
13681	-1.1928e+006
13682	-1.4467e+006
13683	-1.4454e+006
13684	-3.4541e+006
13685	1.6596e+006
13686	-1.0185e+006
13687	-9.8385e+005
13688	-1.172e+006
13689	-4.0344e+007
13690	-2.3139e+007
13691	-2.6116e+007
13692	-3.3331e+007
13693	-7.5925e+006
13694	-7.6951e+006
13695	-6.4057e+006
13696	-7.2064e+006
13697	-6.2359e+006
13698	4.1026e+006
13699	2.8329e+006
13700	2.8462e+006
13701	-1.2992e+006
13702	-1.0976e+006
13703	-1.3415e+006
13704	2.2282e+006
13705	3.0489e+006
13706	4.5566e+006
13707	2.6207e+006
13708	3.8123e+006
13709	-7.0098e+005
13710	-7.573e+005
13711	-8.9e+005
13712	-9.2871e+005
13713	-10304
13714	1.6053e+006
13715	-1.1673e+006
13716	-1.1599e+006
13717	-1.0747e+006
13718	-9.3481e+005
13719	-1.1332e+006
13720	-1.0191e+006
13721	-1.152e+006
13722	-7.6908e+006
13723	-3.9038e+006
13724	-5.8299e+006
13725	-3.9281e+006
13726	-6.3797e+006
13727	-4.1401e+006
13728	-1.3013e+006
13729	-1.3301e+006
13730	-2.6354e+007
13731	-2.2332e+007
13732	-2.2232e+007
13733	-2.1073e+007
13734	-3.9781e+007
13735	-3.2402e+007
13736	-3.3419e+007
13737	-6.3076e+007
13738	-5.5072e+007
13739	-5.74e+007
13740	-1.5662e+007
13741	-1.3047e+007
13742	-1.4505e+007
13743	-1.4224e+007
13744	-1.7097e+007
13745	-3.315e+007
13746	-2.9337e+007
13747	-8.4666e+006
13748	-1.0715e+007
13749	-7.9945e+006
13750	-7.5965e+006
13751	-1.1689e+007
13752	-9.8862e+006
13753	-1.4163e+007
13754	-1.3009e+007
13755	-3.1225e+007
13756	-2.3117e+007
13757	-1.3559e+006
13758	-1.4987e+006
13759	-1.1097e+006
13760	-2.4041e+006
13761	-1.7023e+006
13762	-6.8642e+007
13763	-7.2436e+007
13764	-8.0319e+007
13765	-8.8037e+007
13766	-8.1932e+007
13767	-7.2694e+007
13768	-6.8348e+007
13769	-3.918e+007
13770	-3.8908e+007
13771	-2.1069e+007
13772	-4.9552e+007
13773	-1.9639e+007
13774	-1.663e+007
13775	-1.2897e+007
13776	-1.1675e+007
13777	-1.395e+007
13778	-1.8782e+007
13779	-9.6074e+006
13780	-9.788e+006
13781	-1.3175e+007
13782	-5.6089e+006
13783	9.091e+006
13784	7.9874e+006
13785	8.2861e+006
13786	7.2723e+006
13787	8.5523e+006
13788	7.206e+006
13789	4.444e+006
13790	6.3507e+006
13791	6.4001e+006
13792	-3.5363e+007
13793	-3.1948e+007
13794	-4.0448e+007
13795	-3.3325e+007
13796	-3.7643e+007
13797	-3.8237e+007
13798	-3.3289e+007
13799	-2.0247e+007
13800	-1.4811e+007
13801	-2.0881e+007
13802	-2.6448e+007
13803	-6.2924e+007
13804	-4.5396e+007
13805	-5.4003e+007
13806	-5.3252e+007
13807	-6.4041e+007
13808	-7.0157e+007
13809	-4.9487e+007
13810	-2.9871e+007
13811	-4.2026e+007
13812	1.1511e+007
13813	1.0875e+007
13814	1.0085e+007
13815	1.1388e+007
13816	1.0635e+007
13817	1.0207e+007
13818	1.1587e+007
13819	7.9067e+006
13820	8.6916e+006
13821	-1.4977e+007
13822	-1.5042e+007
13823	-1.8367e+007
13824	-1.9369e+007
13825	-1.7323e+007
13826	-1.5881e+007
13827	-8.3309e+006
13828	-1.1775e+007
13829	-1.1062e+007
13830	-3.8957e+007
13831	-4.4236e+007
13832	-3.4286e+007
13833	-3.5947e+007
13834	-4.281e+007
13835	-3.3757e+007
13836	-1.6593e+007
13837	-2.4556e+007
13838	-2.4082e+007
13839	7.0249e+006
13840	2.4802e+006
13841	8.7053e+006
13842	3.9789e+006
13843	5.4129e+006
13844	8.139e+006
13845	5.021e+006
13846	6.5195e+006
13847	5.4135e+006
13848	-5.2729e+007
13849	-5.8518e+007
13850	-6.7067e+007
13851	-5.1302e+007
13852	-6.4869e+007
13853	-6.1704e+007
13854	-5.3626e+007
13855	-3.8518e+007
13856	-2.588e+007
13857	-3.9602e+007
13858	-4.1286e+007
13859	-6.5389e+007
13860	-7.722e+007
13861	-6.7052e+007
13862	-5.4426e+007
13863	-5.5895e+007
13864	-8.2296e+007
13865	-3.5987e+007
13866	-3.8971e+007
13867	-3.1689e+007
13868	1.027e+007
13869	1.0303e+007
13870	1.4946e+007
13871	1.1582e+007
13872	1.367e+007
13873	1.4514e+007
13874	1.2336e+007
13875	5.262e+006
13876	8.9861e+006
13877	1.1333e+007
13878	8.6805e+006
13879	-6.9083e+007
13880	-4.7197e+007
13881	-6.6294e+007
13882	-5.8651e+007
13883	-4.51e+007
13884	-5.4599e+007
13885	-4.9908e+007
13886	-2.8933e+007
13887	-3.679e+007
13888	1.0057e+007
13889	8.4802e+006
13890	1.3008e+007
13891	1.3288e+007
13892	8.3807e+006
13893	9.0653e+006
13894	5.2024e+006
13895	6.5426e+006
13896	6.4427e+006
13897	7.1124e+006
13898	9.8643e+006
13899	9.1309e+006
13900	1.0017e+007
13901	9.3822e+006
13902	8.5033e+006
13903	9.3881e+006
13904	7.9483e+006
13905	8.4825e+006
13906	-5.3859e+006
13907	-6.4165e+006
13908	-1.1624e+007
13909	-2.0971e+007
13910	-1.7229e+007
13911	-9.5661e+005
13912	-9.301e+006
13913	-1.9556e+006
13914	-5.286e+006
13915	-7.5984e+006
13916	-6.2803e+007
13917	-4.6295e+007
13918	-5.0038e+007
13919	-5.3747e+007
13920	-6.6291e+007
13921	-6.612e+007
13922	-3.4722e+007
13923	-3.5541e+007
13924	-4.0216e+007
13925	9.6802e+006
13926	1.1174e+007
13927	1.0869e+007
13928	1.132e+007
13929	1.0625e+007
13930	1.0127e+007
13931	1.1278e+007
13932	8.8062e+006
13933	8.4522e+006
13934	6.463e+006
13935	5.7409e+006
13936	6.2504e+006
13937	4.7184e+006
13938	7.6103e+006
13939	7.7186e+006
13940	8.0389e+006
13941	8.7805e+006
13942	8.8541e+006
13943	6.0637e+006
13944	6.7234e+006
13945	1.2156e+007
13946	1.1794e+007
13947	1.1786e+007
13948	1.1093e+007
13949	1.1369e+007
13950	1.1293e+007
13951	9.6248e+006
13952	9.1393e+006
13953	-4.6516e+007
13954	-3.6879e+007
13955	-3.5604e+007
13956	-4.0554e+007
13957	-4.067e+007
13958	-4.657e+007
13959	-2.7117e+007
13960	-2.3485e+007
13961	-2.5704e+007
13962	-8.6325e+007
13963	-1.1184e+008
13964	-1.0673e+008
13965	-1.0214e+008
13966	-9.2441e+007
13967	-9.5102e+007
13968	-6.4455e+007
13969	-6.6344e+007
13970	-6.492e+007
13971	-1.5954e+007
13972	-1.7021e+007
13973	-1.9404e+007
13974	-1.8701e+007
13975	-2.2051e+007
13976	-2.0956e+007
13977	-9.3678e+006
13978	-7.6962e+006
13979	-1.3223e+007
13980	-1.5324e+007
13981	-1.2362e+007
13982	-8.0763e+006
13983	-1.7247e+007
13984	-2.3609e+007
13985	-2.9674e+007
13986	-1.9558e+007
13987	-2.7541e+007
13988	-3.2107e+007
13989	-1.0368e+007
13990	-4.0693e+006
13991	-1.0216e+007
13992	-1.7809e+007
13993	-2.1919e+007
13994	-2.5394e+007
13995	-2.099e+007
13996	-1.4981e+007
13997	-1.724e+007
13998	-2.4866e+007
13999	-6.0419e+006
14000	-1.5664e+007
14001	-9.8666e+006
14002	-1.2555e+007
14003	1.8536e+007
14004	1.6406e+007
14005	1.6783e+007
14006	1.8378e+007
14007	1.5409e+007
14008	1.5335e+007
14009	1.1393e+007
14010	7.8336e+006
14011	9.5665e+006
14012	1.0365e+007
14013	1.23e+007
14014	9.8327e+006
14015	1.1632e+007
14016	7.9964e+006
14017	7.6312e+006
14018	1.1475e+007
14019	7.7882e+006
14020	-8.7276e+006
14021	-6.2361e+006
14022	-9.6688e+006
14023	-8.2876e+006
14024	-5.3298e+006
14025	-5.0056e+006
14026	-6.9351e+006
14027	-5.9252e+006
14028	-6.3467e+007
14029	-5.173e+007
14030	-5.359e+007
14031	-5.938e+007
14032	-5.6129e+007
14033	-4.0583e+007
14034	-7.5144e+007
14035	-6.6551e+007
14036	-5.9923e+007
14037	-6.0439e+007
14038	-3.8253e+007
14039	-3.3733e+007
14040	-1.5894e+007
14041	-4.4377e+007
14042	-9.0745e+007
14043	-9.1289e+007
14044	-7.4433e+007
14045	-7.957e+007
14046	-4.6135e+007
14047	-4.1615e+007
14048	-4.221e+007
14049	-2.2171e+006
14050	-3.7626e+006
14051	-8.2182e+005
14052	-4.0315e+006
14053	-2.5321e+006
14054	-2.6178e+006
14055	-3.1929e+007
14056	-3.6592e+007
14057	-3.8175e+007
14058	-3.2518e+007
14059	-3.3227e+007
14060	-2.082e+007
14061	-2.3504e+007
14062	-2.6386e+007
14063	-2.8394e+007
14064	-1.8355e+007
14065	-2.6017e+007
14066	-1.9889e+007
14067	-1.1268e+007
14068	-1.582e+007
14069	-1.2097e+007
14070	-1.5287e+007
14071	-1.0198e+006
14072	-1.4496e+007
14073	-6.658e+006
14074	1.2179e+006
14075	-1.2206e+007
14076	-4.3424e+006
14077	-3.8844e+006
14078	-7.0895e+006
14079	-5.041e+006
14080	6.2682e+006
14081	5.2029e+006
14082	5.811e+006
14083	4.6733e+006
14084	4.7995e+006
14085	4.0803e+006
14086	2.1859e+006
14087	3.49e+006
14088	5.9439e+006
14089	6.113e+006
14090	5.3982e+006
14091	5.7945e+006
14092	4.9947e+006
14093	3.5669e+006
14094	4.2756e+006
14095	3.8589e+006
14096	-3.3475e+006
14097	-4.9994e+006
14098	-6.1628e+006
14099	-8.4382e+006
14100	-1.8478e+006
14101	-1.8641e+006
14102	-4.0951e+006
14103	-3.4249e+006
14104	-3.3824e+006
14105	-2.0632e+007
14106	-2.37e+007
14107	-2.7432e+007
14108	-2.8076e+007
14109	-2.2784e+007
14110	-1.7177e+007
14111	-6.1113e+007
14112	-7.8143e+007
14113	-6.8906e+007
14114	-7.7267e+007
14115	-6.4526e+007
14116	-3.5392e+007
14117	-4.9135e+007
14118	-4.9746e+007
14119	1.2788e+007
14120	1.1532e+007
14121	1.1983e+007
14122	1.2472e+007
14123	1.2244e+007
14124	9.4161e+006
14125	9.3487e+006
14126	7.4492e+006
14127	8.7291e+006
14128	8.7404e+006
14129	8.0468e+006
14130	8.7075e+006
14131	8.7876e+006
14132	4.6209e+006
14133	6.5276e+006
14134	6.9091e+006
14135	6.7313e+006
14136	-9.2358e+007
14137	-9.9008e+007
14138	-1.0543e+008
14139	-1.0118e+008
14140	-1.0727e+008
14141	-4.9607e+007
14142	-4.9334e+007
14143	-7.6801e+007
14144	-6.3961e+007
14145	1.2951e+007
14146	1.4768e+007
14147	1.4524e+007
14148	1.4693e+007
14149	1.2849e+007
14150	1.1918e+007
14151	-7.6055e+007
14152	-5.7456e+007
14153	-6.8246e+007
14154	-5.1481e+007
14155	-7.7023e+007
14156	-5.4729e+007
14157	-3.4822e+007
14158	-4.8265e+007
14159	-4.2448e+007
14160	-4.2833e+007
14161	-2.5998e+007
14162	-3.2054e+007
14163	-2.6819e+007
14164	-3.448e+007
14165	-3.9068e+007
14166	-1.9452e+007
14167	-1.6073e+007
14168	-2.375e+007
14169	-1.3066e+007
14170	-1.1618e+007
14171	-1.1433e+007
14172	-1.3905e+007
14173	-1.2215e+007
14174	-9.7989e+006
14175	-9.0864e+006
14176	1.2284e+007
14177	1.3468e+007
14178	1.2277e+007
14179	1.2483e+007
14180	1.3442e+007
14181	9.6834e+006
14182	8.6692e+006
14183	1.0116e+007
14184	1.0191e+007
14185	9.6302e+006
14186	1.0836e+007
14187	-4.4696e+007
14188	-4.3461e+007
14189	-3.4746e+007
14190	-3.8208e+007
14191	-3.5409e+007
14192	-2.2564e+007
14193	-1.7053e+007
14194	-2.3034e+007
14195	-1.9218e+007
14196	-8.8682e+006
14197	-1.389e+007
14198	-2.0691e+007
14199	-1.7658e+007
14200	-1.4831e+007
14201	-1.0781e+007
14202	-7.8963e+006
14203	-1.4168e+007
14204	-6.6023e+006
14205	-5.8876e+007
14206	-4.874e+007
14207	-4.8549e+007
14208	-5.453e+007
14209	-5.4497e+007
14210	-2.2332e+007
14211	-1.4147e+007
14212	-2.9821e+007
14213	-3.4526e+007
14214	9.411e+006
14215	4.0501e+006
14216	1.1228e+007
14217	9.3047e+006
14218	4.6846e+006
14219	5.7267e+006
14220	7.9145e+006
14221	1.2639e+007
14222	1.3128e+007
14223	1.4448e+007
14224	1.2596e+007
14225	1.0125e+007
14226	1.0988e+007
14227	9.501e+006
14228	8.98e+006
14229	-2.6115e+007
14230	-2.9848e+007
14231	-2.5129e+007
14232	-2.6773e+007
14233	-2.9812e+007
14234	-1.677e+007
14235	-1.7405e+007
14236	-1.1992e+007
14237	-1.1869e+005
14238	-7.3847e+006
14239	-5.7017e+006
14240	1.3997e+005
14241	1.574e+006
14242	1.1821e+006
14243	-1.6765e+006
14244	-2.9765e+006
14245	-4.9657e+007
14246	-4.5227e+007
14247	-5.5605e+007
14248	-4.7675e+007
14249	-2.3336e+007
14250	-4.0214e+007
14251	-1.0048e+008
14252	-1.0982e+008
14253	-8.8853e+007
14254	-9.2961e+007
14255	-4.6653e+007
14256	-4.2354e+007
14257	-6.0096e+007
14258	-6.4304e+007
14259	-1.7842e+007
14260	-2.7676e+007
14261	-5.4279e+007
14262	-2.724e+007
14263	-3.1123e+007
14264	-2.1989e+007
14265	-3.0983e+007
14266	-1.3899e+007
14267	-1.657e+007
14268	-1.5544e+007
14269	-5.2257e+007
14270	-4.1505e+007
14271	-4.5041e+007
14272	-3.7964e+007
14273	-3.9748e+007
14274	-1.5047e+007
14275	-3.0727e+007
14276	-1.9619e+007
14277	-3.0005e+007
14278	-3.3341e+007
14279	-1.0873e+007
14280	-2.3635e+007
14281	-2.0409e+007
14282	-1.5439e+007
14283	-4.3872e+006
14284	-5.96e+006
14285	-3.8109e+007
14286	-3.6049e+007
14287	-3.2816e+007
14288	-3.2355e+007
14289	-1.9771e+007
14290	-2.3796e+007
14291	9.5797e+006
14292	7.8103e+006
14293	1.0827e+007
14294	7.6816e+006
14295	6.8263e+006
14296	6.8756e+006
14297	6.9834e+006
14298	-1.1683e+007
14299	-1.5412e+007
14300	-1.2585e+007
14301	-1.1203e+007
14302	-8.5347e+006
14303	-9.8509e+006
14304	-9.8638e+006
14305	1.0368e+007
14306	1.0316e+007
14307	1.0644e+007
14308	9.7329e+006
14309	9.813e+006
14310	8.8997e+006
14311	7.9345e+006
14312	8.299e+006
14313	6.5192e+006
14314	-2.6834e+007
14315	-3.4187e+007
14316	-3.7436e+007
14317	-2.2978e+007
14318	-2.5682e+007
14319	-1.8019e+007
14320	-2.1613e+007
14321	8.19e+006
14322	3.5711e+006
14323	9.3478e+006
14324	-7.77e+005
14325	6.7568e+006
14326	7.6417e+006
14327	6.2552e+006
14328	3.8719e+006
14329	6.7361e+006
14330	4.1586e+006
14331	-4.6931e+007
14332	-5.0383e+007
14333	-3.3605e+007
14334	-3.4339e+007
14335	-3.0597e+007
14336	-4.164e+007
14337	-2.2668e+007
14338	-2.8522e+007
14339	-1.5323e+007
14340	-5.0845e+007
14341	-6.2452e+007
14342	-6.0318e+007
14343	-5.4055e+007
14344	-5.3083e+007
14345	-3.8216e+007
14346	-3.7044e+007
14347	-3.99e+007
14348	-4.7295e+007
14349	-5.3742e+007
14350	-6.4397e+007
14351	-6.6285e+007
14352	-2.5408e+007
14353	2.856e+005
14354	3.1794e+006
14355	4.1724e+006
14356	4.8571e+006
14357	1.6809e+006
14358	1.7853e+006
14359	2.0829e+005
14360	2.3344e+006
14361	7.3292e+005
14362	-1.1514e+005
14363	8.4561e+006
14364	9.5088e+006
14365	1.0489e+007
14366	7.2332e+006
14367	1.1293e+007
14368	8.0915e+006
14369	4.6542e+006
14370	6.8337e+006
14371	6.002e+006
14372	6.5765e+006
14373	-2.6108e+007
14374	-2.6157e+007
14375	-2.5062e+007
14376	-2.8487e+007
14377	-2.9195e+007
14378	-1.6788e+007
14379	-1.943e+007
14380	-4.1676e+007
14381	-4.087e+007
14382	-4.2453e+007
14383	-4.6903e+007
14384	-4.6059e+007
14385	-3.2062e+007
14386	-4.2423e+007
14387	-4.6343e+007
14388	-3.7375e+007
14389	-4.6789e+007
14390	-1.9417e+007
14391	-2.3039e+007
14392	7.8061e+006
14393	9.0855e+006
14394	7.3161e+006
14395	6.1785e+006
14396	2.7651e+006
14397	6.4892e+006
14398	4.9951e+006
14399	9.4938e+006
14400	1.2275e+007
14401	8.052e+006
14402	7.4546e+006
14403	1.1204e+007
14404	4.1891e+006
14405	3.7026e+006
14406	5.6144e+006
14407	6.0991e+006
14408	-9.0622e+007
14409	-7.8903e+007
14410	-7.1261e+007
14411	-7.3133e+007
14412	-9.1786e+007
14413	-2.4593e+007
14414	-4.0948e+007
14415	-4.1543e+007
14416	-4.94e+007
14417	-5.7971e+007
14418	-5.4955e+007
14419	-1.3949e+007
14420	-1.5629e+007
14421	-1.1926e+007
14422	-8.3275e+006
14423	-8.8846e+006
14424	-1.015e+007
14425	-9.2893e+006
14426	9.8266e+006
14427	1.1517e+007
14428	7.9904e+006
14429	9.8109e+006
14430	7.6251e+006
14431	1.1469e+007
14432	1.4515e+007
14433	8.9053e+006
14434	7.9039e+006
14435	9.4637e+006
14436	8.9658e+006
14437	9.7488e+006
14438	7.2909e+006
14439	6.249e+006
14440	6.7329e+006
14441	4.5796e+006
14442	6.6366e+006
14443	1.0419e+007
14444	5.7908e+006
14445	2.5208e+005
14446	8.128e+006
14447	3.3874e+006
14448	2.5677e+006
14449	3.9527e+006
14450	3.8528e+006
14451	1.8691e+006
14452	1.3561e+007
14453	1.7212e+007
14454	9.9251e+006
14455	1.8794e+007
14456	1.3404e+007
14457	1.645e+007
14458	-1.4904e+007
14459	-1.0853e+007
14460	-9.5035e+006
14461	-1.6633e+006
14462	-1.9978e+006
14463	-4.509e+006
14464	-3.7103e+006
14465	-5.613e+006
14466	-1.9527e+006
14467	-4.6605e+006
14468	-7.2141e+005
14469	-8.1522e+007
14470	-7.1915e+007
14471	-7.2946e+007
14472	-6.9781e+007
14473	-9.0661e+007
14474	-4.6595e+007
14475	-5.3679e+007
14476	-4.9363e+007
14477	-9.462e+006
14478	-9.292e+006
14479	-1.0244e+007
14480	-8.3713e+006
14481	-7.9338e+006
14482	-5.5036e+006
14483	-6.1737e+006
14484	-7.1798e+006
14485	-2.6599e+007
14486	-2.7262e+007
14487	-1.8444e+007
14488	-1.5195e+007
14489	-7.2464e+006
14490	-1.2875e+007
14491	-1.1071e+007
14492	6.2112e+006
14493	9.8717e+006
14494	6.6159e+006
14495	2.1264e+006
14496	2.7979e+006
14497	3.3114e+006
14498	6.2164e+006
14499	5.0279e+006
14500	5.9592e+006
14501	1.5849e+007
14502	1.6693e+007
14503	1.8661e+007
14504	1.8288e+007
14505	1.1303e+007
14506	1.7238e+007
14507	1.3512e+007
14508	1.9833e+007
14509	-8.4558e+007
14510	-5.4923e+007
14511	-5.4783e+007
14512	-7.0865e+007
14513	-8.2792e+007
14514	-3.9468e+007
14515	-3.2185e+007
14516	-4.4961e+007
14517	-2.2162e+007
14518	-3.3002e+007
14519	-4.299e+007
14520	-3.5238e+007
14521	-1.4004e+007
14522	-2.4784e+007
14523	-1.4657e+007
14524	-2.1729e+007
14525	-2.5043e+007
14526	6.9032e+006
14527	7.3317e+006
14528	6.1884e+006
14529	6.6678e+006
14530	3.9058e+006
14531	4.3571e+006
14532	5.8618e+006
14533	5.0658e+006
14534	6.0162e+006
14535	-3.5824e+007
14536	-4.5323e+007
14537	-3.6355e+007
14538	-2.7628e+007
14539	-1.9657e+007
14540	-1.4143e+007
14541	-7.7015e+007
14542	-9.5072e+007
14543	-8.5376e+007
14544	-4.3501e+007
14545	-5.7856e+007
14546	9.6345e+006
14547	6.6274e+006
14548	8.1205e+006
14549	9.8346e+006
14550	9.3535e+006
14551	6.6279e+006
14552	7.5655e+006
14553	7.6807e+006
14554	-2.8851e+006
14555	1.4002e+006
14556	6.6548e+006
14557	-9.4127e+006
14558	5.079e+006
14559	6.3927e+006
14560	7.1301e+006
14561	2.5307e+006
14562	6.1114e+006
14563	-1.8018e+007
14564	-1.6335e+007
14565	-2.5683e+007
14566	-3.4479e+007
14567	-1.8125e+007
14568	-1.231e+007
14569	-1.361e+007
14570	1.7357e+007
14571	1.5227e+007
14572	1.2656e+007
14573	1.7891e+007
14574	1.2148e+007
14575	8.3811e+006
14576	9.0508e+006
14577	1.0957e+007
14578	1.2139e+007
14579	1.3461e+007
14580	1.161e+007
14581	9.1386e+006
14582	8.7845e+006
14583	8.2604e+006
14584	6.5828e+006
14585	1.0196e+007
14586	-9.9301e+007
14587	-9.2468e+007
14588	-8.5779e+007
14589	-8.5609e+007
14590	-4.1808e+007
14591	-7.5656e+007
14592	-5.9704e+007
14593	-7.9003e+007
14594	9.2724e+006
14595	9.2783e+006
14596	7.0925e+006
14597	7.474e+006
14598	8.3727e+006
14599	-6.1478e+007
14600	-4.4713e+007
14601	-4.2336e+007
14602	-2.7308e+007
14603	-3.5681e+007
14604	-3.8275e+007
14605	-4.1984e+007
14606	-3.4232e+007
14607	-2.2959e+007
14608	-2.3778e+007
14609	-2.0723e+007
14610	-2.3862e+007
14611	-2.2836e+007
14612	1.3092e+007
14613	1.3848e+007
14614	1.2864e+007
14615	1.0036e+007
14616	9.8131e+006
14617	1.0571e+007
14618	-1.0597e+008
14619	-8.7833e+007
14620	-1.0072e+008
14621	-4.9878e+007
14622	-6.3885e+007
14623	-7.7345e+007
14624	-4.5646e+007
14625	-4.8186e+007
14626	-4.1456e+007
14627	-4.1693e+007
14628	-2.3864e+007
14629	-2.7487e+007
14630	-2.5218e+007
14631	-3.264e+007
14632	-2.4951e+007
14633	-7.6649e+006
14634	-8.9347e+006
14635	-1.1098e+007
14636	-7.9338e+006
14637	-6.867e+006
14638	-7.0476e+006
14639	-7.354e+006
14640	-6.3431e+007
14641	-6.3398e+007
14642	-3.4264e+007
14643	-4.8007e+007
14644	-4.4635e+007
14645	-4.3428e+007
14646	-4.8735e+007
14647	-4.2005e+007
14648	-4.9251e+007
14649	-2.4414e+007
14650	-2.5501e+007
14651	-4.2666e+007
14652	-4.326e+007
14653	-4.8682e+007
14654	-4.771e+007
14655	-2.9229e+007
14656	-3.2868e+007
14657	-3.1671e+007
14658	-3.1471e+007
14659	-3.322e+007
14660	-2.9146e+007
14661	-2.7216e+007
14662	-3.0331e+007
14663	-2.0131e+007
14664	-1.9129e+007
14665	-2.2498e+007
14666	-2.5512e+007
14667	-3.0577e+007
14668	-1.8773e+007
14669	-1.3827e+007
14670	-1.0451e+007
14671	-1.3392e+007
14672	-1.3656e+007
14673	-7.8384e+007
14674	-8.1045e+007
14675	-3.8098e+007
14676	-5.2287e+007
14677	-2.2273e+007
14678	-1.6606e+007
14679	-5.0252e+007
14680	-4.6471e+007
14681	-5.7377e+007
14682	-5.9249e+007
14683	-4.1332e+007
14684	-5.0128e+007
14685	-4.598e+007
14686	-2.9661e+007
14687	-5.0196e+007
14688	-4.4087e+007
14689	-1.3104e+007
14690	-1.1818e+008
14691	-1.1359e+008
14692	-1.4198e+008
14693	-1.1969e+008
14694	-1.1212e+008
14695	-1.0406e+008
14696	-7.591e+007
14697	-8.2007e+007
14698	-8.4271e+007
14699	-1.5091e+007
14700	-2.3074e+007
14701	-1.7839e+007
14702	-7.0936e+006
14703	-1.0677e+007
14704	-1.2242e+008
14705	-1.0145e+008
14706	-1.3687e+008
14707	-7.08e+007
14708	-7.2689e+007
14709	-7.6897e+007
14710	1.2909e+007
14711	1.1499e+007
14712	1.2665e+007
14713	1.0525e+007
14714	7.4072e+006
14715	8.9057e+006
14716	8.5172e+006
14717	9.595e+006
14718	1.0058e+007
14719	-4.2252e+007
14720	-5.3295e+007
14721	-4.3553e+007
14722	-8.0108e+006
14723	-2.7077e+007
14724	-3.4499e+007
14725	-1.2912e+007
14726	-3.3292e+007
14727	-2.7491e+007
14728	-2.2773e+007
14729	-2.0726e+007
14730	-1.4414e+007
14731	-1.0964e+007
14732	-1.7236e+007
14733	-3.1867e+007
14734	-3.5542e+007
14735	-1.8146e+007
14736	-1.2711e+007
14737	-2.2105e+007
14738	-2.0968e+007
14739	-8.9971e+006
14740	-9.7191e+006
14741	-9.8443e+006
14742	-7.3627e+006
14743	-8.2556e+006
14744	-6.1209e+006
14745	-5.7334e+006
14746	-6.0255e+006
14747	-5.4695e+006
14748	1.1347e+007
14749	1.0155e+007
14750	1.0228e+007
14751	7.9282e+006
14752	6.4905e+006
14753	8.7805e+006
14754	8.7131e+006
14755	6.7268e+006
14756	1.2287e+007
14757	1.1756e+007
14758	9.2846e+006
14759	6.9414e+006
14760	9.2314e+006
14761	7.1777e+006
14762	8.6229e+006
14763	9.8663e+006
14764	9.4382e+006
14765	9.3637e+006
14766	7.1382e+006
14767	7.4852e+006
14768	7.3074e+006
14769	-2.3931e+007
14770	-2.3554e+007
14771	-2.7356e+007
14772	-2.5426e+007
14773	-9.8768e+006
14774	-1.5657e+007
14775	-1.7339e+007
14776	-1.8299e+007
14777	-6.0235e+007
14778	-4.5938e+007
14779	-5.1838e+007
14780	-3.2995e+007
14781	-2.9188e+007
14782	-3.2385e+007
14783	-2.8753e+007
14784	1.7637e+007
14785	1.9608e+007
14786	2.0301e+007
14787	1.2623e+007
14788	1.8559e+007
14789	1.4558e+007
14790	7.1806e+006
14791	7.5009e+006
14792	6.7539e+006
14793	4.5262e+006
14794	5.5257e+006
14795	6.1854e+006
14796	1.1169e+007
14797	1.1498e+007
14798	1.2121e+007
14799	9.7531e+006
14800	9.8283e+006
14801	9.2258e+006
14802	-1.7737e+007
14803	-1.4729e+007
14804	-2.3687e+005
14805	-3.2881e+006
14806	5.4524e+005
14807	-2.7852e+006
14808	9.7737e+006
14809	9.7205e+006
14810	9.1496e+006
14811	9.4976e+006
14812	-7.0977e+007
14813	-5.9282e+007
14814	-5.9729e+007
14815	-3.7543e+007
14816	-3.3617e+007
14817	-1.0051e+007
14818	-9.7562e+006
14819	-6.6966e+006
14820	-4.3068e+006
14821	-8.4037e+006
14822	-8.4165e+006
14823	-4.4459e+006
14824	-7.7041e+006
14825	-3.0738e+007
14826	-2.9546e+007
14827	-1.2382e+007
14828	-2.0344e+007
14829	-1.4547e+007
14830	-1.7399e+007
14831	-1.4913e+007
14832	-1.2993e+007
14833	-1.3118e+007
14834	-7.3625e+006
14835	-1.0522e+007
14836	-1.0356e+007
14837	1.2485e+007
14838	8.6283e+006
14839	1.1645e+007
14840	7.8014e+006
14841	1.0149e+007
14842	-1.5257e+007
14843	-2.7331e+007
14844	-2.5141e+007
14845	-1.5865e+007
14846	-8.0251e+006
14847	-1.7265e+006
14848	-1.594e+007
14849	-1.2831e+007
14850	-1.5466e+007
14851	-7.0832e+006
14852	-1.1506e+007
14853	-9.8559e+006
14854	-5.0129e+006
14855	-4.7901e+006
14856	-6.8218e+006
14857	-1.0648e+007
14858	-8.7751e+006
14859	-6.5115e+006
14860	-6.8089e+006
14861	-7.5189e+006
14862	-7.5837e+006
14863	-1.0714e+008
14864	-1.1424e+008
14865	-1.0667e+008
14866	-9.8608e+007
14867	-7.0305e+007
14868	-8.3765e+007
14869	-3.1236e+007
14870	-3.6185e+007
14871	-2.7219e+007
14872	-2.2748e+007
14873	-2.1612e+007
14874	-2.1335e+007
14875	8.3508e+006
14876	6.8621e+006
14877	4.6345e+006
14878	5.634e+006
14879	4.5894e+006
14880	6.0216e+006
14881	3.2194e+006
14882	5.6242e+006
14883	-4.8375e+006
14884	1.0042e+006
14885	2.0463e+006
14886	4.234e+006
14887	1.5001e+006
14888	-8.1232e+005
14889	1.0694e+007
14890	1.159e+007
14891	8.2357e+006
14892	1.3305e+007
14893	1.4264e+007
14894	1.4432e+007
14895	1.2048e+007
14896	9.4903e+006
14897	1.0254e+007
14898	1.1012e+007
14899	-2.0784e+007
14900	-2.2428e+007
14901	-1.7296e+007
14902	-1.2425e+007
14903	-9.7455e+006
14904	-1.5701e+007
14905	-8.454e+006
14906	-3.4199e+007
14907	-3.8299e+007
14908	-2.1354e+007
14909	-2.1824e+007
14910	-2.7362e+007
14911	-2.063e+007
14912	-2.0253e+007
14913	-1.2327e+007
14914	-1.1632e+007
14915	-1.2897e+007
14916	-4.026e+007
14917	-3.583e+007
14918	-3.1207e+007
14919	-2.2005e+007
14920	-2.1532e+007
14921	8.7447e+006
14922	6.6139e+006
14923	-2.1147e+007
14924	-3.9743e+006
14925	-5.1667e+006
14926	-8.7506e+006
14927	-7.9241e+006
14928	-3.3697e+007
14929	-3.6145e+007
14930	-1.1957e+007
14931	-1.6529e+007
14932	-1.1806e+007
14933	-1.315e+007
14934	-1.9333e+007
14935	-1.8556e+007
14936	-1.521e+007
14937	-1.6998e+007
14938	1.2802e+007
14939	1.252e+007
14940	1.2807e+007
14941	1.1412e+007
14942	1.1876e+007
14943	1.0617e+007
14944	9.4886e+006
14945	6.7547e+006
14946	6.2508e+006
14947	6.1221e+006
14948	5.2393e+006
14949	4.5201e+006
14950	-8.7875e+007
14951	-9.9802e+007
14952	-1.0818e+008
14953	-9.2217e+007
14954	-6.1971e+007
14955	-8.127e+007
14956	-3.9171e+007
14957	-1.9739e+007
14958	-2.343e+007
14959	-1.3427e+007
14960	-9.9773e+006
14961	-1.0748e+007
14962	-1.4191e+007
14963	-1.4866e+007
14964	-1.0816e+007
14965	-7.9306e+006
14966	-1.2145e+007
14967	-9.4196e+007
14968	-1.0999e+008
14969	-6.621e+007
14970	-7.9515e+007
14971	-6.6676e+007
14972	-4.2693e+007
14973	-5.3071e+007
14974	-1.3185e+007
14975	-2.0802e+007
14976	-3.768e+007
14977	-2.8395e+007
14978	-3.3101e+007
14979	-6.1446e+006
14980	-3.2267e+006
14981	2.814e+006
14982	4.3072e+006
14983	2.8146e+006
14984	1.7089e+006
14985	-1.7365e+006
14986	9.4863e+006
14987	6.6959e+006
14988	5.7486e+006
14989	5.0265e+006
14990	-1.4621e+008
14991	-1.149e+008
14992	-1.2327e+008
14993	-1.0731e+008
14994	-6.4291e+007
14995	-8.6241e+007
14996	-1.0673e+008
14997	-6.4419e+007
14998	-3.8159e+007
14999	-3.8754e+007
15000	1.1729e+007
15001	8.5268e+006
15002	1.1655e+007
15003	4.153e+006
15004	4.4391e+006
15005	6.0648e+006
15006	6.4374e+006
15007	-3.3164e+007
15008	-4.2158e+007
15009	-4.3766e+007
15010	-2.3859e+007
15011	-2.6842e+007
15012	-2.4349e+007
15013	-2.6719e+007
15014	-6.2702e+007
15015	-5.2086e+007
15016	-3.3114e+007
15017	-3.8968e+007
15018	-4.754e+007
15019	-2.398e+007
15020	-2.8113e+007
15021	-1.5072e+007
15022	-1.5706e+007
15023	-1.8348e+007
15024	-2.567e+006
15025	-8.196e+006
15026	-7.0489e+006
15027	-9.0806e+006
15028	-1.2168e+007
15029	-1.312e+007
15030	-1.3015e+007
15031	-7.2595e+006
15032	-1.0419e+007
15033	-9.9909e+006
15034	-3.05e+007
15035	-2.553e+007
15036	-3.8535e+007
15037	-4.8982e+006
15038	-1.756e+007
15039	-1.4478e+007
15040	-2.5416e+007
15041	-1.6051e+007
15042	-1.2045e+007
15043	-6.8715e+005
15044	-4.8977e+006
15045	-5.8267e+005
15046	-3.8968e+006
15047	-2.1597e+006
15048	-2.4832e+006
15049	5.3829e+006
15050	2.2067e+006
15051	4.7856e+006
15052	1.52e+006
15053	-1.803e+005
15054	2.9453e+006
15055	1.2587e+006
15056	-4.1554e+007
15057	-3.8321e+007
15058	-4.5937e+007
15059	-2.93e+007
15060	-3.1914e+007
15061	1.3733e+007
15062	1.7384e+007
15063	1.2236e+007
15064	6.7302e+006
15065	5.9243e+006
15066	5.1282e+006
15067	6.032e+006
15068	4.5379e+006
15069	1.4436e+007
15070	1.0493e+007
15071	6.9341e+006
15072	1.2428e+007
15073	3.3752e+006
15074	9.3307e+006
15075	1.4083e+007
15076	1.7855e+007
15077	1.4887e+007
15078	1.087e+007
15079	1.308e+007
15080	1.0427e+007
15081	-7.9324e+007
15082	-8.1212e+007
15083	-9.7039e+007
15084	-3.7241e+007
15085	-7.1089e+007
15086	-5.2973e+007
15087	-6.6552e+007
15088	-6.0289e+007
15089	-4.1446e+007
15090	-5.045e+007
15091	-4.3279e+007
15092	-4.6134e+007
15093	6.3759e+006
15094	3.3042e+006
15095	3.2878e+006
15096	3.8532e+006
15097	-8.8249e+006
15098	-2.2509e+006
15099	-1.0934e+007
15100	-5.8177e+006
15101	-3.7692e+006
15102	-1.0478e+007
15103	-1.0373e+007
15104	-8.1676e+006
15105	-7.8914e+006
15106	-6.262e+006
15107	-7.7773e+006
15108	-6.4075e+006
15109	-3.4633e+007
15110	-2.0174e+007
15111	-1.5216e+007
15112	-1.7586e+007
15113	-1.0493e+007
15114	-1.2429e+007
15115	-1.3517e+007
15116	-9.0025e+006
15117	1.3072e+007
15118	1.1414e+007
15119	1.0933e+007
15120	9.3131e+006
15121	9.2599e+006
15122	1.0466e+007
15123	4.9874e+005
15124	1.7951e+006
15125	3.4003e+006
15126	-3.5027e+007
15127	-2.5944e+007
15128	-2.3222e+007
15129	-1.7841e+007
15130	-2.0061e+007
15131	-4.3756e+007
15132	-5.317e+007
15133	-3.0984e+007
15134	-2.5798e+007
15135	-2.7059e+007
15136	-2.1544e+007
15137	-5.8403e+007
15138	-5.6368e+007
15139	-5.698e+007
15140	-4.0289e+007
15141	-3.9082e+007
15142	-4.0711e+007
15143	-1.6372e+007
15144	-2.3965e+007
15145	-3.1244e+007
15146	-1.8698e+007
15147	-2.1502e+007
15148	6.4633e+006
15149	3.1977e+006
15150	4.5379e+006
15151	2.9364e+006
15152	-4.5876e+007
15153	-1.7029e+007
15154	-2.6424e+007
15155	-2.8666e+007
15156	4.8053e+006
15157	5.2634e+006
15158	1.0309e+007
15159	6.0905e+006
15160	-1.9392e+007
15161	-4.203e+006
15162	-6.0195e+006
15163	1.6545e+007
15164	1.2736e+007
15165	9.0492e+006
15166	1.1396e+007
15167	2.1778e+007
15168	1.6387e+007
15169	1.0719e+007
15170	1.5048e+007
15171	2.1368e+007
15172	-2.3342e+007
15173	-2.2907e+007
15174	-3.636e+007
15175	-4.1986e+007
15176	-3.0233e+007
15177	-2.6164e+007
15178	-2.9705e+007
15179	9.1482e+006
15180	9.5823e+006
15181	7.199e+006
15182	1.5673e+007
15183	1.0063e+007
15184	-5.4423e+006
15185	-3.9429e+006
15186	-4.0287e+006
15187	-4.8625e+006
15188	-8.7293e+006
15189	-8.3008e+006
15190	-7.3595e+006
15191	-8.3656e+006
15192	-4.3628e+007
15193	-3.9048e+007
15194	-5.5521e+007
15195	-4.9412e+007
15196	-1.9815e+007
15197	1.0797e+007
15198	1.0721e+007
15199	9.0527e+006
15200	8.4519e+006
15201	8.5672e+006
15202	9.0999e+006
15203	1.2146e+007
15204	1.0745e+007
15205	9.9135e+006
15206	7.688e+006
15207	9.0003e+006
15208	8.0351e+006
15209	6.6198e+006
15210	8.4729e+006
15211	-2.6703e+007
15212	-2.6579e+007
15213	1.1875e+007
15214	8.5208e+006
15215	7.9628e+006
15216	6.7558e+006
15217	-2.4265e+007
15218	-3.5308e+007
15219	-1.6717e+006
15220	-2.219e+007
15221	-1.2824e+007
15222	-8.9908e+006
15223	-2.6322e+007
15224	-1.1573e+007
15225	-7.9146e+006
15226	-1.1498e+007
15227	-1.5592e+007
15228	4.2078e+006
15229	4.1626e+006
15230	9.3289e+006
15231	-1.8955e+007
15232	-2.3787e+007
15233	-2.7328e+007
15234	-2.3253e+007
15235	-2.4998e+007
15236	-3.7536e+007
15237	-8.7251e+006
15238	-1.7069e+007
15239	-2.1182e+007
15240	-1.5367e+007
15241	-9.2227e+007
15242	-6.8064e+007
15243	-6.5048e+007
15244	-3.8688e+007
15245	-3.58e+007
15246	-4.3877e+007
15247	-2.724e+007
15248	-2.56e+007
15249	-2.988e+007
15250	9.417e+006
15251	8.5246e+006
15252	1.0829e+007
15253	-1.1095e+007
15254	-9.5062e+006
15255	-7.3715e+006
15256	-8.3333e+006
15257	-1.0021e+006
15258	-2.3984e+005
15259	-1.0879e+006
15260	-2.9591e+006
15261	-5.6218e+006
15262	-7.4306e+006
15263	-1.6827e+006
15264	-1.3328e+007
15265	-5.9824e+006
15266	-9.3128e+006
15267	-6.1064e+007
15268	-6.198e+007
15269	-4.1685e+007
15270	-3.1231e+007
15271	-3.5905e+007
15272	-2.1103e+007
15273	2.6808e+006
15274	-1.7778e+005
15275	-9.9883e+006
15276	-6.7121e+006
15277	-5.6453e+006
15278	-4.975e+006
15279	-5.2984e+006
15280	-6.1323e+006
15281	-3.9466e+007
15282	-3.4994e+007
15283	-2.4794e+007
15284	-2.9074e+007
15285	-1.0658e+007
15286	-7.9888e+006
15287	-9.3051e+006
15288	-8.2952e+006
15289	-7.2636e+007
15290	-4.4397e+007
15291	-3.1759e+007
15292	-6.2167e+006
15293	-6.3186e+006
15294	-7.9238e+006
15295	9.2567e+006
15296	9.3308e+006
15297	7.4524e+006
15298	7.8168e+006
15299	8.3511e+006
15300	7.2599e+006
15301	6.7695e+006
15302	5.8222e+006
15303	7.4292e+006
15304	5.7956e+006
15305	4.9995e+006
15306	9.4923e+006
15307	1.0027e+007
15308	9.4248e+006
15309	-2.3543e+007
15310	-1.882e+007
15311	-3.5698e+007
15312	-9.5112e+006
15313	-2.9259e+006
15314	-2.6392e+006
15315	-6.0845e+006
15316	-4.8168e+006
15317	-5.7181e+006
15318	-6.493e+006
15319	1.2709e+007
15320	8.2492e+006
15321	7.9921e+006
15322	5.9998e+006
15323	7.2327e+006
15324	4.1148e+006
15325	4.5072e+006
15326	-43806
15327	-2.5327e+007
15328	-2.5818e+007
15329	-2.9413e+007
15330	-3.2954e+007
15331	-2.2508e+007
15332	-1.4581e+007
15333	-1.5152e+007
15334	-1.7253e+007
15335	-1.6831e+007
15336	-1.2577e+007
15337	-1.7095e+007
15338	-1.4373e+007
15339	-7.9207e+006
15340	-9.2565e+006
15341	-7.208e+006
15342	8.3777e+006
15343	5.2547e+006
15344	6.0004e+006
15345	6.9379e+006
15346	7.4722e+006
15347	4.8947e+006
15348	-7.4353e+007
15349	-3.0553e+007
15350	-4.8448e+007
15351	-4.6285e+007
15352	-3.3647e+007
15353	9.0074e+005
15354	-6.5999e+005
15355	1.4661e+006
15356	1.4406e+007
15357	1.2022e+007
15358	9.4646e+006
15359	1.1632e+007
15360	-5.7183e+007
15361	-5.6339e+007
15362	-4.2316e+007
15363	-4.3999e+007
15364	-4.5499e+007
15365	-2.6377e+007
15366	-3.0657e+007
15367	-2.926e+007
15368	-2.3479e+007
15369	-2.0424e+007
15370	1.2465e+007
15371	1.8401e+007
15372	-6.2816e+006
15373	-3.8491e+006
15374	-6.5474e+006
15375	-1.4204e+007
15376	-1.5917e+007
15377	-1.6876e+007
15378	-2.7806e+007
15379	-3.0444e+007
15380	-1.2256e+007
15381	-1.8036e+007
15382	-2.072e+007
15383	-1.9719e+007
15384	-1.7789e+007
15385	-1.9983e+007
15386	-2.4007e+007
15387	-2.3285e+007
15388	-4.8278e+007
15389	8.357e+006
15390	-1.9023e+007
15391	-1.136e+007
15392	-1.4954e+007
15393	-1.1231e+007
15394	1.044e+007
15395	8.7672e+006
15396	-1.8745e+007
15397	-6.7632e+005
15398	1.4498e+006
15399	-6.3391e+005
15400	8.3394e+006
15401	7.2333e+006
15402	8.2861e+006
15403	-1.007e+008
15404	-1.0296e+008
15405	-1.2119e+008
15406	-1.9522e+007
15407	-2.3546e+007
15408	-2.1906e+007
15409	-2.4273e+007
15410	-4.5855e+007
15411	-5.3101e+007
15412	-3.0915e+007
15413	-3.7039e+007
15414	-2.935e+007
15415	2.6003e+006
15416	4.0256e+006
15417	1.3565e+007
15418	1.1094e+007
15419	1.0216e+007
15420	1.1957e+007
15421	9.3466e+006
15422	7.5324e+006
15423	2.814e+006
15424	2.0885e+006
15425	4.7363e+006
15426	-3.0225e+007
15427	-2.1533e+007
15428	-2.262e+007
15429	-4.2976e+006
15430	-5.1315e+006
15431	-3.3049e+007
15432	-3.2439e+007
15433	-3.4881e+007
15434	-1.0851e+008
15435	-1.0045e+008
15436	-7.2306e+007
15437	-8.561e+007
15438	-4.9105e+007
15439	-3.5107e+007
15440	-3.5082e+007
15441	-3.3909e+007
15442	-4.2184e+007
15443	-2.5866e+007
15444	-2.9978e+007
15445	1.3439e+007
15446	9.4967e+006
15447	5.9376e+006
15448	9.0537e+006
15449	8.222e+006
15450	-7.4967e+006
15451	-7.1092e+006
15452	-8.6245e+006
15453	-8.4585e+006
15454	-2.5394e+007
15455	-2.3125e+007
15456	-2.8663e+007
15457	-1.7659e+007
15458	-1.3935e+007
15459	-3.1624e+007
15460	-3.4263e+007
15461	-3.4238e+007
15462	9.2423e+006
15463	-8.0227e+007
15464	-6.2111e+007
15465	-6.9196e+007
15466	1.9883e+007
15467	1.9093e+007
15468	1.5092e+007
15469	-6.5332e+006
15470	-4.3793e+006
15471	-4.9038e+006
15472	-4.2452e+006
15473	-5.0494e+006
15474	1.219e+007
15475	1.2731e+007
15476	1.18e+007
15477	4.1167e+006
15478	3.7e+006
15479	2.2223e+006
15480	3.0218e+006
15481	5.02e+006
15482	-3.1431e+007
15483	-2.6245e+007
15484	-2.9867e+007
15485	5.8633e+006
15486	-1.0641e+008
15487	-9.0452e+007
15488	-4.7429e+007
15489	-3.7406e+007
15490	-9.8825e+007
15491	-9.2884e+007
15492	-1.9205e+007
15493	-1.2752e+007
15494	-1.4088e+007
15495	-1.632e+007
15496	-1.6043e+007
15497	-1.1102e+007
15498	-1.1366e+007
15499	-1.3321e+007
15500	-4.6276e+006
15501	-4.3638e+006
15502	-5.908e+006
15503	-5.8126e+006
15504	-3.7766e+006
15505	-1.2285e+007
15506	-8.6385e+006
15507	-3.0857e+006
15508	-7.9613e+006
15509	-4.0996e+006
15510	-4.9791e+006
15511	-1.4107e+006
15512	3.2594e+005
15513	-3.1612e+006
15514	-2.1631e+005
15515	1.0162e+008
15516	8.5838e+007
15517	9.1061e+007
15518	8.1304e+007
15519	7.325e+007
15520	7.6886e+007
15521	5.44e+007
15522	6.0377e+007
15523	5.9847e+007
15524	7.0447e+007
15525	6.0205e+007
15526	1.5514e+008
15527	1.4395e+008
15528	1.3159e+008
15529	1.4688e+008
15530	1.3588e+008
15531	1.3143e+008
15532	1.0516e+008
15533	-3.1487e+007
15534	-3.3638e+007
15535	-3.0334e+007
15536	-2.7222e+007
15537	-3.7506e+007
15538	-2.6315e+007
15539	-2.1479e+007
15540	-2.3609e+007
15541	-2.1051e+007
15542	-2.2118e+007
15543	6.1401e+007
15544	4.1086e+007
15545	4.2468e+007
15546	5.7494e+007
15547	5.7697e+007
15548	4.9498e+007
15549	4.7064e+007
15550	2.3313e+007
15551	2.8036e+007
15552	2.6692e+007
15553	-1.6969e+006
15554	-1.9196e+006
15555	-1.87e+006
15556	-2.0322e+006
15557	-1.3593e+006
15558	-1.651e+006
15559	-1.6347e+006
15560	1.7526e+005
15561	5.0901e+005
15562	1.2205e+005
15563	8.817e+007
15564	8.1839e+007
15565	7.7995e+007
15566	9.4985e+007
15567	1.0339e+008
15568	1.0205e+008
15569	7.1617e+007
15570	6.5044e+007
15571	6.1783e+007
15572	1.8618e+007
15573	1.7564e+007
15574	1.3372e+007
15575	1.6859e+007
15576	1.3449e+007
15577	1.4587e+007
15578	1.5127e+007
15579	8.5336e+006
15580	7.8678e+006
15581	9.0346e+006
15582	4.1536e+006
15583	7.6823e+006
15584	9.4078e+006
15585	4.4061e+006
15586	1.0563e+007
15587	3.7835e+006
15588	5.4933e+006
15589	6.2295e+006
15590	-4.3037e+006
15591	-5.1434e+006
15592	-3.9316e+006
15593	-4.076e+006
15594	-4.683e+006
15595	-4.8953e+006
15596	-4.6307e+006
15597	-1.2167e+006
15598	-1.9388e+006
15599	-2.9613e+006
15600	4.8285e+007
15601	3.6989e+007
15602	4.9995e+007
15603	4.5221e+007
15604	3.7619e+007
15605	3.9445e+007
15606	4.13e+007
15607	2.9865e+007
15608	2.8522e+007
15609	2.8166e+007
15610	3.0713e+007
15611	4.4567e+007
15612	3.3678e+007
15613	4.5888e+007
15614	3.903e+007
15615	3.4454e+007
15616	3.7506e+007
15617	2.338e+007
15618	2.7971e+007
15619	2.172e+007
15620	1.9555e+007
15621	3.003e+007
15622	-8.8437e+006
15623	-8.1362e+006
15624	-7.1363e+006
15625	-5.4358e+006
15626	-6.0631e+006
15627	-6.2893e+006
15628	-4.4783e+006
15629	-4.3834e+006
15630	-3.874e+006
15631	2.0146e+007
15632	-9.6222e+006
15633	1.6052e+007
15634	2.6743e+007
15635	3.7676e+006
15636	9.7135e+005
15637	4.0748e+006
15638	5.9637e+006
15639	1.0132e+007
15640	6.3414e+006
15641	6.9134e+007
15642	5.8604e+007
15643	7.9185e+007
15644	6.4858e+007
15645	8.9085e+007
15646	8.1762e+007
15647	4.3287e+007
15648	2.5392e+007
15649	4.6291e+007
15650	6.316e+007
15651	7.4185e+007
15652	5.3693e+007
15653	6.5222e+007
15654	6.7552e+007
15655	5.5417e+007
15656	6.0068e+007
15657	4.3341e+007
15658	3.068e+007
15659	3.6194e+007
15660	7.1638e+007
15661	6.4742e+007
15662	7.7964e+007
15663	6.5009e+007
15664	6.9165e+007
15665	6.3745e+007
15666	7.3153e+007
15667	5.0065e+007
15668	5.0227e+007
15669	4.6644e+007
15670	4.8561e+007
15671	4.6736e+007
15672	1.4726e+008
15673	1.6668e+008
15674	1.6673e+008
15675	1.4846e+008
15676	1.6304e+008
15677	1.4022e+008
15678	9.6582e+007
15679	9.7182e+007
15680	1.0659e+008
15681	-1.279e+007
15682	-1.2651e+007
15683	-1.5225e+007
15684	-1.3429e+007
15685	-1.7192e+007
15686	-1.3882e+007
15687	-7.7043e+006
15688	-8.1908e+006
15689	-1.0907e+007
15690	-1.0896e+007
15691	7.7027e+007
15692	7.6629e+007
15693	6.6907e+007
15694	6.5158e+007
15695	9.2843e+007
15696	9.0205e+007
15697	5.203e+007
15698	5.3667e+007
15699	1.8635e+007
15700	1.5649e+007
15701	2.117e+007
15702	1.7556e+007
15703	1.6356e+007
15704	2.081e+007
15705	1.0964e+007
15706	1.0445e+007
15707	1.1831e+007
15708	1.2868e+007
15709	4.1951e+007
15710	3.5609e+007
15711	3.6732e+007
15712	4.2905e+007
15713	4.4007e+007
15714	3.4313e+007
15715	2.2455e+007
15716	3.0044e+007
15717	2.7534e+007
15718	-3.6125e+006
15719	-3.3001e+006
15720	-3.1643e+006
15721	-3.8852e+006
15722	-2.6596e+006
15723	-2.6957e+006
15724	-1.0311e+006
15725	-5.7976e+005
15726	-2.662e+006
15727	-1.7271e+006
15728	9.218e+006
15729	1.0928e+007
15730	9.2713e+006
15731	1.076e+007
15732	9.8177e+006
15733	9.5593e+006
15734	7.0626e+006
15735	7.4682e+006
15736	7.4279e+006
15737	1.8782e+007
15738	1.271e+007
15739	1.2756e+007
15740	1.6594e+007
15741	1.1636e+007
15742	2.0287e+007
15743	9.4881e+006
15744	9.5332e+006
15745	9.0671e+006
15746	1.0765e+007
15747	1.0678e+007
15748	9.3461e+006
15749	1.7758e+007
15750	1.3628e+007
15751	1.658e+007
15752	1.2087e+007
15753	1.2231e+007
15754	1.0767e+007
15755	1.2291e+007
15756	1.3518e+007
15757	1.5295e+007
15758	3.2452e+007
15759	2.731e+007
15760	2.5876e+007
15761	1.9605e+007
15762	1.6237e+007
15763	1.4507e+007
15764	1.581e+007
15765	-6.1371e+006
15766	-5.367e+006
15767	-5.035e+006
15768	-5.9655e+006
15769	-6.1729e+006
15770	-5.1918e+006
15771	-5.993e+006
15772	-2.9537e+006
15773	-3.1951e+006
15774	4.1579e+007
15775	2.6324e+007
15776	2.0955e+007
15777	2.6432e+007
15778	4.0291e+007
15779	3.2713e+007
15780	2.2765e+007
15781	1.9012e+007
15782	-2.2691e+006
15783	-2.9331e+006
15784	-6.1541e+005
15785	-1.9076e+006
15786	-1.7507e+006
15787	-3.0834e+006
15788	1.3745e+006
15789	-5.3664e+005
15790	8.5392e+005
15791	6.6927e+006
15792	5.1928e+006
15793	7.3424e+006
15794	6.1545e+006
15795	6.5734e+006
15796	7.4782e+006
15797	4.9875e+006
15798	3.809e+006
15799	3.7345e+006
15800	4.5688e+006
15801	-2.1502e+006
15802	-7.9581e+005
15803	-2.1067e+006
15804	-4.421e+006
15805	-6.9755e+005
15806	-3.7453e+006
15807	-3.037e+006
15808	-2.9169e+006
15809	-1.6342e+006
15810	-3.0054e+007
15811	-2.7283e+007
15812	-2.4811e+007
15813	-3.4881e+007
15814	-2.9304e+007
15815	-2.5733e+007
15816	-1.5135e+007
15817	-1.7134e+007
15818	-1.4824e+007
15819	-1.6076e+007
15820	-4.0238e+006
15821	-1.0484e+007
15822	2.4967e+006
15823	2.782e+005
15824	-1.034e+007
15825	-7.6981e+006
15826	-3.0983e+006
15827	-4.3604e+006
15828	-1.7829e+007
15829	-1.5189e+007
15830	-1.2189e+007
15831	-1.7797e+007
15832	-1.2541e+007
15833	-1.3246e+007
15834	-1.4513e+007
15835	-8.1549e+006
15836	-8.4574e+006
15837	-5.0389e+006
15838	-1.0295e+007
15839	8.4586e+007
15840	8.9596e+007
15841	9.1529e+007
15842	9.6399e+007
15843	1.0762e+008
15844	1.0126e+008
15845	4.8087e+007
15846	6.2323e+007
15847	7.2584e+007
15848	7.1407e+007
15849	3.235e+007
15850	1.3399e+007
15851	2.0754e+007
15852	2.0918e+007
15853	1.4346e+007
15854	3.0383e+007
15855	1.4591e+007
15856	1.3262e+007
15857	1.9048e+007
15858	6.6262e+007
15859	4.4952e+007
15860	6.2156e+007
15861	4.9543e+007
15862	7.8302e+007
15863	3.9059e+007
15864	7.3195e+007
15865	4.4788e+007
15866	3.3033e+007
15867	3.4938e+007
15868	1.5425e+007
15869	7.7275e+006
15870	1.0785e+007
15871	2.19e+007
15872	1.8058e+007
15873	9.8589e+006
15874	8.7657e+006
15875	7.7782e+006
15876	7.5063e+006
15877	7.7266e+006
15878	7.7526e+007
15879	6.6041e+007
15880	6.6915e+007
15881	6.1521e+007
15882	7.5832e+007
15883	7.1523e+007
15884	6.362e+007
15885	4.5074e+007
15886	4.5538e+007
15887	5.1766e+007
15888	-4.7393e+006
15889	-5.7494e+006
15890	-5.4528e+006
15891	-5.7914e+006
15892	-4.1853e+006
15893	-5.6151e+006
15894	-3.0301e+006
15895	-2.93e+006
15896	-3.5673e+006
15897	-5.2582e+006
15898	-3.9532e+006
15899	-5.3123e+006
15900	-5.0297e+006
15901	-5.0297e+006
15902	-4.7431e+006
15903	-4.8702e+006
15904	-3.0358e+006
15905	-3.0306e+006
15906	-5.836e+006
15907	-6.1202e+006
15908	-5.3097e+006
15909	-5.8163e+006
15910	-6.6612e+006
15911	-5.4307e+006
15912	-6.0908e+006
15913	-4.1274e+006
15914	-4.9327e+006
15915	-3.3187e+006
15916	-5.12e+006
15917	-4.3374e+006
15918	-4.8844e+006
15919	-3.3806e+006
15920	-2.092e+006
15921	-1.7507e+006
15922	-1.8063e+006
15923	-2.3197e+006
15924	-2.7156e+006
15925	-4.6357e+005
15926	1.4431e+006
15927	-3.4983e+005
15928	-7.7975e+005
15929	1.2844e+008
15930	1.4298e+008
15931	1.3083e+008
15932	1.4474e+008
15933	1.2055e+008
15934	1.1678e+008
15935	8.8624e+007
15936	9.8228e+007
15937	1.6098e+007
15938	1.5837e+007
15939	2.1304e+007
15940	1.7428e+007
15941	1.9505e+007
15942	1.9078e+007
15943	1.3972e+007
15944	1.1869e+007
15945	1.3121e+007
15946	2.4234e+007
15947	1.183e+007
15948	1.1687e+007
15949	1.8505e+007
15950	2.2075e+007
15951	1.6395e+007
15952	9.8631e+006
15953	1.5411e+007
15954	1.2921e+007
15955	8.3326e+006
15956	7.7733e+006
15957	8.2926e+006
15958	7.6951e+006
15959	8.2451e+006
15960	8.1125e+006
15961	8.113e+006
15962	5.3506e+006
15963	5.1451e+006
15964	5.5487e+006
15965	3.6582e+007
15966	4.3158e+007
15967	3.7962e+007
15968	4.0163e+007
15969	3.992e+007
15970	4.4149e+007
15971	3.7535e+007
15972	2.6938e+007
15973	2.9378e+007
15974	3.2789e+007
15975	3.1163e+007
15976	2.5108e+007
15977	3.3162e+007
15978	2.6785e+007
15979	3.2529e+007
15980	2.7914e+007
15981	2.94e+007
15982	1.7373e+007
15983	2.1606e+007
15984	1.1593e+007
15985	8.9091e+006
15986	1.876e+007
15987	-2.4586e+006
15988	-3.0064e+006
15989	-3.1508e+006
15990	-2.6148e+006
15991	-2.8903e+006
15992	-2.6198e+006
15993	-2.9146e+005
15994	-1.0923e+006
15995	-1.0061e+006
15996	-9.3741e+006
15997	-8.4585e+006
15998	-9.0098e+006
15999	-8.1136e+006
16000	-9.4651e+006
16001	-7.8476e+006
16002	-8.1159e+006
16003	-6.0535e+006
16004	-7.3326e+006
16005	8.3758e+007
16006	7.4002e+007
16007	6.4733e+007
16008	6.473e+007
16009	6.6504e+007
16010	7.6322e+007
16011	4.6023e+007
16012	4.9966e+007
16013	4.9923e+007
16014	2.9539e+007
16015	2.9286e+007
16016	4.1884e+007
16017	3.4844e+007
16018	3.4881e+007
16019	4.1338e+007
16020	2.9809e+007
16021	2.6247e+007
16022	2.249e+007
16023	5.1445e+007
16024	5.6323e+007
16025	5.6356e+007
16026	4.9151e+007
16027	4.939e+007
16028	5.1919e+007
16029	4.0813e+007
16030	3.7201e+007
16031	3.8258e+007
16032	4.0174e+007
16033	6.4153e+007
16034	2.3421e+007
16035	6.1249e+007
16036	3.3845e+007
16037	5.1904e+007
16038	4.3483e+007
16039	3.184e+007
16040	3.2715e+007
16041	3.8724e+007
16042	2.4659e+007
16043	1.3338e+008
16044	1.4954e+008
16045	1.419e+008
16046	1.5722e+008
16047	1.263e+008
16048	1.3325e+008
16049	1.5017e+008
16050	9.7127e+007
16051	1.0575e+008
16052	8.5403e+007
16053	3.1035e+007
16054	4.2994e+007
16055	4.3874e+007
16056	2.704e+007
16057	2.5608e+007
16058	3.3812e+007
16059	2.242e+007
16060	1.4076e+007
16061	2.269e+007
16062	2.1421e+007
16063	1.5954e+007
16064	2.6634e+007
16065	1.8853e+007
16066	3.7724e+007
16067	3.2874e+007
16068	1.8717e+007
16069	2.0234e+007
16070	2.5048e+007
16071	3.1331e+007
16072	2.5814e+007
16073	2.879e+007
16074	2.7062e+007
16075	2.0023e+007
16076	7.329e+007
16077	6.2683e+007
16078	1.0079e+008
16079	9.1974e+007
16080	7.0052e+007
16081	8.8556e+007
16082	5.6872e+007
16083	5.657e+007
16084	1.2483e+007
16085	1.2608e+007
16086	2.0078e+007
16087	1.923e+007
16088	2.5589e+007
16089	2.4749e+007
16090	1.0611e+007
16091	1.6165e+007
16092	3.2382e+007
16093	1.459e+007
16094	1.5186e+007
16095	2.1013e+007
16096	2.5768e+007
16097	2.9079e+007
16098	1.4267e+007
16099	1.2434e+007
16100	1.9281e+007
16101	1.3589e+007
16102	1.1193e+008
16103	1.0509e+008
16104	9.5802e+007
16105	9.5238e+007
16106	1.016e+008
16107	1.1177e+008
16108	6.9495e+007
16109	7.7786e+007
16110	3.0807e+007
16111	3.5623e+007
16112	4.0627e+007
16113	4.5176e+007
16114	4.6552e+007
16115	2.7917e+007
16116	2.4549e+007
16117	3.1474e+007
16118	5.0208e+007
16119	4.7606e+007
16120	4.1046e+007
16121	5.2307e+007
16122	4.1827e+007
16123	3.2291e+007
16124	3.6013e+007
16125	8.2048e+006
16126	8.6621e+006
16127	9.7834e+006
16128	8.6766e+006
16129	9.223e+006
16130	6.4679e+006
16131	5.7821e+006
16132	5.0419e+006
16133	6.1494e+006
16134	1.355e+008
16135	1.3588e+008
16136	1.4629e+008
16137	1.2251e+008
16138	1.1282e+008
16139	1.1615e+008
16140	1.1989e+008
16141	8.7474e+007
16142	8.9453e+007
16143	9.3021e+007
16144	7.5134e+007
16145	8.5261e+007
16146	6.9764e+007
16147	1.0211e+008
16148	7.4457e+007
16149	1.0053e+008
16150	4.4243e+007
16151	5.8921e+007
16152	5.7018e+007
16153	7.7872e+007
16154	5.4582e+007
16155	7.7739e+007
16156	5.2615e+007
16157	6.6692e+007
16158	3.9264e+007
16159	2.1369e+007
16160	3.617e+007
16161	4.2268e+007
16162	4.128e+007
16163	-7.8951e+006
16164	-3.1823e+006
16165	-7.4207e+006
16166	-4.4385e+006
16167	-4.0916e+006
16168	-3.5735e+006
16169	-2.6206e+006
16170	-2.1557e+006
16171	-3.0098e+006
16172	-3.2598e+006
16173	-3.1289e+006
16174	-2.6585e+006
16175	-2.2652e+006
16176	-2.0774e+006
16177	1.0478e+006
16178	-8.633e+005
16179	-1.0023e+006
16180	-3.7929e+006
16181	-4.7633e+006
16182	-4.0741e+006
16183	-4.7367e+006
16184	-1.5274e+006
16185	-1.6664e+006
16186	-1.1067e+007
16187	-1.3652e+007
16188	-1.1279e+007
16189	-1.0912e+007
16190	-1.1872e+007
16191	-1.1708e+007
16192	-8.7363e+006
16193	-9.8299e+006
16194	-8.7571e+006
16195	-9.8463e+006
16196	-2.5071e+007
16197	-3.4047e+007
16198	-3.0508e+007
16199	-2.4899e+007
16200	-2.319e+007
16201	-1.3989e+007
16202	-1.4983e+007
16203	-2.1204e+007
16204	-2.5698e+007
16205	-1.7558e+007
16206	-1.2308e+007
16207	-1.1529e+007
16208	-1.3528e+007
16209	-9.7343e+006
16210	5.2916e+007
16211	5.6846e+007
16212	5.2326e+007
16213	4.5468e+007
16214	4.9455e+007
16215	2.8158e+007
16216	4.1245e+007
16217	3.6343e+007
16218	3.6468e+007
16219	4.8307e+007
16220	4.7003e+007
16221	5.5603e+007
16222	4.8398e+007
16223	5.1564e+007
16224	5.4606e+007
16225	3.6907e+007
16226	4.0061e+007
16227	3.7505e+007
16228	3.6077e+007
16229	-2.1832e+006
16230	1.696e+006
16231	1.2959e+006
16232	-5.4716e+006
16233	-6.2803e+006
16234	-3.1135e+006
16235	-2.9426e+006
16236	-1.8149e+006
16237	7.3329e+007
16238	6.7378e+007
16239	8.1196e+007
16240	6.741e+007
16241	8.0632e+007
16242	3.2531e+007
16243	5.2733e+007
16244	5.1229e+007
16245	6.318e+007
16246	7.0773e+006
16247	7.283e+006
16248	9.89e+006
16249	8.313e+006
16250	1.019e+007
16251	8.9897e+006
16252	5.4801e+006
16253	5.9883e+006
16254	7.0113e+006
16255	6.8583e+006
16256	7.6654e+007
16257	9.6661e+007
16258	9.6142e+007
16259	7.8984e+007
16260	8.6852e+007
16261	8.6693e+007
16262	4.2112e+007
16263	6.8835e+007
16264	1.7062e+007
16265	2.0901e+007
16266	2.8758e+007
16267	2.4639e+007
16268	2.9229e+007
16269	1.4175e+007
16270	2.0473e+007
16271	1.3885e+007
16272	1.5117e+007
16273	-1.0698e+007
16274	-1.063e+007
16275	-1.1476e+007
16276	-9.8384e+006
16277	-9.0745e+006
16278	-8.9711e+006
16279	-8.1677e+006
16280	-7.4512e+006
16281	-8.9427e+006
16282	1.4468e+007
16283	2.2369e+007
16284	1.8755e+007
16285	2.3498e+007
16286	1.7819e+007
16287	1.2958e+007
16288	1.1646e+007
16289	1.4345e+007
16290	1.5107e+008
16291	1.2826e+008
16292	1.3106e+008
16293	1.4403e+008
16294	1.1603e+008
16295	8.5219e+007
16296	9.3844e+007
16297	9.0985e+007
16298	6.0885e+007
16299	9.438e+007
16300	1.5626e+008
16301	1.6667e+008
16302	1.7079e+008
16303	1.5919e+008
16304	1.6094e+008
16305	1.1746e+008
16306	1.1249e+008
16307	1.4829e+007
16308	8.7856e+006
16309	7.421e+006
16310	9.9169e+006
16311	9.2636e+006
16312	8.1034e+006
16313	5.2576e+006
16314	7.1313e+006
16315	7.8139e+006
16316	5.7054e+006
16317	3.415e+006
16318	9.0771e+005
16319	1.5073e+006
16320	1.8067e+006
16321	4.2527e+006
16322	2.7873e+006
16323	4.63e+007
16324	3.9734e+007
16325	4.6357e+007
16326	3.9317e+007
16327	4.2694e+007
16328	5.1008e+007
16329	3.3867e+007
16330	2.4702e+007
16331	3.0719e+007
16332	2.7134e+007
16333	7.133e+006
16334	8.1028e+006
16335	7.5673e+006
16336	7.3338e+006
16337	5.2228e+006
16338	4.4826e+006
16339	5.0173e+006
16340	5.0076e+006
16341	-16761
16342	2.6824e+006
16343	1.4367e+006
16344	3.3857e+006
16345	7.7467e+005
16346	-5.806e+005
16347	-4.2374e+005
16348	3.3273e+006
16349	2.1809e+006
16350	3.4735e+006
16351	1.049e+008
16352	9.2662e+007
16353	9.0501e+007
16354	1.0344e+008
16355	7.9453e+007
16356	8.5226e+007
16357	5.2026e+007
16358	6.1978e+007
16359	3.6294e+007
16360	4.8932e+007
16361	-2.4241e+007
16362	-2.9646e+007
16363	-2.6342e+007
16364	-2.3568e+007
16365	-2.4854e+007
16366	-1.7487e+007
16367	-1.7283e+007
16368	-1.8126e+007
16369	-5.2404e+006
16370	-5.0766e+006
16371	-4.9172e+006
16372	-5.2889e+006
16373	-4.9332e+006
16374	-3.0827e+006
16375	-2.3324e+006
16376	-3.3168e+006
16377	-3.3568e+006
16378	1.5508e+008
16379	1.5927e+008
16380	1.479e+008
16381	1.3002e+008
16382	1.2868e+008
16383	7.3732e+007
16384	5.1782e+007
16385	9.8244e+007
16386	1.0411e+008
16387	9.9123e+007
16388	1.0181e+008
16389	9.2796e+006
16390	6.183e+006
16391	8.0463e+006
16392	8.5653e+006
16393	5.5556e+006
16394	5.3761e+006
16395	3.9757e+006
16396	4.3025e+006
16397	4.9425e+006
16398	6.0063e+007
16399	7.0665e+007
16400	5.7886e+007
16401	7.773e+007
16402	5.7339e+007
16403	4.581e+007
16404	3.3148e+007
16405	5.0519e+007
16406	3.1354e+007
16407	2.8898e+007
16408	3.6351e+007
16409	3.3723e+007
16410	3.1775e+007
16411	2.9898e+007
16412	2.5565e+007
16413	2.2047e+007
16414	1.0719e+008
16415	1.1716e+008
16416	1.1832e+008
16417	1.0425e+008
16418	9.7738e+007
16419	7.0106e+007
16420	5.3751e+007
16421	5.3156e+007
16422	7.988e+007
16423	3.9473e+006
16424	7.7594e+006
16425	4.1276e+006
16426	4.0825e+006
16427	5.4577e+006
16428	1.2069e+007
16429	6.9716e+006
16430	8.2752e+006
16431	4.4711e+006
16432	-5.0687e+006
16433	-5.4937e+006
16434	-6.3068e+006
16435	-5.9208e+006
16436	-6.5142e+006
16437	-3.0507e+006
16438	-4.3519e+006
16439	-3.5364e+006
16440	1.6434e+007
16441	1.8625e+007
16442	1.6948e+007
16443	1.6696e+007
16444	2.115e+007
16445	1.1305e+007
16446	1.3208e+007
16447	1.0925e+007
16448	2.2232e+007
16449	2.3136e+007
16450	2.5876e+007
16451	2.8695e+007
16452	1.9006e+007
16453	2.0097e+007
16454	2.0678e+007
16455	1.7669e+007
16456	1.492e+007
16457	1.2587e+007
16458	1.1983e+007
16459	1.0788e+007
16460	9.9625e+006
16461	1.1307e+007
16462	7.8143e+006
16463	7.627e+006
16464	7.3933e+006
16465	5.2226e+006
16466	4.0878e+006
16467	4.0557e+006
16468	3.2468e+006
16469	3.3663e+006
16470	2.1116e+006
16471	2.0208e+006
16472	2.8772e+006
16473	2.8026e+006
16474	-1.0245e+006
16475	-1.6617e+006
16476	-2.9179e+006
16477	-1.0363e+006
16478	-1.5592e+006
16479	6.5047e+005
16480	-1.5603e+005
16481	-6.3515e+005
16482	1.4911e+007
16483	9.5391e+006
16484	1.0063e+007
16485	1.3711e+007
16486	1.1139e+007
16487	7.7998e+006
16488	9.1856e+006
16489	6.8803e+007
16490	6.8744e+007
16491	7.9391e+007
16492	6.266e+007
16493	6.4036e+007
16494	8.5793e+007
16495	5.5852e+007
16496	7.8667e+006
16497	8.4095e+006
16498	8.5358e+006
16499	8.4037e+006
16500	8.1471e+006
16501	8.8238e+006
16502	5.7655e+006
16503	6.287e+006
16504	5.8224e+006
16505	6.7327e+006
16506	5.502e+006
16507	4.9074e+007
16508	5.0244e+007
16509	3.7313e+007
16510	4.0625e+007
16511	5.3767e+007
16512	3.0826e+007
16513	3.6328e+007
16514	6.343e+007
16515	4.9192e+007
16516	5.5932e+007
16517	5.0394e+007
16518	4.2815e+007
16519	3.2868e+007
16520	4.1973e+007
16521	3.9351e+007
16522	4.0798e+007
16523	5.0718e+007
16524	4.5941e+007
16525	3.9577e+007
16526	4.6851e+007
16527	3.2008e+007
16528	2.9242e+007
16529	2.5299e+007
16530	3.1433e+007
16531	-5.2464e+006
16532	-5.1569e+006
16533	-5.6635e+006
16534	-5.5482e+006
16535	-5.3818e+006
16536	-4.178e+006
16537	-3.9337e+006
16538	-4.1846e+006
16539	4.6558e+007
16540	4.4361e+007
16541	4.9804e+007
16542	5.2675e+007
16543	2.4547e+007
16544	3.5535e+007
16545	3.5086e+007
16546	3.6758e+007
16547	2.7933e+007
16548	-2.1418e+006
16549	-2.406e+006
16550	-2.0656e+006
16551	-2.411e+006
16552	-2.0683e+006
16553	-1.0889e+006
16554	-8.8349e+005
16555	-7.9723e+005
16556	2.8683e+005
16557	-8.9356e+006
16558	-1.179e+007
16559	-9.4479e+006
16560	-8.4738e+006
16561	-5.612e+006
16562	-7.0898e+006
16563	-7.3123e+006
16564	-8.8038e+006
16565	-8.8649e+006
16566	3.3332e+006
16567	6.8705e+006
16568	-3.6152e+006
16569	-4.3259e+006
16570	8.4431e+005
16571	-2.8356e+006
16572	-4.4265e+005
16573	-1.0413e+006
16574	1.2977e+008
16575	1.3814e+008
16576	1.1018e+008
16577	1.1272e+008
16578	1.0507e+008
16579	8.0261e+007
16580	9.1629e+007
16581	5.4423e+006
16582	7.3914e+006
16583	1.1673e+007
16584	1.1596e+007
16585	8.6049e+006
16586	7.8593e+006
16587	7.2757e+006
16588	8.8127e+006
16589	1.0336e+007
16590	7.4792e+006
16591	1.0003e+008
16592	1.0525e+008
16593	1.2601e+008
16594	1.1603e+008
16595	1.2132e+008
16596	7.4567e+007
16597	8.4637e+007
16598	-3.637e+006
16599	-4.0874e+006
16600	-4.3579e+006
16601	-4.4667e+006
16602	-4.5829e+006
16603	-3.1347e+006
16604	-2.1999e+006
16605	-2.4676e+006
16606	1.0058e+007
16607	9.922e+006
16608	3.4126e+006
16609	4.9203e+006
16610	2.3987e+006
16611	6.0075e+006
16612	1.1439e+007
16613	6.282e+006
16614	1.7557e+007
16615	1.8317e+007
16616	1.2651e+007
16617	1.1914e+007
16618	1.512e+007
16619	1.9292e+007
16620	1.4419e+007
16621	8.6315e+006
16622	9.0279e+006
16623	9.9254e+006
16624	-4.0456e+006
16625	-2.8199e+006
16626	-3.8829e+006
16627	-3.0476e+006
16628	-4.1665e+006
16629	-1.1915e+006
16630	-7.4012e+005
16631	-2.8632e+006
16632	1.1353e+007
16633	1.2817e+007
16634	1.3412e+007
16635	1.1735e+007
16636	1.0793e+007
16637	8.0376e+006
16638	8.4029e+006
16639	2.3993e+007
16640	2.5327e+007
16641	2.7687e+007
16642	3.0004e+007
16643	3.3056e+007
16644	1.8929e+007
16645	2.352e+007
16646	1.8164e+007
16647	-3.1917e+006
16648	-4.6324e+006
16649	-3.6326e+006
16650	-4.1249e+006
16651	-1.5355e+006
16652	6.9436e+006
16653	1.0388e+007
16654	1.345e+007
16655	1.2115e+007
16656	1.0262e+007
16657	7.7813e+006
16658	5.8756e+007
16659	5.3631e+007
16660	5.7937e+007
16661	5.1365e+007
16662	4.3155e+007
16663	3.8379e+007
16664	3.9664e+007
16665	5.9589e+007
16666	5.4405e+007
16667	5.8816e+007
16668	5.2008e+007
16669	4.8747e+007
16670	4.6844e+007
16671	-4.4621e+006
16672	-2.5145e+006
16673	-2.3689e+006
16674	-3.5319e+006
16675	-3.1946e+006
16676	-2.1735e+006
16677	-2.0141e+006
16678	-2.0394e+006
16679	-3.6392e+006
16680	-3.2671e+006
16681	-2.7203e+006
16682	-2.8755e+006
16683	-1.3531e+006
16684	-1.7517e+006
16685	2.1294e+007
16686	2.4521e+007
16687	2.4033e+007
16688	2.0536e+007
16689	1.6189e+007
16690	1.7626e+007
16691	-5.0596e+006
16692	-5.3432e+006
16693	-6.4941e+006
16694	-5.9131e+006
16695	-6.0033e+006
16696	-4.0399e+006
16697	-4.0073e+006
16698	-5.0325e+006
16699	-6.1977e+006
16700	-6.6714e+006
16701	-6.9373e+006
16702	-5.8259e+006
16703	-6.0608e+006
16704	-6.4915e+006
16705	-4.1923e+006
16706	-3.4522e+006
16707	-4.5848e+006
16708	-4.6062e+006
16709	-4.2862e+006
16710	-5.5367e+006
16711	-5.3955e+006
16712	-4.8409e+006
16713	-1.6394e+006
16714	-2.7663e+006
16715	-1.1905e+006
16716	-3.1916e+006
16717	-5.9242e+006
16718	-5.8207e+006
16719	-4.7866e+006
16720	-3.8599e+006
16721	-5.2558e+006
16722	-5.0103e+006
16723	-3.5501e+006
16724	-4.6096e+006
16725	-3.9582e+006
16726	-1.1077e+007
16727	-1.0414e+007
16728	-8.3407e+006
16729	-1.2738e+007
16730	-1.4141e+007
16731	-6.7559e+006
16732	-6.6822e+006
16733	-6.1096e+005
16734	-1.7584e+007
16735	-1.4273e+007
16736	-1.5382e+007
16737	-1.274e+007
16738	-1.8869e+007
16739	-9.4025e+006
16740	-1.1298e+007
16741	5.0589e+007
16742	3.1749e+007
16743	5.4226e+007
16744	3.2996e+007
16745	4.5607e+007
16746	2.5152e+007
16747	2.8082e+007
16748	3.7187e+007
16749	3.7544e+007
16750	2.6641e+007
16751	2.6656e+007
16752	3.9406e+007
16753	3.303e+007
16754	3.0815e+007
16755	1.9658e+007
16756	2.6546e+007
16757	-4.5034e+006
16758	-3.142e+006
16759	-3.1497e+006
16760	-4.5719e+006
16761	-2.1451e+006
16762	-2.1732e+006
16763	-1.8868e+006
16764	4.6295e+007
16765	3.0118e+007
16766	3.9748e+007
16767	5.3824e+007
16768	3.931e+007
16769	3.4789e+007
16770	2.3955e+007
16771	2.7875e+007
16772	2.6205e+007
16773	2.3302e+007
16774	-1.5467e+007
16775	-1.2356e+007
16776	2.3446e+006
16777	7.8211e+006
16778	-1.0492e+007
16779	-3.1351e+006
16780	1.2243e+006
16781	-3.2504e+006
16782	-3.4355e+007
16783	-1.3528e+007
16784	-2.8778e+007
16785	-3.4685e+007
16786	-2.3493e+007
16787	-1.8184e+007
16788	-1.3192e+007
16789	-1.229e+007
16790	-1.6608e+007
16791	-2.0787e+007
16792	-1.823e+007
16793	2.1187e+007
16794	1.5804e+007
16795	1.3585e+007
16796	2.7561e+007
16797	1.729e+007
16798	1.4189e+007
16799	1.3861e+007
16800	2.1077e+007
16801	6.4025e+006
16802	7.0549e+006
16803	6.8214e+006
16804	5.7157e+006
16805	4.6219e+006
16806	4.211e+006
16807	4.1967e+006
16808	4.4952e+006
16809	-1.6864e+006
16810	-3.6711e+006
16811	-1.7023e+006
16812	-3.0641e+006
16813	-3.6871e+006
16814	-1.7702e+006
16815	-1.4246e+006
16816	-2.1106e+006
16817	-2.5028e+006
16818	7.0831e+005
16819	1.5196e+006
16820	-7.7876e+005
16821	-1.3089e+006
16822	2.5507e+006
16823	6.7935e+005
16824	2.5416e+006
16825	1.4526e+006
16826	2.7452e+006
16827	-1.4776e+006
16828	-1.4318e+006
16829	-1.4874e+006
16830	-1.3849e+006
16831	-1.4155e+006
16832	-1.6269e+006
16833	18271
16834	-6.4747e+005
16835	-30929
16836	-1.1269e+007
16837	-1.0693e+007
16838	-9.632e+006
16839	-1.0711e+007
16840	-9.2807e+006
16841	-1.009e+007
16842	-9.1114e+006
16843	-7.9613e+006
16844	1.2429e+007
16845	1.4406e+007
16846	1.4155e+007
16847	1.2729e+007
16848	8.7632e+006
16849	8.2439e+006
16850	9.3973e+006
16851	9.6814e+006
16852	1.0007e+007
16853	7.7912e+006
16854	8.696e+006
16855	4.94e+006
16856	5.7865e+006
16857	6.0474e+006
16858	4.1358e+007
16859	3.9609e+007
16860	2.0602e+007
16861	2.3092e+007
16862	2.1758e+007
16863	1.9904e+007
16864	2.2119e+007
16865	-8.2968e+006
16866	-1.0559e+007
16867	-7.2301e+006
16868	-1.5806e+007
16869	-1.4097e+007
16870	-6.712e+006
16871	-6.1483e+006
16872	-4.9288e+005
16873	-8.6462e+005
16874	-3.4423e+006
16875	-2.5156e+006
16876	-2.2058e+006
16877	-2.6139e+006
16878	-1.0332e+006
16879	-1.3313e+006
16880	7.7153e+005
16881	4.2044e+006
16882	4.2506e+006
16883	2.1807e+006
16884	5.8503e+006
16885	1.2441e+006
16886	2.6343e+006
16887	1.1398e+006
16888	5.546e+006
16889	8.153e+006
16890	7.3072e+006
16891	5.3607e+006
16892	3.188e+006
16893	3.577e+006
16894	5.2743e+006
16895	2.5143e+007
16896	2.6526e+007
16897	1.3102e+007
16898	1.1942e+007
16899	1.0749e+007
16900	1.097e+007
16901	1.4766e+007
16902	5.7583e+006
16903	8.1943e+006
16904	5.4085e+006
16905	8.0201e+006
16906	6.187e+006
16907	6.6758e+006
16908	-1.8347e+007
16909	-2.0955e+007
16910	-2.6392e+007
16911	-2.0314e+007
16912	-7.7537e+006
16913	-1.1313e+007
16914	-1.1615e+007
16915	-8.1967e+006
16916	-1.4872e+007
16917	3.5622e+006
16918	5.4048e+006
16919	4.3117e+006
16920	2.8423e+006
16921	1.5048e+006
16922	2.1882e+006
16923	1.9333e+006
16924	3.2725e+006
16925	-1.075e+007
16926	-1.0382e+007
16927	-1.0018e+007
16928	-9.4724e+006
16929	-8.2071e+006
16930	-9.3171e+006
16931	2.0738e+007
16932	2.0033e+007
16933	2.2559e+007
16934	2.3807e+007
16935	8.3619e+006
16936	1.1041e+007
16937	1.6767e+007
16938	1.2333e+007
16939	4.8975e+005
16940	9.5975e+005
16941	2.3559e+006
16942	2.1765e+006
16943	1.6666e+006
16944	3.2113e+005
16945	23082
16946	1.4353e+007
16947	1.3748e+007
16948	1.5943e+007
16949	9.3101e+006
16950	1.0384e+007
16951	1.0767e+007
16952	1.1636e+007
16953	8.901e+006
16954	1.327e+008
16955	1.5547e+008
16956	1.3169e+008
16957	1.0627e+008
16958	1.022e+008
16959	9.5477e+007
16960	1.013e+008
16961	-1.5086e+007
16962	-1.4409e+007
16963	-1.9655e+007
16964	-9.0566e+006
16965	-9.6086e+006
16966	-9.9978e+006
16967	3.2307e+007
16968	2.8482e+007
16969	2.7994e+007
16970	2.9759e+007
16971	2.0619e+007
16972	2.4149e+007
16973	2.2024e+007
16974	-1.3911e+007
16975	-1.7674e+007
16976	-1.3927e+007
16977	-1.3763e+007
16978	-8.6728e+006
16979	-1.1886e+007
16980	-1.1378e+007
16981	-1.0813e+007
16982	-8.7063e+006
16983	-1.0058e+007
16984	-1.203e+007
16985	-6.6462e+006
16986	-6.0483e+006
16987	-5.9747e+006
16988	-5.9535e+006
16989	1.2531e+007
16990	7.6835e+006
16991	1.1595e+007
16992	7.3054e+006
16993	5.0808e+006
16994	5.4219e+006
16995	5.2156e+006
16996	7.7115e+006
16997	7.0511e+006
16998	3.5797e+006
16999	3.0522e+006
17000	5.6085e+006
17001	-1.1539e+007
17002	-1.2131e+007
17003	-6.5906e+006
17004	-9.9572e+006
17005	-8.8071e+006
17006	-1.009e+007
17007	-9.582e+006
17008	6.1792e+006
17009	1.6661e+007
17010	7.16e+006
17011	7.3688e+006
17012	1.3772e+007
17013	6.3812e+006
17014	8.6739e+006
17015	8.3963e+007
17016	8.6308e+007
17017	7.9654e+007
17018	9.0766e+007
17019	9.2667e+007
17020	8.1496e+007
17021	4.2454e+007
17022	5.8409e+007
17023	6.0565e+007
17024	5.9897e+007
17025	6.8342e+007
17026	6.8544e+007
17027	7.7259e+007
17028	7.9192e+007
17029	3.4161e+007
17030	4.6501e+007
17031	4.9985e+007
17032	3.8884e+007
17033	2.2006e+007
17034	1.081e+008
17035	1.1932e+008
17036	1.1e+008
17037	1.2018e+008
17038	6.0064e+007
17039	9.3904e+007
17040	7.7902e+007
17041	8.3111e+007
17042	5.0307e+007
17043	3.2621e+007
17044	4.0687e+007
17045	4.2086e+007
17046	3.1739e+007
17047	3.0751e+007
17048	6.0363e+006
17049	1.3506e+007
17050	7.0984e+006
17051	5.0923e+006
17052	3.971e+006
17053	6.0138e+006
17054	5.4924e+007
17055	6.0744e+007
17056	4.6229e+007
17057	3.4794e+007
17058	4.016e+007
17059	3.0222e+007
17060	7.0887e+007
17061	9.5114e+007
17062	1.0206e+008
17063	7.441e+007
17064	4.4196e+007
17065	5.422e+007
17066	5.6971e+007
17067	6.9188e+007
17068	-5.2793e+006
17069	-6.69e+006
17070	-4.5628e+006
17071	-5.2613e+006
17072	-5.9238e+006
17073	-2.2236e+006
17074	-3.5306e+006
17075	-3.8488e+006
17076	-2.5364e+006
17077	-3.0666e+006
17078	-3.544e+006
17079	-4.2424e+006
17080	-2.5117e+006
17081	-1.0783e+006
17082	-1.6957e+006
17083	-3.9542e+006
17084	-3.6938e+006
17085	-3.9387e+006
17086	-4.4311e+006
17087	-2.1929e+006
17088	-1.5667e+006
17089	1.1952e+006
17090	-2.4343e+006
17091	-8.5856e+005
17092	3.1599e+007
17093	3.4418e+007
17094	3.7795e+007
17095	2.8539e+007
17096	2.8968e+007
17097	2.6896e+007
17098	6.2568e+007
17099	5.7719e+007
17100	9.0253e+007
17101	8.6477e+007
17102	5.2963e+007
17103	4.1208e+007
17104	4.944e+007
17105	6.7928e+007
17106	4.9021e+007
17107	3.8414e+007
17108	2.5925e+007
17109	1.5439e+007
17110	2.1803e+007
17111	5.8167e+007
17112	6.1868e+007
17113	6.8169e+007
17114	6.6023e+007
17115	4.7085e+007
17116	4.2184e+007
17117	4.8412e+007
17118	1.6425e+007
17119	2.0092e+007
17120	2.2451e+007
17121	1.1652e+007
17122	1.3694e+007
17123	1.3708e+007
17124	1.2928e+007
17125	-2.328e+006
17126	-2.9173e+006
17127	-3.1622e+006
17128	-2.4902e+006
17129	-2.6468e+006
17130	9.8499e+005
17131	-7.9025e+005
17132	-3.3595e+005
17133	-1.0652e+006
17134	-2.6359e+007
17135	-1.7638e+007
17136	-1.9042e+007
17137	-7.7214e+006
17138	-1.1583e+007
17139	-9.8407e+006
17140	-5.5116e+006
17141	9.7377e+007
17142	1.178e+008
17143	1.1334e+008
17144	5.3231e+007
17145	7.9361e+007
17146	-5.2267e+006
17147	-5.1115e+006
17148	-4.5424e+006
17149	-3.7413e+006
17150	-4.0015e+006
17151	-3.5332e+006
17152	4.4618e+007
17153	4.9179e+007
17154	4.2684e+007
17155	4.6913e+007
17156	2.9702e+007
17157	3.5553e+007
17158	3.3692e+007
17159	1.7187e+006
17160	-5.0488e+006
17161	-4.0747e+006
17162	-3.5119e+005
17163	-2.6907e+006
17164	-1.2879e+006
17165	-1.3921e+006
17166	6.6401e+007
17167	8.0219e+007
17168	6.4868e+007
17169	3.1554e+007
17170	3.6739e+007
17171	3.5479e+007
17172	4.0994e+007
17173	5.0252e+007
17174	6.2203e+007
17175	1.2769e+008
17176	1.1209e+008
17177	1.0477e+008
17178	1.1771e+008
17179	6.6297e+007
17180	7.6249e+007
17181	8.2924e+007
17182	7.12e+007
17183	-3.5335e+007
17184	-3.3297e+007
17185	-3.9204e+007
17186	-2.1127e+007
17187	-1.8816e+007
17188	-2.2749e+007
17189	-3.5665e+007
17190	-1.3158e+007
17191	-1.5277e+007
17192	-1.921e+007
17193	-2.0276e+007
17194	1.7246e+007
17195	2.2752e+007
17196	2.1418e+007
17197	7.3075e+006
17198	1.0757e+007
17199	9.987e+006
17200	-1.1555e+007
17201	-1.098e+007
17202	-1.021e+007
17203	-9.3808e+006
17204	-9.5296e+006
17205	3.3001e+007
17206	2.7777e+007
17207	3.7597e+007
17208	1.8417e+007
17209	1.8569e+007
17210	1.7225e+007
17211	4.1413e+007
17212	3.4853e+007
17213	1.9799e+007
17214	2.6098e+007
17215	1.9951e+007
17216	-7.9729e+006
17217	-8.4889e+006
17218	-8.1033e+006
17219	-7.1625e+006
17220	-7.1696e+006
17221	-6.453e+006
17222	7.3352e+007
17223	5.6439e+007
17224	6.1139e+007
17225	4.2594e+007
17226	3.4977e+007
17227	4.4846e+007
17228	1.7001e+008
17229	1.7006e+008
17230	1.0992e+008
17231	1.1261e+008
17232	1.1171e+008
17233	6.3038e+007
17234	5.3316e+007
17235	4.3254e+007
17236	4.9712e+007
17237	3.8183e+007
17238	2.3518e+007
17239	3.0864e+007
17240	4.2891e+007
17241	4.2952e+007
17242	4.5866e+007
17243	4.8395e+007
17244	3.4671e+007
17245	3.3677e+007
17246	3.5349e+007
17247	-3.7175e+006
17248	-4.4689e+006
17249	-4.4689e+006
17250	-55255
17251	-1.0026e+006
17252	-1.7247e+006
17253	-2.2021e+006
17254	-2.4698e+006
17255	1.7419e+008
17256	1.5592e+008
17257	1.6428e+008
17258	1.0403e+008
17259	1.1404e+008
17260	1.1583e+008
17261	5.5618e+007
17262	8.4909e+007
17263	7.7264e+007
17264	4.8857e+007
17265	3.9007e+007
17266	4.9505e+007
17267	-6.8507e+006
17268	-7.209e+006
17269	-6.1749e+006
17270	-6.3986e+006
17271	-5.3465e+006
17272	-5.6891e+006
17273	1.6288e+008
17274	1.7055e+008
17275	1.0469e+008
17276	1.1908e+008
17277	1.141e+008
17278	-6.3423e+006
17279	-5.0953e+006
17280	-5.8965e+006
17281	-5.5761e+006
17282	-2.8571e+006
17283	-2.5058e+006
17284	-3.9897e+006
17285	5.5998e+006
17286	5.7965e+006
17287	1.2418e+007
17288	2.5323e+006
17289	2.5776e+006
17290	3.7764e+006
17291	3.7996e+006
17292	7.1658e+007
17293	8.1342e+007
17294	1.0554e+008
17295	6.3576e+007
17296	5.2808e+007
17297	6.8319e+007
17298	6.8854e+007
17299	5.3565e+006
17300	8.0975e+006
17301	2.7455e+006
17302	5.2981e+006
17303	5.4909e+006
17304	6.3758e+006
17305	6.7778e+006
17306	1.1128e+007
17307	1.2266e+007
17308	1.0242e+007
17309	7.4872e+006
17310	7.1688e+006
17311	2.2177e+007
17312	2.5361e+007
17313	1.7304e+007
17314	1.4204e+007
17315	1.281e+007
17316	8.4934e+007
17317	1.0547e+008
17318	8.7255e+007
17319	6.4007e+007
17320	6.0899e+007
17321	3.8323e+007
17322	6.3477e+007
17323	6.0855e+007
17324	-2.2077e+007
17325	-2.0214e+007
17326	-2.3701e+007
17327	-1.6334e+007
17328	-1.2972e+007
17329	1.3205e+007
17330	-7.1845e+006
17331	-1.8756e+006
17332	1.12e+007
17333	4.0191e+006
17334	-1.8058e+007
17335	-9.7449e+006
17336	-5.3856e+006
17337	-1.3222e+007
17338	-9.8602e+006
17339	-6.8542e+006
17340	-1.5352e+007
17341	-4.3568e+006
17342	8.2165e+006
17343	1.5911e+007
17344	-2.402e+006
17345	4.84e+006
17346	8.4917e+006
17347	3.9515e+006
17348	4.1603e+006
17349	2.691e+006
17350	2.7699e+006
17351	2.1895e+006
17352	3.1727e+006
17353	5.4654e+006
17354	1.7819e+006
17355	2.4719e+007
17356	1.785e+007
17357	1.7773e+007
17358	1.7925e+007
17359	2.2868e+007
17360	1.9522e+007
17361	1.6513e+007
17362	7.7937e+006
17363	7.5313e+006
17364	6.2395e+006
17365	5.6712e+006
17366	5.0819e+006
17367	6.768e+007
17368	7.076e+007
17369	6.2142e+007
17370	5.3721e+007
17371	5.1099e+007
17372	1.1376e+007
17373	1.0065e+007
17374	1.0584e+007
17375	1.3053e+007
17376	6.4604e+006
17377	6.3214e+006
17378	6.9613e+006
17379	-5.4723e+006
17380	-5.8109e+006
17381	-5.5208e+006
17382	-5.2563e+006
17383	-3.5868e+006
17384	-3.4851e+006
17385	-3.6122e+006
17386	-1.6434e+006
17387	-1.6092e+006
17388	-2.033e+006
17389	-1.7778e+006
17390	-2.0518e+006
17391	8.5103e+006
17392	8.504e+006
17393	8.5045e+006
17394	6.4377e+006
17395	7.1379e+006
17396	5.8154e+006
17397	5.9402e+006
17398	-1.6331e+007
17399	-2.0927e+007
17400	-1.064e+007
17401	-1.3356e+007
17402	-1.4199e+007
17403	6.6033e+006
17404	5.0495e+006
17405	5.4977e+006
17406	3.9929e+006
17407	3.8389e+006
17408	3.896e+006
17409	1.5918e+008
17410	1.3521e+008
17411	1.3363e+008
17412	1.0772e+008
17413	1.3488e+007
17414	1.7759e+007
17415	9.3193e+006
17416	1.1375e+007
17417	8.6404e+006
17418	9.1319e+006
17419	1.2208e+007
17420	8.4453e+006
17421	7.5137e+006
17422	8.0362e+006
17423	8.5277e+006
17424	6.0482e+007
17425	5.6045e+007
17426	5.8917e+007
17427	4.4301e+007
17428	-3.4898e+006
17429	-2.9538e+006
17430	3.1682e+005
17431	-6.3049e+005
17432	-1.4314e+006
17433	-1.83e+006
17434	4.9035e+007
17435	4.2459e+007
17436	5.8912e+007
17437	4.1474e+007
17438	-5.9476e+006
17439	-6.7925e+006
17440	-5.6806e+006
17441	-5.1766e+006
17442	-5.0641e+006
17443	-5.0157e+006
17444	-4.8556e+006
17445	-4.7516e+006
17446	-1.3252e+006
17447	-3.4483e+006
17448	-3.4074e+006
17449	-3.6583e+006
17450	-1.8381e+006
17451	-2.2156e+006
17452	-2.0304e+006
17453	-2.4071e+006
17454	-5.5097e+005
17455	-8.4835e+005
17456	-4.3722e+005
17457	4.1108e+006
17458	5.3243e+006
17459	2.9731e+006
17460	3.995e+006
17461	4.1986e+006
17462	2.3226e+007
17463	2.2799e+007
17464	2.7903e+007
17465	2.6026e+007
17466	1.6828e+007
17467	1.7694e+007
17468	1.6842e+007
17469	1.8175e+007
17470	6.3919e+007
17471	8.7217e+007
17472	8.0705e+007
17473	5.0678e+007
17474	5.3493e+007
17475	1.3877e+008
17476	1.5268e+008
17477	1.3993e+008
17478	9.6568e+007
17479	1.092e+008
17480	1.0423e+008
17481	-9.8631e+006
17482	-1.0318e+007
17483	-1.1023e+007
17484	-6.9067e+006
17485	-8.1859e+006
17486	-8.052e+006
17487	-8.0728e+006
17488	-8.9475e+006
17489	-7.8649e+006
17490	-8.0536e+006
17491	-7.5021e+006
17492	-8.4604e+006
17493	-6.5351e+006
17494	-7.2703e+006
17495	1.1635e+008
17496	1.2777e+008
17497	1.1371e+008
17498	7.9565e+007
17499	8.4417e+007
17500	9.4022e+007
17501	7.717e+007
17502	2.4893e+007
17503	3.1253e+007
17504	3.3078e+007
17505	2.8463e+007
17506	2.1799e+007
17507	1.9309e+007
17508	5.6716e+006
17509	1.0381e+007
17510	6.0909e+006
17511	2.4793e+006
17512	2.5315e+006
17513	3.8482e+006
17514	4.2074e+006
17515	6.2706e+007
17516	5.0988e+007
17517	4.1476e+007
17518	4.022e+007
17519	4.6024e+007
17520	7.9065e+006
17521	5.0562e+006
17522	6.1004e+006
17523	4.9391e+006
17524	4.9295e+006
17525	2.0918e+006
17526	2.0467e+006
17527	8.299e+005
17528	8.9069e+005
17529	1.1984e+006
17530	2.4353e+006
17531	1.0263e+008
17532	6.9092e+007
17533	8.7597e+007
17534	4.9904e+007
17535	5.5913e+007
17536	6.5414e+007
17537	4.1944e+007
17538	3.5579e+007
17539	3.6168e+007
17540	3.3039e+007
17541	2.5245e+007
17542	2.1302e+007
17543	1.5232e+007
17544	2.4271e+007
17545	2.0432e+007
17546	2.3686e+007
17547	2.6661e+007
17548	1.4634e+007
17549	8.8543e+006
17550	1.5744e+007
17551	8.7523e+007
17552	7.007e+007
17553	-4.084e+006
17554	-4.5111e+006
17555	-3.1574e+006
17556	-1.9456e+006
17557	-1.9864e+006
17558	-2.181e+006
17559	-2.9423e+006
17560	2.0117e+007
17561	5.8588e+006
17562	8.6165e+006
17563	5.1958e+006
17564	1.0051e+007
17565	6.2474e+006
17566	7.938e+006
17567	-1.533e+006
17568	1.1753e+006
17569	1.2949e+006
17570	-1.4476e+006
17571	-1.2231e+006
17572	-4.1099e+005
17573	-50606
17574	5.5979e+006
17575	9.7023e+006
17576	1.2102e+006
17577	2.6215e+006
17578	1.3594e+006
17579	6.2732e+006
17580	-1.2558e+005
17581	1.9229e+006
17582	2.4871e+006
17583	-8.9531e+006
17584	-9.0117e+006
17585	-7.8216e+006
17586	-7.6878e+006
17587	5.6937e+006
17588	1.5481e+006
17589	2.477e+006
17590	2.2152e+006
17591	1.6876e+006
17592	3.5614e+006
17593	6.7817e+006
17594	5.4899e+006
17595	3.9489e+006
17596	3.7828e+006
17597	5.48e+006
17598	5.5746e+007
17599	4.5265e+007
17600	3.573e+007
17601	2.9479e+007
17602	3.7664e+007
17603	3.9452e+007
17604	-1.433e+007
17605	-1.7126e+007
17606	-1.2133e+007
17607	-1.555e+007
17608	-1.1756e+007
17609	1.197e+007
17610	9.3674e+006
17611	1.102e+007
17612	9.7084e+006
17613	1.1092e+007
17614	1.2129e+007
17615	1.8923e+007
17616	1.8165e+007
17617	1.1714e+007
17618	1.2097e+007
17619	5.6637e+007
17620	5.1863e+007
17621	5.8411e+007
17622	5.2773e+007
17623	3.793e+007
17624	4.1873e+007
17625	3.7355e+007
17626	3.7488e+007
17627	3.5103e+007
17628	3.2556e+007
17629	2.379e+007
17630	2.4506e+007
17631	2.3415e+007
17632	2.65e+007
17633	2.6946e+007
17634	1.6002e+007
17635	1.6597e+007
17636	2.0799e+007
17637	9.2823e+006
17638	1.0954e+007
17639	1.0574e+007
17640	1.4607e+008
17641	1.2946e+008
17642	1.2065e+008
17643	8.5822e+007
17644	8.5244e+007
17645	8.8194e+007
17646	-9.0579e+006
17647	-7.4404e+006
17648	-6.8594e+006
17649	-5.6462e+006
17650	-4.9535e+006
17651	5.186e+007
17652	6.2453e+007
17653	6.8226e+007
17654	3.6504e+007
17655	4.187e+007
17656	3.7352e+007
17657	8.8009e+006
17658	6.0014e+006
17659	7.4812e+006
17660	6.1477e+006
17661	-1.0679e+007
17662	-1.1488e+007
17663	-6.843e+006
17664	-8.3208e+006
17665	-1.0046e+007
17666	9.6682e+006
17667	1.1013e+007
17668	9.0078e+006
17669	6.0624e+006
17670	6.0906e+006
17671	7.099e+006
17672	6.4059e+006
17673	-5.2242e+006
17674	-4.2454e+006
17675	-4.8685e+006
17676	-2.7529e+006
17677	-3.252e+006
17678	-3.2902e+006
17679	1.8753e+007
17680	2.1706e+007
17681	2.8478e+007
17682	1.7356e+007
17683	1.9844e+007
17684	1.7417e+007
17685	4.104e+007
17686	4.7534e+007
17687	3.6005e+007
17688	2.6425e+007
17689	3.2443e+007
17690	2.8858e+007
17691	3.1182e+007
17692	2.7135e+007
17693	2.366e+007
17694	2.3165e+007
17695	-6.9004e+006
17696	-2.4748e+006
17697	-5.41e+006
17698	-5.962e+006
17699	-3.0171e+006
17700	-4.3211e+006
17701	-4.1583e+006
17702	-4.4185e+006
17703	-4.7602e+006
17704	-4.1649e+006
17705	2.8551e+007
17706	2.6479e+007
17707	2.5403e+007
17708	2.5984e+007
17709	-3.3737e+006
17710	-4.1889e+006
17711	-7.7482e+005
17712	-1.2466e+006
17713	-1.4894e+006
17714	1.4478e+006
17715	-5.385e+005
17716	3.1499e+007
17717	3.6828e+007
17718	3.1928e+007
17719	3.3152e+007
17720	-1.2508e+006
17721	-9.7282e+005
17722	-1.4957e+006
17723	-1.5263e+006
17724	-92497
17725	2.8374e+005
17726	3.8481e+005
17727	7.5488e+007
17728	5.4208e+007
17729	6.0133e+007
17730	3.0456e+007
17731	4.6281e+007
17732	5.1948e+007
17733	6.5985e+006
17734	7.6741e+006
17735	5.7277e+006
17736	3.7251e+006
17737	5.7206e+006
17738	1.4546e+007
17739	1.3287e+007
17740	4.4709e+007
17741	4.1379e+007
17742	2.9137e+007
17743	3.3218e+007
17744	3.2388e+007
17745	8.3307e+006
17746	5.6925e+006
17747	6.214e+006
17748	6.2639e+006
17749	6.5163e+006
17750	5.9517e+007
17751	4.2416e+007
17752	4.4333e+007
17753	4.6941e+007
17754	6.0083e+007
17755	2.2587e+007
17756	3.7993e+007
17757	3.7142e+007
17758	5.4862e+007
17759	4.131e+007
17760	3.0387e+007
17761	3.2578e+007
17762	1.2591e+007
17763	1.0142e+007
17764	6.5377e+006
17765	5.8719e+006
17766	7.2329e+006
17767	7.4939e+006
17768	-5.1308e+006
17769	-4.8442e+006
17770	-5.2469e+006
17771	-4.0431e+006
17772	-3.1317e+006
17773	1.2691e+007
17774	1.012e+007
17775	1.1266e+007
17776	6.7806e+006
17777	8.087e+006
17778	7.934e+006
17779	1.2346e+007
17780	2.3357e+006
17781	2.4605e+006
17782	3.7046e+006
17783	1.3391e+007
17784	2.823e+006
17785	2.7025e+006
17786	3.9246e+006
17787	3.8562e+006
17788	5.899e+006
17789	2.6978e+007
17790	1.6494e+007
17791	5.2977e+006
17792	1.0468e+007
17793	1.4338e+007
17794	9.181e+006
17795	3.432e+007
17796	4.1688e+007
17797	8.5484e+006
17798	1.1652e+007
17799	1.3541e+007
17800	2.8508e+007
17801	1.4443e+007
17802	1.2623e+008
17803	1.3152e+008
17804	1.4449e+008
17805	8.4768e+007
17806	9.1443e+007
17807	9.4838e+007
17808	1.5981e+008
17809	1.01e+008
17810	1.0676e+008
17811	1.1539e+008
17812	5.2448e+007
17813	3.2743e+007
17814	2.4399e+007
17815	3.9319e+007
17816	3.4958e+007
17817	4.0957e+007
17818	4.3772e+007
17819	1.6035e+007
17820	1.9097e+007
17821	2.7301e+007
17822	1.6179e+007
17823	9.4191e+007
17824	9.8325e+007
17825	9.6562e+007
17826	1.0599e+008
17827	1.0793e+008
17828	-5.5295e+006
17829	-4.9189e+006
17830	-2.3706e+006
17831	-3.0504e+006
17832	-2.6562e+006
17833	-3.3672e+006
17834	4.5849e+007
17835	3.757e+007
17836	3.3209e+007
17837	3.0516e+007
17838	2.449e+007
17839	3.2721e+007
17840	2.836e+007
17841	7.6834e+006
17842	1.3841e+007
17843	8.7707e+006
17844	1.4202e+007
17845	1.0229e+008
17846	1.0343e+008
17847	6.5255e+007
17848	8.3744e+007
17849	6.6892e+007
17850	1.174e+006
17851	-1.3475e+006
17852	-3.4542e+005
17853	1.3414e+006
17854	2.5358e+006
17855	1.0122e+006
17856	3.6021e+006
17857	2.4206e+006
17858	1.8402e+006
17859	1.3787e+006
17860	87641
17861	2.6156e+006
17862	-4.9328e+006
17863	-3.4701e+006
17864	-4.589e+006
17865	-5.1589e+006
17866	-1.614e+006
17867	-3.2857e+006
17868	-3.2531e+006
17869	-2.7436e+006
17870	1.4325e+007
17871	8.9508e+006
17872	7.0103e+006
17873	8.6323e+006
17874	3.1817e+007
17875	3.0089e+007
17876	3.1939e+007
17877	2.008e+007
17878	2.305e+007
17879	2.5159e+007
17880	5.2379e+007
17881	2.2343e+007
17882	3.9199e+007
17883	2.84e+007
17884	3.8898e+007
17885	1.124e+008
17886	1.0899e+008
17887	7.7579e+007
17888	7.8178e+007
17889	7.7001e+007
17890	5.3845e+007
17891	8.457e+006
17892	9.1355e+006
17893	5.6946e+006
17894	6.786e+006
17895	8.9071e+007
17896	4.0759e+007
17897	5.1511e+007
17898	5.4995e+007
17899	5.8203e+007
17900	3.0491e+007
17901	2.5532e+007
17902	1.1394e+007
17903	1.4698e+007
17904	1.6948e+007
17905	6.4627e+006
17906	1.3369e+007
17907	2.5524e+007
17908	1.0523e+007
17909	1.0546e+007
17910	6.1136e+006
17911	1.61e+007
17912	1.6071e+007
17913	9.3318e+007
17914	8.2147e+007
17915	5.9059e+007
17916	6.1215e+007
17917	6.9506e+007
17918	9.2537e+007
17919	9.5867e+007
17920	5.6928e+007
17921	6.719e+007
17922	6.2596e+007
17923	8.1825e+006
17924	5.2372e+006
17925	4.7111e+006
17926	6.7399e+006
17927	6.2737e+006
17928	3.5564e+007
17929	3.1043e+007
17930	2.4129e+007
17931	2.2459e+007
17932	2.243e+007
17933	2.6103e+007
17934	1.5028e+007
17935	1.5042e+007
17936	-1.5524e+006
17937	-1.6891e+006
17938	-1.6919e+006
17939	-7.1245e+005
17940	-95908
17941	1.1196e+008
17942	9.769e+007
17943	6.4119e+007
17944	7.9088e+007
17945	4.3918e+007
17946	3.5356e+007
17947	2.9146e+007
17948	2.0456e+007
17949	3.0931e+007
17950	2.5628e+007
17951	4.6344e+007
17952	3.5106e+007
17953	3.6508e+007
17954	3.4613e+007
17955	3.7767e+007
17956	3.0734e+007
17957	3.1515e+007
17958	2.1979e+007
17959	1.6622e+007
17960	1.4604e+007
17961	1.1416e+007
17962	7.6324e+006
17963	1.1686e+007
17964	8.9352e+006
17965	9.8202e+006
17966	1.0222e+007
17967	3.3755e+007
17968	2.1045e+007
17969	1.7677e+007
17970	1.3655e+007
17971	1.5948e+007
17972	1.3383e+007
17973	2.4602e+007
17974	7.4877e+006
17975	3.0817e+006
17976	6.7513e+006
17977	4.2984e+006
17978	2.898e+006
17979	2.145e+006
17980	3.5353e+006
17981	5.6742e+007
17982	5.017e+007
17983	5.5477e+007
17984	3.8377e+007
17985	3.881e+007
17986	3.6949e+007
17987	3.8469e+007
17988	3.8708e+007
17989	3.7275e+007
17990	4.8262e+007
17991	1.9215e+007
17992	2.7635e+007
17993	3.8192e+007
17994	2.7209e+007
17995	3.6289e+007
17996	2.7202e+007
17997	2.5748e+007
17998	2.6463e+007
17999	3.0454e+007
18000	4.312e+007
18001	2.5861e+007
18002	2.2493e+007
18003	1.4618e+007
18004	2.9256e+007
18005	1.261e+007
18006	1.3533e+007
18007	1.3099e+007
18008	1.932e+007
18009	3.0919e+007
18010	2.4612e+007
18011	2.4256e+007
18012	1.1915e+007
18013	2.1766e+007
18014	6.7975e+006
18015	9.3022e+006
18016	8.1011e+005
18017	3.5815e+006
18018	4.8085e+006
18019	2.087e+006
18020	-2.8642e+006
18021	-1.5055e+006
18022	-1.023e+005
18023	-1.515e+005
18024	-5.8143e+005
18025	2.3817e+005
18026	-6.3734e+005
18027	-9.2901e+005
18028	5.3755e+005
18029	1.5182e+006
18030	-6.7632e+006
18031	-7.5222e+006
18032	-6.2216e+006
18033	-6.9707e+006
18034	-6.0038e+006
18035	-5.7923e+006
18036	-5.5567e+006
18037	-1.1349e+006
18038	-1.9605e+006
18039	-9.3941e+005
18040	-8.4482e+005
18041	5.6098e+006
18042	2.824e+006
18043	3.6036e+006
18044	1.4561e+006
18045	2.313e+006
18046	2.2501e+006
18047	4.0912e+006
18048	1.3243e+007
18049	9.5461e+006
18050	7.6056e+006
18051	9.2773e+006
18052	9.9114e+006
18053	4.4118e+006
18054	4.171e+006
18055	4.2578e+006
18056	5.0175e+006
18057	4.696e+006
18058	1.1478e+007
18059	1.4621e+007
18060	1.4016e+007
18061	1.0732e+007
18062	1.3209e+007
18063	9.341e+007
18064	6.5003e+007
18065	6.86e+007
18066	7.9968e+007
18067	-4.8482e+006
18068	-4.9644e+006
18069	-2.8491e+006
18070	4.9112e+007
18071	3.3596e+007
18072	3.5388e+007
18073	3.8006e+007
18074	3.4395e+007
18075	5.926e+006
18076	6.5177e+006
18077	6.9577e+006
18078	5.3564e+006
18079	5.7601e+006
18080	2.38e+007
18081	1.9815e+007
18082	1.5468e+007
18083	1.3364e+007
18084	2.0591e+006
18085	1.1622e+006
18086	3.7689e+006
18087	4.0434e+006
18088	2.5198e+006
18089	9.5948e+007
18090	6.8189e+007
18091	7.1138e+007
18092	1.6331e+007
18093	1.4477e+007
18094	1.4747e+007
18095	-2.1464e+006
18096	-2.303e+006
18097	-1.749e+006
18098	-1.9604e+006
18099	-6.893e+005
18100	3.9476e+005
18101	7803.8
18102	-2.407e+006
18103	-2.0666e+006
18104	-5.8711e+005
18105	-8.845e+005
18106	-1.2831e+006
18107	5.404e+006
18108	2.0625e+007
18109	1.715e+007
18110	3.1165e+006
18111	4.52e+006
18112	4.2493e+006
18113	6.2449e+006
18114	5.3442e+007
18115	4.7805e+007
18116	4.0326e+007
18117	3.2961e+007
18118	3.0378e+007
18119	3.3842e+007
18120	-7.3631e+006
18121	-9.1459e+006
18122	-5.9791e+006
18123	-5.8081e+006
18124	-7.7039e+006
18125	9.5458e+006
18126	1.4005e+007
18127	1.591e+007
18128	1.212e+007
18129	6.1356e+006
18130	1.1025e+007
18131	7.7412e+006
18132	7.1576e+006
18133	-5.7581e+005
18134	-7.7461e+005
18135	-1.9376e+006
18136	-6.437e+005
18137	-2.9816e+005
18138	-4.198e+005
18139	-2.7671e+005
18140	5.2271e+006
18141	5.0881e+006
18142	5.9223e+006
18143	-2.0968e+006
18144	-1.7468e+006
18145	-1.7156e+006
18146	1.3784e+006
18147	1.1064e+005
18148	57429
18149	-5.0604e+006
18150	-2.8542e+006
18151	-2.1039e+006
18152	-2.8491e+006
18153	6.5204e+007
18154	5.9784e+007
18155	4.6266e+007
18156	4.2775e+007
18157	-3.474e+006
18158	-2.8229e+006
18159	-2.5677e+006
18160	-3.2658e+006
18161	-2.0128e+006
18162	-3.06e+006
18163	-2.5625e+006
18164	2.2635e+007
18165	3.5247e+007
18166	1.0432e+007
18167	1.4791e+007
18168	1.7721e+007
18169	1.0316e+007
18170	1.3968e+007
18171	7.8333e+006
18172	7.1505e+007
18173	7.5493e+007
18174	5.2567e+007
18175	5.3894e+007
18176	9.1336e+006
18177	1.2339e+007
18178	5.2803e+006
18179	5.9176e+006
18180	6.2471e+006
18181	7.1446e+006
18182	4.3628e+006
18183	3.0736e+006
18184	9.6286e+005
18185	1.045e+006
18186	1.9385e+006
18187	2.704e+006
18188	2.7611e+006
18189	1.071e+008
18190	9.7776e+007
18191	4.7562e+007
18192	7.0882e+007
18193	1.2447e+008
18194	8.0716e+007
18195	8.5568e+007
18196	6.436e+007
18197	9.8201e+007
18198	5.0354e+007
18199	1.3143e+007
18200	9.9262e+006
18201	1.5358e+007
18202	1.0662e+007
18203	6.501e+006
18204	5.4544e+007
18205	3.9701e+007
18206	3.7118e+007
18207	4.36e+007
18208	4.1883e+007
18209	5.3144e+007
18210	3.3128e+007
18211	2.6981e+007
18212	3.685e+007
18213	-2.2218e+006
18214	-1.0397e+006
18215	1.1733e+008
18216	6.1044e+007
18217	9.1417e+007
18218	7.1068e+007
18219	3.6104e+007
18220	2.6568e+007
18221	5.4512e+007
18222	2.6384e+007
18223	3.6923e+007
18224	3.9896e+007
18225	2.977e+007
18226	5.6867e+006
18227	6.2581e+006
18228	5.5625e+006
18229	5.7606e+006
18230	6.6539e+006
18231	-5.7132e+006
18232	-5.005e+006
18233	-4.8848e+006
18234	-5.2274e+006
18235	5.1893e+007
18236	5.6796e+007
18237	7.1765e+007
18238	6.0396e+006
18239	4.7491e+006
18240	6.9612e+006
18241	6.5272e+006
18242	2.2747e+006
18243	1.2134e+005
18244	5.7724e+007
18245	4.9303e+007
18246	4.9661e+007
18247	9.4282e+007
18248	6.665e+007
18249	6.4255e+007
18250	6.707e+007
18251	-2.5604e+006
18252	-4.5453e+006
18253	-2.6948e+006
18254	-2.9688e+006
18255	-5.994e+006
18256	-5.7492e+006
18257	-2.8791e+006
18258	-2.2378e+006
18259	-3.3648e+006
18260	3.6709e+006
18261	3.1611e+006
18262	2.2705e+006
18263	1.8156e+006
18264	2.5974e+006
18265	4.9501e+007
18266	1.9824e+007
18267	2.3203e+007
18268	3.4422e+007
18269	1.1196e+008
18270	8.328e+007
18271	8.8827e+007
18272	8.2103e+007
18273	1.1846e+007
18274	9.0256e+006
18275	8.5064e+006
18276	2.0633e+007
18277	2.4212e+007
18278	2.9714e+007
18279	1.852e+007
18280	7.4781e+007
18281	5.405e+007
18282	2.3627e+007
18283	3.2047e+007
18284	4.5865e+007
18285	4.2604e+007
18286	3.8971e+007
18287	6.838e+006
18288	7.852e+006
18289	7.6183e+006
18290	6.9252e+006
18291	-5.608e+006
18292	-5.2982e+006
18293	-5.6765e+006
18294	-4.1907e+005
18295	-2.7379e+006
18296	-3.0915e+006
18297	-2.9915e+006
18298	-2.0967e+006
18299	-3.6288e+006
18300	4.9464e+007
18301	6.7575e+007
18302	7.2784e+007
18303	-3.3582e+006
18304	-2.8428e+006
18305	-9.862e+005
18306	-1.229e+006
18307	-1.1115e+007
18308	-6.9978e+006
18309	-6.3263e+006
18310	-8.1639e+006
18311	5.4244e+006
18312	1.6339e+006
18313	7.3276e+006
18314	5.325e+006
18315	5.9348e+006
18316	7.3206e+006
18317	7.2412e+006
18318	-4.0974e+006
18319	-4.4933e+006
18320	-3.9752e+006
18321	-3.3709e+006
18322	4.053e+007
18323	2.2951e+007
18324	2.5439e+007
18325	2.1682e+007
18326	-5.5748e+005
18327	-3.1401e+005
18328	-1.e+006
18329	4.5768e+006
18330	4.605e+006
18331	4.0507e+006
18332	-3.6065e+005
18333	-3.2943e+005
18334	3.3904e+006
18335	3.5832e+006
18336	2.1178e+006
18337	-6.5406e+006
18338	-6.2952e+006
18339	-5.5857e+006
18340	2.0676e+007
18341	2.8373e+007
18342	2.7523e+007
18343	2.7386e+007
18344	1.398e+008
18345	1.1179e+008
18346	8.9611e+007
18347	9.0146e+007
18348	2.6109e+007
18349	4.0665e+007
18350	4.6167e+007
18351	5.8384e+007
18352	-7.1026e+006
18353	-1.5331e+007
18354	-5.2847e+006
18355	-5.6739e+006
18356	2.63e+007
18357	1.5383e+007
18358	1.7533e+007
18359	1.3099e+007
18360	5.9897e+007
18361	6.0544e+007
18362	6.3494e+007
18363	2.5749e+007
18364	4.7241e+007
18365	4.0347e+007
18366	-2.3162e+006
18367	-3.3005e+006
18368	-3.3387e+006
18369	5.4196e+007
18370	2.4328e+007
18371	2.3675e+007
18372	2.8785e+007
18373	-2.1523e+006
18374	-7.938e+005
18375	-6.3445e+005
18376	1.486e+006
18377	4.8154e+006
18378	6.7886e+006
18379	4.8064e+006
18380	1.0656e+007
18381	8.4135e+006
18382	8.7727e+006
18383	1.1471e+007
18384	-1.8842e+006
18385	-9.0476e+005
18386	-6.9935e+005
18387	-2.8822e+005
18388	3.6544e+007
18389	3.4918e+007
18390	3.6203e+007
18391	3.9299e+007
18392	3.9763e+007
18393	4.1551e+007
18394	-1.82e+006
18395	2.517e+006
18396	1.473e+006
18397	6.4568e+005
18398	3.2129e+007
18399	2.2988e+007
18400	2.6518e+007
18401	1.0902e+007
18402	5.1812e+006
18403	6.4082e+006
18404	-3.0486e+006
18405	1.155e+005
18406	-5.0183e+005
18407	8.8872e+005
18408	1.0227e+008
18409	1.0601e+008
18410	7.3591e+007
18411	7.557e+007
18412	6.8998e+007
18413	1.9705e+007
18414	1.5881e+007
18415	2.1052e+007
18416	6.5199e+006
18417	8.4884e+006
18418	5.9515e+006
18419	4.9788e+006
18420	5.3622e+006
18421	5.487e+006
18422	5.1665e+006
18423	7.8252e+007
18424	4.6568e+007
18425	4.9396e+006
18426	1.9089e+006
18427	9.6509e+005
18428	1.5189e+006
18429	2.5705e+006
18430	7.4046e+007
18431	4.7689e+007
18432	3.7751e+007
18433	1.5219e+006
18434	1.1544e+007
18435	3.7507e+006
18436	3.1702e+006
18437	6.4462e+006
18438	1.4177e+006
18439	3.9457e+006
18440	8.3198e+006
18441	7.5495e+006
18442	8.7162e+006
18443	-5.5198e+005
18444	-2.3025e+006
18445	-1.8376e+006
18446	5.9907e+007
18447	9.3747e+007
18448	7.7745e+007
18449	8.6036e+007
18450	-3.9383e+006
18451	-2.0213e+006
18452	-1.7975e+006
18453	-1.8227e+006
18454	-2.3218e+006
18455	3.8806e+006
18456	4.3623e+006
18457	2.9716e+006
18458	4.3108e+006
18459	1.0365e+007
18460	8.234e+006
18461	1.1469e+007
18462	1.8358e+007
18463	2.0509e+007
18464	1.1441e+008
18465	5.9462e+007
18466	8.3974e+007
18467	8.9835e+007
18468	7.414e+007
18469	2.6538e+007
18470	1.8694e+007
18471	2.2693e+007
18472	1.9175e+007
18473	2.0568e+007
18474	-4.0095e+006
18475	-5.4317e+006
18476	-2.4931e+006
18477	-3.0331e+006
18478	-2.7467e+006
18479	-3.7944e+006
18480	-2.8295e+006
18481	-4.0955e+006
18482	-1.2311e+006
18483	-1.506e+006
18484	-5.9393e+006
18485	-6.3701e+006
18486	-4.0709e+006
18487	-3.3308e+006
18488	-3.0865e+006
18489	-5.1362e+005
18490	-4.3877e+006
18491	-3.5722e+006
18492	1.4788e+007
18493	1.3058e+007
18494	7.3348e+007
18495	5.0422e+007
18496	2.8072e+006
18497	4.142e+006
18498	4.483e+006
18499	-4.0704e+006
18500	-1.6195e+006
18501	-1.6437e+006
18502	-1.5707e+006
18503	-1.4854e+006
18504	-1.3854e+006
18505	-1.5249e+006
18506	4.1419e+007
18507	4.1511e+007
18508	2.091e+006
18509	1.6361e+006
18510	1.3381e+006
18511	-3.8767e+006
18512	-3.6324e+006
18513	-2.9653e+006
18514	2.0104e+006
18515	3.3062e+006
18516	3.2919e+006
18517	3.2092e+006
18518	-3.0306e+006
18519	-7.7858e+005
18520	-1.9082e+006
18521	-5.5327e+006
18522	-3.5693e+006
18523	-4.209e+006
18524	-2.4156e+006
18525	-1.0476e+005
18526	2.7816e+007
18527	1.8206e+007
18528	1.9644e+007
18529	2.0081e+007
18530	-1.5278e+006
18531	1.5661e+006
18532	2.192e+006
18533	9.1936e+005
18534	1.0456e+006
18535	5.0858e+006
18536	2.0551e+006
18537	1.6651e+006
18538	1.9004e+006
18539	3.7415e+006
18540	5.4248e+007
18541	5.441e+007
18542	5.5736e+007
18543	-1.1745e+006
18544	-2.9085e+006
18545	7.3216e+005
18546	-1.4907e+006
18547	-2.3042e+006
18548	-5.9705e+006
18549	-6.3157e+006
18550	-3.9225e+006
18551	-4.2407e+006
18552	-4.7293e+006
18553	-1.6513e+006
18554	-1.4848e+006
18555	-1.6794e+006
18556	6.0138e+007
18557	4.3188e+007
18558	6.0558e+007
18559	-1.887e+007
18560	-9.6684e+006
18561	-1.0921e+007
18562	-9.9733e+006
18563	-1.0106e+007
18564	-1.0122e+007
18565	6.9268e+006
18566	6.241e+006
18567	7.3324e+006
18568	-1.2049e+006
18569	2.6162e+005
18570	-6.3526e+005
18571	6.213e+005
18572	7.2237e+005
18573	1.2422e+006
18574	2.9255e+007
18575	4.0243e+007
18576	3.351e+007
18577	4.2768e+007
18578	2.9425e+006
18579	3.2084e+006
18580	3.3785e+006
18581	3.9884e+006
18582	5.2947e+006
18583	-6.5934e+006
18584	-6.6836e+006
18585	-7.4427e+006
18586	-5.3803e+006
18587	-4.6876e+006
18588	-5.7128e+006
18589	-4.1066e+006
18590	-6.9519e+006
18591	-4.2294e+006
18592	-5.222e+006
18593	-8.8689e+006
18594	-5.0939e+006
18595	-2.3398e+006
18596	-3.2255e+006
18597	-3.1292e+006
18598	-3.6179e+006
18599	-3.4603e+006
18600	-3.0661e+006
18601	-5.389e+006
18602	-2.3497e+006
18603	-1.7235e+006
18604	-1.9984e+006
18605	-1.3296e+006
18606	-1.5421e+006
18607	-3.0742e+006
18608	-1.0933e+006
18609	-3.1509e+006
18610	1.5974e+006
18611	3.2963e+005
18612	9.5057e+005
18613	-4.5798e+006
18614	-4.0403e+006
18615	-2.8741e+006
18616	-3.9337e+006
18617	-1.5757e+007
18618	-8.2985e+006
18619	-2.2273e+006
18620	-9.7757e+006
18621	-7.9599e+006
18622	-3.6308e+006
18623	-9.2121e+006
18624	9.7294e+005
18625	1.9098e+006
18626	1.5022e+006
18627	2.0441e+007
18628	2.3525e+007
18629	2.1846e+007
18630	5.3964e+005
18631	3.1463e+006
18632	3.8825e+006
18633	1.8973e+006
18634	2.4171e+006
18635	-8.8008e+005
18636	1.3296e+006
18637	5.2308e+005
18638	1.0004e+006
18639	2.4487e+007
18640	2.767e+007
18641	1.0376e+007
18642	1.3826e+007
18643	1.8781e+007
18644	2.0891e+007
18645	3.3394e+007
18646	3.1262e+007
18647	3.2138e+007
18648	3.7943e+007
18649	3.687e+006
18650	4.0705e+006
18651	-1.8726e+007
18652	-1.1359e+007
18653	-7.997e+006
18654	-9.2591e+006
18655	-1.1155e+007
18656	-6.7119e+006
18657	2.9122e+006
18658	2.7429e+006
18659	4.955e+006
18660	2.3522e+006
18661	2.0402e+005
18662	1.0975e+006
18663	6.4632e+005
18664	4.6547e+005
18665	-4.8835e+005
18666	-1.7953e+006
18667	-3.6186e+005
18668	-2.8342e+007
18669	-2.5636e+007
18670	-2.3078e+007
18671	1.9887e+006
18672	6.1637e+006
18673	7.074e+006
18674	7.0337e+006
18675	-6.6169e+006
18676	-8.5126e+006
18677	-1.4846e+007
18678	-1.4642e+007
18679	7.6922e+007
18680	-4.887e+006
18681	-2.4937e+006
18682	-1.6777e+006
18683	1.1679e+007
18684	2.175e+007
18685	1.6038e+007
18686	2.8431e+007
18687	3.158e+007
18688	4.0685e+007
18689	2.7349e+007
18690	4.6667e+006
18691	5.8643e+006
18692	4.2767e+006
18693	6.3531e+006
18694	7.0189e+006
18695	6.8549e+005
18696	6.9214e+005
18697	1.246e+006
18698	1.4812e+006
18699	2.6336e+007
18700	1.2492e+007
18701	1.5179e+007
18702	1.3786e+007
18703	1.9557e+007
18704	-7.1569e+005
18705	-9.585e+005
18706	-2.614e+005
18707	5.3462e+007
18708	3.0886e+007
18709	4.3524e+007
18710	3.4063e+007
18711	2.7355e+007
18712	3.4944e+007
18713	235.27
18714	-5.6485e+006
18715	-6.1925e+006
18716	-6.9277e+006
18717	-5.9811e+006
18718	2.4002e+007
18719	2.0249e+007
18720	2.7465e+007
18721	1.8363e+007
18722	2.525e+007
18723	2.274e+007
18724	9.9719e+007
18725	1.0311e+008
18726	-2.8152e+006
18727	1.2171e+006
18728	7.659e+005
18729	1.1263e+006
18730	3.5459e+007
18731	2.8139e+007
18732	3.4724e+007
18733	2.7809e+007
18734	2.614e+007
18735	2.1619e+007
18736	1.4709e+007
18737	1.2606e+007
18738	-8.8373e+006
18739	1.2341e+006
18740	-5.9466e+006
18741	-1.4444e+007
18742	-1.5399e+006
18743	-6.3765e+005
18744	9.5469e+006
18745	3.8349e+006
18746	2.3662e+006
18747	1.3906e+007
18748	2.0494e+007
18749	1.2438e+007
18750	2.6299e+007
18751	4.9145e+006
18752	1.0306e+007
18753	9.9775e+006
18754	8.913e+006
18755	-2.6444e+006
18756	-2.9448e+006
18757	-2.9848e+006
18758	8.2639e+007
18759	-1.6755e+006
18760	-30373
18761	3.4587e+005
18762	-6.9612e+005
18763	6.7961e+005
18764	-6.6711e+006
18765	-5.9382e+006
18766	-5.7302e+006
18767	-5.3295e+006
18768	-1.0377e+007
18769	-9.3987e+006
18770	6.5072e+007
18771	7.4574e+007
18772	6.4771e+007
18773	4.1615e+007
18774	-9.0751e+005
18775	4.6822e+005
18776	-3.1563e+006
18777	-2.8305e+006
18778	-2.3402e+006
18779	3.3463e+005
18780	-2.4792e+006
18781	-3.9631e+006
18782	7.6243e+005
18783	-7.1559e+005
18784	3.534e+005
18785	5.5863e+005
18786	3.0668e+005
18787	-5.5029e+005
18788	-3.3014e+005
18789	18325
18790	1.2527e+006
18791	1.0007e+006
18792	1.1523e+006
18793	2.184e+006
18794	1.4378e+005
18795	1.3871e+006
18796	5.0535e+005
18797	1.6051e+006
18798	2.6367e+006
18799	1.7273e+006
18800	3.5459e+006
18801	7.4159e+005
18802	1.5738e+006
18803	9.7419e+005
18804	3.7966e+005
18805	9.5806e+005
18806	2.9329e+006
18807	3.286e+006
18808	2.1039e+006
18809	3.9226e+006
18810	2.0812e+006
18811	4.2823e+006
18812	1.1183e+006
18813	1.4275e+006
18814	3.1571e+006
18815	1.4862e+006
18816	1.4486e+006
18817	4.8533e+005
18818	3.4354e+006
18819	2.2519e+006
18820	4.453e+006
18821	2.2887e+006
18822	4.5363e+006
18823	1.5982e+006
18824	1.6193e+006
18825	2.4474e+006
18826	4.3792e+006
18827	2.2673e+006
18828	4.515e+006
18829	1.6046e+006
18830	1.5769e+006
18831	2.2674e+006
18832	6.9895e+005
18833	3.7141e+006
18834	2.3631e+006
18835	4.2949e+006
18836	2.0863e+006
18837	3.8787e+006
18838	1.2887e+006
18839	1.5203e+006
18840	1.3319e+006
18841	2.3771e+006
18842	8.1159e+005
18843	1.708e+006
18844	3.5004e+006
18845	2.9517e+006
18846	1.6778e+006
18847	1.9988e+006
18848	1.1991e+006
18849	4.3328e+005
18850	1.4258e+006
18851	1.4783e+006
18852	7.8506e+005
18853	2.4412e+006
18854	1.1673e+006
18855	-1.1376e+006
18856	1.128e+005
18857	6.8865e+005
18858	-9.1578e+005
18859	-5.504e+005
18860	5759.2
18861	-1.1568e+006
18862	-8.0993e+005
18863	-5.6942e+005
18864	-2.0539e+005
18865	7.746e+005
18866	81345
18867	-1.8413e+006
18868	-2.642e+006
18869	-1.6715e+006
18870	-7.8225e+005
18871	-1.6494e+006
18872	-1.4397e+006
18873	-1.0757e+006
18874	-3.5123e+006
18875	-3.8523e+006
18876	-4.3055e+005
18877	-1.3862e+006
18878	-1.1141e+006
18879	-1.1773e+006
18880	-7.6562e+005
18881	-1.0448e+006
18882	-3.4814e+006
18883	-2.4899e+006
18884	-2.4576e+006
18885	-3.8215e+006
18886	-3.2718e+006
18887	-2.3012e+006
18888	-1.844e+005
18889	-2.107e+006
18890	-2.9077e+006
18891	-1.9162e+006
18892	-1.048e+006
18893	-3.1716e+005
18894	5.9172e+005
18895	-2.6525e+005
18896	-45094
18897	-40063
18898	-1.0007e+006
18899	-1.1059e+006
18900	-1.0639e+006
18901	-2.9602e+005
18902	-60014
18903	1.1833e+006
18904	5.086e+005
18905	-3.1197e+005
18906	-86787
18907	7.9559e+005
18908	-1.127e+006
18909	-9.5721e+005
18910	-5.3987e+005
18911	-1.8203e+006
18912	-6.7697e+005
18913	-7.6126e+005
18914	-1.8395e+006
18915	1.8798e+006
18916	-4.676e+005
18917	-3.772e+005
18918	2.012e+005
18919	1.8486e+006
18920	2.1146e+006
18921	1.2328e+006
18922	2.9113e+006
18923	1.0694e+005
18924	-2.5499e+005
18925	4.749e+005
18926	1.9256e+006
18927	3.9644e+006
18928	4.1169e+006
18929	3.4126e+006
18930	4.0642e+005
18931	6.3798e+005
18932	-2.6763e+005
18933	-1.0444e+006
18934	2.5697e+006
18935	4.6793e+006
18936	2.7196e+006
18937	1.2962e+005
18938	1.218e+006
18939	-3.4748e+005
18940	6.4503e+005
18941	1.9652e+006
18942	3.0104e+006
18943	1.0839e+006
18944	4.5217e+005
18945	4.1451e+005
18946	5.5326e+006
18947	2.5945e+006
18948	4.7928e+006
18949	4.3241e+006
18950	4.3021e+005
18951	-4.4772e+005
18952	-2.7373e+005
18953	4.5127e+005
18954	2.6778e+006
18955	3.3684e+006
18956	4.8761e+006
18957	4.8151e+006
18958	2.1407e+006
18959	2.4617e+006
18960	1.662e+006
18961	-1.8772e+005
18962	3.8812e+005
18963	-3.7775e+005
18964	-1.2163e+006
18965	6.1476e+005
18966	-8.6327e+006
18967	-1.0288e+007
18968	-1.1096e+007
18969	-8.8649e+006
18970	-5.5806e+006
18971	-7.3331e+006
18972	-7.5451e+006
18973	-1.415e+007
18974	-1.1919e+007
18975	-1.2173e+007
18976	-1.6764e+007
18977	-1.2839e+007
18978	-2.0416e+007
18979	-1.459e+007
18980	-1.3345e+007
18981	-1.7936e+007
18982	-1.4639e+007
18983	-8.7039e+006
18984	-1.2033e+007
18985	-2.2256e+007
18986	-1.6429e+007
18987	-1.6957e+007
18988	-2.5491e+007
18989	-1.6956e+007
18990	-2.1194e+007
18991	-1.9935e+007
18992	-1.2068e+007
18993	-1.3872e+007
18994	-1.8874e+007
18995	-2.7408e+007
18996	-2.953e+007
18997	-2.0031e+007
18998	-2.534e+007
18999	-1.8016e+007
19000	-2.7924e+007
19001	-2.6113e+007
19002	-3.1527e+007
19003	-2.0731e+007
19004	-3.0253e+007
19005	-2.0754e+007
19006	-3.3383e+007
19007	-1.6241e+007
19008	-2.6063e+007
19009	-3.3984e+007
19010	-2.6081e+007
19011	-2.5951e+007
19012	-3.1572e+007
19013	-2.0776e+007
19014	-3.1934e+007
19015	-2.0972e+007
19016	-3.3429e+007
19017	-1.7947e+007
19018	-3.1923e+007
19019	-3.7566e+007
19020	-2.6127e+007
19021	-2.0307e+007
19022	-3.102e+007
19023	-3.1726e+007
19024	-2.0764e+007
19025	-3.1715e+007
19026	-2.938e+007
19027	-1.9542e+007
19028	-1.9532e+007
19029	-3.0245e+007
19030	-3.2509e+007
19031	-3.3516e+007
19032	-2.2334e+007
19033	-3.5844e+007
19034	-2.1452e+007
19035	-2.1701e+007
19036	-1.7732e+007
19037	-2.9195e+007
19038	-2.8856e+007
19039	-1.9018e+007
19040	-1.9394e+007
19041	-3.1985e+007
19042	-2.181e+007
19043	-2.7378e+007
19044	-2.8702e+007
19045	-1.6288e+007
19046	-2.7751e+007
19047	-1.795e+007
19048	-2.5934e+007
19049	-2.636e+007
19050	-1.8004e+007
19051	-1.0263e+007
19052	-9.9554e+006
19053	-5.5553e+006
19054	-7.5197e+006
19055	-6.2209e+006
19056	-5.7719e+006
19057	-3.6197e+007
19058	-4.3621e+007
19059	-3.4379e+007
19060	-3.4805e+007
19061	-1.3605e+007
19062	-1.3982e+007
19063	-3.4906e+007
19064	-3.8035e+007
19065	-4.1212e+007
19066	-3.3428e+007
19067	-1.1611e+007
19068	-1.2726e+007
19069	-9.175e+006
19070	-6.1898e+006
19071	-8.8679e+006
19072	-7.569e+006
19073	-7.8025e+006
19074	-1.1303e+007
19075	-9.7708e+006
19076	-1.2222e+007
19077	-9.9828e+006
19078	-9.3259e+006
19079	-7.5399e+006
19080	-9.9915e+006
19081	-5.1845e+006
19082	-2.4729e+007
19083	-3.7696e+007
19084	-4.1031e+007
19085	-1.5267e+007
19086	-2.7858e+007
19087	-1.7683e+007
19088	-1.7897e+007
19089	-2.1243e+007
19090	-1.7946e+007
19091	-2.2662e+007
19092	-1.212e+007
19093	-1.6835e+007
19094	-7.7089e+006
19095	-9.5133e+006
19096	-2.166e+007
19097	-1.3125e+007
19098	-1.2268e+007
19099	-2.2177e+007
19100	-7.2425e+006
19101	-2.1659e+007
19102	-2.9693e+007
19103	-2.5897e+007
19104	-2.4638e+007
19105	-3.071e+007
19106	-3.7348e+007
19107	-3.8843e+007
19108	-1.5589e+007
19109	-1.2564e+007
19110	-1.0904e+007
19111	-2.0744e+007
19112	-2.5585e+007
19113	-2.8856e+007
19114	-2.6279e+007
19115	-1.0186e+007
19116	-1.6791e+007
19117	-3.9569e+007
19118	-3.6993e+007
19119	-1.4171e+007
19120	-7.794e+006
19121	-1.0874e+007
19122	-1.0246e+007
19123	-5.4386e+006
19124	-4.9393e+006
19125	-9.8567e+006
19126	-1.5466e+007
19127	-1.4837e+007
19128	-1.4448e+007
19129	-2.4939e+007
19130	-3.7569e+007
19131	-3.0249e+007
19132	-3.817e+007
19133	-3.2833e+007
19134	-1.0927e+007
19135	-2.0749e+007
19136	-1.3425e+007
19137	-9.4537e+006
19138	-3.9204e+007
19139	-3.7698e+007
19140	-4.3342e+007
19141	-1.276e+007
19142	-2.6736e+007
19143	3.5193e+005
19144	9.6125e+005
19145	1.046e+006
19146	3.0132e+005
19147	1.9474e+005
19148	1.8448e+005
19149	-9.4859e+005
19150	1.5286e+005
19151	-3701.8
19152	1.5231e+006
19153	7.7834e+005
19154	1.3539e+006
19155	9.8707e+005
19156	5.5111e+005
19157	6.7177e+005
19158	-1.7012e+006
19159	4.5472e+005
19160	1.4148e+006
19161	1.0481e+006
19162	2.1137e+006
19163	8.0795e+005
19164	8.2033e+005
19165	2.4132e+005
19166	-5.1293e+005
19167	4.5276e+005
19168	1.6897e+006
19169	3.84e+005
19170	2.2072e+005
19171	8.4737e+005
19172	3.9637e+005
19173	2.5847e+005
19174	1.8085e+005
19175	2.5855e+005
19176	1.3473e+005
19177	7.6138e+005
19178	81689
19179	2.185e+005
19180	1.7249e+005
19181	5.9719e+005
19182	94860
19183	1.6395e+005
19184	3.0364e+005
19185	3.3841e+005
19186	-26525
19187	1.1029e+005
19188	4.8898e+005
19189	86474
19190	62467
19191	97237
19192	-1.4393e+005
19193	-28309
19194	-21824
19195	1.1117e+006
19196	-82784
19197	32837
19198	98501
19199	-59280
19200	14245
19201	6.1628e+005
19202	-1.2648e+005
19203	7583.3
19204	1.4002e+005
19205	99414
19206	-58367
19207	1.0413e+005
19208	15158
19209	6.0457e+005
19210	-12904
19211	-94506
19212	-72765
19213	60244
19214	1.9269e+005
19215	1.5679e+005
19216	-1.2615e+005
19217	5.921e+005
19218	1.5386e+005
19219	2.7518e+005
19220	-70953
19221	-4837.5
19222	16903
19223	1.9052e+005
19224	6.3906e+005
19225	-62140
19226	2.4353e+005
19227	1.0025e+006
19228	7.5459e+005
19229	-3.6335e+005
19230	-89356
19231	1.9416e+005
19232	37598
19233	-1.3081e+005
19234	42797
19235	1.0855e+006
19236	4.9134e+005
19237	-1.1809e+005
19238	-1.4374e+005
19239	1.6193e+005
19240	2.2249e+005
19241	6.2191e+005
19242	5.792e+005
19243	1.8367e+005
19244	1.3639e+006
19245	1.6967e+006
19246	-2.9797e+005
19247	8.0348e+005
19248	-8.3063e+005
19249	2.7201e+005
19250	5.5552e+005
19251	-1.0786e+006
19252	1.0367e+006
19253	9.3015e+005
19254	-2.1319e+005
19255	-1.4428e+006
19256	1.8543e+005
19257	-13013
19258	3.555e+005
19259	3.1961e+005
19260	2.3064e+005
19261	36663
19262	4.5205e+005
19263	-20340
19264	8.8736e+005
19265	9.5249e+005
19266	5.7044e+005
19267	1.0762e+006
19268	6.4028e+005
19269	2.695e+005
19270	-1.612e+006
19271	5.4389e+005
19272	2.735e+005
19273	4.8174e+005
19274	-97276
19275	1.535e+006
19276	1.5474e+006
19277	1.3318e+006
19278	2.141e+005
19279	2.4163e+005
19280	1.0373e+005
19281	4.9172e+005
19282	3.7266e+005
19283	2.3978e+005
19284	4.0743e+005
19285	6.7705e+005
19286	3.5369e+005
19287	2.7455e+005
19288	1.5409e+006
19289	1.5977e+005
19290	1.6626e+005
19291	7.4321e+005
19292	456.43
19293	1.2998e+006
19294	2.8188e+005
19295	1.1608e+005
19296	-13536
19297	-59551
19298	-68090
19299	4.763e+005
19300	9.9181e+005
19301	-1.2665e+006
19302	4.8947e+005
19303	3.1212e+005
19304	4.4893e+005
19305	-21028
19306	46423
19307	15684
19308	2.4894e+005
19309	3.2247e+005
19310	1.8174e+005
19311	1.6469e+005
19312	4.5888e+005
19313	7.6672e+005
19314	7.541e+005
19315	3.1531e+005
19316	-12148
19317	-1.1626e+005
19318	-1.3184e+005
19319	-74771
19320	12447
19321	12256
19322	-2.9943e+005
19323	-2.6335e+005
19324	2.9135e+005
19325	38583
19326	2.7018e+005
19327	75339
19328	849.16
19329	-7222.5
19330	1.0936e+005
19331	57043
19332	4.8829e+005
19333	7.9613e+005
19334	-1.1866e+006
19335	2.0747e+005
19336	1.8528e+005
19337	1.4365e+005
19338	25541
19339	1.4522e+005
19340	3.9241e+005
19341	6.0079e+005
19342	-1.6575e+006
19343	2.7743e+005
19344	-1.6259e+006
19345	2.7303e+005
19346	3.3718e+005
19347	2.7795e+005
19348	1.5794e+005
19349	1.7887e+005
19350	1.8472e+005
19351	-2.5179e+006
19352	1.093e+005
19353	-1.0735e+006
19354	-9.3974e+005
19355	-1.3897e+006
19356	3.0871e+005
19357	2.7201e+005
19358	3.3456e+005
19359	2.1313e+005
19360	3.3469e+005
19361	1.5641e+005
19362	-2.1111e+006
19363	1.9054e+005
19364	-1.8591e+006
19365	2.4625e+005
19366	2.7682e+005
19367	1.864e+005
19368	1.9225e+005
19369	4.387e+005
19370	3.0599e+005
19371	2.6728e+005
19372	-3.1173e+005
19373	1.1683e+005
19374	-1.066e+006
19375	3.4963e+005
19376	2.5396e+005
19377	-2.2393e+005
19378	2.5641e+005
19379	-99049
19380	1.145e+006
19381	-2.4462e+006
19382	-8.6805e+005
19383	23434
19384	51807
19385	-21271
19386	2.2592e+005
19387	2.5416e+005
19388	2.395e+005
19389	4.343e+005
19390	-35654
19391	-45036
19392	23488
19393	-1.3942e+005
19394	2.0372e+005
19395	-1.2046e+005
19396	8.9376e+005
19397	-1.8462e+006
19398	7.2447e+005
19399	-1.8146e+006
19400	-36068
19401	42534
19402	-54364
19403	-15939
19404	-71031
19405	6.8472e+005
19406	1.4354e+005
19407	1.2413e+006
19408	1.2104e+005
19409	33747
19410	62686
19411	1.7724e+005
19412	69337
19413	6.2319e+005
19414	-1.0664e+006
19415	2.8564e+005
19416	8595.2
19417	70534
19418	1.5435e+005
19419	70343
19420	3.5056e+005
19421	2.3105e+005
19422	-2.4134e+005
19423	3.4944e+005
19424	-1.6336e+005
19425	-1.9348e+005
19426	-1.208e+005
19427	-33772
19428	-3.1384e+005
19429	6.2298e+005
19430	-3.4546e+005
19431	2.1546e+005
19432	-3.0937e+005
19433	-7.2e+005
19434	-3.1423e+005
19435	-71156
19436	-1.3638e+005
19437	-49162
19438	-74018
19439	-1.2437e+005
19440	-3.9488e+005
19441	5.4666e+005
19442	-3.2496e+005
19443	2.3004e+005
19444	1.1683e+005
19445	1.2364e+005
19446	1.7858e+005
19447	76875
19448	1.9843e+005
19449	-1.0177e+006
19450	54282
19451	83774
19452	-5.656e+005
19453	-6.3493e+005
19454	-3.5752e+005
19455	5.1377e+005
19456	2.4304e+005
19457	2.1628e+005
19458	3.001e+005
19459	2.6601e+005
19460	1.4107e+005
19461	1.2264e+005
19462	66868
19463	68189
19464	3.7386e+005
19465	1.3729e+005
19466	1.521e+005
19467	4.0439e+005
19468	1.2306e+005
19469	1.0256e+005
19470	17447
19471	1.8777e+005
19472	82520
19473	1.7039e+005
19474	7487.6
19475	-1.5829e+005
19476	-1.1303e+005
19477	1.109e+006
19478	-2.5055e+006
19479	-1.3772e+006
19480	81887
19481	-38823
19482	2.3661e+005
19483	68912
19484	33015
19485	4.1675e+005
19486	-53205
19487	93389
19488	14246
19489	-2.0477e+005
19490	-1.7583e+005
19491	-1.6209e+005
19492	-1.7406e+005
19493	6.8284e+005
19494	6.1992e+005
19495	-1.8562e+006
19496	-14031
19497	34708
19498	20816
19499	1.1583e+005
19500	7.2148e+005
19501	1.8029e+005
19502	2.7007e+005
19503	-63564
19504	-1.5636e+005
19505	-1.8648e+005
19506	-2.e+005
19507	-1.3921e+005
19508	1.6848e+005
19509	-1.3357e+006
19510	1.7792e+005
19511	1.5345e+005
19512	78789
19513	1.5897e+005
19514	32023
19515	2.4311e+005
19516	9429.5
19517	95302
19518	-1.3625e+005
19519	-2.9394e+005
19520	-2.032e+005
19521	-1.7939e+005
19522	2.6657e+005
19523	5.0181e+005
19524	-70993
19525	-1.9743e+006
19526	-1.1252e+005
19527	71318
19528	2.3062e+005
19529	9.8902e+005
19530	-1.8193e+006
19531	-1.4972e+006
19532	-1.9456e+005
19533	-47853
19534	-34844
19535	1.6041e+005
19536	3.3108e+005
19537	-1.3438e+006
19538	-7.2108e+005
19539	-3.7884e+005
19540	1.015e+005
19541	1.616e+005
19542	-16549
19543	9.901e+005
19544	-4.0248e+005
19545	-2.284e+006
19546	1.3493e+006
19547	-2.6469e+006
19548	-1.023e+006
19549	-1.281e+005
19550	-3.4544e+006
19551	1.8123e+005
19552	2.3616e+005
19553	2.7591e+005
19554	1.7298e+005
19555	1.4136e+005
19556	2.0514e+005
19557	-2.5716e+005
19558	-1.9479e+005
19559	-5.949e+005
19560	-3.4942e+005
19561	-5.1565e+005
19562	3.3402e+005
19563	72126
19564	79101
19565	-4.4573e+005
19566	-2.5647e+005
19567	-3.9594e+005
19568	8.2611e+005
19569	7.5775e+005
19570	-1.9822e+006
19571	-2.5835e+005
19572	-2.6323e+005
19573	2.955e+005
19574	5.3074e+005
19575	-3.4504e+005
19576	-1.774e+005
19577	5.9179e+005
19578	1.3029e+005
19579	-7.512e+005
19580	-7.3185e+005
19581	-8.0444e+005
19582	-4.9444e+005
19583	5.1221e+005
19584	8.7139e+005
19585	37182
19586	60994
19587	1.4492e+005
19588	44327
19589	1.0902e+005
19590	2.2313e+005
19591	1.6939e+005
19592	2.589e+005
19593	1.3566e+006
19594	77439
19595	2.3674e+005
19596	48404
19597	2.5032e+005
19598	4.4512e+005
19599	27903
19600	-57210
19601	19989
19602	32999
19603	3.1321e+005
19604	1.0111e+005
19605	66888
19606	1.937e+005
19607	-80705
19608	2.5536e+005
19609	1.8851e+005
19610	2.4861e+005
19611	2.5413e+005
19612	3.0225e+005
19613	-3.1547e+005
19614	-41081
19615	-90092
19616	1.2295e+005
19617	1.1798e+005
19618	1.4281e+005
19619	-6.9694e+005
19620	-1.0733e+006
19621	-3.9003e+005
19622	28148
19623	-1.606e+006
19624	1.2287e+005
19625	48279
19626	-2074.9
19627	-2.7258e+005
19628	2.8059e+005
19629	1.2124e+005
19630	-2.7235e+005
19631	-1.7157e+005
19632	2.5695e+005
19633	-2.6788e+005
19634	1.7895e+005
19635	19918
19636	1490.8
19637	6.9095e+005
19638	-1.8066e+005
19639	2.5271e+005
19640	3.7403e+005
19641	4.5897e+005
19642	85311
19643	3.3946e+005
19644	4.5785e+005
19645	2.5155e+005
19646	-42400
19647	22674
19648	-1.4763e+006
19649	-59716
19650	3.7205e+005
19651	48684
19652	81738
19653	4.4766e+005
19654	7.555e+005
19655	3.041e+005
19656	6.1924e+005
19657	-1.639e+006
19658	1.169e+005
19659	-1.317e+006
19660	7.0318e+005
19661	-1.2795e+006
19662	72496
19663	1.2597e+006
19664	1.6405e+005
19665	-4.0004e+005
19666	-1.1543e+006
19667	-1.0205e+006
19668	-1.2565e+005
19669	2.5545e+005
19670	-2.1694e+005
19671	4.6067e+005
19672	7.5589e+005
19673	3.171e+005
19674	-5.9148e+005
19675	1.0272e+005
19676	-2.2215e+006
19677	80129
19678	-65546
19679	-1.9092e+005
19680	3.0216e+005
19681	1.1677e+005
19682	-1.3874e+006
19683	1.3537e+006
19684	1.3596e+005
19685	-14146
19686	2.0042e+005
19687	-43435
19688	-2.4948e+005
19689	7.7671e+005
19690	6.0742e+005
19691	2.9964e+005
19692	4.5267e+005
19693	1.7752e+005
19694	-5.6171e+005
19695	6.3709e+005
19696	6.6034e+005
19697	-2.9541e+006
19698	3.1551e+005
19699	4.6413e+005
19700	4.2542e+005
19701	3.8021e+005
19702	2.7497e+005
19703	-3.6462e+005
19704	4.7143e+005
19705	63905
19706	28062
19707	2.3915e+005
19708	76844
19709	66575
19710	5468.2
19711	91341
19712	34960
19713	69653
19714	2.4943e+005
19715	-4544.5
19716	3.5232e+005
19717	2.0889e+005
19718	3.0245e+005
19719	-33310
19720	-8.4823e+005
19721	1.3122e+005
19722	5.6725e+005
19723	-3.5469e+005
19724	-2.7544e+005
19725	3.1234e+005
19726	1.1838e+005
19727	2.2444e+005
19728	-3.2828e+005
19729	89894
19730	1.5367e+005
19731	4.0885e+005
19732	5.3566e+005
19733	2.6126e+005
19734	-1.0263e+005
19735	-5.6609e+005
19736	-2.5609e+005
19737	7.6866e+005
19738	1.1097e+006
19739	-2.2716e+006
19740	1.9675e+005
19741	49155
19742	3.8522e+005
19743	51578
19744	31352
19745	96045
19746	9824.5
19747	2.361e+005
19748	13679
19749	98887
19750	2.8331e+005
19751	3.1932e+005
19752	1.7152e+005
19753	-60028
19754	1.7413e+005
19755	-87766
19756	1.6125e+005
19757	-5.0941e+005
19758	1.9341e+005
19759	6.3282e+005
19760	1.6286e+005
19761	2.1559e+005
19762	-4545.
19763	1.4533e+005
19764	84483
19765	2.9272e+005
19766	-2.8629e+005
19767	2.1964e+005
19768	-11906
19769	1.9959e+005
19770	21310
19771	1.0461e+006
19772	-6.4016e+005
19773	7.7533e+005
19774	-1.9942e+006
19775	-3.2579e+005
19776	1.2449e+005
19777	6.1574e+005
19778	2.2737e+005
19779	5.7303e+005
19780	1.775e+005
19781	4.196e+005
19782	1.6468e+005
19783	-41298
19784	46131
19785	-6.1534e+005
19786	-9.917e+005
19787	80259
19788	-1.9694e+006
19789	14932
19790	2.4116e+005
19791	2.3089e+005
19792	2.5566e+005
19793	1.7756e+005
19794	5.9545e+005
19795	5.3252e+005
19796	7.056e+005
19797	-4.4215e+005
19798	5.8261e+005
19799	9.2368e+005
19800	-2.3996e+006
19801	1.2337e+006
19802	-2.1477e+006
19803	-3.6856e+006
19804	4.27e+005
19805	-20029
19806	75804
19807	-2.4453e+006
19808	-2.1713e+006
19809	-1.7153e+006
19810	-3.4677e+006
19811	-1.1123e+006
19812	7.6401e+005
19813	-1.1372e+007
19814	-5.1446e+005
19815	-1.1489e+007
19816	5.5192e+005
19817	-2.3793e+006
19818	-6.1619e+006
19819	-7.768e+006
19820	-8.5305e+006
19821	-1.5004e+006
19822	-1.1987e+007
19823	-5.9241e+006
19824	-2.7826e+006
19825	-2.1679e+007
19826	-3.7451e+006
19827	8340.1
19828	-6.7131e+006
19829	-1.5236e+007
19830	-1.5912e+007
19831	-4.3857e+006
19832	-1.1554e+007
19833	-2.6733e+007
19834	-6.9236e+006
19835	-1.6411e+006
19836	-1.076e+007
19837	-2.2218e+007
19838	-1.9729e+007
19839	-1.3445e+007
19840	-2.7421e+007
19841	-1.1328e+007
19842	-1.8069e+007
19843	-9.7372e+006
19844	-1.0819e+007
19845	-2.1398e+007
19846	-2.197e+007
19847	-8.2369e+006
19848	-1.7894e+007
19849	-6.6874e+006
19850	-8.1271e+006
19851	-4.0985e+007
19852	-3.8376e+007
19853	-3.1796e+007
19854	-2.9307e+007
19855	-4.8022e+007
19856	-4.758e+007
19857	-3.9575e+007
19858	-3.6999e+007
19859	-2.0906e+007
19860	-2.7511e+007
19861	8.5905e+006
19862	-1.5086e+006
19863	1.1958e+007
19864	-9.4977e+006
19865	1.3751e+007
19866	1.2757e+007
19867	-1.0962e+006
19868	1.4428e+007
19869	-3.315e+007
19870	-3.5723e+007
19871	-2.477e+007
19872	-2.5446e+007
19873	-4.0808e+007
19874	-4.359e+007
19875	-2.8636e+007
19876	-2.1088e+007
19877	-3.6557e+007
19878	-2.8653e+007
19879	8.4094e+006
19880	1.4567e+005
19881	1.345e+007
19882	-7.5112e+006
19883	1.5282e+007
19884	1.1807e+007
19885	4.0154e+006
19886	-3.1534e+006
19887	-1.7968e+007
19888	-2.2299e+007
19889	-1.4248e+007
19890	-2.3747e+007
19891	-2.7011e+007
19892	-1.5487e+007
19893	-2.3522e+007
19894	-1.8467e+007
19895	-9.2624e+006
19896	4.9296e+006
19897	1.2916e+006
19898	9.3184e+006
19899	-3.3903e+006
19900	8.713e+006
19901	5.4294e+006
19902	2.8773e+006
19903	1.2522e+006
19904	1.595e+006
19905	-9.2759e+006
19906	-5.2036e+006
19907	-8.1277e+006
19908	-4.9295e+006
19909	-1.0537e+007
19910	-6.226e+006
19911	-3.8706e+006
19912	-8.2886e+006
19913	9.5744e+005
19914	3.8139e+006
19915	1.4301e+006
19916	-8.1694e+005
19917	2.7699e+006
19918	1.9426e+006
19919	2.4201e+005
19920	7.564e+005
19921	6.3588e+005
19922	9.8311e+005
19923	-1.538e+006
19924	8.3021e+005
19925	-7.5411e+005
19926	-8.0796e+005
19927	62112
19928	4.9242e+005
19929	1.6713e+006
19930	-1.2494e+007
19931	-2.8781e+007
19932	-1.5287e+007
19933	-3.0167e+007
19934	-2.0157e+007
19935	-2.4727e+007
19936	-1.8235e+007
19937	-1.9502e+007
19938	-2.0651e+007
19939	-2.6218e+007
19940	-1.3872e+007
19941	-1.0884e+007
19942	-2.8357e+007
19943	5.3993e+006
19944	-6.9547e+006
19945	4.2697e+006
19946	-9.3401e+005
19947	-2.6612e+006
19948	4.6598e+006
19949	-5.5399e+006
19950	-2.5515e+006
19951	-4.9614e+006
19952	-7.8855e+006
19953	-3.9749e+006
19954	-4.1775e+006
19955	-5.9838e+006
19956	-3.5177e+006
19957	-6.1958e+006
19958	-4.2946e+007
19959	-3.647e+007
19960	-5.2696e+007
19961	-5.2572e+007
19962	-4.1673e+007
19963	-4.7316e+007
19964	-3.5876e+007
19965	4.7542e+006
19966	1.8058e+007
19967	1.9033e+007
19968	2.3387e+007
19969	2.0695e+006
19970	1.8487e+007
19971	4.1863e+006
19972	1.9711e+007
19973	1.0886e+007
19974	-3.0917e+007
19975	-2.6707e+007
19976	-4.2745e+007
19977	-3.9519e+007
19978	-3.0573e+007
19979	5.4414e+006
19980	1.3468e+007
19981	1.9035e+007
19982	1.8412e+007
19983	1.556e+007
19984	7.7688e+006
19985	1.5065e+007
19986	-1.5097e+007
19987	-1.2758e+007
19988	-2.3864e+007
19989	-2.0497e+007
19990	-1.5127e+007
19991	-1.9742e+007
19992	-1.8583e+007
19993	3.0647e+006
19994	5.9212e+006
19995	9.7794e+006
19996	7.8944e+006
19997	6.4958e+006
19998	3.9436e+006
19999	5.9121e+006
20000	-4.0667e+007
20001	-3.4188e+007
20002	-4.0201e+007
20003	-4.8568e+007
20004	-3.476e+007
20005	-4.5504e+007
20006	-4.0859e+007
20007	-3.0684e+007
20008	-4.4194e+007
20009	-4.8018e+007
20010	2.6874e+006
20011	1.6154e+007
20012	1.2201e+007
20013	1.7904e+007
20014	1.9306e+007
20015	5.2696e+006
20016	1.7411e+007
20017	2.0565e+007
20018	6.8191e+006
20019	6.7467e+006
20020	-9.8033e+006
20021	-5.9619e+006
20022	2.8578e+006
20023	1.0474e+006
20024	-1.3195e+006
20025	8.9394e+006
20026	-1.5823e+007
20027	-1.2021e+007
20028	-7.0493e+006
20029	9.3685e+006
20030	7.2965e+006
20031	-5.3897e+006
20032	-7.6636e+006
20033	-62840
20034	-1.5229e+007
20035	2.99e+006
20036	-3.649e+006
20037	-1.6408e+006
20038	1.1187e+006
20039	-5.8188e+005
20040	1.0125e+006
20041	-82558
20042	7.1418e+006
20043	-1.4314e+007
20044	-1.6904e+007
20045	-3.7431e+006
20046	-1.34e+007
20047	7.9402e+006
20048	-5.9128e+006
20049	-2.1936e+006
20050	-1.2518e+007
20051	-3.8122e+007
20052	-3.2572e+007
20053	-2.8112e+007
20054	-4.1957e+007
20055	-3.6311e+007
20056	8.5224e+005
20057	6.9934e+005
20058	4.025e+005
20059	1.2382e+006
20060	-68765
20061	-3.8697e+005
20062	3.6154e+005
20063	-8.7561e+005
20064	2.4076e+007
20065	2.7572e+007
20066	2.2672e+007
20067	2.06e+007
20068	2.3896e+007
20069	1.4168e+007
20070	1.9717e+007
20071	1.0885e+007
20072	9.0742e+006
20073	1.6371e+007
20074	1.3362e+007
20075	4.8025e+006
20076	7.8197e+006
20077	3.9751e+006
20078	3.8689e+006
20079	5.8374e+006
20080	2.2401e+007
20081	2.3761e+007
20082	2.5019e+007
20083	2.1407e+007
20084	1.1273e+007
20085	-2.2537e+007
20086	-1.8695e+007
20087	-3.5349e+007
20088	-3.1459e+007
20089	-1.9935e+007
20090	-2.797e+007
20091	-2.6403e+007
20092	-1.9079e+007
20093	-1.4053e+007
20094	-3.3757e+007
20095	-2.9955e+007
20096	-4.9859e+007
20097	-4.81e+007
20098	-4.4603e+007
20099	-4.1067e+007
20100	-3.3163e+007
20101	-9.7698e+006
20102	-7.7616e+006
20103	-1.337e+007
20104	-1.7509e+007
20105	-1.5461e+007
20106	-1.2138e+007
20107	-1.4031e+007
20108	-1.1121e+007
20109	-3.1372e+007
20110	-3.3962e+007
20111	-4.8342e+007
20112	-4.9645e+007
20113	-4.164e+007
20114	-4.3968e+007
20115	-2.9576e+007
20116	1.3831e+007
20117	8.6268e+006
20118	1.3505e+007
20119	1.4221e+007
20120	1.9041e+007
20121	1.8211e+007
20122	7.0093e+006
20123	-8.0294e+005
20124	5.7881e+005
20125	-1.0055e+006
20126	-1.0594e+006
20127	2.4102e+005
20128	-1.2016e+005
20129	2.4187e+006
20130	1.4649e+006
20131	1.5794e+005
20132	1.5914e+006
20133	-1.0919e+005
20134	1.7672e+006
20135	-6.8875e+006
20136	-3.1794e+006
20137	-3.2333e+006
20138	-4.9857e+006
20139	-1.2221e+007
20140	-7.9099e+006
20141	-1.0361e+007
20142	-9.9726e+006
20143	-3.7271e+006
20144	-1.4618e+007
20145	-1.3963e+007
20146	-6.3814e+006
20147	-8.333e+006
20148	1.8405e+007
20149	5.77e+006
20150	1.7912e+007
20151	5.8798e+006
20152	7.1719e+006
20153	7.8873e+006
20154	-3.6074e+005
20155	-2.3124e+006
20156	3.2301e+006
20157	-2.348e+007
20158	-1.8508e+007
20159	-3.2484e+007
20160	-2.6688e+007
20161	-1.4485e+007
20162	-2.2193e+007
20163	-7.4758e+006
20164	-1.4645e+007
20165	-1.4868e+007
20166	-1.0897e+007
20167	-9.8427e+006
20168	-5.4234e+006
20169	-9.8003e+006
20170	-2.7701e+006
20171	-3.8651e+006
20172	-1.5321e+007
20173	-2.2886e+007
20174	-1.1884e+007
20175	-6.0013e+006
20176	-5.6585e+006
20177	-2.4893e+007
20178	-1.3902e+007
20179	-2.0507e+007
20180	-7.7921e+006
20181	-2.3563e+006
20182	-1.8569e+006
20183	-6.7743e+006
20184	-2.8055e+007
20185	-2.3979e+007
20186	-3.7489e+007
20187	-2.3097e+007
20188	1.1678e+007
20189	1.0279e+007
20190	9.6956e+006
20191	-2.6276e+007
20192	-3.2907e+007
20193	-2.5521e+007
20194	-2.4362e+007
20195	2.5284e+007
20196	2.2433e+007
20197	2.1938e+007
20198	-4.7178e+007
20199	-5.3186e+007
20200	-3.8231e+007
20201	-4.6152e+007
20202	2.8547e+007
20203	2.32e+007
20204	2.4871e+007
20205	-5.961e+007
20206	-5.9291e+007
20207	-4.871e+007
20208	2.8046e+006
20209	1.4977e+006
20210	2.9311e+006
20211	-3.4068e+007
20212	-4.4811e+007
20213	-4.0167e+007
20214	-2.9992e+007
20215	-4.3344e+007
20216	-3.556e+007
20217	-4.7325e+007
20218	-3.7698e+007
20219	-2.1929e+006
20220	-2.2468e+006
20221	-1.5332e+006
20222	-2.9124e+006
20223	-1.3076e+006
20224	-1.3112e+006
20225	4.7631e+005
20226	-4.0937e+005
20227	2.8447e+005
20228	4.3535e+005
20229	74176
20230	-1.6723e+007
20231	-1.5293e+007
20232	-1.2382e+007
20233	-2.0862e+007
20234	-1.7539e+007
20235	-1.9432e+007
20236	-2.2154e+007
20237	-4.0061e+007
20238	-3.6572e+007
20239	-3.5005e+007
20240	-3.7589e+007
20241	-5.7727e+007
20242	-4.8586e+007
20243	-5.423e+007
20244	-5.7546e+007
20245	-5.3179e+007
20246	-5.187e+007
20247	-5.5693e+007
20248	-7.062e+005
20249	-6.0999e+005
20250	1.3852e+005
20251	-1.0986e+006
20252	-2.3948e+007
20253	-3.0406e+007
20254	-3.2148e+007
20255	-2.5946e+007
20256	-1.8833e+007
20257	-2.7687e+007
20258	-5.2471e+007
20259	-4.8935e+007
20260	-3.2682e+007
20261	-2.7626e+007
20262	-5.0844e+007
20263	-4.8268e+007
20264	-5.3172e+007
20265	-2.4493e+006
20266	-4.2018e+006
20267	-1.7358e+006
20268	5.4388e+005
20269	2.2568e+005
20270	-2.4552e+007
20271	1.2766e+007
20272	1.476e+007
20273	8.1085e+006
20274	-1.7384e+007
20275	-5.2628e+007
20276	2.551e+007
20277	2.3615e+007
20278	7.8106e+006
20279	2.1314e+007
20280	2.9225e+007
20281	2.5017e+007
20282	2.8171e+007
20283	1.0981e+007
20284	3.8858e+005
20285	-1.0512e+006
20286	-6.1415e+006
20287	-5.5616e+006
20288	-5.1439e+006
20289	-4.7637e+006
20290	-6.0232e+006
20291	-6.1033e+006
20292	-4.8256e+006
20293	-4.3399e+006
20294	-4.6348e+006
20295	-3.7666e+006
20296	-4.8448e+006
20297	-5.269e+006
20298	-6.3103e+006
20299	-5.4085e+006
20300	-6.1186e+006
20301	-6.0203e+006
20302	-5.951e+006
20303	-5.665e+006
20304	-3.321e+006
20305	-3.6081e+006
20306	-3.7981e+006
20307	-4.3275e+006
20308	-4.7719e+006
20309	-4.372e+006
20310	-6.2262e+006
20311	-6.7034e+006
20312	-5.8716e+006
20313	-4.9456e+006
20314	-5.1608e+006
20315	-2.7969e+006
20316	-3.6749e+006
20317	-3.5009e+006
20318	-5.1833e+006
20319	-6.0414e+006
20320	-6.4008e+006
20321	-6.03e+006
20322	-5.226e+006
20323	-5.661e+006
20324	-3.2952e+006
20325	-4.6062e+006
20326	-3.6572e+006
20327	-5.1978e+006
20328	-4.8972e+006
20329	-5.492e+006
20330	-5.4279e+006
20331	-5.404e+006
20332	-5.0914e+006
20333	-3.5919e+006
20334	-3.0595e+006
20335	-3.9409e+006
20336	-4.8148e+006
20337	-4.6975e+006
20338	-5.1326e+006
20339	-3.5119e+006
20340	-4.0557e+006
20341	-2.7668e+006
20342	-2.5342e+006
20343	-3.1287e+006
20344	-6.7304e+006
20345	-5.9773e+006
20346	-5.7403e+006
20347	-5.9906e+006
20348	-6.4895e+006
20349	-5.5225e+006
20350	-4.9358e+006
20351	-3.9868e+006
20352	-2.9066e+006
20353	-3.2314e+006
20354	-3.984e+006
20355	-4.1991e+006
20356	-1.8755e+006
20357	-1.9655e+006
20358	-1.8353e+006
20359	-1.1448e+006
20360	-2.7133e+006
20361	-7.596e+006
20362	-6.7335e+006
20363	-7.7631e+006
20364	-6.0533e+006
20365	-8.2879e+006
20366	-7.459e+006
20367	-4.5675e+006
20368	-5.2067e+006
20369	-4.3935e+006
20370	-7.6078e+006
20371	-4.7035e+006
20372	-3.9415e+006
20373	-4.96e+006
20374	-3.7763e+006
20375	-3.1064e+006
20376	-2.616e+006
20377	-2.3845e+006
20378	-2.5728e+006
20379	-3.0931e+006
20380	-6.4548e+006
20381	-6.528e+006
20382	-7.3921e+006
20383	-6.0012e+006
20384	-7.0065e+006
20385	-6.0656e+006
20386	-6.0727e+006
20387	-4.6638e+006
20388	-5.1081e+006
20389	-6.0987e+006
20390	-6.2564e+006
20391	-6.3483e+006
20392	-6.3365e+006
20393	-6.1563e+006
20394	-5.0588e+006
20395	-4.837e+006
20396	-5.0781e+006
20397	-5.6406e+006
20398	-5.0557e+006
20399	-4.417e+006
20400	-5.7566e+006
20401	-4.114e+006
20402	-4.1145e+006
20403	-3.9932e+006
20404	-3.8896e+006
20405	-4.4981e+006
20406	-3.1842e+006
20407	-4.4186e+006
20408	-3.9994e+006
20409	-5.2588e+006
20410	-3.5938e+006
20411	-5.0635e+006
20412	-2.2086e+006
20413	-3.5755e+006
20414	-3.8704e+006
20415	-3.2983e+006
20416	-2.5649e+006
20417	-3.3454e+006
20418	-4.6946e+006
20419	-4.7878e+006
20420	-4.3131e+006
20421	-5.0882e+006
20422	-4.3991e+006
20423	-5.2014e+006
20424	-3.0821e+006
20425	-2.8619e+006
20426	-3.4972e+006
20427	-2.8569e+006
20428	-3.1707e+006
20429	-4.0125e+006
20430	-3.9003e+006
20431	-3.5357e+006
20432	-4.5882e+006
20433	-2.5613e+006
20434	-2.5563e+006
20435	-2.0723e+006
20436	-3.1195e+006
20437	-6.1273e+006
20438	-6.2192e+006
20439	-5.3339e+006
20440	-5.932e+006
20441	-4.9298e+006
20442	-5.7305e+006
20443	-3.1397e+006
20444	-3.9835e+006
20445	-2.7979e+006
20446	-2.2214e+006
20447	-2.0528e+006
20448	-1.8202e+006
20449	-1.2055e+006
20450	-6.719e+006
20451	-7.7486e+006
20452	-6.8489e+006
20453	-7.8072e+006
20454	-5.8819e+006
20455	-5.2952e+006
20456	-6.6171e+006
20457	-2.8608e+006
20458	-3.4802e+006
20459	-1.3717e+006
20460	-1.5187e+006
20461	-1.3038e+006
20462	-6.4094e+005
20463	-2.2094e+006
20464	-4.5065e+005
20465	-7.2413e+006
20466	-8.1054e+006
20467	-8.765e+006
20468	-8.9144e+006
20469	-7.9361e+006
20470	-5.0446e+006
20471	-6.786e+006
20472	-5.3327e+006
20473	-5.3854e+006
20474	-3.9158e+006
20475	-4.5793e+006
20476	-2.7122e+006
20477	-3.2326e+006
20478	-4.0711e+006
20479	-3.3761e+006
20480	-6.1648e+006
20481	-5.5799e+006
20482	-6.8148e+006
20483	-6.0819e+006
20484	-5.874e+006
20485	-4.6387e+006
20486	-5.4733e+006
20487	-4.4721e+006
20488	-4.194e+006
20489	-5.0237e+006
20490	-5.2641e+006
20491	-5.127e+006
20492	-4.7979e+006
20493	-5.2401e+006
20494	-5.0472e+006
20495	-3.1208e+006
20496	-3.4281e+006
20497	-3.4931e+006
20498	-2.7593e+006
20499	-5.0658e+006
20500	-4.8288e+006
20501	-3.9773e+006
20502	-3.7732e+006
20503	-4.3249e+006
20504	-4.6652e+006
20505	-4.2123e+006
20506	-4.164e+006
20507	-7.2736e+006
20508	-5.4836e+006
20509	-5.8827e+006
20510	-4.2128e+006
20511	-5.9542e+006
20512	-4.9896e+006
20513	-7.3777e+006
20514	-5.5442e+006
20515	-5.668e+006
20516	-4.9244e+006
20517	-4.8214e+006
20518	-4.2464e+006
20519	-5.4816e+006
20520	-5.9972e+006
20521	-6.1824e+006
20522	-4.5403e+006
20523	-3.6543e+006
20524	-4.3737e+006
20525	-4.0957e+006
20526	-5.3465e+006
20527	-5.5969e+006
20528	-5.5195e+006
20529	-5.183e+006
20530	-5.1287e+006
20531	-3.6834e+006
20532	-3.593e+006
20533	-4.6817e+006
20534	-3.3665e+006
20535	-4.8809e+006
20536	-4.1124e+006
20537	-4.1917e+006
20538	-3.0231e+006
20539	-2.6546e+006
20540	-3.2898e+006
20541	-2.804e+006
20542	-2.3984e+006
20543	-1.3895e+006
20544	-1.9067e+006
20545	-1.0133e+006
20546	-1.3696e+006
20547	-1.9067e+005
20548	-8.9321e+006
20549	-8.4659e+006
20550	-5.954e+006
20551	-5.851e+006
20552	-7.2759e+006
20553	-7.142e+006
20554	-8.2521e+006
20555	-7.752e+006
20556	-8.9467e+006
20557	-7.9684e+006
20558	-6.8183e+006
20559	-3.9549e+006
20560	-5.3987e+006
20561	-3.9554e+006
20562	-3.7305e+006
20563	-4.79e+006
20564	-5.8588e+006
20565	-4.6057e+006
20566	-4.8918e+006
20567	-4.4448e+006
20568	-3.9382e+006
20569	-4.3374e+006
20570	-1.9768e+006
20571	-2.4839e+006
20572	-1.7619e+006
20573	-3.8963e+006
20574	-4.0202e+006
20575	-2.1342e+006
20576	-1.7865e+006
20577	-1.9656e+006
20578	-1.6564e+006
20579	-1.1183e+006
20580	-2.5985e+006
20581	-5.8752e+006
20582	-6.0604e+006
20583	-5.8802e+006
20584	-5.0691e+006
20585	-5.5376e+006
20586	-4.8561e+006
20587	-4.5609e+006
20588	-5.2925e+006
20589	-5.2151e+006
20590	-4.7489e+006
20591	-4.2156e+006
20592	-2.0945e+006
20593	-2.6941e+006
20594	-3.4441e+006
20595	-3.2887e+006
20596	-2.7103e+006
20597	-2.677e+006
20598	-2.3123e+006
20599	-1.4449e+006
20600	-2.5703e+006
20601	-2.102e+006
20602	-1.8962e+006
20603	-1.8789e+006
20604	-4.5043e+006
20605	-3.6327e+006
20606	-5.1025e+006
20607	-4.2179e+006
20608	-3.9094e+006
20609	-3.3162e+006
20610	-2.7219e+006
20611	-1.8284e+006
20612	-3.1953e+006
20613	-2.2796e+006
20614	-6.2299e+006
20615	-5.9427e+006
20616	-4.9405e+006
20617	-5.7412e+006
20618	-4.7497e+006
20619	-6.1299e+006
20620	-5.0324e+006
20621	-5.8287e+006
20622	-3.1542e+006
20623	-3.717e+006
20624	-2.1798e+006
20625	-2.2986e+006
20626	-1.6908e+006
20627	-2.738e+006
20628	-2.4345e+006
20629	-3.2025e+006
20630	-4.0945e+006
20631	-3.2999e+006
20632	-3.6416e+006
20633	-2.0626e+006
20634	-2.6258e+006
20635	-1.8098e+006
20636	-2.2611e+006
20637	-1.9576e+006
20638	-2.2438e+006
20639	-4.864e+006
20640	-2.8094e+006
20641	-4.1204e+006
20642	-3.4424e+006
20643	-4.9568e+006
20644	-2.3813e+006
20645	-3.2869e+006
20646	-4.0637e+006
20647	-6.1131e+006
20648	-3.585e+006
20649	-3.7751e+006
20650	-4.6136e+006
20651	-2.6241e+006
20652	-4.1413e+006
20653	-3.328e+006
20654	-3.5662e+006
20655	-3.012e+006
20656	-2.7804e+006
20657	-4.4628e+006
20658	-5.5329e+006
20659	-3.6064e+006
20660	-4.6562e+006
20661	-3.7702e+006
20662	-4.7988e+006
20663	-5.0398e+006
20664	-5.4315e+006
20665	-3.6194e+006
20666	-3.529e+006
20667	-2.9506e+006
20668	-6.6336e+006
20669	-6.4256e+006
20670	-6.4327e+006
20671	-3.6521e+006
20672	-2.3187e+006
20673	-1.7851e+006
20674	-2.449e+006
20675	-9.6063e+006
20676	-8.628e+006
20677	-8.7768e+006
20678	-4.8767e+005
20679	-4.3058e+005
20680	3.9007e+005
20681	5.8036e+005
20682	-7.5663e+006
20683	-5.641e+006
20684	-6.3762e+006
20685	-1.7925e+006
20686	-2.9128e+006
20687	-1.3913e+006
20688	-2.4189e+006
20689	-2.8924e+006
20690	-2.7888e+006
20691	-1.9766e+006
20692	-5.2944e+006
20693	-5.1015e+006
20694	-3.1751e+006
20695	-3.5902e+006
20696	-3.5474e+006
20697	-5.1492e+006
20698	-4.2647e+006
20699	-4.9477e+006
20700	-5.3209e+006
20701	-1.7991e+006
20702	-3.3931e+006
20703	-3.0846e+006
20704	-1.7791e+006
20705	-2.5596e+006
20706	-5.5953e+006
20707	-4.8404e+006
20708	-4.9138e+006
20709	-4.6186e+006
20710	-5.6368e+006
20711	-4.2532e+006
20712	-4.7842e+006
20713	-4.1026e+006
20714	-3.8075e+006
20715	-3.1125e+006
20716	-1.1417e+006
20717	-4.1978e+005
20718	4.2012e+005
20719	4.3337e+005
20720	-8.682e+005
20721	-8.1473e+005
20722	-2.0006e+005
20723	-3.9898e+006
20724	-4.7724e+006
20725	-3.2182e+006
20726	5.0563e+005
20727	-7.7023e+005
20728	4.0867e+005
20729	-3.7236e+006
20730	-2.555e+006
20731	-2.8217e+006
20732	-2.3555e+006
20733	-2.6343e+006
20734	-2.2658e+006
20735	-2.3846e+006
20736	-3.9037e+005
20737	3.0017e+005
20738	1.4766e+005
20739	1.8079e+006
20740	-9.2686e+005
20741	-1.1152e+006
20742	-86953
20743	-1.3354e+006
20744	-1.935e+006
20745	-2.685e+006
20746	-4.8628e+006
20747	-5.5459e+006
20748	-4.5543e+006
20749	-9.3112e+005
20750	-1.3823e+006
20751	-3.2882e+006
20752	-3.5955e+006
20753	-3.063e+006
20754	-1.1566e+006
20755	-1.5995e+006
20756	-1.3764e+006
20757	-4.5712e+006
20758	-3.5104e+006
20759	-3.4676e+006
20760	-3.5501e+006
20761	-3.0958e+006
20762	-3.4375e+006
20763	-5.6928e+006
20764	-5.2921e+006
20765	-8.7774e+006
20766	-7.3345e+006
20767	-3.9892e+006
20768	-3.9408e+006
20769	-3.2829e+006
20770	-4.3295e+006
20771	-2.7505e+006
20772	-2.7155e+006
20773	-4.2812e+006
20774	-3.3507e+007
20775	-5.667e+007
20776	-2.8272e+007
20777	-4.3313e+007
20778	-5.6707e+007
20779	-4.4682e+007
20780	-3.358e+007
20781	-2.2045e+007
20782	-2.8985e+007
20783	-2.926e+007
20784	-2.8645e+007
20785	-1.8015e+007
20786	-2.5974e+007
20787	-1.184e+007
20788	-3.4425e+007
20789	-1.6762e+007
20790	-1.1788e+007
20791	-1.9004e+007
20792	-5.7309e+006
20793	-1.2106e+007
20794	-5.6219e+007
20795	-6.9613e+007
20796	-8.1496e+007
20797	-6.6703e+007
20798	-8.0538e+007
20799	-7.5337e+007
20800	-4.1891e+007
20801	-4.1551e+007
20802	-6.6046e+006
20803	-1.8088e+007
20804	-6.6787e+006
20805	-2.4575e+006
20806	-6.5524e+006
20807	-6.8706e+006
20808	-3.0152e+007
20809	-5.3346e+007
20810	-3.3129e+007
20811	-4.2121e+007
20812	-2.1594e+007
20813	-2.4377e+007
20814	-2.8535e+007
20815	-3.8133e+007
20816	-7.9757e+007
20817	-6.9302e+007
20818	-5.7277e+007
20819	-6.3824e+007
20820	-7.6254e+007
20821	-4.1855e+007
20822	-5.5376e+007
20823	-8.0105e+007
20824	-9.1988e+007
20825	-8.7057e+007
20826	-5.2658e+007
20827	-6.6179e+007
20828	-7.1294e+007
20829	-7.3719e+007
20830	-5.2043e+007
20831	-2.0419e+007
20832	-9.0097e+006
20833	-2.9411e+007
20834	-2.3423e+006
20835	-8.8833e+006
20836	-1.1667e+007
20837	-3.7149e+007
20838	-4.3696e+007
20839	-1.9486e+007
20840	-1.2495e+007
20841	-2.3808e+007
20842	-8.4547e+006
20843	-8.1533e+007
20844	-5.7625e+007
20845	-4.2204e+007
20846	-4.1589e+007
20847	-9.2458e+007
20848	-8.6599e+007
20849	-7.5096e+007
20850	-7.2722e+007
20851	-5.3471e+007
20852	-5.2605e+007
20853	-7.2465e+007
20854	-3.9019e+007
20855	-4.8617e+007
20856	-4.9914e+007
20857	3.7171e+006
20858	-5.3514e+006
20859	4.2483e+006
20860	1.639e+006
20861	-6.9599e+005
20862	-5.2147e+007
20863	-3.0178e+007
20864	-3.2259e+007
20865	-1.6905e+007
20866	-1.1987e+007
20867	-1.1861e+007
20868	-7.1124e+007
20869	-3.6725e+007
20870	-5.0246e+007
20871	-3.8806e+007
20872	3.6431e+006
20873	6.0892e+006
20874	-4.5179e+005
20875	7.1833e+006
20876	-7.7006e+005
20877	-6.2676e+007
20878	-7.0216e+007
20879	-2.3636e+007
20880	-3.7392e+007
20881	-2.7233e+007
20882	8.3955e+006
20883	1.1405e+007
20884	3.4511e+006
20885	-8.63e+007
20886	-7.4138e+007
20887	-5.2514e+007
20888	-3.2824e+006
20889	7.5801e+005
20890	-5.6174e+006
20891	-4.7653e+007
20892	-6.8937e+007
20893	-5.8549e+007
20894	-4.7313e+007
20895	-2.908e+005
20896	1.5811e+005
20897	-7.8609e+005
20898	-9.2891e+005
20899	90685
20900	6027.2
20901	36289
20902	1.5862e+005
20903	1.6596e+006
20904	1.3735e+006
20905	1.1053e+006
20906	9.446e+005
20907	2.668e+006
20908	1.9749e+006
20909	-5.1402e+005
20910	1.36e+005
20911	-6.1635e+005
20912	-3.9339e+005
20913	5.4214e+005
20914	-1.3253e+005
20915	-2.8059e+005
20916	-2.1719e+005
20917	-2.6755e+007
20918	-2.4532e+007
20919	-2.837e+007
20920	-3.4121e+007
20921	5.551e+006
20922	9.7783e+006
20923	1.2266e+007
20924	4.676e+006
20925	6.3155e+006
20926	8.5093e+006
20927	6.4882e+006
20928	2.1297e+006
20929	5.1789e+006
20930	9.8385e+006
20931	8.7596e+006
20932	1.62e+005
20933	-1.2094e+005
20934	-1.466e+005
20935	1.5907e+005
20936	2.8039e+005
20937	-1.6911e+007
20938	-1.806e+007
20939	-2.3627e+007
20940	-1.0722e+007
20941	-1.5698e+007
20942	-1.1281e+007
20943	-1.217e+007
20944	-8.2927e+006
20945	4.4277e+006
20946	5.8928e+006
20947	3.574e+006
20948	7.6341e+006
20949	6.7178e+006
20950	6.1469e+006
20951	4.2152e+006
20952	3.0883e+006
20953	4.6641e+006
20954	6.824e+005
20955	-4.9466e+006
20956	-6.9482e+006
20957	-4.8509e+006
20958	-3.1423e+006
20959	-4.9307e+006
20960	2.0294e+006
20961	8.6752e+006
20962	1.1092e+007
20963	1.0335e+007
20964	9.2266e+006
20965	6.4927e+006
20966	9.6286e+006
20967	1.1152e+007
20968	4.8408e+006
20969	8.2951e+006
20970	1.0073e+007
20971	1.5289e+006
20972	-5.9423e+005
20973	2.9842e+006
20974	-5.616e+005
20975	3.0336e+006
20976	2.2375e+006
20977	3.3658e+006
20978	7.8013e+005
20979	1.1913e+006
20980	3.8148e+005
20981	-52139
20982	3.188e+006
20983	-1.3055e+006
20984	-1.9678e+006
20985	-2.2992e+006
20986	-1.3281e+006
20987	-1.4673e+006
20988	-1.9281e+006
20989	-3.8665e+006
20990	-5.2757e+005
20991	-1.8411e+006
20992	-5.5827e+006
20993	-5.2206e+006
20994	-4.5542e+005
20995	5.8158e+005
20996	-7.99e+006
20997	-6.8483e+006
20998	-8.9496e+006
20999	-4.0587e+006
21000	-4.7244e+006
21001	1.0958e+007
21002	-5.3191e+006
21003	1.3114e+007
21004	9.4535e+006
21005	-1.5369e+007
21006	2.1405e+007
21007	-7.6804e+006
21008	1.1514e+007
21009	5.3676e+006
21010	2.37e+006
21011	4.0234e+006
21012	4.3952e+005
21013	4.2437e+006
21014	1.266e+006
21015	4.9263e+006
21016	6.1576e+006
21017	-1.5932e+006
21018	-3.0637e+006
21019	-2.2663e+006
21020	-3.0835e+005
21021	-1.392e+006
21022	6.0331e+005
21023	-3.155e+006
21024	-9.6462e+005
21025	-2.0195e+006
21026	-1.0087e+006
21027	1.0949e+006
21028	-8.4965e+005
21029	-2.3508e+006
21030	-4.4837e+007
21031	-4.13e+007
21032	-3.3397e+007
21033	-5.8882e+005
21034	-4.3304e+006
21035	-3.3858e+006
21036	-3.055e+005
21037	-3.6779e+006
21038	-1.8893e+006
21039	7.1751e+005
21040	-1.4684e+006
21041	-4.7351e+006
21042	5.6453e+005
21043	-9.972e+006
21044	-6.8149e+006
21045	-9.5708e+006
21046	-6.9774e+006
21047	-1.161e+007
21048	-7.3466e+006
21049	-6.4933e+006
21050	-8.1464e+006
21051	-9.3193e+006
21052	-1.4372e+007
21053	-8.5578e+006
21054	-9.2804e+006
21055	-8.3831e+006
21056	-9.3567e+006
21057	-8.7175e+006
21058	-5.8606e+006
21059	-1.5554e+007
21060	-4.5934e+007
21061	-2.4193e+007
21062	1.9044e+006
21063	-2.5282e+006
21064	2.2403e+006
21065	-1.7101e+006
21066	-1.7558e+006
21067	7.4287e+006
21068	-1.3191e+005
21069	4.939e+006
21070	-2.5634e+006
21071	5.5388e+006
21072	2.6013e+006
21073	5.5049e+006
21074	2.8664e+006
21075	3.3516e+006
21076	5.1705e+006
21077	2.3673e+006
21078	4.2979e+006
21079	3.8612e+006
21080	7.4747e+006
21081	2.3291e+006
21082	7.5061e+006
21083	2.945e+006
21084	1.7866e+007
21085	1.1559e+007
21086	1.3504e+007
21087	1.029e+007
21088	8.809e+006
21089	-1.1674e+006
21090	6.96e+006
21091	4.6476e+006
21092	7.2487e+006
21093	5.9549e+006
21094	4.2543e+006
21095	5.3376e+006
21096	8.0124e+006
21097	1.0347e+007
21098	4.7537e+006
21099	6.1307e+006
21100	6.7281e+006
21101	9.4156e+006
21102	-2.9146e+006
21103	-2.8934e+006
21104	-4.8652e+006
21105	-4.7314e+006
21106	-2.4011e+006
21107	-2.2897e+006
21108	-1.9887e+006
21109	-3.9186e+006
21110	-4.7522e+006
21111	-6.8459e+005
21112	2.4674e+005
21113	-1.0522e+006
21114	-1.84e+006
21115	-1.2597e+006
21116	1.0449e+006
21117	-6.348e+005
21118	-4.6613e+006
21119	-3.6698e+006
21120	-5.0344e+006
21121	-4.7307e+006
21122	-4.2596e+006
21123	-2.8178e+006
21124	-3.6375e+006
21125	-3.4992e+006
21126	-2.3643e+006
21127	-5.0014e+006
21128	-3.1448e+006
21129	-4.0722e+006
21130	-6.4613e+005
21131	-2.1897e+006
21132	-1.2407e+006
21133	-31459
21134	1.1601e+006
21135	-5.1077e+005
21136	1.3126e+006
21137	-1.5117e+006
21138	9.4675e+005
21139	2.3915e+006
21140	4.6842e+006
21141	1.0007e+006
21142	-3.4426e+005
21143	65269
21144	-1.2588e+005
21145	1.3218e+005
21146	-5.4036e+005
21147	-5.065e+005
21148	-1.4974e+006
21149	92507
21150	-1.0885e+006
21151	-3.0571e+005
21152	-7.9146e+005
21153	2.9796e+006
21154	-1.4288e+005
21155	2.6889e+006
21156	2.2722e+006
21157	6.6583e+005
21158	-1.0202e+005
21159	1.935e+006
21160	8.3282e+005
21161	5.6507e+005
21162	-3.529e+005
21163	3.6393e+006
21164	-2.5173e+007
21165	-1.8061e+007
21166	-1.3308e+007
21167	-1.7581e+007
21168	-1.7777e+007
21169	-2.1361e+007
21170	-2.5203e+007
21171	-3.2749e+007
21172	-1.4631e+007
21173	-7.6732e+005
21174	-3.2589e+006
21175	-4.8642e+006
21176	-8.3182e+005
21177	-3.4545e+006
21178	-2.687e+006
21179	-9.0635e+005
21180	-4.1645e+006
21181	-2.7341e+006
21182	-72088
21183	3.0001e+006
21184	-8.4032e+006
21185	-1.121e+006
21186	-5.9103e+006
21187	-9.5048e+006
21188	1.3557e+007
21189	2.5739e+006
21190	1.1654e+007
21191	9.9244e+006
21192	-1.3046e+007
21193	-5.0594e+006
21194	-1.1853e+007
21195	-9.1617e+006
21196	-1.1324e+007
21197	-6.752e+006
21198	-4.2402e+006
21199	-7.8827e+006
21200	3.57e+006
21201	1.7498e+006
21202	3.62e+006
21203	1.72e+006
21204	2.9243e+006
21205	2.8008e+006
21206	1.8413e+006
21207	1.1151e+006
21208	3.1224e+006
21209	4.0157e+006
21210	2.785e+006
21211	1.9425e+006
21212	1.7381e+006
21213	3.8723e+006
21214	1.7426e+005
21215	-26073
21216	1.2052e+005
21217	41378
21218	2.1002e+005
21219	1.6637e+007
21220	1.6454e+007
21221	1.2511e+007
21222	2.5071e+006
21223	2.3163e+007
21224	3.1165e+006
21225	-5.2306e+005
21226	6.7466e+005
21227	2.01e+007
21228	8.7409e+005
21229	1.8645e+007
21230	2.3119e+007
21231	-3.9845e+007
21232	-2.3863e+007
21233	-8.6263e+007
21234	-8.1324e+007
21235	-6.9821e+007
21236	-1.8097e+007
21237	-7.192e+007
21238	-9.953e+007
21239	-9.4714e+006
21240	-2.9821e+007
21241	-8.2286e+007
21242	4.2545e+005
21243	-3.1468e+005
21244	-1.8151e+006
21245	2.1995e+005
21246	-2.094e+006
21247	-2.8505e+006
21248	-2.6192e+006
21249	2.103e+005
21250	-3.6253e+006
21251	-41802
21252	45771
21253	-5.3324e+005
21254	-27305
21255	-2.5885e+005
21256	5.2214e+006
21257	4.8329e+006
21258	4.2895e+006
21259	4.1153e+006
21260	7.7761e+006
21261	5.0257e+006
21262	5.9107e+006
21263	3.1768e+006
21264	8.6432e+005
21265	-4.3569e+005
21266	2.5337e+005
21267	-8519.7
21268	3.4524e+005
21269	-5.3604e+005
21270	8.967e+005
21271	-2.4665e+006
21272	1.3377e+006
21273	-43128
21274	-1.64e+006
21275	-2.0248e+005
21276	-5.2638e+005
21277	3.0253e+005
21278	-7.7673e+006
21279	-3.6216e+006
21280	-4.6248e+006
21281	-3.0084e+006
21282	-6.1697e+006
21283	-2.023e+006
21284	-3.7907e+006
21285	-4.9019e+006
21286	-2.626e+006
21287	-3.3319e+006
21288	-2.2178e+006
21289	-2.0547e+006
21290	68592
21291	-1.0645e+006
21292	-2.2941e+006
21293	7484.6
21294	93357
21295	-1.1959e+005
21296	-1.3819e+005
21297	4.753e+006
21298	2.2099e+006
21299	3.9363e+006
21300	3.7621e+006
21301	1.2659e+006
21302	4.6997e+006
21303	4.2108e+006
21304	1.7308e+006
21305	5.2339e+006
21306	2.6564e+006
21307	2.6872e+006
21308	6.6025e+006
21309	2.9561e+006
21310	4.5918e+006
21311	1.8839e+006
21312	2.1068e+006
21313	75092
21314	4.3593e+006
21315	4.1256e+006
21316	5.823e+006
21317	-4.7168e+006
21318	-4.946e+007
21319	-4.6663e+007
21320	-3.7458e+006
21321	-3.6607e+006
21322	-2.3049e+007
21323	2.3114e+005
21324	1.6466e+006
21325	2.2584e+006
21326	-1.1229e+006
21327	3.6422e+006
21328	4.4695e+006
21329	3.5222e+006
21330	5.307e+006
21331	2.7213e+006
21332	2.8076e+006
21333	3.8917e+006
21334	5.7448e+006
21335	5.1292e+006
21336	-4.5125e+006
21337	-8.7356e+006
21338	-1.436e+007
21339	-2.9851e+006
21340	-3.6605e+007
21341	-2.0057e+007
21342	-1.6185e+006
21343	-2.3887e+006
21344	3.6702e+005
21345	-5.7029e+006
21346	3.3366e+006
21347	-8.3447e+006
21348	-7.8904e+006
21349	5.4463e+006
21350	-1.0972e+006
21351	-2.4742e+007
21352	-1.7343e+006
21353	-1.3985e+007
21354	-5.7837e+006
21355	2.1357e+006
21356	-3.0212e+006
21357	-1.2536e+007
21358	-4.8623e+006
21359	-4.5756e+006
21360	-8.0209e+006
21361	7.2344e+006
21362	3.5545e+006
21363	3.0025e+006
21364	1.1459e+007
21365	3.1849e+006
21366	5.9474e+006
21367	4.1063e+006
21368	1.258e+007
21369	6.9705e+006
21370	4.393e+006
21371	-2.933e+006
21372	-2.4647e+006
21373	-1.6957e+006
21374	-1.2118e+006
21375	-2.4286e+006
21376	-3.9152e+005
21377	-2.2589e+006
21378	-1.7615e+006
21379	-2.6794e+006
21380	-4.2557e+006
21381	-1.7896e+006
21382	-1.9003e+006
21383	-4.4677e+006
21384	-3.1689e+006
21385	-1.2028e+006
21386	-1.564e+006
21387	-23913
21388	-2.7198e+006
21389	-96633
21390	-3.8053e+006
21391	-6.2327e+006
21392	-1.4083e+007
21393	-1.2173e+007
21394	-6.9193e+006
21395	3.0318e+006
21396	4.463e+006
21397	2.3097e+006
21398	2.2309e+006
21399	1.8323e+006
21400	4.3667e+006
21401	1.5645e+006
21402	4.6388e+006
21403	-3.7582e+006
21404	1.8142e+006
21405	-3.4284e+006
21406	-2.9073e+006
21407	1.4854e+006
21408	-8.0619e+005
21409	-4.9134e+006
21410	-7.1451e+006
21411	-3.2308e+006
21412	-6.8687e+006
21413	-2.8649e+006
21414	-4.0646e+006
21415	4.2082e+005
21416	-2.3007e+006
21417	6.2156e+006
21418	3.4322e+006
21419	8.1045e+006
21420	1.5844e+007
21421	9.0068e+006
21422	4.6884e+006
21423	5.0928e+005
21424	1.3851e+007
21425	1.7503e+007
21426	1.1504e+007
21427	5.8973e+006
21428	1.3222e+007
21429	6.9708e+006
21430	-9.9163e+005
21431	3.0017e+006
21432	8.6445e+006
21433	4.806e+006
21434	4.1488e+006
21435	2.1171e+006
21436	9.9777e+006
21437	7.8651e+006
21438	8.2584e+006
21439	1.1799e+007
21440	3.8671e+006
21441	9.51e+006
21442	3.9628e+006
21443	7.0354e+006
21444	4.1841e+006
21445	2.9281e+006
21446	1.0843e+007
21447	1.2236e+007
21448	-4.7563e+005
21449	-1.8314e+006
21450	-1.1482e+006
21451	-39598
21452	5.7027e+005
21453	-3.1713e+006
21454	-2.8092e+006
21455	1.956e+006
21456	-1.6963e+006
21457	-2.3641e+006
21458	9.5658e+005
21459	-2.4873e+006
21460	1.4834e+006
21461	-1.7748e+006
21462	2.1233e+006
21463	2.3176e+006
21464	2.5786e+006
21465	-1.0897e+006
21466	-2.4041e+005
21467	-4.5001e+005
21468	-5.8915e+005
21469	-1.0499e+006
21470	-1.8035e+005
21471	-1.9722e+005
21472	-2.6734e+005
21473	-17403
21474	1.1611e+005
21475	-3.2501e+005
21476	38478
21477	2.088e+005
21478	1.0355e+005
21479	-1.0792e+006
21480	-4.2495e+006
21481	-5.0841e+006
21482	-5.4919e+006
21483	-4.4327e+006
21484	-4.0829e+006
21485	-4.7753e+006
21486	-3.8048e+006
21487	-1.0973e+007
21488	-9.2001e+006
21489	-1.0826e+007
21490	-6.4122e+006
21491	-9.0947e+006
21492	-1.3217e+007
21493	-1.6075e+007
21494	-5.5379e+006
21495	-7.3009e+006
21496	-7.3896e+006
21497	-9.7762e+006
21498	-6.4967e+006
21499	1.8593e+006
21500	-8.8064e+005
21501	-2.505e+006
21502	7.4814e+006
21503	-3.0041e+006
21504	-1.6868e+006
21505	3.9021e+006
21506	-5.5861e+005
21507	-4.5436e+006
21508	-3.5731e+006
21509	-3.5521e+006
21510	-3.5211e+006
21511	-4.5393e+006
21512	-3.1558e+006
21513	-2.6839e+006
21514	-3.7622e+006
21515	2.4436e+006
21516	-4.4969e+006
21517	2.0268e+005
21518	-1.9097e+006
21519	-1.4422e+006
21520	1.1728e+007
21521	4.9539e+006
21522	1.0878e+007
21523	4.5199e+006
21524	1.0741e+007
21525	-4.5808e+006
21526	-3.5547e+006
21527	5.1857e+006
21528	-4.0983e+005
21529	-5.1755e+005
21530	-1.4571e+006
21531	-6.2517e+005
21532	-6941.9
21533	-1.1051e+006
21534	-6.4052e+005
21535	-2.6171e+007
21536	-1.2411e+007
21537	-6.7721e+006
21538	-3.8954e+006
21539	-3.1176e+006
21540	-2.2058e+005
21541	-1.4763e+005
21542	-2.4868e+005
21543	3.4556e+005
21544	3.6828e+005
21545	1.7411e+006
21546	1.28e+005
21547	37739
21548	2.0966e+006
21549	1.2612e+005
21550	1.6359e+006
21551	-45089
21552	5.7056e+006
21553	6.3314e+006
21554	5.788e+006
21555	5.6138e+006
21556	6.5242e+006
21557	5.0588e+006
21558	6.6666e+006
21559	7.8726e+006
21560	4.9857e+005
21561	5.1711e+005
21562	1.5831e+006
21563	9.4904e+005
21564	6.4324e+005
21565	4.8389e+005
21566	1.6226e+006
21567	-1.3466e+005
21568	7.0942e+005
21569	-1.4075e+006
21570	1.2114e+007
21571	-1.3326e+005
21572	5.3813e+006
21573	1.4639e+007
21574	2.683e+006
21575	-2.4945e+006
21576	4.5133e+006
21577	2.0031e+006
21578	1.1562e+007
21579	3.5995e+006
21580	1.1666e+007
21581	4.0734e+006
21582	1.2456e+007
21583	2.1535e+007
21584	-1.6738e+006
21585	50290
21586	1.347e+006
21587	4.0715e+005
21588	2.6373e+005
21589	7.5281e+005
21590	51610
21591	3.5728e+005
21592	-3.7075e+005
21593	-3.1734e+006
21594	-3.0306e+006
21595	-4.3209e+006
21596	-1.2724e+007
21597	-5.5601e+006
21598	-3.3176e+007
21599	-3.8057e+007
21600	-3.6092e+007
21601	-4.7479e+007
21602	-4.0391e+007
21603	-1.0157e+008
21604	-6.1529e+007
21605	-9.1366e+007
21606	-1.0036e+008
21607	-5.8875e+007
21608	-7.5003e+007
21609	-3.1088e+006
21610	-7.2661e+006
21611	-7.5412e+006
21612	1.5635e+006
21613	1.6531e+007
21614	2.4658e+006
21615	5.7317e+006
21616	1.623e+007
21617	-6.4372e+005
21618	-2.1718e+007
21619	-4.2006e+007
21620	-1.5029e+007
21621	-4.2252e+007
21622	-2.8477e+007
21623	-6.7972e+006
21624	-2.7279e+007
21625	-5.4272e+007
21626	-2.583e+007
21627	-5.1599e+006
21628	-2.1158e+007
21629	-1.2267e+007
21630	-1.6102e+007
21631	-2.2175e+007
21632	-8.2353e+006
21633	-7.2411e+006
21634	-6.8982e+006
21635	-3.1656e+005
21636	-1.6068e+006
21637	-3.7318e+006
21638	-9.5016e+007
21639	-6.6684e+007
21640	-7.4426e+007
21641	-6.4652e+007
21642	-7.29e+007
21643	6.6839e+006
21644	-8.0743e+006
21645	-2.3711e+007
21646	-7.6172e+006
21647	-2.7475e+006
21648	-9.1718e+005
21649	-1.7914e+007
21650	-3.5421e+006
21651	-8.4597e+006
21652	-3.6527e+006
21653	-6.2201e+006
21654	-8.0708e+006
21655	-1.7983e+005
21656	1.2471e+005
21657	-1.7464e+005
21658	-1.6587e+005
21659	-40451
21660	2.1766e+006
21661	-1.1765e+006
21662	1.0618e+006
21663	-2.1166e+005
21664	-2.4218e+006
21665	-3.2936e+006
21666	-2.8407e+006
21667	-7.9127e+006
21668	-3.0834e+006
21669	-8.0886e+006
21670	-6.2498e+006
21671	-2.1738e+006
21672	-2.1431e+006
21673	-1.1517e+006
21674	6.7497e+005
21675	-2.3655e+006
21676	-3.8679e+006
21677	-3.857e+006
21678	7.6007e+005
21679	-9.2651e+005
21680	1.2448e+006
21681	8.4115e+005
21682	8.4812e+005
21683	2.1874e+006
21684	3.2329e+005
21685	-2.5291e+007
21686	-4.1249e+007
21687	-2.8591e+007
21688	-3.2433e+007
21689	-3.9979e+007
21690	-3.4145e+007
21691	1.684e+007
21692	1.9015e+007
21693	1.9245e+007
21694	2.4298e+007
21695	3.5021e+006
21696	3.3222e+006
21697	2.6605e+006
21698	3.3064e+006
21699	4.3938e+006
21700	1.2744e+007
21701	-7.5652e+006
21702	9.1318e+006
21703	-4.7213e+006
21704	-1.002e+006
21705	1.0188e+007
21706	-1.1327e+007
21707	1.2105e+007
21708	-6.3194e+006
21709	-5.0292e+006
21710	1.9787e+006
21711	-4.0873e+006
21712	-3.1383e+006
21713	-5.4092e+006
21714	-2.8337e+006
21715	-2.5327e+006
21716	-4.4626e+006
21717	-4.227e+006
21718	-2.9118e+006
21719	-2.7027e+006
21720	-8.9631e+005
21721	-8.8754e+005
21722	-1.0606e+006
21723	-2.111e+006
21724	1.455e+006
21725	-1.0978e+006
21726	-2.2537e+006
21727	-3.0796e+006
21728	3.6952e+005
21729	-1.3426e+007
21730	-2.4895e+007
21731	-1.7895e+007
21732	-2.5321e+007
21733	-1.0597e+007
21734	-1.6965e+007
21735	-1.2548e+007
21736	-2.7033e+007
21737	2.3371e+007
21738	-2.0429e+007
21739	-4.4774e+006
21740	-2.3137e+006
21741	3.0045e+007
21742	-2.3777e+007
21743	1.0324e+007
21744	1.8322e+007
21745	3.329e+007
21746	1.2455e+007
21747	-2.2447e+006
21748	1.0785e+007
21749	2.9981e+005
21750	7.8826e+006
21751	8.0998e+005
21752	-2.5038e+006
21753	7.206e+006
21754	1.2993e+007
21755	-6.3361e+005
21756	-1.3838e+006
21757	2.0608e+005
21758	98196
21759	5.3401e+005
21760	-8813.3
21761	-1.9214e+005
21762	-1.461e+006
21763	-6.7789e+005
21764	-6.4622e+006
21765	-3.4086e+006
21766	-3.3946e+006
21767	-7.7823e+006
21768	-5.0622e+006
21769	-3.1539e+006
21770	-4.1448e+006
21771	-4.2318e+006
21772	-4.6642e+006
21773	-4.0116e+006
21774	2.2312e+006
21775	3.9029e+006
21776	5.8673e+005
21777	-9.2861e+005
21778	3.4859e+006
21779	4.5773e+006
21780	4.4119e+005
21781	-7.6258e+005
21782	4.537e+006
21783	3.8532e+006
21784	-2.1529e+006
21785	-7.2248e+006
21786	-1.2474e+006
21787	-5.245e+006
21788	-2.0939e+006
21789	-5.562e+006
21790	-1.8482e+006
21791	-1.486e+006
21792	3.0755e+006
21793	3.5979e+006
21794	4.0895e+006
21795	2.1449e+006
21796	-5.5878e+006
21797	-9.8644e+006
21798	-8.7103e+006
21799	-4.2615e+006
21800	-5.5088e+006
21801	-5.0728e+006
21802	-4.1843e+006
21803	-5.1598e+006
21804	-7.2688e+006
21805	-4.2613e+006
21806	-3.8219e+006
21807	-5.1499e+006
21808	1.7796e+006
21809	3.5287e+006
21810	7.3766e+005
21811	3.8932e+006
21812	1.3542e+006
21813	9.2427e+005
21814	2.1134e+006
21815	4.4274e+006
21816	1.8807e+006
21817	1.151e+006
21818	1.4782e+007
21819	1.1124e+007
21820	3.7196e+006
21821	6.7256e+006
21822	8.0152e+005
21823	4.1777e+006
21824	9.223e+006
21825	2.3039e+006
21826	1.2364e+006
21827	-2.4462e+006
21828	2.0587e+007
21829	3.7463e+006
21830	1.1897e+007
21831	7.9611e+005
21832	-5.481e+005
21833	-8.7586e+006
21834	1.7565e+007
21835	-1.6082e+007
21836	1.0671e+007
21837	-1.23e+007
21838	-8.2251e+006
21839	-2.5442e+007
21840	3.8076e+007
21841	3.4541e+007
21842	9.5922e+006
21843	-2.4317e+007
21844	-9.0436e+006
21845	-3.1709e+007
21846	4.3951e+007
21847	3.3363e+007
21848	-5.6543e+006
21849	-1.1469e+007
21850	3.6313e+007
21851	1.0207e+007
21852	4.5737e+007
21853	-3.1875e+006
21854	-3.0661e+006
21855	-3.0366e+006
21856	-1.3351e+006
21857	-1.79e+006
21858	-4.966e+006
21859	-2.4085e+006
21860	-2.088e+006
21861	-2.7888e+006
21862	-1.0082e+006
21863	-3.9562e+006
21864	1.1989e+007
21865	9.9898e+006
21866	1.7969e+007
21867	1.23e+007
21868	2.8101e+007
21869	2.2804e+007
21870	2.1015e+007
21871	1.1048e+007
21872	2.2949e+007
21873	-4.3646e+005
21874	-1.1451e+006
21875	-1.6745e+006
21876	-1.1771e+006
21877	-2.1189e+006
21878	-1.5262e+005
21879	-2.2333e+006
21880	5.6578e+005
21881	1.4912e+005
21882	-1.4572e+006
21883	-1.3286e+006
21884	-3.2586e+006
21885	-2.476e+006
21886	-1.0538e+006
21887	-1.6241e+006
21888	-5.2551e+006
21889	-9.868e+005
21890	-5.2679e+006
21891	-4.2452e+006
21892	-6.5728e+005
21893	2.4021e+005
21894	-6.9664e+005
21895	-1.1204e+006
21896	-8.6516e+005
21897	-9.1806e+005
21898	-3.103e+005
21899	5.0605e+005
21900	-5.8231e+005
21901	-1.0539e+006
21902	-4.7935e+005
21903	-1.3402e+006
21904	8.6532e+005
21905	2.3463e+005
21906	1.2256e+005
21907	1.5549e+005
21908	3.2413e+005
21909	1.4219e+006
21910	5.1852e+006
21911	4.4435e+006
21912	6.412e+006
21913	8.6552e+006
21914	7.949e+006
21915	9.4727e+006
21916	2.8184e+006
21917	3.1613e+006
21918	6.6155e+006
21919	8.3938e+006
21920	46618
21921	2.04e+005
21922	-5.4054e+005
21923	-1.0106e+006
21924	1.9532e+006
21925	3.4006e+005
21926	3.3818e+005
21927	1.8479e+006
21928	-3.3152e+005
21929	1.4405e+006
21930	-6.0211e+005
21931	1.4433e+005
21932	3.0825e+005
21933	6.1555e+005
21934	7.7388e+006
21935	-1.005e+007
21936	1.3748e+007
21937	-1.9648e+007
21938	-3.1761e+005
21939	2.1797e+006
21940	-4.7394e+006
21941	-9.4894e+006
21942	-3.9321e+005
21943	4.5796e+005
21944	-1.1105e+006
21945	-9.1356e+005
21946	1.9047e+006
21947	-1.8873e+006
21948	6.3501e+005
21949	6.4825e+005
21950	6.7037e+005
21951	-1.0813e+006
21952	53032
21953	2.7279e+006
21954	-3.3275e+005
21955	8.4616e+005
21956	-1.5699e+006
21957	-5.4961e+005
21958	-4.3899e+005
21959	-33693
21960	-4.6427e+005
21961	1.6947e+006
21962	-1.0514e+005
21963	-5.0376e+005
21964	5.3172e+006
21965	2.9161e+006
21966	6.1379e+006
21967	3.4236e+006
21968	2.7802e+006
21969	5.4551e+006
21970	6.213e+006
21971	4.0446e+006
21972	5.6524e+006
21973	3.3704e+006
21974	4.1708e+006
21975	6.8583e+006
21976	2.6412e+006
21977	-2.3168e+006
21978	1.2503e+006
21979	-2.2956e+006
21980	5.0939e+006
21981	-5.7456e+005
21982	1.4073e+006
21983	-9.7263e+005
21984	3.7545e+006
21985	-1.8267e+006
21986	-1.7861e+006
21987	1.239e+007
21988	1.5475e+007
21989	1.5921e+007
21990	1.9333e+007
21991	3.8409e+006
21992	5.2331e+006
21993	3.2815e+006
21994	5.4428e+006
21995	1.7472e+007
21996	8.8239e+006
21997	6.2699e+006
21998	6.538e+006
21999	1.2617e+006
22000	1.8025e+006
22001	7.4069e+006
22002	4.6721e+006
22003	2.081e+006
22004	8.2501e+005
22005	-1.9995e+005
22006	6.3251e+006
22007	9.7367e+006
22008	-5.7551e+006
22009	-6.1802e+006
22010	-2.3648e+006
22011	-4.1532e+006
22012	8.1102e+006
22013	-1.1718e+007
22014	9.3957e+006
22015	-8.3358e+005
22016	1.0913e+006
22017	5.1845e+005
22018	-3.4973e+006
22019	2.9324e+006
22020	1.9076e+006
22021	3.5981e+006
22022	-1.019e+006
22023	-8.0576e+005
22024	-3.9623e+005
22025	1.7222e+006
22026	2.103e+007
22027	1.3936e+007
22028	1.9953e+007
22029	2.4325e+007
22030	1.6369e+007
22031	1.367e+007
22032	1.5501e+007
22033	-9.49e+005
22034	1.6216e+006
22035	-9.1743e+005
22036	3.8337e+006
22037	-44289
22038	-8.2942e+005
22039	-2.5971e+006
22040	-2.6746e+006
22041	-3.7084e+006
22042	1.6422e+006
22043	-1.4325e+006
22044	-5.7557e+005
22045	-1.6304e+006
22046	-6.196e+005
22047	4.0291e+005
22048	-14307
22049	-99421
22050	70900
22051	-30331
22052	1.8397e+007
22053	-2.6515e+006
22054	-6.6925e+005
22055	3.1461e+006
22056	1.3496e+007
22057	1.3621e+007
22058	-2.1776e+006
22059	1.5284e+007
22060	1.0002e+007
22061	-4.7711e+005
22062	1.5205e+007
22063	1.3486e+007
22064	1.7361e+007
22065	-1.4493e+007
22066	-1.1121e+007
22067	-2.7944e+007
22068	-1.5104e+007
22069	-9.9139e+006
22070	2.257e+007
22071	1.6693e+007
22072	-2.7626e+007
22073	-2.0302e+007
22074	-2.4137e+007
22075	-3.021e+007
22076	-3.1589e+007
22077	-3.8675e+007
22078	-4.5079e+007
22079	-5.2149e+007
22080	-4.5285e+007
22081	-1.4307e+006
22082	3.5766e+005
22083	4.104e+005
22084	3.2529e+005
22085	5.0426e+005
22086	-1.3991e+006
22087	4.2511e+005
22088	3.9438e+005
22089	6.2714e+006
22090	1.1166e+007
22091	1.7881e+007
22092	1.8463e+007
22093	1.1931e+007
22094	3.9974e+006
22095	1.1598e+007
22096	3.7358e+007
22097	1.6151e+007
22098	1.5556e+007
22099	7.6995e+006
22100	-8.719e+005
22101	2.144e+006
22102	3.0111e+007
22103	3.2926e+007
22104	4.0323e+005
22105	1.9976e+006
22106	1.4865e+006
22107	3.9661e+006
22108	6.4958e+006
22109	9.0256e+005
22110	2.2796e+006
22111	2.877e+006
22112	4.1696e+006
22113	-1.1748e+006
22114	-1.2829e+006
22115	-3.3238e+006
22116	-2.622e+006
22117	-2.9905e+006
22118	-1.4055e+006
22119	-1.119e+006
22120	-1.6611e+006
22121	-8.1171e+005
22122	-9.4878e+005
22123	-1.4762e+006
22124	-1.584e+006
22125	-1.5412e+006
22126	-9.4375e+005
22127	74361
22128	-8.0737e+005
22129	-6.0032e+005
22130	-5.6677e+007
22131	-8.37e+007
22132	-9.1091e+007
22133	-1.0009e+008
22134	-5.6521e+007
22135	-6.5037e+007
22136	-7.0852e+007
22137	-6.9981e+007
22138	-1.3646e+007
22139	-2.7291e+005
22140	-2.1815e+005
22141	-5.1778e+005
22142	-1.2288e+006
22143	-2.6395e+005
22144	-8.5173e+005
22145	-6.0746e+005
22146	1.9654e+006
22147	-8.9804e+005
22148	-1.1977e+006
22149	-7.4716e+005
22150	-1.9087e+006
22151	3.5902e+005
22152	-1.9843e+006
22153	-1.6237e+007
22154	-8.221e+005
22155	-7.5549e+005
22156	-8.6887e+006
22157	-2.4158e+007
22158	-1.0879e+006
22159	-4.9412e+006
22160	-1.6254e+007
22161	1.9208e+006
22162	1.6184e+006
22163	3.3606e+006
22164	1.1416e+007
22165	7.4143e+006
22166	7.6896e+006
22167	-5.7152e+005
22168	5.0368e+006
22169	-1.6381e+006
22170	7.3973e+006
22171	3.4675e+006
22172	9.69e+006
22173	7.1254e+006
22174	4.6615e+006
22175	-1.0851e+006
22176	1.0994e+007
22177	2.6384e+006
22178	1.8344e+007
22179	-4.6267e+006
22180	-5.5154e+005
22181	-3.0417e+007
22182	-3.4625e+007
22183	1.9474e+007
22184	9.8578e+006
22185	-2.8373e+007
22186	-3.6889e+007
22187	1.5405e+007
22188	-4.1833e+007
22189	-2.8994e+007
22190	8.6806e+006
22191	1.4502e+007
22192	-4.1047e+006
22193	-8.8939e+006
22194	-1.2206e+007
22195	-1.688e+007
22196	5.9192e+006
22197	-4.0975e+005
22198	4.0193e+006
22199	3.1688e+006
22200	8.6706e+006
22201	2.0888e+007
22202	-1.1264e+007
22203	-2.5233e+006
22204	1.5182e+007
22205	1.3943e+007
22206	9.9767e+006
22207	1.0646e+007
22208	-7.5666e+005
22209	44358
22210	-1.0427e+006
22211	-5.572e+005
22212	-7.9703e+005
22213	-4.9333e+005
22214	-2.8392e+005
22215	-4.5134e+005
22216	-2.9902e+006
22217	-7.2668e+006
22218	-2.3834e+006
22219	-1.6639e+006
22220	-2.3244e+006
22221	2.7347e+007
22222	3.5816e+006
22223	2.7379e+007
22224	3.6881e+007
22225	-6.0171e+006
22226	1.3313e+007
22227	7.3893e+006
22228	-3.4962e+006
22229	-7.3143e+006
22230	2.6817e+007
22231	4.1417e+006
22232	3.7416e+007
22233	2.7175e+007
22234	-7.9411e+006
22235	-7.1663e+006
22236	-7.966e+006
22237	-9.139e+006
22238	-7.9081e+006
22239	4.5186e+006
22240	1.061e+006
22241	-2.3828e+006
22242	-4.4407e+006
22243	2.2278e+006
22244	3.1253e+006
22245	8.8961e+006
22246	3.6674e+006
22247	2.5061e+006
22248	8.6492e+005
22249	1.1823e+006
22250	2.198e+006
22251	2.4965e+006
22252	-1.0747e+006
22253	-2784.7
22254	26707
22255	-1.2985e+005
22256	90484
22257	1.8606e+005
22258	-5.6391e+005
22259	-4.0847e+005
22260	1.6992e+005
22261	2.1448e+006
22262	-3.45e+006
22263	-3.1667e+006
22264	-3.5008e+006
22265	-2.929e+006
22266	-3.8434e+006
22267	-5.3458e+006
22268	-2.2181e+006
22269	-2.4044e+006
22270	-3.2524e+006
22271	-2.3224e+006
22272	5.8181e+005
22273	3.7487e+006
22274	8.102e+006
22275	-2.1187e+006
22276	-4.1169e+006
22277	5.7262e+006
22278	-9.6084e+006
22279	1.3864e+006
22280	-7.2747e+006
22281	9.3493e+005
22282	-2.8318e+006
22283	-7.0509e+006
22284	-8.1175e+006
22285	-2.162e+006
22286	-4.3738e+006
22287	-4.3528e+006
22288	-5.7175e+006
22289	-5.6844e+006
22290	-1.3521e+006
22291	-4.3544e+006
22292	-4.8511e+006
22293	-4.3435e+006
22294	2.7356e+005
22295	1.4778e+006
22296	-3.7783e+006
22297	6.4614e+005
22298	-5.1972e+006
22299	7.5827e+005
22300	1.3624e+006
22301	1.2836e+006
22302	1.872e+006
22303	1.3699e+006
22304	4.3071e+006
22305	3.3989e+005
22306	2.3208e+006
22307	-4.155e+005
22308	-2.8209e+006
22309	-4.9051e+005
22310	-3.9145e+006
22311	-7.1657e+005
22312	-2.8416e+006
22313	1.5828e+006
22314	2.1573e+006
22315	2.4429e+006
22316	1.4329e+006
22317	2.9912e+006
22318	1.4291e+006
22319	9.9855e+005
22320	3.3027e+006
22321	3.1575e+006
22322	1.4334e+006
22323	1.3577e+006
22324	3.0521e+006
22325	1.4577e+006
22326	1.3599e+006
22327	5.0548e+006
22328	1.5032e+007
22329	2.174e+007
22330	1.4705e+007
22331	6.9361e+005
22332	1.1802e+007
22333	1.4675e+007
22334	1.4155e+006
22335	-1.92e+006
22336	1.7222e+007
22337	-5.7381e+005
22338	-6.7486e+005
22339	-3.8844e+005
22340	-1.8511e+007
22341	-3.398e+007
22342	-1.8735e+007
22343	-1.4763e+007
22344	-2.8643e+007
22345	-75566
22346	3.7315e+006
22347	1.0301e+007
22348	5.3391e+005
22349	2.3159e+007
22350	4.1664e+006
22351	1.7518e+007
22352	1.9472e+006
22353	2.3517e+007
22354	2.0537e+007
22355	-1.0081e+006
22356	2.0114e+005
22357	1.3927e+006
22358	1.5452e+006
22359	-1.0972e+006
22360	-1.7324e+006
22361	-1.2662e+006
22362	-1.2159e+006
22363	-1.2024e+006
22364	-9.9296e+005
22365	-1.1604e+006
22366	-4.4326e+006
22367	-1.541e+006
22368	-3.2825e+006
22369	-3.4714e+006
22370	-4.565e+006
22371	-1.3761e+006
22372	-1.3671e+006
22373	-4.0574e+006
22374	5.597e+005
22375	9.3228e+005
22376	1.6297e+006
22377	1.0984e+006
22378	3.1579e+006
22379	2.9243e+006
22380	1.2134e+006
22381	2.2312e+006
22382	-1.1808e+007
22383	-1.5295e+007
22384	-8.8008e+006
22385	-1.0346e+007
22386	-7.9667e+006
22387	-9.078e+006
22388	-9.4814e+006
22389	-1.028e+007
22390	-1.3598e+007
22391	-1.5971e+007
22392	-2.0852e+007
22393	-1.2186e+007
22394	-1.2416e+007
22395	-2.3187e+007
22396	-1.0674e+007
22397	-3.065e+007
22398	-4.4002e+007
22399	-4.416e+007
22400	-3.6218e+007
22401	-4.7983e+007
22402	-7.2787e+006
22403	-1.2946e+007
22404	-1.3142e+007
22405	-7.6519e+006
22406	-5.8441e+006
22407	-5.1119e+006
22408	-9.9961e+006
22409	-3.0387e+006
22410	-6.2e+006
22411	-1.7156e+006
22412	-4.9323e+006
22413	-1.6751e+006
22414	-1.7143e+006
22415	-2.2482e+006
22416	-2.3488e+006
22417	-2.085e+006
22418	-9.8994e+006
22419	-1.516e+007
22420	-7.8313e+006
22421	-7.9089e+006
22422	-1.6774e+007
22423	-8.9426e+006
22424	-9.3461e+006
22425	-5.8539e+006
22426	-7.196e+006
22427	3.2718e+005
22428	-56236
22429	1.4175e+005
22430	1.3321e+005
22431	9.166e+005
22432	4.7781e+005
22433	4.1322e+005
22434	5.3454e+005
22435	1.4384e+007
22436	1.483e+007
22437	2.3345e+006
22438	4.1423e+006
22439	7.5044e+006
22440	4.352e+006
22441	7.7332e+006
22442	4.8746e+006
22443	1.2705e+007
22444	-1.3387e+007
22445	-1.1163e+007
22446	-6.1357e+006
22447	-9.7522e+006
22448	-8.0208e+006
22449	-1.5001e+007
22450	-7.5729e+006
22451	-6.227e+006
22452	-7.3982e+006
22453	-5.4228e+006
22454	-4.0263e+007
22455	-4.5167e+007
22456	-3.0775e+007
22457	-1.2414e+006
22458	2.4079e+005
22459	-7.5569e+006
22460	3.2583e+005
22461	9752.8
22462	-2.0237e+005
22463	1.033e+005
22464	1.3473e+007
22465	2.3153e+007
22466	1.2557e+007
22467	1.691e+007
22468	1.6636e+007
22469	-1.6424e+007
22470	-2.0262e+007
22471	-1.2833e+007
22472	-1.3556e+007
22473	-1.2659e+007
22474	-1.3632e+007
22475	8.3663e+006
22476	1.9734e+007
22477	-7.4891e+006
22478	-5.154e+006
22479	6.2855e+006
22480	2.7966e+007
22481	-1.1767e+007
22482	2.1639e+007
22483	3.2137e+007
22484	3.5087e+007
22485	4.6454e+007
22486	1.4231e+006
22487	-5.5503e+005
22488	5.6675e+006
22489	1.984e+006
22490	3.1029e+006
22491	6.3899e+005
22492	-4.8097e+005
22493	3.3232e+006
22494	1.0485e+006
22495	-1.3639e+006
22496	-8.4738e+005
22497	-8.3383e+005
22498	-7.236e+005
22499	-2.3962e+005
22500	-9.8325e+005
22501	-7.9185e+005
22502	-23950
22503	-3.8017e+005
22504	-4.9254e+007
22505	-6.4834e+007
22506	-5.2313e+007
22507	-6.0561e+007
22508	-5.208e+007
22509	-5.3901e+007
22510	-5.2286e+007
22511	3.6527e+006
22512	1.4639e+006
22513	-3.7402e+005
22514	1.9306e+006
22515	7.8049e+006
22516	44473
22517	8.8223e+005
22518	-3.5891e+006
22519	-1.8506e+007
22520	-1.0477e+007
22521	7.6387e+006
22522	3.9998e+007
22523	2.4804e+006
22524	-1.3376e+006
22525	5.5468e+005
22526	3.2793e+007
22527	4.3393e+007
22528	3.0171e+007
22529	9.6704e+006
22530	1.434e+007
22531	1.4014e+007
22532	6.2532e+006
22533	-1.8355e+005
22534	-3.7541e+006
22535	-2.4553e+006
22536	-2.6887e+006
22537	-8.5402e+005
22538	-2.1594e+007
22539	-4.333e+007
22540	-2.8199e+007
22541	-3.1891e+007
22542	2.6276e+007
22543	1.253e+007
22544	2.372e+007
22545	2.2292e+007
22546	1.109e+007
22547	-1.4548e+007
22548	-8.9094e+006
22549	-1.8082e+007
22550	-7.7691e+006
22551	1.1268e+007
22552	1.435e+007
22553	3.4114e+006
22554	2.0367e+007
22555	1.2777e+007
22556	1.6783e+007
22557	1.6611e+007
22558	2.8638e+007
22559	-1.6623e+007
22560	-1.5357e+007
22561	-1.178e+007
22562	-2.1287e+006
22563	-2.0182e+007
22564	5.4843e+007
22565	3.9804e+006
22566	-6.4063e+006
22567	6.9963e+006
22568	4.0447e+007
22569	4.9871e+007
22570	5.1815e+007
22571	3.4963e+007
22572	8.1289e+006
22573	6.1358e+006
22574	8.4154e+006
22575	7.0207e+006
22576	4.6704e+006
22577	7.4227e+006
22578	4.7966e+006
22579	7.4841e+006
22580	6.0892e+006
22581	2.4238e+007
22582	1.3136e+007
22583	-3.7417e+006
22584	2.1217e+007
22585	5.5437e+006
22586	8.3778e+005
22587	2.7445e+007
22588	2.3005e+007
22589	52775
22590	8.4024e+005
22591	97486
22592	8.2763e+005
22593	3.8884e+005
22594	-1.8772e+007
22595	2.769e+007
22596	3.3551e+007
22597	1.3201e+007
22598	1.7856e+007
22599	1.5953e+007
22600	-3.9264e+007
22601	2.817e+007
22602	-7.9892e+005
22603	3.3636e+007
22604	1.7634e+007
22605	-1.4211e+007
22606	2.5925e+007
22607	-2.7671e+007
22608	2.2843e+007
22609	-1.1253e+007
22610	-1.9824e+007
22611	9.5212e+006
22612	1.9461e+006
22613	-9.5117e+006
22614	1.1158e+007
22615	1.3974e+007
22616	2.6958e+006
22617	6.7559e+006
22618	2.3422e+006
22619	4.1456e+006
22620	2.4423e+006
22621	4.5012e+006
22622	3.3371e+006
22623	6.9506e+006
22624	5.1464e+005
22625	3.2765e+006
22626	2.7056e+006
22627	3.0536e+006
22628	-7012.5
22629	-3.5301e+005
22630	1.0992e+006
22631	2.3973e+005
22632	-1.2442e+006
22633	-1.6885e+007
22634	-1.4061e+007
22635	-1.6784e+007
22636	-5.1388e+006
22637	-6.2338e+006
22638	-1.5625e+007
22639	-1.1151e+007
22640	-9.5625e+006
22641	-9.4704e+005
22642	-2.7982e+005
22643	-6.9181e+005
22644	-2.934e+005
22645	-3.06e+005
22646	-9.6582e+005
22647	-4.2797e+005
22648	-1.3675e+006
22649	-1.7674e+006
22650	-5.5094e+005
22651	42856
22652	3.9027e+006
22653	4.4378e+006
22654	8.9806e+005
22655	3.8353e+006
22656	1.5952e+006
22657	8.6596e+005
22658	1.849e+006
22659	2.1458e+007
22660	5.2831e+006
22661	2.0157e+007
22662	7.3244e+006
22663	1.1624e+007
22664	-2.2219e+006
22665	1.481e+006
22666	3.8281e+006
22667	1.1754e+006
22668	-4.0807e+006
22669	-13097
22670	9.1823e+005
22671	-1.693e+006
22672	-1.251e+006
22673	-1.216e+006
22674	-1.1146e+006
22675	-2.7817e+006
22676	-1.4665e+006
22677	1.009e+007
22678	1.0671e+007
22679	4.1393e+006
22680	-3.794e+006
22681	-4.0178e+006
22682	4.312e+006
22683	-46460
22684	7.6623e+006
22685	1.008e+006
22686	-1.933e+006
22687	-3.6574e+006
22688	-5.8124e+006
22689	-5.3022e+006
22690	1.0938e+006
22691	-3.3669e+006
22692	-3.8189e+005
22693	-5.0353e+005
22694	-3.9547e+005
22695	-5.2881e+005
22696	1.7753e+006
22697	-1.0279e+006
22698	9.0275e+005
22699	-1.0679e+006
22700	-3.5505e+005
22701	-3.6044e+005
22702	-69686
22703	1.3894e+006
22704	-1.0867e+006
22705	3.6645e+006
22706	3.2305e+006
22707	2.5294e+006
22708	2.6541e+006
22709	1.9798e+006
22710	1.6132e+006
22711	3.6771e+006
22712	-1.6872e+005
22713	7.6979e+005
22714	9.3986e+005
22715	1.5497e+006
22716	4.6415e+005
22717	1.1588e+006
22718	-7.1682e+005
22719	2.8561e+006
22720	-2.7856e+006
22721	-3.1027e+006
22722	-1.6583e+006
22723	-1.5245e+006
22724	-6.2963e+005
22725	-3.956e+006
22726	-3.0599e+007
22727	-2.2247e+007
22728	2.5818e+007
22729	1.5684e+007
22730	2.6874e+007
22731	2.879e+007
22732	4.3766e+007
22733	-2.2321e+007
22734	-1.0818e+007
22735	-8.4441e+006
22736	4.0906e+007
22737	-2.1999e+007
22738	-4.0526e+007
22739	4.9532e+007
22740	4.455e+007
22741	1.0807e+007
22742	4.4301e+007
22743	3.9111e+006
22744	-5.5738e+005
22745	5.2949e+006
22746	-3.2413e+006
22747	6.3319e+006
22748	-2.2396e+006
22749	-3.1992e+006
22750	6.6098e+006
22751	-3.4375e+006
22752	-1.1359e+006
22753	-3.1855e+006
22754	-1.1064e+006
22755	-2.7405e+006
22756	-8.074e+005
22757	-7.066e+005
22758	-4.2308e+005
22759	-1.3894e+006
22760	-3.5931e+005
22761	-2.0572e+006
22762	-1.0924e+006
22763	6.5041e+006
22764	6.8771e+006
22765	-2.8902e+006
22766	-1.7533e+006
22767	1.4094e+007
22768	-1.4769e+006
22769	5.8126e+006
22770	1.1583e+007
22771	-1.2015e+006
22772	-2.9365e+006
22773	-1.0283e+006
22774	-2.5386e+006
22775	-5.8018e+005
22776	-1.886e+006
22777	2.3212e+006
22778	1.9895e+006
22779	-2.3722e+006
22780	-8.2535e+005
22781	5.4254e+005
22782	-6.1501e+005
22783	1.6989e+006
22784	-1.8366e+005
22785	-7.5575e+005
22786	1.8236e+006
22787	-1.0142e+006
22788	-2.0051e+006
22789	-1.1167e+006
22790	-2.0921e+006
22791	-5.231e+005
22792	-2.5245e+006
22793	-8.1344e+005
22794	-2.0823e+006
22795	3.3722e+006
22796	2.4127e+006
22797	3.5691e+006
22798	3.6938e+006
22799	4.4437e+006
22800	9.7457e+006
22801	-6.49e+005
22802	3.6758e+006
22803	1.3333e+007
22804	9.9179e+005
22805	-3.2883e+006
22806	-1.8911e+006
22807	1.588e+007
22808	4.1198e+006
22809	4.5598e+006
22810	7.1319e+005
22811	2.9586e+006
22812	3.2374e+006
22813	1.3173e+006
22814	3.3622e+006
22815	-8.062e+006
22816	-6.9079e+006
22817	-3.1471e+006
22818	-2.459e+006
22819	-3.3574e+006
22820	-3.1196e+006
22821	-5.4664e+006
22822	-2.4588e+006
22823	-2.0195e+006
22824	1.2058e+006
22825	1.4247e+006
22826	3.122e+006
22827	-3.2788e+006
22828	-2.4284e+006
22829	-3.648e+006
22830	-2.2062e+006
22831	-2.497e+006
22832	-1.8242e+006
22833	-1.5068e+006
22834	-2.8876e+006
22835	-4.661e+006
22836	-3.4607e+006
22837	-2.8929e+006
22838	-2.7892e+006
22839	-2.1282e+006
22840	-2.8633e+006
22841	-3.8488e+006
22842	-3.1974e+006
22843	-1.6167e+006
22844	-2.5695e+006
22845	-2.2352e+006
22846	-1.9148e+006
22847	-3.3978e+006
22848	3.5503e+006
22849	-4.9076e+006
22850	-6.649e+006
22851	-6.8379e+006
22852	-7.9315e+006
22853	-4.7336e+006
22854	-7.948e+006
22855	-3.3986e+007
22856	-9.2688e+006
22857	-2.6043e+007
22858	-1.9593e+007
22859	-1.4586e+007
22860	-1.0709e+007
22861	4.9403e+006
22862	5.2725e+006
22863	8.7346e+006
22864	5.048e+006
22865	3.098e+006
22866	2.668e+006
22867	6.1712e+006
22868	1.8546e+006
22869	-2.0171e+006
22870	-2.9697e+005
22871	2.8966e+006
22872	4.7483e+006
22873	5.3013e+005
22874	-3.2382e+006
22875	-3.5021e+006
22876	-1.4536e+006
22877	4.6361e+005
22878	-1.1019e+006
22879	-1.2454e+006
22880	1.9858e+006
22881	3.3715e+006
22882	-1.4046e+006
22883	-4.8882e+005
22884	-1.2844e+005
22885	7.2787e+005
22886	-1.1273e+006
22887	6.5334e+005
22888	-3.9396e+005
22889	7.8494e+005
22890	4.2692e+006
22891	4.394e+006
22892	72106
22893	1.6474e+006
22894	7.7146e+005
22895	1.7872e+006
22896	5.2561e+005
22897	1.7045e+006
22898	2.0856e+006
22899	-1.4482e+007
22900	9.5905e+006
22901	1.9092e+007
22902	-3.5491e+007
22903	-2.3805e+007
22904	-2.5103e+007
22905	9.2892e+006
22906	-1.3867e+007
22907	1.9628e+007
22908	-2.3655e+006
22909	-1.0338e+006
22910	-4.4152e+006
22911	-5.0299e+006
22912	-2.5112e+006
22913	-5.8375e+006
22914	9.0378e+005
22915	4.4299e+005
22916	1.522e+006
22917	3.2731e+006
22918	1.549e+006
22919	2.8123e+006
22920	3.1677e+006
22921	1.0025e+006
22922	1.4755e+006
22923	4.3028e+005
22924	-1.1382e+006
22925	2.7778e+005
22926	1.938e+006
22927	1.4694e+006
22928	-1.7774e+006
22929	-9.6419e+005
22930	-2.3919e+005
22931	-1.2024e+006
22932	-1.1156e+006
22933	-1.8137e+006
22934	-5.6071e+005
22935	-1.6079e+006
22936	-1.5906e+006
22937	-4.4765e+005
22938	2.6285e+006
22939	2.5675e+006
22940	1.3111e+006
22941	-1.9563e+006
22942	-1.5329e+006
22943	-1.4271e+006
22944	-1.0154e+006
22945	-1.1146e+005
22946	-3.1257e+005
22947	-1.2568e+006
22948	-1.3996e+006
22949	-8.5026e+005
22950	1.4468e+006
22951	-3.4741e+005
22952	-6.4085e+005
22953	2.9468e+005
22954	-3.8e+005
22955	-4.6465e+005
22956	-4.3439e+005
22957	-1.8446e+005
22958	-1.2789e+007
22959	-1.8038e+007
22960	-2.3789e+007
22961	-1.1333e+007
22962	-1.0435e+007
22963	1.4899e+005
22964	3.7908e+005
22965	-2.5067e+006
22966	32292
22967	-2.4327e+006
22968	-4.9254e+005
22969	4.4421e+005
22970	-9.0317e+005
22971	62157
22972	1.1344e+006
22973	-8.4829e+005
22974	-6.3509e+005
22975	-2.6582e+006
22976	1.1218e+006
22977	6.8303e+005
22978	-2.2556e+005
22979	3.304e+005
22980	6.8665e+005
22981	1.2405e+006
22982	1.1186e+006
22983	2.802e+006
22984	1.6836e+005
22985	5.8425e+005
22986	1.7921e+006
22987	2.4101e+006
22988	1.717e+006
22989	8.7897e+005
22990	-3.9395e+007
22991	-5.1161e+007
22992	-4.1533e+007
22993	-4.8242e+006
22994	-6.3389e+006
22995	-7.1378e+006
22996	6.5651e+006
22997	-8.4938e+006
22998	-8.9189e+006
22999	-9.9425e+006
23000	5.1371e+006
23001	-8.6522e+006
23002	-1.4457e+007
23003	6.657e+006
23004	3.1322e+007
23005	2.7739e+007
23006	3.3316e+007
23007	2.9656e+007
23008	1.2255e+007
23009	4.8336e+006
23010	4.1607e+007
23011	1.2522e+007
23012	3.2648e+007
23013	2.7831e+007
23014	-87950
23015	2.034e+005
23016	-1.3024e+005
23017	-9.8448e+007
23018	-1.1698e+008
23019	-9.1615e+007
23020	-7.5068e+007
23021	-59557
23022	-44842
23023	-75581
23024	-4.4621e+006
23025	-7.1258e+006
23026	-9.9955e+006
23027	2.0832e+006
23028	-6.272e+006
23029	-1.7209e+006
23030	-8.7707e+006
23031	-30354
23032	-3.6514e+007
23033	-2.2923e+006
23034	7.9689e+006
23035	9.9479e+006
23036	3.3752e+006
23037	1.1397e+005
23038	-3.0272e+007
23039	1.3516e+007
23040	-3.0883e+007
23041	-2.649e+007
23042	-5.4045e+005
23043	6.9952e+005
23044	9.0109e+005
23045	1.9988e+006
23046	9.9087e+005
23047	6.5723e+005
23048	-91935
23049	78386
23050	-22846
23051	5.7403e+006
23052	1.1601e+007
23053	6.6192e+006
23054	-4.2986e+007
23055	-6.1213e+007
23056	9.3082e+006
23057	-3.5182e+007
23058	-4.79e+007
23059	-4.9489e+007
23060	-1.7699e+007
23061	-2.8976e+006
23062	-9.9702e+006
23063	3.2002e+006
23064	2.2127e+006
23065	-1.3109e+007
23066	-1.2083e+007
23067	-4.0853e+007
23068	-4.1279e+007
23069	-4.8825e+007
23070	-4.2991e+007
23071	8.3526e+006
23072	1.2072e+007
23073	2.3877e+007
23074	2.5179e+007
23075	1.5053e+007
23076	4.8701e+006
23077	6.9836e+006
23078	7.6595e+006
23079	5.2039e+006
23080	7.0989e+006
23081	7.057e+006
23082	4.8169e+006
23083	2.0968e+006
23084	3.0262e+005
23085	2.3753e+005
23086	9.4471e+005
23087	2.7003e+005
23088	1.2197e+005
23089	1.5357e+006
23090	2.7795e+005
23091	5.6331e+005
23092	4.6557e+005
23093	3.3186e+007
23094	2.5195e+007
23095	3.4144e+007
23096	2.8846e+007
23097	2.1311e+007
23098	1.7445e+007
23099	2.2411e+007
23100	1.6119e+007
23101	1.5894e+007
23102	6.3174e+006
23103	4.773e+006
23104	6.1896e+006
23105	2.7735e+006
23106	1.1936e+007
23107	1.2678e+007
23108	2.0885e+007
23109	1.0358e+007
23110	6.5672e+006
23111	3.9823e+006
23112	6.6996e+006
23113	5.1356e+006
23114	3.561e+006
23115	5.8047e+006
23116	-2.0681e+006
23117	-4.7861e+006
23118	-3.6458e+006
23119	-8.6284e+005
23120	-1.9546e+006
23121	-1.6213e+006
23122	-1.5628e+006
23123	79371
23124	2.5017e+005
23125	-1.7962e+006
23126	38523
23127	-2.244e+006
23128	-3.7911e+005
23129	-6.5906e+005
23130	-1.5938e+006
23131	-3.7257e+005
23132	-2.4305e+005
23133	-2.4493e+005
23134	-9.1463e+005
23135	-5.0833e+005
23136	-1.2696e+006
23137	-3.0474e+005
23138	-9.5068e+005
23139	-1.9194e+005
23140	-15740
23141	15047
23142	-4.1553e+005
23143	-3.1549e+005
23144	1.7434e+006
23145	-4.5502e+005
23146	-49928
23147	-7.2235e+005
23148	-9511.9
23149	-14901
23150	3.0488e+006
23151	-1.0962e+007
23152	-7.4367e+006
23153	-6.1195e+006
23154	-6.1652e+006
23155	3.0193e+006
23156	-9.3215e+006
23157	-1.024e+007
23158	5.2961e+005
23159	-1.1689e+007
23160	-6727.7
23161	-1.1198e+005
23162	-1.2948e+006
23163	-1.611e+006
23164	-3.7068e+005
23165	-2.2528e+006
23166	-1.6181e+006
23167	-2.9357e+005
23168	1.4722e+006
23169	5.1272e+005
23170	-1.8472e+005
23171	-2.1348e+005
23172	3.0002e+005
23173	8.1048e+005
23174	-3.378e+006
23175	5.451e+005
23176	1.4564e+006
23177	4.0952e+005
23178	-6.2334e+006
23179	-3.2674e+006
23180	-3.64e+006
23181	-8.2725e+006
23182	-3.1559e+006
23183	1.9624e+006
23184	-2.8691e+006
23185	-3.1531e+006
23186	-2.4406e+006
23187	1.4575e+006
23188	-2.7031e+006
23189	1.5823e+006
23190	1.9128e+006
23191	-1.293e+006
23192	-3.9935e+006
23193	-2.9333e+007
23194	-3.5031e+007
23195	-5.1159e+007
23196	3.1149e+006
23197	-6.2667e+005
23198	5.5376e+006
23199	-1.8923e+006
23200	-1.0314e+006
23201	4.2682e+006
23202	3.2539e+006
23203	-1.1459e+006
23204	2.2047e+006
23205	3.9813e+006
23206	3.2908e+005
23207	5.0183e+006
23208	-2.4115e+006
23209	1.2952e+006
23210	3.902e+006
23211	3.749e+006
23212	-2.855e+006
23213	-9.4673e+005
23214	-8.4593e+005
23215	-5.6241e+005
23216	-4.9864e+005
23217	-1.8045e+006
23218	3.0375e+006
23219	1.9966e+006
23220	1.8058e+006
23221	2.7171e+006
23222	-7.4553e+006
23223	-1.0547e+007
23224	-7.3962e+006
23225	-9.743e+006
23226	-1.463e+007
23227	-2.6679e+006
23228	-3.0664e+006
23229	-1.8557e+006
23230	-1.4954e+006
23231	-2.1139e+006
23232	-2.4942e+006
23233	-2.1982e+006
23234	-3.2764e+006
23235	-5.0462e+006
23236	-3.6486e+006
23237	-3.4382e+006
23238	-6.9757e+006
23239	-3.0069e+006
23240	-7.2927e+006
23241	-3.579e+006
23242	1.3946e+007
23243	1.3051e+007
23244	1.6299e+007
23245	1.1585e+007
23246	1.2544e+007
23247	1.4748e+007
23248	-9.3844e+007
23249	-9.5677e+007
23250	-7.1728e+007
23251	-7.0317e+007
23252	-6.3453e+007
23253	2.4345e+007
23254	1.6435e+007
23255	1.621e+007
23256	7.1664e+006
23257	9.4101e+006
23258	-3.6238e+006
23259	-1.7521e+006
23260	-2.9724e+006
23261	-1.3918e+006
23262	-1.4322e+006
23263	-2.2708e+006
23264	-1.9616e+006
23265	-1.6835e+006
23266	-1.3492e+006
23267	-2.5118e+006
23268	-4.397e+005
23269	7.0913e+005
23270	-56735
23271	-2.0028e+005
23272	-3.7575e+006
23273	-1.8421e+006
23274	-2.7929e+006
23275	-9.7994e+006
23276	2.2369e+006
23277	1.3213e+006
23278	-3.723e+006
23279	-2.7581e+006
23280	-6.3198e+005
23281	-5.1749e+006
23282	-7.3192e+005
23283	-2.2335e+006
23284	-2.7157e+006
23285	-2.1515e+006
23286	-3.0465e+006
23287	-2.4186e+006
23288	-2.0843e+006
23289	-1.7638e+006
23290	-1.9501e+006
23291	-2.7981e+006
23292	-3.632e+006
23293	-1.8681e+006
23294	-4.2849e+006
23295	-2.4134e+006
23296	-4.4598e+006
23297	-3.0492e+005
23298	54215
23299	-1.3655e+005
23300	1.5421e+005
23301	-9.0274e+005
23302	-1.8949e+006
23303	-1.7123e+006
23304	-9.2967e+005
23305	-6.7974e+005
23306	-3.5349e+006
23307	-2.7249e+006
23308	-1.9559e+006
23309	-2.5191e+006
23310	-2.9396e+006
23311	-2.979e+005
23312	-1.1796e+006
23313	-2.2976e+006
23314	-2.2626e+006
23315	-3.2813e+006
23316	-3.8283e+006
23317	4.1852e+005
23318	51741
23319	8.5045e+005
23320	1.9255e+006
23321	2.6081e+006
23322	3.853e+005
23323	2.1419e+006
23324	-3.0911e+006
23325	-5.7736e+006
23326	-2.8126e+006
23327	-4.0686e+006
23328	-6.4551e+006
23329	8.473e+006
23330	1.3674e+007
23331	1.0818e+007
23332	-2.3829e+007
23333	-1.5392e+007
23334	-2.1864e+007
23335	-2.6163e+007
23336	-1.7812e+006
23337	1.0024e+007
23338	-1.2106e+007
23339	1.1996e+006
23340	-3.3103e+007
23341	-5.1319e+007
23342	-1.1711e+006
23343	-5.1869e+006
23344	-2.31e+006
23345	-4.3331e+006
23346	16109
23347	-1.9004e+006
23348	2.1798e+005
23349	1.9086e+006
23350	-1.1024e+006
23351	-1.4401e+006
23352	-4.319e+006
23353	1.0315e+006
23354	21644
23355	-1.635e+006
23356	-1.7356e+006
23357	7.5369e+005
23358	-1.1496e+006
23359	-3.262e+006
23360	3.1676e+006
23361	-1.7224e+006
23362	1.0175e+005
23363	-3.8348e+006
23364	1.3681e+006
23365	-1.7539e+005
23366	1.3028e+005
23367	3.7983e+007
23368	3.3389e+007
23369	-2.5761e+005
23370	-8.6866e+005
23371	3.6806e+007
23372	1.3128e+007
23373	-8.3865e+006
23374	-3.3793e+006
23375	1.17e+007
23376	4.9832e+005
23377	-8.4721e+007
23378	-7.3217e+007
23379	-8.6863e+007
23380	-1.0293e+008
23381	-4.3946e+007
23382	-7.7565e+007
23383	-7.5117e+006
23384	3.7102e+005
23385	-4.1003e+006
23386	1.5833e+005
23387	2.4811e+005
23388	-85527
23389	1.2417e+007
23390	4.9956e+006
23391	2.6582e+007
23392	2.6707e+007
23393	6.2029e+006
23394	3.281e+007
23395	2.7993e+007
23396	-4.2309e+007
23397	-3.2215e+007
23398	-3.2447e+007
23399	-3.1249e+007
23400	-5.8241e+007
23401	-1.765e+007
23402	-2.3962e+007
23403	-2.8277e+007
23404	-1.6838e+007
23405	-3.3393e+007
23406	-1.4841e+006
23407	9.0142e+006
23408	1.1963e+007
23409	-1.4142e+007
23410	-9.7131e+007
23411	-1.1352e+008
23412	-8.3355e+007
23413	-8.9571e+007
23414	-9.2502e+006
23415	4.1209e+006
23416	2.533e+007
23417	1.5977e+007
23418	-1.0522e+007
23419	5.8436e+006
23420	2.1637e+006
23421	-7.6052e+006
23422	-6.407e+006
23423	1.0068e+007
23424	7.7484e+006
23425	1.7941e+006
23426	3.9579e+006
23427	1.373e+006
23428	4.682e+006
23429	1.0288e+007
23430	5.5924e+006
23431	5.1307e+006
23432	3.5763e+006
23433	3.6071e+006
23434	4.127e+006
23435	1.431e+006
23436	1.3095e+005
23437	2.6738e+006
23438	-1.5835e+006
23439	-1.1619e+006
23440	-5.3696e+005
23441	-2.6762e+005
23442	-3.5921e+006
23443	8.7719e+006
23444	-2.4552e+006
23445	1.3392e+007
23446	-5.8345e+006
23447	1.0882e+007
23448	-1.8881e+006
23449	-2.15e+007
23450	-2.0341e+007
23451	-1.4278e+007
23452	-7.98e+005
23453	-5.7154e+006
23454	5.7902e+005
23455	-1.3044e+007
23456	-2.024e+007
23457	4.4371e+006
23458	2.9499e+006
23459	86385
23460	1.8268e+006
23461	1.2342e+005
23462	2.4289e+006
23463	1.0182e+006
23464	-9.2425e+005
23465	-1.0873e+005
23466	1.3141e+006
23467	40594
23468	-1.4752e+006
23469	-5.0417e+005
23470	-6.4331e+005
23471	-2.6304e+005
23472	-80367
23473	41961
23474	-1.5828e+006
23475	-2.8146e+006
23476	-2.0436e+006
23477	-2.0628e+006
23478	-1.5982e+006
23479	58346
23480	-1.0398e+007
23481	-2.1284e+007
23482	-1.3596e+007
23483	-2.321e+007
23484	9.0292e+006
23485	-1.6038e+007
23486	-9.9634e+006
23487	-1.8893e+007
23488	6.407e+006
23489	-2.6679e+007
23490	-2.2051e+007
23491	-9.6629e+006
23492	-6.4799e+006
23493	-6.9123e+006
23494	-2.719e+006
23495	-3.1514e+006
23496	-1.8205e+006
23497	-7.6438e+006
23498	-5.6639e+006
23499	-2.5128e+006
23500	-9.7463e+006
23501	-1.2892e+007
23502	-1.0736e+007
23503	-1.1053e+007
23504	-1.5764e+007
23505	-1.4818e+007
23506	-3.329e+006
23507	-2.7891e+006
23508	-2.4931e+006
23509	-4.6929e+006
23510	-2.8363e+006
23511	-5.3158e+006
23512	-6.1155e+006
23513	-6.0575e+006
23514	7.4178e+006
23515	1.1496e+007
23516	2.493e+007
23517	2.6588e+007
23518	2.3019e+007
23519	1.1759e+007
23520	3.485e+006
23521	2.8325e+006
23522	3.6103e+006
23523	3.6726e+006
23524	-4.032e+006
23525	-1.9901e+006
23526	-8.5636e+005
23527	-1.6949e+006
23528	-1.3295e+006
23529	-9.999e+005
23530	1.3945e+006
23531	5.984e+005
23532	-1.296e+006
23533	1.5022e+006
23534	-3.2259e+006
23535	8107.3
23536	-1.6913e+006
23537	-2.5516e+006
23538	-3.3976e+006
23539	-4.8225e+006
23540	-4.6887e+006
23541	-2.3583e+006
23542	-2.247e+006
23543	-1.8217e+006
23544	-2.3494e+006
23545	-2.8226e+006
23546	2.0433e+006
23547	-1.1002e+005
23548	-3.0548e+005
23549	5.1087e+005
23550	-1.0943e+006
23551	8.363e+005
23552	-4.7452e+005
23553	1.947e+006
23554	-1.1343e+006
23555	-8.5519e+005
23556	-2.0508e+006
23557	-2.0335e+006
23558	-6.1178e+005
23559	-1.7921e+006
23560	-1.4884e+006
23561	-1.279e+006
23562	-2.9321e+006
23563	-1.298e+006
23564	-9.9695e+005
23565	-1.0242e+006
23566	-1.3761e+006
23567	-9.6091e+005
23568	-9.5258e+005
23569	-7.4318e+005
23570	1.9236e+005
23571	4.5797e+005
23572	-6.3038e+005
23573	-1.102e+006
23574	-1.427e+005
23575	2.476e+006
23576	2.0074e+006
23577	-6.6441e+005
23578	-1.1552e+007
23579	-6.2574e+006
23580	-4.1601e+006
23581	-6.4506e+006
23582	-1.0875e+006
23583	-3.9388e+006
23584	-3.7174e+006
23585	-8.6016e+006
23586	-7.4804e+006
23587	-1.525e+006
23588	4.1516e+005
23589	1.2441e+006
23590	8.4854e+005
23591	9.6986e+005
23592	-5.7382e+006
23593	-5.2706e+006
23594	1.1254e+006
23595	6.9145e+005
23596	-2.8549e+007
23597	-5.4575e+007
23598	-4.4801e+007
23599	-1.2817e+007
23600	-4.3016e+006
23601	-6.038e+006
23602	3.8599e+006
23603	6.103e+006
23604	6.3896e+006
23605	7.9634e+005
23606	-7.2798e+005
23607	-2.5324e+006
23608	6.0911e+005
23609	4.0634e+006
23610	-5.1333e+006
23611	-4.1654e+005
23612	-1.4642e+006
23613	-4.9937e+005
23614	-1.2117e+006
23615	-1.327e+005
23616	-1.2309e+006
23617	-1.0573e+005
23618	-3.5899e+005
23619	-6.5217e+005
23620	-2.4627e+006
23621	-1.9981e+006
23622	-2.2537e+006
23623	4.5302e+006
23624	1.7168e+007
23625	3.4459e+006
23626	4.6179e+006
23627	1.7624e+006
23628	2.2588e+007
23629	2.7063e+007
23630	-2.5322e+006
23631	-3.5395e+006
23632	-1.0556e+006
23633	-9.4674e+005
23634	-1.7933e+006
23635	-4.1401e+006
23636	-6.9318e+005
23637	-6.0233e+006
23638	-6.396e+006
23639	-5.5455e+006
23640	-1.1028e+007
23641	-9.1897e+006
23642	-8.7378e+006
23643	-7.7781e+006
23644	-3.4299e+006
23645	-2.5795e+006
23646	-8.0624e+006
23647	-6.2236e+006
23648	-2.5099e+006
23649	-2.1477e+006
23650	-4.09e+006
23651	-4.7824e+006
23652	-3.5926e+006
23653	-6.2739e+006
23654	-4.5343e+006
23655	-5.796e+005
23656	3.6676e+006
23657	3.3514e+006
23658	5.2717e+005
23659	-4.5857e+006
23660	-2.2553e+006
23661	-2.4814e+006
23662	-2.2464e+006
23663	-5.6957e+006
23664	-1.7564e+006
23665	-2.7196e+006
23666	-1.2427e+006
23667	-1.2007e+006
23668	-2.6865e+006
23669	-2.9521e+006
23670	-4.1718e+006
23671	-3.3184e+006
23672	-6.1444e+006
23673	-5.1847e+006
23674	-3.9844e+006
23675	-4.2622e+006
23676	-2.8289e+006
23677	-6.8265e+006
23678	-2.8577e+006
23679	-3.4297e+006
23680	-6.0222e+006
23681	-1.6917e+006
23682	-5.6653e+005
23683	-8.1979e+005
23684	-1.113e+006
23685	-6.3997e+005
23686	-1.7416e+007
23687	-2.2964e+007
23688	-1.4528e+007
23689	-1.669e+007
23690	-2.0999e+007
23691	-1.1925e+007
23692	-9.8278e+006
23693	-1.2118e+007
23694	-9.6065e+006
23695	-1.4269e+007
23696	-7.2963e+005
23697	2.0591e+005
23698	-8.9705e+005
23699	-1.2915e+005
23700	-2.3828e+006
23701	2.7936e+006
23702	3.4145e+006
23703	3.7399e+006
23704	4.8506e+006
23705	2.0484e+006
23706	-6.0106e+006
23707	-3.6802e+006
23708	-3.5689e+006
23709	-3.2678e+006
23710	-5.1978e+006
23711	4.1936e+006
23712	5.0974e+006
23713	1.9039e+006
23714	2.9809e+006
23715	1.5031e+006
23716	4.3013e+006
23717	2.8072e+006
23718	-3.5945e+006
23719	-4.6126e+006
23720	-3.2291e+006
23721	-2.8995e+006
23722	7.0099e+006
23723	5.8869e+006
23724	6.489e+006
23725	5.3742e+006
23726	5.4454e+006
23727	3.4021e+006
23728	3.4329e+006
23729	3.9528e+006
23730	5.5606e+006
23731	-43246
23732	4.2992e+006
23733	-5.4697e+006
23734	1.621e+007
23735	-4.2715e+006
23736	9.8839e+006
23737	3.9296e+006
23738	1.1849e+007
23739	6.6921e+006
23740	-2.8225e+006
23741	4.851e+006
23742	6.0934e+006
23743	-1.1701e+005
23744	2.6116e+005
23745	3.6538e+005
23746	2.2195e+005
23747	1.3447e+006
23748	-3.1186e+005
23749	-4.1252e+005
23750	-1.4867e+005
23751	4.3157e+005
23752	-3.3337e+006
23753	2.0169e+006
23754	-1.0578e+006
23755	1.007e+006
23756	-6.4959e+005
23757	93842
23758	6.8972e+005
23759	2.2456e+005
23760	1.9812e+006
23761	4.501e+005
23762	-1.7999e+006
23763	-3.7232e+006
23764	-2.7527e+006
23765	-2.098e+006
23766	-2.2842e+006
23767	-1.1094e+005
23768	-1.7124e+006
23769	-2.5605e+006
23770	-2.1946e+006
23771	-1.6305e+006
23772	-2.5277e+006
23773	1.9152e+006
23774	4.1369e+005
23775	-68529
23776	2.585e+006
23777	-2.4608e+006
23778	-2.1516e+006
23779	-6.2972e+005
23780	-1.7658e+006
23781	-2.934e+006
23782	-3.5404e+006
23783	-2.6043e+006
23784	-1.8913e+006
23785	1.4369e+005
23786	-2.1703e+006
23787	-1.4975e+006
23788	-5.7458e+006
23789	-2.0321e+006
23790	5.473e+005
23791	-4.3342e+006
23792	-1.7644e+006
23793	-6.7274e+005
23794	-3.2544e+005
23795	-5.7275e+005
23796	-1.0585e+006
23797	-1.6313e+006
23798	-3.4125e+006
23799	-6.153e+006
23800	-2.4464e+006
23801	-5.2922e+006
23802	7441.
23803	-1.1229e+007
23804	-1.594e+007
23805	-2.303e+006
23806	-1.7094e+006
23807	-5.3874e+006
23808	-1.5999e+006
23809	-3.2685e+006
23810	-9.7592e+005
23811	2.5497e+006
23812	1.3006e+007
23813	-2.5398e+005
23814	-3.8931e+006
23815	-2.2509e+006
23816	-3.3013e+006
23817	-2.0801e+006
23818	-4.1265e+006
23819	-2.6222e+006
23820	-4.2699e+006
23821	-1.3802e+006
23822	67334
23823	8.524e+006
23824	1.6731e+007
23825	2.497e+005
23826	3.0122e+006
23827	9.6449e+006
23828	-3.2188e+005
23829	2.4135e+006
23830	4.3548e+006
23831	36398
23832	-4.1428e+006
23833	9.1986e+006
23834	7.6206e+006
23835	3.8301e+006
23836	1.2453e+006
23837	2.503e+006
23838	3.9665e+006
23839	3.094e+006
23840	3.716e+006
23841	2.1216e+006
23842	2.0238e+006
23843	4.2694e+006
23844	2.4896e+006
23845	2.2569e+006
23846	2.7768e+006
23847	4.3846e+006
23848	2.1027e+006
23849	2.6235e+007
23850	8.8345e+006
23851	7.8109e+006
23852	2.289e+007
23853	9.1011e+006
23854	2.441e+007
23855	-3.2037e+007
23856	-2.3681e+007
23857	-3.3749e+007
23858	34084
23859	49803
23860	-20313
23861	2.2962e+005
23862	5.0824e+005
23863	-6.1264e+005
23864	-1.4805e+005
23865	2.6796e+005
23866	2.2366e+006
23867	5.125e+005
23868	1.7758e+006
23869	-33939
23870	2.2593e+006
23871	5.3521e+005
23872	4.5951e+005
23873	4.2889e+007
23874	1.9322e+007
23875	3.3086e+007
23876	9.9305e+006
23877	-2.1922e+006
23878	1.9432e+007
23879	5.2927e+007
23880	-5.0121e+006
23881	-4.3899e+006
23882	-6.9848e+006
23883	-6.025e+006
23884	-5.7538e+006
23885	-4.8247e+006
23886	-1.6636e+006
23887	-2.8423e+006
23888	-1.3803e+006
23889	-1.5637e+006
23890	-2.8325e+006
23891	-2.0494e+006
23892	-2.6222e+006
23893	-2.8842e+005
23894	-1.2547e+006
23895	-2.2465e+005
23896	-1.9225e+006
23897	-9.577e+005
23898	-1.5305e+006
23899	21981
23900	-2.1136e+006
23901	-34399
23902	-2.0957e+005
23903	-6.8279e+007
23904	-6.5905e+007
23905	-7.946e+007
23906	-9.7987e+007
23907	-4.6654e+007
23908	-5.0518e+006
23909	-5.8874e+007
23910	-7.0421e+007
23911	-4.6387e+007
23912	-3.5151e+007
23913	-1.6567e+006
23914	-1.7906e+005
23915	1.2347e+006
23916	-76108
23917	-7.3593e+005
23918	-23091
23919	2.6228e+005
23920	6.0937e+006
23921	6.4417e+006
23922	7.1997e+006
23923	6.5972e+006
23924	3.0351e+006
23925	3.6278e+006
23926	4.6109e+006
23927	2.6593e+006
23928	5.8708e+006
23929	5.0018e+006
23930	2.4642e+006
23931	3.9163e+006
23932	-2.3016e+005
23933	1.9739e+006
23934	1.8288e+006
23935	-8.2928e+005
23936	6.6463e+005
23937	28937
23938	4.2781e+006
23939	-8.6745e+005
23940	1.2893e+005
23941	-6.4521e+007
23942	-3.2693e+007
23943	-4.0359e+007
23944	-1.1013e+007
23945	-5.0745e+007
23946	-5.8488e+007
23947	7.4757e+006
23948	-9.3758e+006
23949	-6.2186e+007
23950	-5.8412e+007
23951	-9.8963e+007
23952	-6.8799e+007
23953	-5.5396e+007
23954	-6.9727e+007
23955	-2.1945e+007
23956	-1.2521e+007
23957	1.0788e+007
23958	3.1977e+006
23959	7.203e+006
23960	4.8371e+006
23961	4.5047e+006
23962	-2.1924e+006
23963	-4.068e+006
23964	-2.2297e+006
23965	-2.2332e+006
23966	-3.3855e+006
23967	-4.2114e+006
23968	-3.6161e+007
23969	-3.8023e+006
23970	-5.7624e+007
23971	-6.7298e+007
23972	-6.9171e+007
23973	-4.5138e+007
23974	-4.3245e+007
23975	-8.2689e+005
23976	-3.2908e+006
23977	-9.0374e+006
23978	-4.4108e+006
23979	-5.3139e+006
23980	-2.8813e+006
23981	-8.5038e+006
23982	-3.0358e+007
23983	-4.6913e+007
23984	-4.841e+007
23985	-4.9338e+007
23986	-1.5569e+006
23987	2.7616e+006
23988	-1.772e+007
23989	-3.6971e+007
23990	-4.4713e+007
23991	-3.5649e+006
23992	-4.0676e+006
23993	-5.1013e+006
23994	-5.5048e+006
23995	-2.8255e+006
23996	-2.0126e+006
23997	-5.5823e+006
23998	-4.2364e+006
23999	-2.0901e+006
24000	-3.4323e+006
24001	-2.5037e+007
24002	-1.2121e+007
24003	-1.0313e+007
24004	-1.6681e+007
24005	-2.0044e+007
24006	-2.0273e+007
24007	-2.2435e+007
24008	-2.5293e+007
24009	-2.6744e+007
24010	-3.1044e+007
24011	-1.8531e+007
24012	-1.8994e+007
24013	-1.0054e+006
24014	-1.3346e+007
24015	-1.7626e+007
24016	-1.4265e+007
24017	-1.7601e+007
24018	1.5416e+006
24019	-3.5464e+006
24020	-6.9703e+006
24021	-3.7724e+006
24022	-5.8975e+006
24023	-6.9867e+006
24024	3.5966e+006
24025	2.059e+007
24026	1.4591e+007
24027	1.8141e+007
24028	1.414e+007
24029	6.1542e+006
24030	-3.0883e+007
24031	-3.4701e+007
24032	-2.3245e+007
24033	1.9629e+007
24034	6.3407e+007
24035	6.1692e+006
24036	5.6683e+007
24037	6.2504e+007
24038	5.0223e+007
24039	4.365e+007
24040	5.3791e+007
24041	9.3926e+006
24042	4.7067e+007
24043	-2.5678e+007
24044	-3.9077e+006
24045	8.12e+006
24046	-3.1234e+007
24047	-3.2667e+006
24048	-4.5145e+005
24049	-3.2405e+006
24050	7.7543e+006
24051	9.5784e+005
24052	1.0865e+006
24053	7.0734e+005
24054	-7.5589e+006
24055	5.7825e+006
24056	-1.0692e+006
24057	1.4732e+007
24058	9.4344e+006
24059	-5.0013e+006
24060	-2.3214e+006
24061	4.1403e+005
24062	9.5799e+006
24063	2.3568e+005
24064	-2.9404e+006
24065	-62365
24066	1.3279e+006
24067	1.0175e+006
24068	-1.9305e+006
24069	1.6574e+006
24070	-5.1727e+005
24071	-1.2181e+006
24072	5.6256e+005
24073	-7.4693e+007
24074	-6.5583e+007
24075	9.6581e+005
24076	-4.8639e+007
24077	-5.4454e+007
24078	-6.6723e+006
24079	-3.2778e+007
24080	-3.2151e+006
24081	-1.7477e+007
24082	-5.0889e+006
24083	1.2836e+007
24084	-6.1563e+006
24085	-9.8389e+006
24086	1.3194e+007
24087	5.2064e+006
24088	-1.7127e+006
24089	-2.7802e+006
24090	-3.044e+006
24091	2.863e+006
24092	6.0185e+006
24093	3.0684e+006
24094	3.4795e+006
24095	4.2387e+006
24096	6.5527e+006
24097	5.4762e+006
24098	-1.9539e+006
24099	-3.8488e+005
24100	-4.063e+006
24101	-1.0554e+006
24102	-6.1607e+005
24103	-1.9441e+006
24104	-4.5136e+006
24105	-99095
24106	-2.3396e+006
24107	-3.2904e+006
24108	9.9231e+005
24109	-1.0809e+006
24110	-3.1438e+006
24111	-4.3476e+006
24112	9.5204e+005
24113	-2.7344e+006
24114	-5.6005e+006
24115	-4.6591e+006
24116	-5.8629e+006
24117	-1.2471e+006
24118	-6.6186e+006
24119	-7.4257e+006
24120	-1.0739e+007
24121	-1.0296e+006
24122	-5.4904e+006
24123	-4.1673e+007
24124	-7.5717e+006
24125	4.2605e+005
24126	-1.4739e+006
24127	1.5395e+007
24128	-5.408e+006
24129	-2.513e+007
24130	-1.913e+007
24131	-2.0814e+007
24132	4.4868e+006
24133	-2.1296e+005
24134	-3.8599e+005
24135	-1.4364e+006
24136	-2.1519e+005
24137	-87545
24138	2.1296e+006
24139	1.0147e+006
24140	2.1383e+006
24141	-5.0382e+005
24142	-53319
24143	-4.1449e+005
24144	-1.2148e+006
24145	1.0529e+006
24146	-1.6006e+006
24147	-3.7945e+005
24148	-5.8752e+005
24149	-5.911e+005
24150	-2.5693e+006
24151	2.008e+007
24152	5.4088e+006
24153	4.293e+007
24154	2.6079e+007
24155	-4.8164e+006
24156	-7.5052e+006
24157	-1.014e+007
24158	-1.7572e+006
24159	-1.2462e+006
24160	6.7767e+005
24161	-1.5018e+006
24162	-1.1321e+006
24163	-2.6476e+006
24164	-1.4209e+006
24165	-1.0522e+007
24166	-9.4955e+006
24167	-7.5513e+005
24168	-9.6468e+006
24169	-1.3769e+007
24170	-1.6627e+007
24171	-2.2378e+007
24172	-9.8657e+006
24173	-1.0328e+007
24174	-5.2329e+006
24175	3.054e+006
24176	-1.6761e+006
24177	3.1923e+005
24178	-3.439e+006
24179	-3.5278e+006
24180	-6.1216e+006
24181	-6.2104e+006
24182	-8.5969e+006
24183	3.0156e+006
24184	-2.5316e+006
24185	-1.4802e+006
24186	-3.5663e+006
24187	4.3487e+006
24188	6.0468e+006
24189	-19737
24190	9.0929e+006
24191	3.4834e+006
24192	-8.7384e+005
24193	-1.2369e+005
24194	2.0599e+006
24195	5.5952e+005
24196	2.5946e+006
24197	9.9087e+005
24198	2.9982e+006
24199	3.8914e+006
24200	1.8183e+006
24201	-2.4463e+005
24202	2.5849e+006
24203	3.1674e+006
24204	1.6474e+005
24205	-1.6873e+005
24206	-4.5953e+005
24207	1.4066e+006
24208	-1.2161e+006
24209	-1.9261e+006
24210	-9.8476e+005
24211	2.1663e+006
24212	1.8448e+006
24213	2.4273e+006
24214	-1.9909e+006
24215	-7.1502e+006
24216	5.3367e+006
24217	5.5298e+007
24218	3.4949e+007
24219	5.0067e+007
24220	1.5936e+006
24221	1.8914e+006
24222	2.5372e+006
24223	3.6246e+006
24224	-1.3998e+007
24225	-1.8308e+007
24226	-9.4267e+006
24227	-1.0095e+007
24228	-1.1578e+007
24229	-1.0557e+007
24230	-1.9018e+007
24231	-9.2981e+006
24232	-9.0768e+006
24233	-1.0333e+007
24234	-1.2719e+007
24235	-1.1047e+006
24236	-1.4421e+006
24237	-1.2071e+006
24238	-3.5671e+006
24239	1.4318e+006
24240	-6.9231e+005
24241	-1.0958e+006
24242	6.1181e+005
24243	3.5439e+006
24244	1.6622e+006
24245	2.2597e+006
24246	7.3008e+005
24247	-3.4403e+005
24248	-1.0487e+005
24249	-3.822e+005
24250	-3.6876e+006
24251	-5.3407e+006
24252	-3.7805e+006
24253	-6.5136e+006
24254	-5.2827e+006
24255	-4.3536e+006
24256	2.488e+006
24257	-2.1013e+005
24258	2.1213e+006
24259	1.5785e+006
24260	4.0726e+006
24261	4.1853e+006
24262	2.8418e+006
24263	1.9994e+006
24264	1.795e+006
24265	4.0323e+006
24266	-4.5438e+007
24267	-3.7534e+007
24268	1.4317e+007
24269	1.056e+007
24270	9.9639e+006
24271	7.23e+006
24272	1.0366e+007
24273	1.189e+007
24274	1.0811e+007
24275	2.1773e+007
24276	6.2808e+006
24277	5.8652e+006
24278	9.6711e+006
24279	7.8827e+006
24280	2.0146e+007
24281	1.4843e+007
24282	1.6236e+007
24283	1.7386e+007
24284	9.2149e+006
24285	1.0854e+007
24286	1.3048e+007
24287	1.0522e+007
24288	1.4377e+007
24289	4.1531e+005
24290	-3.4402e+005
24291	1.6165e+006
24292	5.2811e+005
24293	1.9419e+006
24294	1.0158e+006
24295	-63340
24296	-92101
24297	9.3186e+005
24298	-6.6419e+005
24299	-7.2519e+007
24300	-4.8485e+007
24301	-1.8874e+007
24302	3.5402e+005
24303	-1.2497e+006
24304	-1.9599e+006
24305	7.5764e+005
24306	-2.4852e+006
24307	-2.0758e+006
24308	6.9098e+006
24309	8.8917e+006
24310	6.5117e+006
24311	1.5624e+007
24312	1.1239e+007
24313	1.0015e+007
24314	5.6576e+006
24315	3.9283e+006
24316	5.9236e+006
24317	4.1627e+006
24318	6.4152e+006
24319	2.0766e+006
24320	9.9915e+006
24321	7.8789e+006
24322	-2.7627e+007
24323	-3.6562e+005
24324	1.1423e+006
24325	-1.0372e+006
24326	-1.8784e+005
24327	-1.4298e+006
24328	9.1491e+005
24329	-1.9719e+006
24330	-3.6196e+006
24331	-1.999e+005
24332	2.7733e+005
24333	6.8846e+005
24334	1.4476e+006
24335	-6.5841e+006
24336	-2.6135e+006
24337	-5.5615e+006
24338	-1.9735e+006
24339	5.2552e+006
24340	-7.4317e+005
24341	-9.1805e+006
24342	2.9317e+006
24343	9.2637e+006
24344	5.4596e+006
24345	2.3894e+007
24346	1.8597e+007
24347	6.9914e+006
24348	-4.7584e+006
24349	-7.8954e+005
24350	-1.6073e+006
24351	-1.3616e+006
24352	-3.9541e+006
24353	4.5629e+007
24354	4.2368e+007
24355	5.577e+007
24356	6.9768e+006
24357	3.1582e+006
24358	4.3371e+006
24359	4.2643e+006
24360	3.4049e+006
24361	1.921e+006
24362	9.6925e+006
24363	2.3323e+007
24364	2.3558e+007
24365	2.4843e+007
24366	1.6724e+007
24367	1.0855e+007
24368	4.1753e+006
24369	-1.1359e+007
24370	-2.0733e+006
24371	1.5388e+007
24372	9.5697e+005
24373	3.2294e+005
24374	1.398e+006
24375	-1.5797e+006
24376	2.0806e+006
24377	-1.4222e+005
24378	-8.2193e+007
24379	-5.8159e+007
24380	-5.6267e+007
24381	-5.8579e+007
24382	-7.8187e+005
24383	3.9833e+006
24384	-1.3966e+006
24385	-3.5513e+006
24386	5.2982e+006
24387	2.8184e+005
24388	2.927e+006
24389	2.9336e+005
24390	7.0924e+005
24391	5.1623e+005
24392	6.6521e+005
24393	2.7687e+006
24394	2.535e+006
24395	-6.7697e+005
24396	-6.0032e+007
24397	-6.0452e+007
24398	-9.0215e+006
24399	5.5178e+005
24400	2.702e+006
24401	-8.9794e+006
24402	-1.1904e+007
24403	-8.3209e+006
24404	-8.1956e+006
24405	-2.3459e+005
24406	-6.8355e+005
24407	5.8564e+005
24408	-1.2818e+006
24409	-1.7023e+006
24410	1.1935e+006
24411	-2.5648e+006
24412	-5.6745e+005
24413	1.6851e+006
24414	-2.6536e+006
24415	-1.7606e+006
24416	-5.347e+006
24417	-3.8569e+006
24418	-3.7231e+006
24419	-1.0871e+007
24420	-4.1731e+006
24421	-6.1546e+006
24422	1.7557e+006
24423	1.4499e+006
24424	-1.4701e+005
24425	1.2905e+006
24426	2.4292e+006
24427	1.7955e+006
24428	6.7198e+005
24429	-3.6167e+007
24430	-1.8049e+007
24431	-1.0636e+008
24432	-8.8248e+007
24433	-7.1304e+007
24434	-7.7119e+007
24435	-8.6115e+007
24436	-8.9993e+007
24437	-6.2765e+007
24438	-8.1696e+006
24439	3.1981e+006
24440	-1.8717e+006
24441	1.9324e+006
24442	68375
24443	-3.4225e+005
24444	-4.0009e+007
24445	-2.4107e+007
24446	-3.4175e+007
24447	-3.3734e+006
24448	-2.4029e+006
24449	-2.1836e+006
24450	-3.1254e+006
24451	-1.1591e+006
24452	6.0319e+006
24453	1.6635e+006
24454	1.5732e+006
24455	3.6321e+006
24456	1.6616e+006
24457	3.1714e+006
24458	2.7639e+006
24459	1.4904e+006
24460	9.2963e+006
24461	5.5703e+006
24462	-2.6908e+006
24463	-10883
24464	1.189e+007
24465	-4.4072e+006
24466	-1.0775e+007
24467	-6.3588e+006
24468	-4.1975e+006
24469	-7.248e+006
24470	7.8315e+006
24471	-1.1763e+007
24472	-3.3704e+006
24473	9.3514e+006
24474	1.4959e+007
24475	4.3593e+005
24476	-7.5282e+005
24477	3.0514e+006
24478	1.405e+007
24479	-4.8459e+006
24480	-1.5974e+007
24481	-3.218e+007
24482	-3.0288e+007
24483	1.9507e+006
24484	-2.0724e+007
24485	-3.0953e+006
24486	-2.876e+006
24487	-5.5573e+006
24488	-9.4024e+005
24489	-2.6268e+006
24490	-3.1567e+006
24491	1.3328e+007
24492	-6.4923e+006
24493	1.234e+007
24494	-8.6207e+005
24495	-3.9367e+006
24496	-3.1239e+006
24497	2.624e+005
24498	-1.0823e+005
24499	1.0657e+006
24500	1.0696e+006
24501	-7.9781e+005
24502	-4.9425e+005
24503	4.6506e+005
24504	2.5019e+006
24505	-7.8051e+005
24506	-3.0033e+005
24507	2.4636e+007
24508	8.1544e+006
24509	9.0759e+006
24510	1.755e+007
24511	1.6102e+007
24512	3.2643e+006
24513	5.4581e+006
24514	2.7546e+007
24515	2.4309e+007
24516	1.1191e+006
24517	-7.565e+005
24518	7.524e+005
24519	2.0958e+005
24520	-4.595e+005
24521	6.0191e+005
24522	-4.778e+006
24523	-6.9326e+006
24524	4.1345e+005
24525	1.4957e+005
24526	1.3765e+007
24527	-1.8057e+006
24528	-61874
24529	1.447e+006
24530	9.042e+005
24531	3.511e+006
24532	-1.9481e+006
24533	-81934
24534	-9.5791e+005
24535	-2.7046e+006
24536	-2.477e+006
24537	-2.3387e+006
24538	-1.2038e+006
24539	-1.9843e+006
24540	3.5624e+005
24541	-2.9117e+006
24542	75097
24543	7.4783e+005
24544	1.0652e+006
24545	2.7927e+006
24546	2.3794e+006
24547	6.4041e+006
24548	-2.1675e+006
24549	3.0715e+006
24550	-7.5474e+006
24551	1.302e+006
24552	-1.0916e+007
24553	-6.2003e+006
24554	2.7446e+006
24555	2.7578e+006
24556	-6.8448e+006
24557	-7.8184e+006
24558	6.9897e+006
24559	4.3763e+007
24560	4.0681e+007
24561	-9.7665e+007
24562	-7.6067e+006
24563	-1.2589e+007
24564	-6.2194e+007
24565	-8.0421e+007
24566	-5.9207e+007
24567	-83164
24568	-52902
24569	1.98e+007
24570	7.8128e+006
24571	2.2394e+007
24572	48519
24573	1.5583e+006
24574	-6.2119e+005
24575	1.9288e+006
24576	-2.1295e+005
24577	-1.6147e+005
24578	58869
24579	-1.639e+006
24580	3.3326e+006
24581	9.8002e+006
24582	6.0335e+006
24583	-1.6563e+006
24584	-8.8103e+005
24585	-5.1992e+005
24586	6.2066e+005
24587	-2.4498e+006
24588	-1.6673e+006
24589	-2.2142e+006
24590	-8.9903e+005
24591	4.2353e+006
24592	-4.1199e+006
24593	-1.6872e+006
24594	4.3119e+005
24595	2.8051e+006
24596	2.8793e+006
24597	1.7143e+005
24598	6.565e+005
24599	1.7952e+006
24600	2.4131e+006
24601	8.8203e+005
24602	2.2287e+007
24603	7.9983e+006
24604	5.4134e+006
24605	6.9372e+006
24606	8.0157e+005
24607	5429.1
24608	1.0562e+007
24609	1.0475e+006
24610	6.8624e+006
24611	5.5624e+006
24612	-1.5428e+007
24613	-9.3539e+006
24614	-1.185e+007
24615	3.9973e+006
24616	-1.1573e+007
24617	-1.5229e+007
24618	-8.3365e+006
24619	-3.3617e+006
24620	-2.0308e+006
24621	-2.9195e+006
24622	-5.6049e+006
24623	-9.073e+006
24624	-5.3592e+006
24625	-7.9517e+006
24626	-1.2838e+007
24627	-4.8228e+006
24628	-4.5333e+006
24629	-4.6131e+006
24630	-4.0906e+006
24631	2.347e+006
24632	3.7402e+006
24633	-1.0229e+007
24634	-5.1947e+005
24635	5.2674e+006
24636	-1.0054e+007
24637	-6.4708e+005
24638	-1.3904e+006
24639	1.189e+006
24640	9084.7
24641	-1.953e+005
24642	-1.6444e+006
24643	7.9373e+005
24644	2.2075e+006
24645	3.221e+005
24646	8.9669e+005
24647	1.2814e+006
24648	3.3182e+006
24649	-3.9521e+006
24650	1.8548e+006
24651	2.2707e+006
24652	2.2267e+006
24653	3.4786e+006
24654	-2.6277e+006
24655	-4.1292e+006
24656	-7.9134e+006
24657	-1.9579e+006
24658	-1.5406e+006
24659	-2.6188e+006
24660	-1.5661e+006
24661	-1.2487e+006
24662	-2.9954e+006
24663	-4.4028e+006
24664	65443
24665	-3.2025e+006
24666	-9.7139e+005
24667	-2.6053e+006
24668	-1.6405e+006
24669	6.4452e+005
24670	1.017e+005
24671	4.5378e+005
24672	3.1821e+005
24673	-1.3505e+006
24674	6.3542e+005
24675	1.0487e+007
24676	4.1329e+006
24677	1.4748e+006
24678	3.4055e+006
24679	6.5822e+006
24680	4.0275e+006
24681	2.433e+006
24682	4.6031e+006
24683	6.9172e+006
24684	4.3705e+006
24685	6.4982e+006
24686	1.1018e+007
24687	1.8026e+007
24688	2.2636e+006
24689	2.1879e+006
24690	6.4371e+006
24691	3.5269e+006
24692	2.862e+005
24693	4.6602e+005
24694	-3.4106e+007
24695	8.7318e+006
24696	-2.6134e+007
24697	-9.8949e+007
24698	-9.0832e+007
24699	-3.0295e+006
24700	4.5713e+006
24701	7.1802e+005
24702	-1.5113e+006
24703	-9.8665e+006
24704	-1.7132e+007
24705	-1.3056e+007
24706	-5.3251e+005
24707	-3.5102e+006
24708	-2.3966e+006
24709	-1.2526e+006
24710	-7.5564e+006
24711	-6.9911e+006
24712	-8.0803e+006
24713	-2.5667e+006
24714	1.335e+007
24715	1.3625e+007
24716	5.3642e+006
24717	1.9945e+007
24718	-4.1678e+007
24719	1.4657e+007
24720	3.5796e+007
24721	3.2163e+007
24722	9.1918e+006
24723	5.961e+006
24724	2.1319e+007
24725	-2.3212e+006
24726	9.1281e+005
24727	-7.7042e+005
24728	5.7496e+005
24729	-2.6835e+006
24730	-9.1959e+005
24731	1.1489e+006
24732	-1.2457e+005
24733	3.3954e+006
24734	3.366e+006
24735	3.6804e+006
24736	1.7359e+006
24737	4.3575e+007
24738	5.8942e+007
24739	-8.8906e+006
24740	6.0229e+005
24741	-1.3684e+006
24742	-1.3665e+006
24743	-4.4874e+006
24744	1.1192e+006
24745	-1.9167e+005
24746	1.2221e+006
24747	5.6229e+005
24748	1.5605e+006
24749	3.8194e+007
24750	4.3551e+006
24751	-1.3873e+007
24752	5.6649e+007
24753	5.5746e+007
24754	2.9398e+005
24755	1.4076e+006
24756	-2.6432e+007
24757	-7.2152e+006
24758	-1.8528e+007
24759	24977
24760	-2.7898e+007
24761	-2.5972e+006
24762	-5.7597e+005
24763	-1.1293e+006
24764	-3.6177e+005
24765	1.4189e+006
24766	3.7157e+005
24767	-4.0893e+005
24768	1.5505e+006
24769	2.2531e+006
24770	1.9316e+006
24771	-9.3832e+006
24772	-4.9666e+006
24773	-2.8053e+006
24774	5.7586e+005
24775	-2.2828e+006
24776	-1.1335e+007
24777	1.0601e+007
24778	9.2066e+006
24779	9.67e+006
24780	8.2751e+006
24781	3.5069e+005
24782	3.6662e+005
24783	8.557e+005
24784	-2.6786e+005
24785	-3.9298e+006
24786	7.5714e+005
24787	-1.6393e+006
24788	1.0556e+006
24789	6.3661e+005
24790	-2.2147e+006
24791	-3.4706e+006
24792	-1.9933e+006
24793	4.4443e+006
24794	5.8375e+006
24795	7.2135e+006
24796	4.8632e+006
24797	2.1671e+006
24798	-1.5986e+007
24799	-1.0704e+007
24800	-1.8543e+006
24801	-1.4073e+007
24802	-1.4588e+007
24803	7.1322e+006
24804	4.8921e+006
24805	4.1629e+006
24806	-1.4071e+007
24807	7.5159e+006
24808	-6.3828e+006
24809	7.6409e+006
24810	-1.2188e+007
24811	8.9264e+006
24812	7.5522e+006
24813	3.711e+006
24814	2.0117e+006
24815	8.9387e+005
24816	5.69e+005
24817	1.6531e+006
24818	84095
24819	2.8906e+006
24820	5.3251e+005
24821	1.2737e+005
24822	2.1083e+006
24823	-1.4719e+005
24824	-1.2494e+006
24825	-1.5171e+006
24826	-2.4351e+006
24827	3.0631e+007
24828	2.8901e+007
24829	5.9306e+006
24830	3.5641e+006
24831	3.8508e+006
24832	3.8816e+006
24833	4.0544e+005
24834	9.5913e+006
24835	11220
24836	-2.0901e+006
24837	5.1574e+006
24838	-1.2932e+006
24839	2.2948e+006
24840	3.1922e+006
24841	4.7069e+005
24842	5.2945e+006
24843	7.269e+006
24844	9.9565e+006
24845	8.5616e+006
24846	5.582e+006
24847	1.3629e+006
24848	2.9629e+005
24849	6.2518e+006
24850	-2.6263e+006
24851	-5.8845e+006
24852	-1.9863e+006
24853	-1.5145e+006
24854	-7.8092e+006
24855	-9.1092e+006
24856	-3.3998e+007
24857	3.2622e+007
24858	2.9642e+007
24859	2.2122e+006
24860	1.4146e+007
24861	1.9648e+007
24862	6.7632e+006
24863	8.4538e+006
24864	1.929e+006
24865	4.1707e+006
24866	5.8682e+006
24867	-2.024e+007
24868	-1.9068e+007
24869	-1.8868e+007
24870	-1.0977e+006
24871	1.4576e+006
24872	1.1604e+005
24873	3.3221e+006
24874	5.199e+005
24875	-3.9807e+005
24876	-4.3675e+006
24877	2.4957e+005
24878	-2.628e+006
24879	4.8806e+005
24880	2.0713e+006
24881	8.7507e+005
24882	4.3782e+006
24883	-4.8824e+006
24884	-9.4313e+005
24885	-1.5414e+006
24886	-1.8277e+006
24887	-5.5593e+005
24888	-2.5876e+006
24889	1.4629e+006
24890	-1.6309e+005
24891	2.0097e+006
24892	-3.0806e+006
24893	-7.4391e+006
24894	-2.1319e+007
24895	-6.3846e+006
24896	-2.6362e+005
24897	1.2765e+006
24898	1.2037e+006
24899	-1.1396e+006
24900	-1.0662e+007
24901	-8.5261e+005
24902	-1.3071e+007
24903	-4.8006e+006
24904	-2.8848e+007
24905	-2.3657e+007
24906	1.7393e+006
24907	3.5925e+006
24908	1.3524e+006
24909	1.8575e+007
24910	3.6294e+007
24911	1.8438e+007
24912	4.1425e+006
24913	-1.9042e+007
24914	-2.1898e+007
24915	-1.072e+006
24916	-3.5243e+006
24917	-4.462e+006
24918	-3.0316e+006
24919	-3.6952e+005
24920	-4.5267e+006
24921	-5.2161e+006
24922	-3.6274e+006
24923	-1.7939e+006
24924	-1.373e+006
24925	-1.5774e+006
24926	-3.0265e+006
24927	-8.0717e+005
24928	1.1456e+007
24929	6.1529e+006
24930	-4.5052e+006
24931	-9.1681e+006
24932	-5.6762e+006
24933	-5.314e+006
24934	-1.6847e+005
24935	2.485e+006
24936	3.9483e+006
24937	-4.0895e+005
24938	9.6425e+005
24939	1.8755e+006
24940	3.5734e+007
24941	9.6292e+006
24942	1.8532e+006
24943	-3.1851e+007
24944	8.5791e+005
24945	1.0793e+006
24946	8.9101e+006
24947	-1.3804e+007
24948	-2.0285e+007
24949	6.322e+006
24950	4.3645e+006
24951	-1.5919e+006
24952	6.0692e+006
24953	6.3829e+006
24954	-4.8191e+006
24955	5.3751e+005
24956	8.8959e+005
24957	1.8009e+006
24958	7.5402e+005
24959	1.0261e+007
24960	2.2982e+007
24961	-2.0726e+007
24962	-1.7671e+007
24963	1.0003e+005
24964	4.5746e+006
24965	-5.9853e+006
24966	-7.9406e+006
24967	60127
24968	1.3851e+007
24969	7.3076e+006
24970	-8.2045e+006
24971	-4.2007e+006
24972	-1.6003e+006
24973	-3.5236e+006
24974	-9.5199e+006
24975	-6.5577e+006
24976	-2.2724e+006
24977	-1.0019e+006
24978	8938.1
24979	2.1125e+006
24980	1.8788e+006
24981	1.6794e+005
24982	-6.7051e+005
24983	-1.8047e+005
24984	-1.1437e+006
24985	8.5995e+006
24986	1.9451e+006
24987	7.5206e+006
24988	1.3061e+007
24989	8.7037e+006
24990	5.3645e+006
24991	8.5005e+006
24992	8.5618e+006
24993	7.1669e+006
24994	-2.3648e+006
24995	1.9194e+006
24996	-2.4192e+006
24997	3.3832e+006
24998	2.1275e+005
24999	4.6765e+006
25000	2.4364e+006
25001	5.4426e+006
25002	1.1663e+007
25003	-1.2297e+006
25004	-1.5459e+006
25005	7.2466e+006
25006	1.6219e+007
25007	-2.4317e+006
25008	4.8739e+006
25009	98239
25010	-4.0155e+006
25011	-2.7003e+006
25012	2.6015e+006
25013	2.112e+005
25014	-1.4575e+006
25015	-6.7439e+005
25016	-6.2837e+005
25017	-1.7806e+006
25018	8.4257e+005
25019	-3.2493e+006
25020	-5.6359e+006
25021	-1.149e+006
25022	-4.3737e+006
25023	2.3226e+007
25024	3.2919e+006
25025	1.2032e+007
25026	1.3515e+006
25027	-2.2787e+006
25028	-2.7287e+006
25029	-4.5764e+006
25030	-1.3773e+006
25031	-1.1214e+007
25032	-1.3019e+007
25033	-9.8773e+006
25034	6.0075e+006
25035	1.3017e+006
25036	2.7909e+007
25037	2.3469e+007
25038	-4.6606e+006
25039	-2.804e+006
25040	-3.7314e+006
25041	-1.0436e+007
25042	-3.1467e+006
25043	2.6241e+006
25044	9.7825e+005
25045	-7.6895e+006
25046	7.9583e+006
25047	3.9383e+006
25048	2.2274e+006
25049	5.4106e+006
25050	1.8471e+007
25051	-6.8919e+006
25052	-4.363e+005
25053	-1.4836e+006
25054	-2.2641e+006
25055	-7.5674e+006
25056	2.8779e+006
25057	4.4857e+006
25058	2.0582e+005
25059	-7.0817e+005
25060	-1.6714e+006
25061	1.719e+006
25062	5.0056e+006
25063	3.7521e+006
25064	2.9097e+006
25065	4.9426e+006
25066	-6.3478e+007
25067	7.0441e+006
25068	6.1414e+006
25069	-9.0976e+006
25070	-1.7953e+006
25071	-4.1128e+005
25072	8.8668e+005
25073	1.2564e+006
25074	4.0945e+007
25075	-6.9297e+005
25076	-2.0358e+006
25077	-6.622e+005
25078	3.7622e+006
25079	4.3367e+006
25080	2.3217e+007
25081	-1.4939e+006
25082	-9.1934e+005
25083	5.0553e+006
25084	2.0848e+006
25085	-2.7858e+005
25086	-1.5241e+006
25087	-3.5932e+006
25088	-4.4338e+005
25089	-2.3408e+006
25090	5.2614e+007
25091	5.8435e+007
25092	-7.4853e+005
25093	7.8461e+006
25094	5.0052e+007
25095	-1.4372e+007
25096	7.7956e+006
25097	1.9843e+006
25098	2.1786e+006
25099	7.115e+005
25100	1.5556e+006
25101	-4.2215e+006
25102	-1.2606e+006
25103	3.0115e+006
25104	3.1819e+005
25105	-2.7031e+006
25106	-6.8125e+005
25107	1.3081e+006
25108	3.3882e+006
25109	8.0158e+006
25110	-1.5308e+006
25111	4.2864e+005
25112	-5.2314e+007
25113	-5.0699e+007
25114	-5.1517e+006
25115	-2.0102e+006
25116	4.2896e+006
25117	4.5434e+006
25118	1.0426e+007
25119	7.5689e+006
25120	8.0583e+005
25121	-3.7178e+006
25122	-1.9539e+006
25123	6.2802e+006
25124	-8.8158e+006
25125	1.0462e+005
25126	-3.7624e+006
25127	-3.1327e+005
25128	-7.5266e+006
25129	-7.2554e+006
25130	-6.3263e+006
25131	1.6101e+006
25132	5.6328e+005
25133	9.8135e+005
25134	-4.2307e+006
25135	-1.0796e+006
25136	-8.1863e+005
25137	-5.2368e+006
25138	-1.1724e+007
25139	-5.3665e+006
25140	3.5051e+006
25141	-3.2943e+006
25142	-2.8007e+006
25143	-4.2298e+007
25144	-4.6239e+006
25145	1.2718e+007
25146	-3.8146e+006
25147	-2.7878e+006
25148	8.2154e+006
25149	-5.823e+005
25150	2.4919e+006
25151	6.3377e+006
25152	4.9428e+006
25153	3.5218e+006
25154	1.9521e+006
25155	1.6789e+006
25156	1.4746e+006
25157	7.5294e+006
25158	5.3161e+005
25159	6.3209e+005
25160	2.8694e+006
25161	-8.1705e+005
25162	-1.0214e+006
25163	1.4882e+006
25164	11935
25165	3.0269e+005
25166	1.2272e+005
25167	-4.2954e+006
25168	3.2738e+006
25169	2.2976e+006
25170	15030
25171	1.4264e+005
25172	-5.7769e+007
25173	9.7772e+005
25174	4.4568e+007
25175	-1.7867e+007
25176	3.0531e+007
25177	4.6497e+006
25178	2.973e+005
25179	-3.9727e+005
25180	-2.4647e+006
25181	-1.1814e+006
25182	-1.2167e+007
25183	5.2955e+006
25184	1.0871e+007
25185	-1.016e+006
25186	4.2166e+006
25187	-2.4001e+006
25188	4.5594e+006
