Node Number	Shear Stress (MPa)
1	0.19131
2	-0.17863
3	7.7254e-002
4	-0.10515
5	-0.14264
6	-0.24532
7	-0.20612
8	-8.611e-002
9	-3.3133e-002
10	1.2935e-002
11	3.5807e-002
12	3.6224e-003
13	-7.5043e-002
14	-0.13811
15	-0.28042
16	-0.23395
17	-0.25267
18	-0.22108
19	-0.23498
20	-0.15308
21	-0.15367
22	-0.17434
23	0.23626
24	-0.30831
25	-0.64017
26	-0.52267
27	-0.64075
28	-0.73355
29	-0.78288
30	-0.75571
31	-0.87434
32	-0.80549
33	-0.79097
34	-0.70506
35	-0.31916
36	-0.27854
37	-0.1229
38	0.15577
39	0.27237
40	0.1702
41	8.3062e-002
42	-7.802e-002
43	0.16665
44	-0.10504
45	8.4989e-002
46	7.2741e-003
47	-7.7268e-002
48	-0.13346
49	-0.16133
50	-0.16758
51	-0.12514
52	-0.10568
53	-5.2436e-002
54	-2.5867e-002
55	5.5725e-003
56	1.2781e-002
57	-2.4995e-003
58	-6.0354e-002
59	-5.4907e-002
60	-0.15522
61	-0.1733
62	-0.19939
63	-0.27139
64	-0.25721
65	-0.18637
66	0.37925
67	0.38224
68	0.52172
69	0.57349
70	0.57755
71	-1.6139
72	-9.9484e-003
73	-0.48013
74	-1.1393
75	-1.1407
76	-1.2883
77	-1.4384
78	-1.7997
79	-1.7484
80	-1.2611
81	-1.7385
82	-1.6723
83	-1.7904
84	-2.3298
85	-2.5781
86	-2.8984
87	-2.7891
88	-4.7893
89	-4.0932
90	-4.3386
91	-3.69
92	-2.3356
93	-0.46622
94	-0.62935
95	-0.80438
96	-1.096
97	0.18684
98	0.57095
99	0.33029
100	0.43749
101	0.61523
102	-3.3461e-002
103	0.17378
104	0.10417
105	5.2633e-002
106	-5.0513e-002
107	0.23826
108	6.1449e-002
109	0.18269
110	0.27625
111	1.1089
112	1.0228
113	0.93065
114	0.749
115	-0.17189
116	-4.115
117	-5.0029e-002
118	-4.5708e-004
119	0.16524
120	0.27216
121	0.30118
122	0.29864
123	0.34888
124	0.31479
125	0.37107
126	0.34128
127	0.33204
128	0.31723
129	0.12477
130	9.4292e-002
131	-0.19756
132	-7.8582e-002
133	-0.55775
134	-0.58213
135	-0.57679
136	-0.45086
137	-0.42208
138	-0.36119
139	-0.40057
140	-0.37087
141	-0.30112
142	12.425
143	-8.473e-004
144	9.0345e-002
145	0.23488
146	0.1518
147	0.19532
148	0.20926
149	0.24488
150	0.2055
151	0.25872
152	0.188
153	0.12714
154	5.1263e-002
155	0.10852
156	-0.13837
157	-9.2212e-002
158	-1.8172
159	-4.9235e-002
160	0.68721
161	0.84679
162	1.7959
163	3.5562
164	4.4489
165	6.9772
166	7.5055
167	-0.53024
168	-9.6417e-002
169	-0.54565
170	6.9371e-003
171	-4.2981e-002
172	3.8578e-002
173	6.4283e-002
174	8.558e-002
175	7.837e-002
176	7.6078e-002
177	6.8846e-002
178	9.0008e-002
179	8.7416e-002
180	5.8235e-002
181	5.4547e-002
182	4.5537e-002
183	2.3292e-002
184	1.2049e-002
185	-6.9136e-003
186	-1.8044e-002
187	-5.4582e-002
188	-5.4121e-002
189	-8.8243e-002
190	-0.28593
191	-0.32927
192	-0.32352
193	-0.32598
194	-0.32516
195	-0.34217
196	-0.35508
197	-0.39468
198	-0.32242
199	1.492
200	-6.039e-003
201	5.2244e-002
202	0.10499
203	0.1321
204	0.14012
205	0.12891
206	0.16945
207	0.17582
208	0.15027
209	0.14396
210	0.15111
211	0.13665
212	0.11429
213	0.10637
214	6.0723e-002
215	3.9567e-002
216	-1.553e-002
217	-1.9839e-002
218	-4.0134e-002
219	-7.1869e-002
220	2.2477
221	2.2763
222	2.1616
223	2.2638
224	2.0503
225	2.3444
226	3.0185
227	1.9591
228	1.3156
229	2.4338e-002
230	-0.14756
231	-0.16355
232	-0.1523
233	-9.4201e-002
234	-0.11751
235	-0.10493
236	-9.1059e-002
237	-0.11847
238	-0.10219
239	-6.1971e-002
240	-8.2021e-002
241	-7.7443e-002
242	-7.0311e-002
243	-8.1327e-002
244	-6.4258e-002
245	-4.5509e-002
246	-6.5624e-002
247	-4.5724e-002
248	-5.1231e-002
249	-5.985e-002
250	-4.5794e-002
251	-2.7155e-002
252	-3.2575e-002
253	-2.7597e-002
254	-2.5569e-002
255	-1.5277e-002
256	-9.0911e-003
257	-1.7655e-003
258	-1.4644e-003
259	6.2027e-003
260	1.1652e-002
261	1.6072e-002
262	2.3495e-002
263	2.7955e-002
264	2.7607e-002
265	-7.726e-002
266	-0.19923
267	-0.28568
268	-0.31524
269	-0.3101
270	-0.27163
271	-0.20729
272	-0.12823
273	-2.5174e-002
274	-0.21587
275	-0.2153
276	-0.15176
277	-0.14425
278	-0.11675
279	-0.11421
280	-9.6162e-002
281	-9.7146e-002
282	-8.055e-002
283	-7.1905e-002
284	-6.5153e-002
285	-7.7299e-002
286	-6.7983e-002
287	-5.011e-002
288	-5.0742e-002
289	-4.3056e-002
290	-3.7858e-002
291	-4.9082e-002
292	-4.5173e-002
293	-2.7715e-002
294	-2.7646e-002
295	-2.0715e-002
296	-1.5295e-002
297	-1.0551e-002
298	-5.0795e-003
299	1.9803e-003
300	1.1998e-002
301	9.4339e-003
302	1.6404e-002
303	2.7281e-002
304	3.8987e-002
305	3.4599e-002
306	3.9394e-002
307	2.7709e-002
308	-9.9577e-002
309	1.1391e-002
310	-6.5071e-003
311	-1.016e-002
312	-1.7554e-002
313	-1.6344e-002
314	-2.9173e-002
315	-2.2043e-002
316	-1.3832e-002
317	-1.4231e-002
318	3.9065e-003
319	1.1396e-002
320	1.4785e-002
321	2.4397e-002
322	3.3529e-002
323	5.7287e-002
324	4.2849e-002
325	6.1018e-002
326	9.5432e-002
327	8.6141e-002
328	0.11916
329	0.18451
330	0.91371
331	1.2491
332	1.4509
333	1.4206
334	1.2735
335	1.0425
336	0.75685
337	0.5096
338	0.24437
339	1.7277e-002
340	5.1801e-003
341	-9.2296e-003
342	-1.7146e-002
343	-1.7614e-002
344	-2.4426e-002
345	-6.9763e-003
346	-1.5404e-002
347	-1.4764e-003
348	-3.7075e-003
349	2.1324e-002
350	1.7842e-002
351	4.3575e-002
352	3.9969e-002
353	6.6766e-002
354	4.9755e-002
355	7.1135e-002
356	5.2249e-002
357	5.9706e-002
358	7.9118e-002
359	-0.23
360	-2.4025e-002
361	4.9183e-002
362	8.0957e-002
363	5.2355e-002
364	5.5606e-002
365	3.5446e-002
366	1.0967e-003
367	-1.0662e-002
368	-2.8933e-002
369	-4.5364e-002
370	-1.6476e-002
371	-6.7526e-002
372	-9.0333e-002
373	-0.15215
374	-0.17692
375	-0.12327
376	-0.14594
377	-0.1919
378	-0.28179
379	-0.3823
380	-0.33367
381	-0.21795
382	-0.36689
383	-0.37469
384	-0.45247
385	-0.49394
386	-0.46038
387	-0.32084
388	-0.42391
389	-0.52887
390	-0.72421
391	-0.59574
392	-0.68587
393	-0.53456
394	-0.81707
395	-2.828
396	-3.424
397	-3.4333
398	-3.4241
399	-3.2804
400	-3.146
401	-2.8967
402	-2.4977
403	-1.8448
404	0.35425
405	0.28552
406	0.18571
407	0.16134
408	0.10465
409	7.5518e-002
410	2.3547e-002
411	-2.5969e-002
412	-4.9069e-002
413	-5.0788e-002
414	-0.13007
415	-0.13308
416	-0.28797
417	-0.23746
418	-0.28262
419	-0.22262
420	-0.25087
421	-0.3603
422	-0.37058
423	-0.41589
424	-0.36781
425	-0.43946
426	-0.41233
427	-0.39176
428	-0.46287
429	-0.48119
430	-0.69992
431	-0.67281
432	-0.47713
433	-0.50498
434	-0.9367
435	-0.89797
436	-1.183
437	-0.97239
438	-0.73355
439	-0.59672
440	-0.3984
441	-0.52645
442	-0.3448
443	-0.29228
444	-0.35279
445	-0.30833
446	-0.30851
447	-0.20889
448	6.6542
449	4.2843
450	2.9314
451	2.9372
452	2.3095
453	2.7976
454	1.4638
455	1.3792
456	1.267
457	1.3033
458	1.379
459	1.2502
460	1.1708
461	0.85048
462	0.71321
463	0.6281
464	0.50773
465	0.40964
466	0.3327
467	0.27596
468	9.2191e-002
469	-4.4612e-002
470	-0.24901
471	-0.3915
472	-0.53116
473	-0.73684
474	-0.93748
475	-1.0795
476	-0.91329
477	-0.94578
478	-1.092
479	-1.4434
480	-1.4409
481	-1.1253
482	-2.5447
483	-1.4138
484	-0.92368
485	-0.63719
486	-0.50882
487	-0.57156
488	-0.67917
489	-0.68545
490	-0.55246
491	-0.58451
492	-0.53851
493	-0.5764
494	-0.54193
495	-0.53554
496	-0.52822
497	-0.54264
498	-0.62966
499	-0.52142
500	-0.49232
501	-0.63352
502	-0.47661
503	-0.47424
504	-0.47694
505	-0.60221
506	-0.59084
507	-0.61821
508	-0.51725
509	-0.41567
510	-0.43351
511	-0.43785
512	-0.36399
513	-0.24479
514	-0.10611
515	0.41434
516	-2.0474e-002
517	0.25095
518	0.24162
519	0.2009
520	0.14432
521	0.20962
522	0.13026
523	0.1321
524	0.18268
525	0.13182
526	8.8754e-002
527	0.13599
528	7.8133e-002
529	6.255e-002
530	0.1039
531	6.235e-002
532	5.404e-002
533	6.5044e-002
534	4.6189e-002
535	3.8896e-002
536	2.9885e-002
537	2.931e-002
538	2.577e-002
539	1.4743e-002
540	3.8982e-003
541	-3.7884e-003
542	-9.4675e-003
543	-9.1514e-003
544	-1.7586e-002
545	-4.5522e-002
546	-3.6001e-002
547	-3.9725e-002
548	-8.1051e-002
549	-7.0603e-002
550	-7.0702e-002
551	-4.293e-003
552	-1.5247e-002
553	-0.20212
554	-0.24467
555	-0.26216
556	-0.2711
557	-0.29822
558	-0.26682
559	-0.22069
560	-0.14918
561	-8.4797e-004
562	0.10513
563	0.11895
564	-2.5174e-002
565	-4.4668e-003
566	-2.0085e-002
567	1.4994e-002
568	4.5002e-002
569	9.8255e-002
570	5.5514e-002
571	3.0557e-002
572	7.5066e-002
573	1.6816e-002
574	4.1577e-002
575	9.9731e-002
576	3.0304e-002
577	3.9314e-002
578	5.569e-002
579	6.0063e-002
580	4.0299e-002
581	2.0722e-002
582	4.5094e-002
583	5.2668e-002
584	5.6931e-002
585	8.5709e-002
586	8.803e-002
587	4.6836e-002
588	7.3688e-002
589	6.1246e-002
590	0.10843
591	9.3127e-002
592	5.5899e-002
593	6.977e-002
594	4.2992e-002
595	6.2311e-002
596	0.72932
597	1.4091
598	0.72683
599	0.34374
600	0.10127
601	-0.24941
602	-6.0479e-002
603	-0.89384
604	-0.88625
605	-1.1694
606	-0.72493
607	-0.50517
608	-2.9939e-002
609	-0.15767
610	-0.19532
611	-0.19847
612	-0.15948
613	-0.17682
614	-0.1082
615	-0.14314
616	-0.11847
617	-5.6093e-002
618	7.1062e-003
619	-1.8007e-002
620	3.2183e-002
621	8.6941e-002
622	0.11843
623	8.977e-002
624	0.14538
625	0.19741
626	0.15259
627	0.174
628	0.30022
629	0.23022
630	0.27689
631	0.25266
632	0.3252
633	0.65167
634	0.40049
635	0.60904
636	0.79097
637	0.83284
638	0.62197
639	0.90706
640	0.64689
641	0.80812
642	0.64344
643	0.67981
644	-6.3865e-003
645	3.6324e-002
646	7.5919e-002
647	8.6666e-002
648	7.0207e-002
649	2.1851e-002
650	-1.7375e-002
651	-5.5325e-002
652	-7.947e-002
653	-0.1268
654	-0.15649
655	-0.16702
656	-0.78561
657	-0.63572
658	-0.56031
659	-0.43968
660	-0.43991
661	-0.34873
662	-0.31024
663	-0.14822
664	-4.5078e-002
665	5.9218e-002
666	-0.24616
667	-0.13333
668	-9.4377e-002
669	-9.5928e-002
670	-7.3928
671	-7.5113
672	-7.9284
673	-7.0525
674	-7.3718
675	-7.3011
676	-6.4295
677	-5.3848
678	-3.756
679	-4.2542
680	-5.5322
681	-3.9721
682	-3.8896
683	-3.2905
684	-4.1199
685	-4.2918
686	-2.6375
687	-2.5033
688	-2.6896
689	-2.6024
690	-2.7659
691	-2.8285
692	-2.5541
693	-2.2535
694	-2.529
695	-2.2449
696	-2.2467
697	-2.0809
698	-2.1288
699	-1.6893
700	-1.8208
701	-1.6876
702	-1.3658
703	-1.3505
704	-0.9274
705	0.53107
706	0.35272
707	0.3817
708	0.48196
709	5.8852
710	6.2184
711	4.4234
712	3.0939
713	2.0298
714	0.90293
715	-0.21445
716	-1.6975
717	-2.0582
718	-3.4968
719	-4.4215
720	-4.8247
721	-7.1698
722	5.9612
723	5.2547
724	4.7663
725	4.0151
726	0.82383
727	1.0561
728	1.1155
729	1.3354
730	1.6049
731	1.8916
732	2.7519
733	3.2853
734	3.1132
735	3.6395
736	3.5442
737	4.1027
738	3.1863
739	4.4105
740	4.0671
741	4.6964
742	4.8228
743	4.948
744	4.3916
745	5.331
746	5.2706
747	6.8123
748	4.4245
749	5.1587
750	5.474
751	4.6729
752	6.2014
753	6.0386
754	6.1371
755	6.919
756	7.723
757	6.4107
758	7.8048
759	5.6386
760	6.3187
761	-0.12927
762	-0.24137
763	-0.39887
764	-0.4316
765	-0.57626
766	-0.53444
767	-0.57395
768	-0.38875
769	-0.27644
770	-0.15196
771	-6.5946e-002
772	1.4119e-002
773	0.10548
774	0.26743
775	0.35509
776	0.57607
777	0.81859
778	-0.56339
779	-0.50831
780	-0.4538
781	-0.31645
782	0.53747
783	0.57689
784	0.63235
785	0.56218
786	0.62749
787	0.60903
788	0.374
789	0.52307
790	0.40782
791	0.32237
792	0.34897
793	0.36016
794	0.2324
795	0.288
796	0.20891
797	0.14351
798	0.19998
799	8.7408e-002
800	0.13563
801	6.8507e-002
802	2.4648e-002
803	-4.5719e-002
804	-9.154e-002
805	-0.14429
806	-0.2072
807	-0.25419
808	-0.30715
809	-0.33276
810	-0.44957
811	-0.40187
812	-0.63792
813	-0.54795
814	-0.64294
815	-0.56411
816	-0.33742
817	0.75806
818	2.2564
819	2.6698
820	3.3348
821	3.9813
822	3.9322
823	3.834
824	3.9603
825	2.4986
826	2.6402
827	2.2972
828	3.0159
829	2.2901
830	1.7199
831	1.9727
832	1.9938
833	1.8609
834	1.7062
835	1.2553
836	0.81184
837	-0.12898
838	-2.4806e-002
839	2.9833e-002
840	0.10683
841	0.13533
842	0.14826
843	0.13088
844	0.15222
845	6.9236e-002
846	2.8458e-002
847	-1.5524e-002
848	-2.4321e-002
849	-2.8444e-002
850	2.8431e-002
851	3.6874e-002
852	0.10669
853	0.13644
854	0.23952
855	0.28907
856	0.21747
857	0.22454
858	-3.3685e-002
859	6.5224e-002
860	0.16516
861	0.16727
862	0.13927
863	0.10528
864	3.1317e-002
865	-1.0519e-002
866	-1.9854e-002
867	4.1855e-002
868	0.11559
869	0.28331
870	0.32802
871	0.31667
872	0.29918
873	0.51071
874	0.60399
875	0.89478
876	0.76134
877	0.76278
878	0.73099
879	0.74216
880	0.46354
881	0.45004
882	0.34786
883	0.26081
884	3.6366e-002
885	-1.8443e-002
886	-0.10306
887	-0.16159
888	6.2809e-002
889	0.30509
890	0.22859
891	1.7098e-002
892	4.1547e-002
893	0.30554
894	0.46587
895	-0.17583
896	-0.25643
897	-0.2862
898	-0.42293
899	-0.26307
900	-6.205e-002
901	-1.148e-002
902	-5.0542e-002
903	0.36781
904	0.2955
905	0.1132
906	-6.1046e-003
907	0.15903
908	0.40517
909	3.7968e-002
910	-0.10292
911	0.16262
912	0.14517
913	1.9237e-002
914	4.5395e-002
915	0.19754
916	8.7629e-002
917	-0.19677
918	4.5439e-002
919	-0.30166
920	-4.06e-002
921	-4.961e-002
922	4.5175e-002
923	2.0969e-002
924	-4.1993e-002
925	5.7739e-002
926	0.16905
927	7.2103e-002
928	1.0579e-002
929	-4.6013e-002
930	3.9134e-002
931	-0.33376
932	0.37941
933	1.6982
934	1.9401
935	2.2512
936	0.18596
937	-0.4487
938	0.56972
939	0.70598
940	1.2416
941	1.0847
942	1.1421
943	-0.14455
944	0.18348
945	0.43019
946	0.35547
947	0.11774
948	-3.4233e-002
949	1.1178e-002
950	0.2807
951	0.51096
952	0.7251
953	0.70714
954	-0.34739
955	1.0834
956	0.67132
957	0.11239
958	-0.37052
959	-0.45992
960	-6.8765e-002
961	0.66997
962	1.0832
963	1.8406e-002
964	0.90362
965	-0.23899
966	0.54449
967	0.88893
968	0.83903
969	0.37343
970	-7.2926e-002
971	-6.6147e-002
972	0.44711
973	0.84953
974	1.0126
975	0.48281
976	0.60967
977	0.44774
978	4.7859e-002
979	-8.6179e-002
980	0.16786
981	0.56404
982	0.78297
983	0.8688
984	0.13636
985	0.59014
986	0.84489
987	0.62228
988	0.14491
989	-4.4054e-002
990	8.933e-002
991	0.59066
992	0.98193
993	0.31717
994	-9.5755e-002
995	0.10983
996	5.6002e-002
997	-0.11649
998	-0.2801
999	-0.47711
1000	-0.34578
1001	7.5048e-003
1002	5.3555e-004
1003	-0.11353
1004	-0.20351
1005	-0.18049
1006	-0.43851
1007	-0.32842
1008	0.12564
1009	-2.4516e-002
1010	-0.26835
1011	-0.40677
1012	-0.12767
1013	-0.35327
1014	-0.31961
1015	-0.11
1016	6.9469e-002
1017	1.2412e-002
1018	-7.452e-003
1019	-0.24785
1020	-0.32748
1021	-7.5174e-002
1022	4.9465e-002
1023	-0.20927
1024	-0.32068
1025	5.6949e-002
1026	-9.2046e-002
1027	3.2254
1028	1.1313
1029	-1.2451
1030	-2.4138
1031	-1.8511
1032	-0.73582
1033	5.8565
1034	2.0169
1035	-1.3709
1036	-3.4932
1037	-2.8942
1038	-0.84815
1039	-0.64521
1040	4.7472
1041	-0.77364
1042	-2.6861
1043	-2.8344
1044	-2.0166
1045	3.7406
1046	-1.5251
1047	-0.31112
1048	3.6177
1049	1.4266
1050	0.79331
1051	-2.616
1052	-3.1514
1053	-1.778
1054	3.2917
1055	-1.8141
1056	-3.4341
1057	-2.9319
1058	-0.78889
1059	-3.1649
1060	-0.33188
1061	-0.83844
1062	-0.7845
1063	-0.74504
1064	-0.59217
1065	-0.88255
1066	-0.55193
1067	-0.27734
1068	-0.45152
1069	-0.38136
1070	-0.68543
1071	-0.99453
1072	-0.99906
1073	-0.78149
1074	-0.92956
1075	-0.83143
1076	-0.44354
1077	-0.42236
1078	-0.89153
1079	-0.95705
1080	-1.0457
1081	-0.71823
1082	-0.68416
1083	-1.0662
1084	-1.0914
1085	-0.97088
1086	-2.0648
1087	-1.5813
1088	-1.4356
1089	-1.3781
1090	-1.1531
1091	-1.0495
1092	-3.1215
1093	-3.2663
1094	-2.9681
1095	-2.3636
1096	-1.9331
1097	-2.9843
1098	-2.6842
1099	-2.1812
1100	-1.947
1101	-1.8148
1102	-2.8801
1103	-2.5972
1104	-2.3245
1105	-1.9916
1106	-2.5842
1107	-0.10352
1108	-0.12096
1109	-0.14461
1110	-0.14172
1111	-0.10664
1112	-3.1376e-002
1113	5.9721e-002
1114	0.15376
1115	0.22879
1116	0.30959
1117	0.42532
1118	-0.17345
1119	-0.19849
1120	-0.19261
1121	-0.15135
1122	-5.6408e-002
1123	6.5205e-002
1124	0.19569
1125	0.3163
1126	0.42589
1127	0.68162
1128	-0.18119
1129	-0.34317
1130	-0.35172
1131	-0.2966
1132	-0.2038
1133	1.212
1134	1.2655
1135	0.88875
1136	-0.20379
1137	-0.18964
1138	-0.11549
1139	-8.7252e-003
1140	0.13873
1141	0.27543
1142	0.39587
1143	0.449
1144	-0.29456
1145	-0.37476
1146	0.61317
1147	-0.24292
1148	-0.28578
1149	-0.26902
1150	-0.21318
1151	-9.6397e-002
1152	6.321e-002
1153	0.23684
1154	0.41429
1155	0.50229
1156	-0.30713
1157	-0.30779
1158	-0.29104
1159	-0.1933
1160	-4.2795e-002
1161	0.15818
1162	0.36035
1163	0.53715
1164	0.85872
1165	-0.39363
1166	-0.39288
1167	1.1451
1168	1.0984
1169	0.79351
1170	-0.28777
1171	-0.20154
1172	-3.6808e-002
1173	0.14966
1174	0.35385
1175	0.55749
1176	0.6366
1177	-0.33548
1178	-0.33793
1179	-0.28349
1180	-0.1433
1181	4.9107e-002
1182	0.26179
1183	0.45995
1184	0.67698
1185	-0.40568
1186	-0.43019
1187	-0.34762
1188	-0.38193
1189	-0.32351
1190	-0.16715
1191	2.4272e-002
1192	0.24752
1193	0.48409
1194	-0.4237
1195	-0.37408
1196	-0.27126
1197	-9.3172e-002
1198	0.1377
1199	0.38466
1200	0.61415
1201	0.91621
1202	-0.45252
1203	1.0357
1204	0.9809
1205	0.65765
1206	0.72194
1207	-0.3638
1208	-0.20986
1209	-2.9555e-003
1210	0.26194
1211	0.52126
1212	0.7905
1213	-0.44508
1214	-0.44114
1215	0.82128
1216	-0.42711
1217	-0.31794
1218	-0.15876
1219	0.10139
1220	0.35698
1221	-0.45106
1222	-0.32259
1223	-0.16463
1224	8.592e-002
1225	0.36703
1226	0.64479
1227	-0.47383
1228	0.93647
1229	-2.9761e-002
1230	0.20679
1231	0.49989
1232	0.7469
1233	-0.3942
1234	-3.7385e-002
1235	0.23266
1236	0.82815
1237	-0.47016
1238	-0.40355
1239	-0.29968
1240	-0.12105
1241	2.071e-002
1242	0.28724
1243	-0.44284
1244	0.15565
1245	0.51135
1246	0.73044
1247	0.64811
1248	0.35215
1249	0.41961
1250	0.435
1251	0.50685
1252	0.4732
1253	0.40126
1254	0.31688
1255	0.17026
1256	1.4335e-002
1257	-0.16116
1258	0.38757
1259	0.57771
1260	0.68672
1261	0.72395
1262	0.74867
1263	0.63739
1264	0.48167
1265	0.26881
1266	3.5384e-002
1267	-0.20459
1268	-0.21802
1269	-0.20197
1270	-0.25557
1271	0.39857
1272	0.34419
1273	0.71743
1274	0.42546
1275	0.56192
1276	0.56237
1277	0.64553
1278	0.71493
1279	0.69698
1280	0.57014
1281	0.39405
1282	0.16614
1283	-7.9946e-002
1284	-0.21659
1285	0.31612
1286	0.37745
1287	0.75797
1288	0.71109
1289	0.77537
1290	0.87539
1291	0.9065
1292	0.84343
1293	0.65101
1294	0.40372
1295	6.8746e-002
1296	0.58443
1297	0.83094
1298	1.0227
1299	1.0853
1300	1.1062
1301	0.96063
1302	0.67755
1303	0.31087
1304	-5.3291e-002
1305	-7.0704e-002
1306	-0.10703
1307	-4.5236e-002
1308	0.48684
1309	0.77701
1310	0.91553
1311	1.0296
1312	1.0349
1313	0.9035
1314	0.66321
1315	0.28271
1316	4.3392e-002
1317	0.76691
1318	0.98223
1319	1.1466
1320	1.1647
1321	1.0788
1322	0.87919
1323	0.53438
1324	0.20879
1325	0.65073
1326	0.67145
1327	0.77522
1328	0.99417
1329	1.1381
1330	1.1981
1331	1.1674
1332	0.97237
1333	0.66564
1334	1.024
1335	1.1502
1336	1.289
1337	1.2815
1338	1.122
1339	0.85212
1340	0.46936
1341	0.11966
1342	0.1021
1343	4.7767e-002
1344	0.84203
1345	0.46536
1346	0.1904
1347	1.3037
1348	1.376
1349	1.3259
1350	1.0804
1351	0.72878
1352	0.31108
1353	0.15296
1354	0.8529
1355	0.94923
1356	1.2288
1357	1.35
1358	1.3697
1359	1.2447
1360	0.99635
1361	1.2329
1362	1.42
1363	1.4554
1364	1.3308
1365	1.0601
1366	0.6852
1367	0.28261
1368	1.0175
1369	1.3631
1370	1.2102
1371	0.86935
1372	0.51294
1373	1.3795
1374	1.4272
1375	1.2246
1376	0.45588
1377	1.138
1378	1.3848
1379	1.4881
1380	1.4662
1381	1.4074
1382	1.2055
1383	1.3026
1384	1.321
1385	0.93613
1386	0.62401
1387	0.37633
1388	1.0225
1389	1.6332
1390	2.0249
1391	1.8022
1392	1.2838
1393	0.56509
1394	0.30182
1395	0.94858
1396	1.3087
1397	1.5475
1398	1.3242
1399	0.87511
1400	0.84956
1401	0.13747
1402	0.29408
1403	0.33543
1404	0.45186
1405	0.43853
1406	0.29032
1407	-0.11449
1408	0.52601
1409	0.43847
1410	1.013
1411	1.7961
1412	2.6031
1413	2.7972
1414	2.4378
1415	1.572
1416	1.5196
1417	1.9769
1418	2.0499
1419	1.7087
1420	0.95216
1421	1.0674
1422	0.74431
1423	0.46092
1424	0.16541
1425	0.47069
1426	1.9216
1427	2.7462
1428	3.3591
1429	3.2398
1430	2.5352
1431	1.2574
1432	1.0715
1433	1.73
1434	2.2464
1435	2.7475
1436	2.6019
1437	1.8813
1438	1.0671
1439	0.81458
1440	0.92996
1441	1.4522
1442	1.4072
1443	0.71587
1444	0.63969
1445	0.95973
1446	1.8824
1447	1.6
1448	0.79885
1449	1.9677
1450	2.828
1451	3.4189
1452	3.8577
1453	3.4185
1454	2.5521
1455	2.4498
1456	2.9482
1457	3.3293
1458	2.8938
1459	1.6243
1460	1.5195
1461	2.4502
1462	2.4049
1463	1.7401
1464	1.2975
1465	3.8047
1466	3.8752
1467	3.1672
1468	1.4578
1469	2.7536
1470	3.4276
1471	4.1146
1472	3.7985
1473	2.4434
1474	3.0363
1475	3.638
1476	3.5238
1477	3.0312
1478	2.5983
1479	2.9477
1480	2.1318
1481	3.9212
1482	4.0895
1483	3.2716
1484	3.8028
1485	3.5353
1486	3.4054
1487	4.0963
1488	3.8668
1489	3.9256
1490	3.3619
1491	3.7858
1492	4.0445
1493	3.7879
1494	0.65244
1495	0.48407
1496	0.47564
1497	0.94582
1498	0.65576
1499	0.80155
1500	4.3988e-002
1501	-0.27663
1502	-0.42602
1503	-0.31033
1504	-8.5418e-002
1505	1.7705e-002
1506	-0.10521
1507	-0.36015
1508	-0.61624
1509	-0.7638
1510	0.18212
1511	-0.23191
1512	-0.78531
1513	-1.0266
1514	-0.77165
1515	-0.1751
1516	0.26756
1517	4.5489e-002
1518	-1.206
1519	-2.0299
1520	-2.5848
1521	-1.8013
1522	0.25851
1523	-0.75961
1524	-1.2752
1525	-0.11107
1526	-0.86124
1527	-0.76114
1528	-0.32326
1529	0.30511
1530	0.36051
1531	-0.10174
1532	-0.96193
1533	-1.5964
1534	0.19896
1535	-1.065
1536	-0.17356
1537	-0.52562
1538	-0.536
1539	-0.29824
1540	-4.6749e-002
1541	-1.36e-002
1542	-0.27748
1543	-0.61572
1544	-0.91651
1545	-0.4448
1546	-0.73711
1547	-0.60616
1548	-0.19324
1549	5.7895e-002
1550	-4.3448e-002
1551	-0.56467
1552	-1.1256
1553	-1.2828
1554	-0.41694
1555	-0.60552
1556	-0.45069
1557	-0.14466
1558	1.3915e-002
1559	-0.16222
1560	-0.51012
1561	-0.89711
1562	-0.15572
1563	-0.59803
1564	-1.1419
1565	-4.7134e-002
1566	-0.27343
1567	-0.25245
1568	-3.8532e-002
1569	4.1132e-002
1570	-0.18034
1571	-0.44333
1572	-0.23701
1573	-4.2487e-002
1574	0.37658
1575	0.56562
1576	0.44853
1577	0.51611
1578	0.2284
1579	-0.34742
1580	7.8936e-002
1581	-0.32658
1582	-0.17241
1583	3.1733e-002
1584	-9.9143e-003
1585	-0.27518
1586	-0.1962
1587	3.7879e-002
1588	-9.1886e-002
1589	-0.17662
1590	-6.6561e-002
1591	6.2125e-002
1592	-8.3893e-003
1593	-0.16499
1594	0.26277
1595	0.13643
1596	0.4236
1597	1.2925e-002
1598	0.27924
1599	7.4341e-002
1600	-3.8988e-002
1601	4.8317e-002
1602	6.0173e-002
1603	-6.3445e-002
1604	0.11727
1605	0.14422
1606	4.8365e-002
1607	7.1234e-002
1608	1.3142e-002
1609	-6.4065e-002
1610	9.9975e-002
1611	-0.28432
1612	-3.3953e-002
1613	1.8504e-002
1614	0.20852
1615	-3.9159e-002
1616	-1.5751e-002
1617	0.19587
1618	2.1917e-002
1619	-1.2589e-002
1620	2.717e-003
1621	-2.0507e-002
1622	1.2152
1623	7.5062e-002
1624	-1.5168e-002
1625	2.9356e-003
1626	-1.539e-002
1627	3.8051e-002
1628	-0.36883
1629	0.10806
1630	-1.2249e-002
1631	-2.5979e-002
1632	9.1762e-002
1633	0.13698
1634	4.8046e-003
1635	3.7134e-002
1636	2.8599e-002
1637	7.7945e-002
1638	-3.4961e-002
1639	8.2481e-002
1640	5.6477e-002
1641	8.0162e-002
1642	5.7604e-002
1643	1.865e-002
1644	-1.2417e-002
1645	-7.3887e-003
1646	1.3952e-002
1647	-1.5236e-003
1648	-3.1641e-003
1649	-1.1562e-002
1650	-1.9388e-002
1651	-9.5816e-002
1652	-2.3738e-002
1653	-3.5142e-002
1654	-3.4394e-002
1655	-1.6137e-002
1656	-4.3928e-002
1657	-5.5909e-002
1658	-3.4076e-003
1659	-1.0157e-002
1660	-0.20607
1661	-1.3705e-002
1662	1.2748e-002
1663	-5.1263e-003
1664	1.0423e-002
1665	9.8787e-002
1666	3.743e-002
1667	4.2455e-002
1668	9.6514e-003
1669	5.0661e-002
1670	1.4029e-002
1671	-4.2069e-003
1672	0.22787
1673	-8.2644e-002
1674	0.57659
1675	6.4707e-002
1676	5.427e-003
1677	-7.6872e-002
1678	3.6804e-002
1679	2.476e-003
1680	9.2271e-002
1681	4.4616e-003
1682	-4.0612e-003
1683	3.654e-002
1684	-6.2694e-003
1685	6.3269e-002
1686	6.2486e-002
1687	1.4237e-002
1688	7.7148e-002
1689	7.8731e-002
1690	8.2159e-002
1691	0.17092
1692	2.2956e-002
1693	3.7274e-002
1694	-0.172
1695	-2.1278e-002
1696	-4.5456e-002
1697	5.4591e-002
1698	1.2404e-002
1699	-1.5969e-003
1700	-1.6177e-002
1701	-2.9377e-002
1702	-2.0179e-002
1703	-4.6718e-002
1704	-1.3648e-002
1705	-2.6998e-002
1706	-1.8996e-002
1707	-2.1135e-003
1708	-1.1268e-002
1709	-4.5741e-002
1710	-3.6872e-002
1711	-4.9332e-003
1712	8.6575e-003
1713	-4.8919e-003
1714	-1.2418e-002
1715	-1.1543e-002
1716	1.4041e-002
1717	-5.855e-002
1718	-6.2588e-003
1719	-5.8197e-003
1720	-1.8148e-002
1721	-2.6397e-002
1722	-3.8289e-002
1723	-0.10483
1724	-4.9803e-002
1725	-4.7535e-003
1726	-6.9051e-003
1727	-1.9917e-002
1728	-1.3378e-002
1729	2.4118e-002
1730	-3.4309e-002
1731	-4.484e-003
1732	-1.2369e-002
1733	-1.611e-002
1734	-7.1077e-002
1735	1.4724e-002
1736	3.2833e-002
1737	-9.1642e-003
1738	-6.9055e-003
1739	-2.6459e-002
1740	-2.2126e-002
1741	-3.1584e-002
1742	-1.3852e-002
1743	-0.52408
1744	-1.3867e-002
1745	3.3229e-002
1746	-7.4742e-003
1747	-4.5786e-002
1748	-2.4479e-002
1749	-2.4394e-002
1750	-1.9325e-002
1751	-5.6449e-002
1752	-9.3548e-002
1753	1.342e-003
1754	-2.0101e-003
1755	-2.9949e-002
1756	-9.3336e-002
1757	-0.24391
1758	-2.6058e-002
1759	-8.5183e-003
1760	0.13401
1761	-7.2875e-003
1762	-2.4876e-003
1763	-3.1757e-002
1764	9.0293e-002
1765	7.4159e-002
1766	1.5361e-003
1767	-2.9407e-002
1768	-1.4358e-002
1769	-2.244e-003
1770	9.2488e-004
1771	-3.3841e-002
1772	-1.5004e-003
1773	-8.929e-002
1774	-1.3598e-002
1775	-8.4942e-003
1776	4.6207e-002
1777	7.4923e-002
1778	-7.6504e-003
1779	1.4347e-002
1780	-1.1129e-002
1781	0.10939
1782	-1.5197
1783	-0.17788
1784	-2.1726e-002
1785	-0.21946
1786	-6.661e-003
1787	7.4821e-002
1788	-5.6824e-002
1789	-6.0977e-002
1790	-2.0085e-002
1791	-0.11162
1792	-4.0022e-002
1793	-9.4955e-003
1794	-8.5997e-002
1795	6.2387e-002
1796	1.2503e-002
1797	-2.3869e-002
1798	-6.495e-002
1799	-1.7084e-002
1800	-3.1228e-002
1801	0.19318
1802	-0.14561
1803	-6.9812e-003
1804	-0.4608
1805	-8.6152e-003
1806	-1.7737e-002
1807	-0.66743
1808	-1.8003e-002
1809	0.43869
1810	-7.0752e-002
1811	-9.6789e-002
1812	0.13229
1813	-0.12383
1814	0.17099
1815	-4.2847e-002
1816	-6.9287e-002
1817	4.1409e-002
1818	-2.6379e-002
1819	-2.7374e-002
1820	2.5067e-002
1821	-4.7054e-002
1822	-4.7488e-002
1823	-1.8462e-002
1824	2.9737e-002
1825	-2.8227e-002
1826	3.3608e-002
1827	-1.8369e-002
1828	-1.2332e-002
1829	-0.19492
1830	-6.6996e-002
1831	6.8852e-004
1832	-3.2439e-003
1833	-8.5421e-003
1834	-2.1725e-003
1835	-2.8694e-003
1836	-6.0471e-002
1837	0.13461
1838	-1.405e-002
1839	-2.1882e-003
1840	-1.9319e-002
1841	-1.4649e-002
1842	-2.9622e-002
1843	4.7876e-003
1844	-9.3849e-002
1845	-1.6591e-002
1846	-0.37564
1847	4.7607e-002
1848	-2.3492e-002
1849	-5.696e-003
1850	-0.58097
1851	-5.1335e-002
1852	-4.6975e-002
1853	-3.1889e-002
1854	-0.15963
1855	-2.261e-003
1856	-0.11204
1857	-3.7706e-002
1858	-1.8338e-002
1859	-2.1272e-002
1860	-2.2647e-002
1861	6.1277e-003
1862	-3.7889e-002
1863	-0.10011
1864	1.5863e-003
1865	-1.396e-002
1866	5.6124e-003
1867	1.7035e-002
1868	-5.2475e-005
1869	5.5981e-002
1870	-1.0296e-002
1871	-1.8186e-002
1872	-5.3624e-003
1873	5.7415e-003
1874	1.9182e-002
1875	1.1254e-003
1876	-4.6613e-003
1877	-1.2397e-002
1878	5.8245e-004
1879	-8.3147e-002
1880	-6.1545e-002
1881	-1.9201e-003
1882	-2.5954e-003
1883	2.5331e-003
1884	6.2143e-002
1885	0.17914
1886	-2.3301e-002
1887	-4.4999e-002
1888	-2.1319e-002
1889	-8.9155e-002
1890	-2.4826e-002
1891	-8.9941e-004
1892	-3.9057e-002
1893	-0.31939
1894	-4.3548e-003
1895	-3.544e-002
1896	-1.3704e-002
1897	5.171e-003
1898	-2.2187e-003
1899	5.3093e-002
1900	-0.15905
1901	3.9455e-002
1902	-5.e-002
1903	1.2357e-003
1904	-8.9982e-004
1905	-1.033e-002
1906	0.29578
1907	-1.0223e-002
1908	-1.4865e-002
1909	0.16515
1910	-3.5328e-002
1911	-2.8252e-003
1912	-1.549e-003
1913	-5.8035e-003
1914	-0.48725
1915	2.7123e-004
1916	-7.9915e-003
1917	-1.0001e-002
1918	2.6319e-002
1919	7.2071e-002
1920	9.211e-003
1921	-1.7363e-002
1922	3.3166e-002
1923	7.7868e-003
1924	0.11389
1925	-2.4374e-002
1926	-1.7197e-002
1927	-6.9984e-003
1928	-7.8311e-003
1929	-1.3144e-002
1930	-1.913e-003
1931	-8.334e-003
1932	-2.2472e-002
1933	-2.7487e-002
1934	-5.6628e-003
1935	-3.1322e-002
1936	-6.8539e-003
1937	-3.1576e-002
1938	-5.1784e-002
1939	-1.8905e-002
1940	-5.7432e-004
1941	-2.5102e-003
1942	-1.4483e-002
1943	4.8749e-002
1944	1.6948e-002
1945	-0.12516
1946	-2.0691e-002
1947	-3.1947e-002
1948	-3.6285e-002
1949	-2.0277e-003
1950	-6.8812e-002
1951	-2.0578e-002
1952	-2.6121e-003
1953	0.43649
1954	4.9629e-002
1955	0.52627
1956	4.8589e-002
1957	-2.379e-002
1958	0.31788
1959	-2.779e-002
1960	-2.3723e-002
1961	-4.6755e-003
1962	-0.27431
1963	-1.2164e-002
1964	-1.7779e-002
1965	-7.0371e-003
1966	-1.8701e-002
1967	0.11148
1968	9.2646e-002
1969	-3.0471e-002
1970	1.1925e-003
1971	3.1693e-002
1972	-1.3347e-002
1973	-5.5841e-003
1974	1.6817e-003
1975	-6.0903e-002
1976	-5.9411e-003
1977	-2.6518e-002
1978	-3.1302e-002
1979	-1.6885e-002
1980	-2.217e-002
1981	-4.8448e-003
1982	-2.2617e-003
1983	-0.48193
1984	0.60511
1985	-6.8498e-003
1986	-1.5396e-002
1987	0.14578
1988	3.0204e-003
1989	-3.2341e-003
1990	-0.21477
1991	-3.6187e-004
1992	-4.4647e-003
1993	-6.7068e-002
1994	-5.5982e-003
1995	-6.3969e-002
1996	-0.30935
1997	-0.22637
1998	-1.6959e-002
1999	-3.5143e-003
2000	-1.1495e-002
2001	1.2339e-002
2002	-2.6758e-002
2003	-5.714e-002
2004	-1.9402e-003
2005	2.5783e-003
2006	-0.12382
2007	-1.431e-002
2008	-2.1529e-002
2009	-1.8337e-002
2010	-2.022e-002
2011	-1.9334e-002
2012	-3.948e-002
2013	1.359e-002
2014	-2.7113e-003
2015	-5.4573e-003
2016	-3.0771e-002
2017	1.3661e-003
2018	1.6005e-002
2019	-8.5759e-002
2020	-1.0028e-002
2021	2.3258e-002
2022	-6.5652e-002
2023	-1.7001e-002
2024	-2.298e-002
2025	-1.3355e-003
2026	-4.3467e-002
2027	-4.6647e-002
2028	1.1563e-003
2029	-3.8945e-002
2030	-2.4634e-002
2031	-2.5543e-002
2032	2.8276e-003
2033	3.5111e-003
2034	4.5329e-002
2035	-1.8751e-002
2036	-1.9138e-002
2037	-3.6108e-002
2038	7.1417e-002
2039	4.5603e-002
2040	9.1731e-002
2041	-9.4765e-003
2042	-2.2627e-002
2043	-2.1865e-004
2044	-1.2782e-002
2045	-3.0751e-002
2046	2.6724e-002
2047	-3.8265e-002
2048	8.8986e-002
2049	-6.2067e-003
2050	9.0332e-002
2051	-7.3094e-002
2052	-1.6815e-002
2053	-4.7113e-003
2054	-1.2153e-002
2055	-3.0557e-002
2056	-1.9437e-002
2057	-1.5774e-002
2058	-7.3352e-002
2059	-8.2747e-003
2060	9.0188e-004
2061	-1.5311e-002
2062	-7.4278e-003
2063	1.9487e-002
2064	4.2177e-002
2065	-2.2859e-003
2066	-5.0514e-002
2067	-2.3115e-002
2068	-1.3415e-003
2069	-2.4907e-002
2070	-3.1434e-002
2071	-5.602e-002
2072	-2.498e-002
2073	-1.4434e-002
2074	-4.6913e-002
2075	-5.5665e-004
2076	9.18e-003
2077	4.7737e-002
2078	4.5379e-002
2079	8.0147e-002
2080	-1.5547e-002
2081	1.7823e-002
2082	1.3566e-002
2083	1.4136e-002
2084	-0.10997
2085	5.9668e-003
2086	2.2814e-002
2087	-9.8679e-002
2088	-4.7229e-002
2089	-2.8212e-003
2090	-1.1133e-003
2091	-0.14938
2092	1.6684e-002
2093	-4.9105e-002
2094	-3.231e-002
2095	-6.2941e-004
2096	-1.5235e-002
2097	-0.10256
2098	-5.2236e-003
2099	2.5627e-002
2100	3.0621e-002
2101	2.1983e-002
2102	0.12323
2103	-4.2654e-002
2104	-4.1454e-002
2105	-7.9596e-002
2106	3.8087e-002
2107	2.9112e-002
2108	-2.1631e-002
2109	5.0482e-002
2110	-1.8419e-002
2111	-3.7851e-002
2112	-2.304e-002
2113	-9.0267e-003
2114	-2.2524e-002
2115	-7.1118e-003
2116	-0.18947
2117	-1.6232e-002
2118	-8.8323e-003
2119	6.9719e-002
2120	-4.8598e-003
2121	-0.13574
2122	-5.8732e-002
2123	-1.2041e-002
2124	-2.4265e-002
2125	-1.4731e-002
2126	-2.4068e-002
2127	1.8245e-003
2128	-8.5835e-003
2129	-1.0924e-002
2130	-6.5101e-003
2131	1.9871e-002
2132	-4.0021e-002
2133	-6.7864e-003
2134	-1.3552e-002
2135	-8.3088e-003
2136	-9.163e-003
2137	-4.1741e-002
2138	-2.4235e-002
2139	1.6979e-002
2140	-2.057e-002
2141	-2.9194e-003
2142	-4.1988e-002
2143	-1.6012e-002
2144	-1.9976e-002
2145	-1.9207e-002
2146	-3.4028e-002
2147	8.7481e-003
2148	-1.3062e-002
2149	1.8905e-002
2150	4.9385e-003
2151	-0.12035
2152	-9.183e-003
2153	2.3565e-002
2154	-1.8531e-002
2155	1.891e-003
2156	-1.9637e-002
2157	1.0301e-003
2158	1.2625e-002
2159	-5.3686e-003
2160	4.4192e-002
2161	-9.8567e-002
2162	0.11168
2163	-1.2467e-002
2164	-0.21482
2165	1.1231e-002
2166	-4.4802e-002
2167	9.2079e-003
2168	-3.5955e-002
2169	-2.2702e-002
2170	9.2876e-003
2171	4.644e-002
2172	-7.0811e-003
2173	-9.6799e-003
2174	0.31677
2175	-1.1541
2176	-9.5113e-004
2177	7.309e-002
2178	-1.3766e-002
2179	-0.10241
2180	-2.9677e-002
2181	-2.9188e-002
2182	5.7427e-002
2183	-3.9111e-002
2184	-1.2132e-002
2185	-7.2346e-002
2186	-9.3938e-002
2187	-4.8959e-002
2188	-1.9455e-002
2189	6.4488e-002
2190	3.396e-003
2191	2.2649e-002
2192	-4.4067e-002
2193	-1.5151e-002
2194	-9.3925e-003
2195	1.1267e-002
2196	-4.6605e-003
2197	7.9548e-002
2198	-7.697e-003
2199	1.3746e-002
2200	-2.6639e-002
2201	3.3948e-002
2202	3.4063e-003
2203	-3.1708e-002
2204	1.9584e-002
2205	-0.12573
2206	-9.9325e-002
2207	2.7286e-002
2208	-3.6204e-002
2209	-7.0098e-002
2210	1.3874e-002
2211	2.361e-002
2212	-3.635e-002
2213	-7.2832e-002
2214	2.6009e-003
2215	1.1674e-002
2216	-9.7769e-002
2217	-3.5632e-002
2218	0.20039
2219	-4.4046e-002
2220	-2.7546e-002
2221	-3.5978e-003
2222	-1.103e-002
2223	-6.3829e-002
2224	-2.2065e-004
2225	-1.0042e-002
2226	-2.8919e-002
2227	-1.905e-002
2228	1.5093e-002
2229	-7.4233e-002
2230	-2.5667e-002
2231	-9.3398e-003
2232	-1.6998e-002
2233	-8.9538e-003
2234	-1.9818e-003
2235	-2.647e-002
2236	-8.9462e-003
2237	3.3253e-002
2238	-2.6675e-002
2239	-8.7188e-002
2240	1.3553e-002
2241	-1.2734e-002
2242	-3.0402e-002
2243	-2.0598e-002
2244	2.0495e-003
2245	-2.4556e-002
2246	-1.9469e-002
2247	-5.1223e-002
2248	4.7512e-002
2249	4.0846e-003
2250	2.8635e-002
2251	-2.7761e-003
2252	1.0329e-002
2253	1.6737e-003
2254	-1.695e-002
2255	0.17754
2256	-5.2254e-002
2257	1.2324e-002
2258	9.0361e-002
2259	-4.5303e-003
2260	-6.3671e-002
2261	-3.0809e-002
2262	4.0224e-003
2263	-2.8262e-002
2264	0.10064
2265	5.0701e-002
2266	-4.7246e-002
2267	1.6639e-002
2268	8.2467e-004
2269	6.1675e-002
2270	-9.865e-004
2271	1.9472e-002
2272	6.329e-002
2273	-7.3662e-002
2274	-1.67e-002
2275	2.2941e-002
2276	-1.7017e-002
2277	-4.5269e-002
2278	-1.603e-002
2279	-1.9892e-002
2280	-2.736e-002
2281	-1.4647e-002
2282	3.7686e-002
2283	-6.3162e-004
2284	-8.9139e-004
2285	-3.9714e-002
2286	-5.8014e-002
2287	2.0537e-002
2288	2.315e-003
2289	-2.056e-002
2290	-4.2112e-002
2291	8.2392e-003
2292	-9.9754e-003
2293	-7.3758e-002
2294	0.40163
2295	-7.5672e-002
2296	3.1228e-002
2297	1.585e-002
2298	7.6329e-003
2299	-4.1137e-002
2300	-3.0006e-002
2301	-6.9908e-003
2302	-7.2348e-003
2303	3.0564e-002
2304	0.16566
2305	0.16959
2306	4.7731e-002
2307	-2.0088e-002
2308	-8.2115e-002
2309	-0.10612
2310	8.6896e-003
2311	6.3067e-003
2312	-3.9215e-002
2313	-2.2059e-002
2314	1.1793e-002
2315	6.924e-002
2316	-1.3903e-002
2317	2.8954e-002
2318	-1.9518e-002
2319	0.17648
2320	-1.2379e-002
2321	-2.6153e-002
2322	-3.0631e-002
2323	-1.1422e-002
2324	-4.0046e-002
2325	4.1369e-003
2326	-4.2884e-002
2327	0.14278
2328	0.15793
2329	1.546e-002
2330	-2.0302e-002
2331	0.10283
2332	2.604e-002
2333	-3.087e-002
2334	-6.6986e-003
2335	1.9782e-003
2336	5.1614e-002
2337	0.13744
2338	-5.7821e-002
2339	-2.0295e-002
2340	-6.8359e-002
2341	-7.2607e-003
2342	5.1942e-002
2343	-6.9195e-002
2344	8.9177e-002
2345	-4.26e-002
2346	7.5884e-003
2347	-7.4171e-002
2348	-1.4329e-002
2349	-1.4392e-002
2350	-9.4818e-003
2351	6.6473e-003
2352	-8.8281e-004
2353	6.9852e-002
2354	-2.9825e-002
2355	2.8213e-002
2356	-0.10922
2357	4.9348e-002
2358	-1.2949e-002
2359	2.7867e-002
2360	-1.1814e-003
2361	-3.4664e-002
2362	-2.5757e-002
2363	-6.6726e-003
2364	-3.0914e-002
2365	-1.6806e-002
2366	-1.7793e-002
2367	9.1482e-003
2368	-1.1586e-002
2369	0.22504
2370	-1.4548e-002
2371	-6.9607e-003
2372	5.627e-002
2373	-9.2324e-002
2374	4.63e-003
2375	-6.0836e-003
2376	-2.3375e-002
2377	-2.2537e-002
2378	1.1184e-002
2379	1.2836e-003
2380	-8.0385e-002
2381	-1.3348e-002
2382	-8.7476e-003
2383	4.8154e-002
2384	-1.9944e-002
2385	-1.9528e-003
2386	-3.3142e-002
2387	-1.905e-002
2388	-6.0691e-002
2389	-9.1502e-003
2390	-2.2291e-002
2391	-2.1961e-002
2392	-0.18748
2393	-2.2146e-002
2394	-2.513e-003
2395	-1.0646e-002
2396	6.4152e-002
2397	-2.4518e-004
2398	-2.5952e-002
2399	2.0485e-002
2400	-1.3389e-003
2401	-4.3871e-002
2402	8.8391e-003
2403	-0.11535
2404	-1.388e-002
2405	-6.6983e-004
2406	-3.8745e-002
2407	-1.8118e-002
2408	-7.7996e-002
2409	5.688e-002
2410	-6.2114e-002
2411	-1.3861e-003
2412	-1.0981e-002
2413	-1.2274e-002
2414	2.272e-002
2415	0.10965
2416	-4.0219e-004
2417	1.5458e-002
2418	1.983e-003
2419	-0.93998
2420	-1.1371e-002
2421	-7.5164e-003
2422	-5.55e-002
2423	-4.5064e-002
2424	-5.9309e-002
2425	-1.8998e-002
2426	-3.9407e-002
2427	3.6181e-002
2428	-6.6306e-002
2429	-1.5887e-002
2430	-1.7236e-002
2431	1.0875e-002
2432	-1.7239e-002
2433	0.10797
2434	-3.0896e-003
2435	3.6827e-002
2436	-3.9242e-002
2437	-7.2793e-002
2438	8.8644e-002
2439	3.454e-003
2440	-7.6694e-002
2441	-1.5474e-002
2442	4.2577e-002
2443	-4.5873e-004
2444	-5.4278e-003
2445	8.6899e-002
2446	-2.3452e-002
2447	1.8809e-003
2448	0.13506
2449	-1.3238e-002
2450	-1.6719e-002
2451	-2.6493e-002
2452	2.5523e-003
2453	6.2498e-002
2454	-1.0302e-003
2455	-5.1657e-002
2456	-3.0313e-002
2457	3.1992e-002
2458	-5.4667e-002
2459	-1.9545e-002
2460	-8.1002e-002
2461	8.7952e-003
2462	4.091e-003
2463	0.21137
2464	-4.5224e-003
2465	-6.92e-004
2466	-2.4302e-003
2467	-1.0901e-002
2468	2.1672e-002
2469	-1.3059e-002
2470	-9.3069e-003
2471	1.7674e-003
2472	-7.7507e-003
2473	-1.7838e-002
2474	-2.0362e-002
2475	7.1375e-002
2476	1.0095e-002
2477	-2.6767e-002
2478	-7.3449e-002
2479	-1.5674e-002
2480	2.8318e-002
2481	8.3327e-004
2482	3.4948e-003
2483	-1.9303e-002
2484	-7.2152e-003
2485	-6.4871e-002
2486	0.48528
2487	-7.0307e-003
2488	-8.4392e-003
2489	-1.343e-002
2490	-5.5967e-003
2491	-1.2306e-002
2492	-5.4093e-002
2493	-1.925e-002
2494	-2.7219e-002
2495	-2.5494e-002
2496	-1.6817e-002
2497	1.4105e-002
2498	-1.3925e-002
2499	-5.6646e-003
2500	0.3128
2501	4.4814e-002
2502	-8.8192e-003
2503	-1.9564e-002
2504	-3.2827e-002
2505	-1.5332e-002
2506	-5.6511e-003
2507	-3.1803e-002
2508	9.4706e-002
2509	2.093e-002
2510	-2.6549e-002
2511	1.7222e-002
2512	-0.18336
2513	-1.1642e-002
2514	-6.4813e-003
2515	-8.8021e-003
2516	-1.527e-002
2517	-3.9221e-002
2518	-2.6335e-002
2519	-3.8615e-002
2520	-3.2229e-002
2521	0.13486
2522	0.2826
2523	-1.9685e-002
2524	-1.1407e-002
2525	-4.0298e-002
2526	-3.4437e-002
2527	-6.7381e-003
2528	-2.8139e-003
2529	-1.8562e-002
2530	-1.248e-002
2531	-7.1933e-002
2532	-2.4823e-002
2533	2.7823e-002
2534	2.1413e-002
2535	-2.702e-002
2536	5.3375e-003
2537	-1.7916e-002
2538	-1.2204e-002
2539	-5.1155e-004
2540	-2.6352e-002
2541	-1.7376e-002
2542	-2.6773e-002
2543	-4.4116e-003
2544	-1.0392e-002
2545	-1.6407e-002
2546	2.4009e-002
2547	-5.4417e-003
2548	-3.7035e-002
2549	-1.2652e-002
2550	-0.103
2551	-0.47995
2552	-0.3534
2553	-0.16708
2554	3.6607e-004
2555	0.11537
2556	0.21855
2557	0.34629
2558	0.52245
2559	0.71924
2560	0.95158
2561	0.95774
2562	-0.46335
2563	1.1046
2564	0.66094
2565	1.0375
2566	-0.63041
2567	-0.6093
2568	-0.29004
2569	-0.53845
2570	0.59682
2571	0.86768
2572	-0.34557
2573	-0.18021
2574	-8.0302e-002
2575	-2.7737e-002
2576	0.3123
2577	0.22567
2578	0.47921
2579	0.30509
2580	8.2656e-002
2581	6.6051e-002
2582	0.1713
2583	0.12732
2584	0.43868
2585	0.65241
2586	-3.4969e-003
2587	9.6213e-002
2588	0.56518
2589	0.9813
2590	1.5
2591	2.1255
2592	2.718
2593	2.9179
2594	3.6125
2595	4.6032
2596	4.8262
2597	-0.15553
2598	3.6291
2599	5.7771
2600	3.0884
2601	-0.41116
2602	-0.34833
2603	-0.18227
2604	0.82154
2605	2.7551
2606	5.377
2607	0.44115
2608	1.5605
2609	2.6938
2610	0.91014
2611	1.6452
2612	3.546
2613	4.8715
2614	2.092
2615	1.1038
2616	0.16765
2617	1.1789
2618	2.963
2619	1.691
2620	3.6512
2621	-0.13542
2622	9.9117e-002
2623	0.35986
2624	0.27739
2625	0.16807
2626	0.41034
2627	0.61827
2628	0.51241
2629	0.67363
2630	0.48417
2631	0.60731
2632	-7.5595e-002
2633	0.88529
2634	0.35897
2635	1.1312
2636	-0.2447
2637	-0.20507
2638	-0.20031
2639	1.1063e-002
2640	0.3102
2641	-0.25785
2642	-0.19717
2643	0.13022
2644	0.3929
2645	8.4642e-002
2646	0.15761
2647	6.7323e-003
2648	0.36349
2649	0.16792
2650	6.1823e-002
2651	-0.70264
2652	0.17816
2653	0.16839
2654	0.1664
2655	-8.8137e-002
2656	-1.5398
2657	-0.79135
2658	-0.34559
2659	-0.22854
2660	-0.1247
2661	-0.61968
2662	0.39478
2663	-0.83457
2664	0.50815
2665	-1.1091
2666	0.37603
2667	-1.7892
2668	-1.9594e-002
2669	-0.73797
2670	-0.20902
2671	-0.28228
2672	-1.5101
2673	-0.68714
2674	0.62144
2675	-0.844
2676	0.81729
2677	-1.1783
2678	0.78272
2679	-0.57678
2680	0.11182
2681	0.1593
2682	-0.26041
2683	0.11479
2684	-0.28527
2685	1.4859
2686	0.77783
2687	0.99969
2688	1.0905
2689	0.35797
2690	-0.97829
2691	-0.7376
2692	-1.4567
2693	-0.57609
2694	0.47628
2695	-1.3126
2696	0.59669
2697	-2.1549
2698	-1.177
2699	-0.58532
2700	-0.77064
2701	-1.2732
2702	-0.48311
2703	-0.72225
2704	-0.40553
2705	-1.4583
2706	-0.43478
2707	1.1618
2708	-0.8029
2709	0.79667
2710	-0.65624
2711	0.50242
2712	-0.59313
2713	1.4081
2714	-0.51226
2715	-1.946
2716	0.74098
2717	0.94929
2718	0.13564
2719	-1.1174
2720	0.19968
2721	-0.85131
2722	-0.70036
2723	-0.5613
2724	-0.52118
2725	3.8955
2726	0.2816
2727	-0.62379
2728	-0.73822
2729	-0.58667
2730	0.36499
2731	-2.0413
2732	1.879
2733	-0.45138
2734	0.14321
2735	-0.91198
2736	-0.52323
2737	1.2557
2738	0.87374
2739	0.42575
2740	-0.1679
2741	0.26931
2742	0.9537
2743	-1.5751e-002
2744	-0.91654
2745	-1.9474
2746	-3.0956
2747	-2.0626
2748	-2.3313
2749	-1.0597
2750	-1.4211
2751	-0.10507
2752	-0.64095
2753	0.8763
2754	0.29744
2755	0.83375
2756	-3.4656
2757	-3.4367
2758	0.97851
2759	-1.6379
2760	-2.2063
2761	-0.7828
2762	-1.2323
2763	0.14484
2764	-0.45856
2765	-3.0003
2766	-2.8023
2767	-0.80266
2768	-1.6965
2769	9.9477e-002
2770	-2.8534
2771	-3.4721
2772	0.34033
2773	-1.6746
2774	-0.99783
2775	-0.25852
2776	-2.4468
2777	-0.44739
2778	-1.398
2779	0.49785
2780	-2.5635
2781	-2.7266
2782	1.3238
2783	0.32761
2784	1.2225
2785	0.62564
2786	-3.5876
2787	-3.0811
2788	-3.3249
2789	-1.6069
2790	-0.59122
2791	0.3259
2792	-1.3455
2793	-0.34135
2794	-2.3362
2795	0.60404
2796	-2.7442
2797	-0.57284
2798	-0.19383
2799	-1.1552
2800	-0.83689
2801	-2.0256
2802	-1.5833
2803	4.3648e-002
2804	-3.3055
2805	1.4698
2806	0.77595
2807	0.45896
2808	1.2606e-002
2809	-0.56387
2810	-1.3209
2811	-2.3587
2812	0.28102
2813	-2.9879
2814	-3.7626
2815	-1.1691
2816	-0.44988
2817	-1.8239
2818	1.3846
2819	0.1583
2820	-3.2384
2821	-2.518
2822	0.18039
2823	-2.8658
2824	-2.0772
2825	-0.29728
2826	-0.82509
2827	-1.3472
2828	-1.971
2829	-3.1243
2830	-0.57217
2831	-0.47355
2832	-0.36381
2833	-0.2734
2834	-0.18999
2835	-0.22901
2836	-0.24494
2837	-0.32133
2838	-0.3411
2839	-0.42611
2840	-0.43695
2841	-0.57278
2842	-0.54708
2843	-0.52268
2844	-0.20883
2845	-0.16525
2846	-0.49068
2847	-0.21826
2848	-0.25245
2849	-0.32047
2850	-0.36278
2851	-0.44417
2852	-0.4428
2853	-0.14818
2854	-0.13914
2855	-0.40373
2856	-0.31467
2857	-0.50178
2858	-0.20997
2859	-7.0208e-002
2860	-0.51294
2861	-0.24604
2862	-0.33562
2863	-0.46367
2864	-0.1496
2865	-0.37252
2866	-0.26063
2867	-0.50764
2868	-0.18161
2869	-5.4408e-002
2870	-0.51959
2871	-0.54859
2872	-0.59109
2873	-0.45034
2874	-0.2634
2875	-9.8188e-002
2876	-0.16177
2877	-0.28675
2878	-0.38106
2879	-0.50165
2880	-0.32656
2881	-0.42432
2882	-0.23415
2883	-0.54166
2884	-0.20404
2885	-0.32674
2886	-0.34028
2887	-0.25046
2888	-0.22168
2889	-0.17994
2890	-0.13184
2891	-0.43996
2892	-0.10868
2893	-0.49122
2894	-0.4796
2895	-0.47641
2896	-0.36966
2897	-0.2501
2898	-0.1554
2899	-6.2171e-002
2900	-0.43758
2901	-7.2681e-002
2902	-0.22844
2903	-0.18082
2904	-0.27579
2905	-0.10055
2906	-0.54977
2907	-0.40315
2908	-0.18977
2909	-4.8189e-002
2910	-0.40915
2911	-4.4055e-002
2912	-5.272e-002
2913	-0.32684
2914	-0.23311
2915	-0.15819
2916	-7.6522e-002
2917	-0.16811
2918	-1.3423e-003
2919	3.698e-002
2920	-6.4182e-002
2921	9.2036e-003
2922	-2.9831e-002
2923	-3.9286e-003
2924	-6.981e-002
2925	-2.8058e-002
2926	0.10127
2927	-2.0683e-002
2928	-9.6765e-002
2929	-7.9563e-002
2930	8.3122e-002
2931	-1.2883e-002
2932	-7.699e-003
2933	2.5828e-002
2934	2.0782e-002
2935	-2.3443e-002
2936	-9.6034e-003
2937	8.5548e-002
2938	-0.15071
2939	0.10005
2940	-0.14947
2941	-0.30814
2942	1.0916
2943	-0.51907
2944	-0.5398
2945	0.67318
2946	-0.68123
2947	3.03
2948	-0.18826
2949	0.95456
2950	0.48647
2951	-0.2046
2952	-4.3935e-002
2953	-0.51122
2954	9.9642e-002
2955	-0.77693
2956	2.7224
2957	0.90007
2958	8.0947e-003
2959	0.18465
2960	1.2331
2961	0.60904
2962	0.57016
2963	-0.23524
2964	-7.331e-002
2965	0.24165
2966	-0.1285
2967	-6.0339e-002
2968	-7.6654e-002
2969	-0.15784
2970	0.9968
2971	0.51769
2972	-0.23674
2973	-1.1539
2974	3.154e-002
2975	-0.44623
2976	0.48917
2977	0.33686
2978	-0.52953
2979	-0.27461
2980	-0.1453
2981	0.13225
2982	-0.14506
2983	-0.13475
2984	-0.89609
2985	0.49553
2986	-0.42486
2987	-0.27654
2988	-7.9283e-002
2989	0.69725
2990	2.3284e-002
2991	-0.23352
2992	0.80018
2993	-0.25211
2994	-0.44044
2995	-0.28392
2996	-0.12671
2997	1.2103
2998	0.65806
2999	-0.22952
3000	-0.1658
3001	-0.16254
3002	0.17269
3003	0.19818
3004	0.21801
3005	-6.8324e-002
3006	-0.24024
3007	-0.27821
3008	-7.5798e-002
3009	1.5587
3010	0.78402
3011	5.2888e-002
3012	0.53424
3013	0.11848
3014	-0.80797
3015	0.13695
3016	-0.17629
3017	-0.96913
3018	0.48233
3019	0.65819
3020	-0.33494
3021	-0.65301
3022	0.27324
3023	0.98202
3024	1.4842
3025	-0.14935
3026	-0.29985
3027	1.505
3028	5.5708e-002
3029	-1.0341
3030	1.0597
3031	0.99288
3032	0.4166
3033	0.43882
3034	-6.179e-002
3035	1.3857
3036	-1.1281
3037	-6.5655e-002
3038	0.4191
3039	1.3963
3040	-0.13045
3041	0.71888
3042	-0.87888
3043	-0.16618
3044	-7.1007e-002
3045	0.73569
3046	-0.19082
3047	-3.0735e-002
3048	0.89092
3049	1.1796
3050	-8.4229e-002
3051	-0.1907
3052	-0.36559
3053	-0.54619
3054	-0.34321
3055	6.635e-002
3056	-9.4952e-002
3057	8.3258e-002
3058	-0.16378
3059	-0.11431
3060	-0.26082
3061	-0.16843
3062	-0.54321
3063	0.34821
3064	0.25563
3065	-0.23452
3066	-8.9279e-002
3067	-0.19593
3068	-5.5844e-002
3069	-0.19722
3070	-0.10959
3071	-0.67447
3072	0.72841
3073	0.62106
3074	1.1354
3075	1.0812
3076	-0.24303
3077	0.74853
3078	1.9176
3079	-1.8128e-002
3080	5.7382e-002
3081	-0.20164
3082	0.26434
3083	5.066e-002
3084	-1.0356
3085	-1.2167
3086	6.578e-002
3087	-0.36142
3088	0.1437
3089	-0.34498
3090	-0.13105
3091	0.27611
3092	-1.791e-002
3093	2.6754
3094	-5.7701e-002
3095	-0.36748
3096	-0.33278
3097	-0.34432
3098	-0.39263
3099	-0.25308
3100	0.53025
3101	-0.46907
3102	0.26201
3103	-0.19092
3104	7.207e-002
3105	-0.46126
3106	-0.14419
3107	-5.6304e-002
3108	0.1339
3109	-9.1486e-002
3110	0.10205
3111	-7.0421e-002
3112	-0.25917
3113	-7.9165e-002
3114	-0.23491
3115	0.86588
3116	-0.2635
3117	8.4242e-002
3118	0.98152
3119	-0.30305
3120	-0.12888
3121	-0.34917
3122	-3.0226e-002
3123	1.4611
3124	-0.39892
3125	0.58138
3126	1.0106
3127	-1.3208
3128	0.23133
3129	0.17138
3130	-0.81572
3131	-0.80359
3132	2.7648
3133	0.99785
3134	0.27659
3135	-0.56286
3136	0.22434
3137	0.17233
3138	0.18869
3139	0.86207
3140	-0.46505
3141	-0.1278
3142	-0.23723
3143	0.21598
3144	-0.48961
3145	-0.6002
3146	0.69616
3147	0.70876
3148	-1.3439
3149	-0.27219
3150	0.13663
3151	0.20067
3152	-1.0075e-002
3153	-0.10868
3154	-0.24131
3155	0.1488
3156	-0.31967
3157	-9.4603e-002
3158	3.1243e-002
3159	-0.17401
3160	-0.29124
3161	1.0795
3162	-0.14115
3163	0.11724
3164	-0.19912
3165	-0.72658
3166	-9.5332e-002
3167	-0.27161
3168	-0.17737
3169	7.5011e-002
3170	-0.13892
3171	0.80134
3172	0.51078
3173	0.65408
3174	-1.068
3175	0.17374
3176	-0.72022
3177	-0.67984
3178	-0.30309
3179	-1.0117
3180	9.0278e-002
3181	-0.22848
3182	0.31926
3183	0.69406
3184	0.54926
3185	0.49988
3186	-0.30136
3187	0.33126
3188	0.49248
3189	0.73743
3190	0.16954
3191	4.1486e-002
3192	0.12949
3193	-9.5972e-002
3194	1.0531
3195	-0.19038
3196	-0.22046
3197	-0.10527
3198	-4.5775e-002
3199	2.0435e-002
3200	0.28518
3201	1.4847e-002
3202	-0.3339
3203	-0.94152
3204	-0.10154
3205	-7.9321e-002
3206	-8.528e-002
3207	-0.10965
3208	-0.16541
3209	-0.49121
3210	1.1595
3211	-1.5973
3212	-1.7956
3213	1.1031
3214	-0.77132
3215	1.1991
3216	0.98115
3217	9.907e-002
3218	-0.65405
3219	1.9336
3220	-0.41635
3221	-0.68846
3222	-0.35467
3223	-1.4541
3224	-0.45799
3225	-0.31475
3226	-9.1943e-002
3227	-0.36906
3228	1.5727
3229	-0.78362
3230	-0.1988
3231	-0.46073
3232	-0.72058
3233	-0.10371
3234	-0.11736
3235	-0.34662
3236	-6.1787e-002
3237	0.61464
3238	0.58162
3239	0.19194
3240	-0.33924
3241	2.2449e-002
3242	-0.10862
3243	-0.19329
3244	-1.092
3245	0.83244
3246	0.29043
3247	-0.15881
3248	6.8893e-002
3249	0.70852
3250	-0.18798
3251	0.22818
3252	-0.33854
3253	0.50047
3254	-0.12052
3255	6.9621e-002
3256	0.38448
3257	-9.1843e-002
3258	0.23739
3259	0.20905
3260	-0.2638
3261	-5.9957e-002
3262	-6.0555e-002
3263	0.15644
3264	0.15323
3265	-7.6089e-002
3266	0.75984
3267	-0.12145
3268	-1.097e-002
3269	0.28688
3270	-2.106e-002
3271	-0.11675
3272	-0.1751
3273	-7.2741e-002
3274	-0.10884
3275	-9.492e-002
3276	2.0651
3277	1.414
3278	-0.26204
3279	-1.1455
3280	-0.15438
3281	-0.2831
3282	-0.21463
3283	0.57083
3284	-1.5905
3285	0.96872
3286	-1.2412
3287	0.29685
3288	-0.3442
3289	-0.4934
3290	0.36006
3291	9.2941e-002
3292	0.11891
3293	0.11983
3294	-1.8175
3295	0.7259
3296	-7.0557e-002
3297	-0.57351
3298	0.1002
3299	0.35036
3300	-5.7101e-002
3301	-0.23992
3302	-0.11101
3303	-0.30184
3304	3.7436e-002
3305	0.55136
3306	1.0842
3307	0.27227
3308	0.25753
3309	-0.20411
3310	2.0087e-002
3311	-0.1468
3312	-3.3886e-002
3313	-0.4617
3314	-0.25137
3315	0.53635
3316	0.85936
3317	-0.2435
3318	0.41747
3319	0.54979
3320	2.1674e-002
3321	6.5221e-002
3322	-0.10507
3323	0.41172
3324	-0.71534
3325	-0.36461
3326	-0.1341
3327	0.16339
3328	-0.13939
3329	-0.149
3330	-0.18531
3331	-4.9621e-002
3332	-7.8936e-002
3333	-0.2249
3334	-0.22409
3335	-0.13668
3336	-0.45756
3337	-0.10893
3338	-0.73145
3339	-0.55981
3340	-3.8191
3341	0.64687
3342	3.5724e-002
3343	-1.1408
3344	-0.64268
3345	-0.28336
3346	0.31458
3347	0.21231
3348	0.12479
3349	-9.2149e-002
3350	-5.0045e-002
3351	-0.23544
3352	6.6093e-002
3353	-0.16753
3354	1.0295
3355	0.28853
3356	0.57555
3357	1.1097e-002
3358	-7.3819e-002
3359	-9.305e-002
3360	1.4192e-003
3361	-4.787e-002
3362	-0.11994
3363	-0.22332
3364	0.25675
3365	0.22246
3366	-0.15296
3367	0.97676
3368	-0.54472
3369	-0.26904
3370	-8.7536e-002
3371	-0.13021
3372	-0.14008
3373	-0.14637
3374	1.9394e-003
3375	-0.20709
3376	0.35914
3377	-1.2582
3378	-0.20899
3379	1.1836
3380	2.8639e-002
3381	-8.4911e-002
3382	-7.7474e-002
3383	-4.1976e-002
3384	-0.14027
3385	0.47506
3386	6.0222e-002
3387	-0.28333
3388	9.5451e-002
3389	0.10882
3390	0.10951
3391	0.27829
3392	0.26539
3393	-3.4965e-002
3394	-0.40382
3395	-0.19468
3396	0.23697
3397	1.3926
3398	-0.42135
3399	0.14115
3400	-3.1792e-002
3401	-0.21026
3402	-0.36656
3403	0.33048
3404	-0.25456
3405	-0.64444
3406	-0.63908
3407	-0.15883
3408	-0.28824
3409	-0.28249
3410	-0.2226
3411	-0.1371
3412	-0.15224
3413	-0.12663
3414	-0.24121
3415	0.59575
3416	0.6391
3417	-2.4487e-002
3418	-0.39951
3419	2.2475e-003
3420	9.9354e-002
3421	2.194
3422	3.163
3423	1.8723
3424	0.94427
3425	-0.33931
3426	-7.8735e-002
3427	-0.1041
3428	-0.12137
3429	-0.21515
3430	-0.32489
3431	6.4884e-002
3432	5.2575e-002
3433	-0.20111
3434	-0.20256
3435	0.16151
3436	-3.5002e-002
3437	6.722e-002
3438	-3.4146e-002
3439	-0.23291
3440	-0.19181
3441	-0.20965
3442	0.89475
3443	6.245e-002
3444	-3.933e-002
3445	0.43893
3446	-0.17712
3447	-0.18549
3448	0.71984
3449	0.38996
3450	0.95095
3451	0.20805
3452	-8.3582e-002
3453	2.4838e-002
3454	0.57679
3455	1.6483
3456	2.174
3457	2.352
3458	0.59384
3459	-0.13654
3460	-0.5033
3461	8.6189e-002
3462	8.9473e-002
3463	-0.6903
3464	0.70391
3465	0.17885
3466	1.4244
3467	-8.5756e-002
3468	-0.11906
3469	-0.29363
3470	-0.24601
3471	-1.3618e-002
3472	0.30818
3473	-3.137e-002
3474	2.4823e-003
3475	0.30748
3476	-7.3297e-002
3477	-0.48756
3478	-0.54999
3479	0.9212
3480	-0.10592
3481	0.13184
3482	-0.1462
3483	0.13573
3484	0.6203
3485	0.29668
3486	0.47732
3487	-0.1307
3488	-3.7461e-002
3489	-3.9911e-002
3490	0.41288
3491	-0.14674
3492	0.64741
3493	1.0801
3494	-0.3506
3495	-0.10182
3496	0.21964
3497	-1.062
3498	0.37086
3499	-0.50314
3500	1.2266
3501	-7.3311e-002
3502	0.39251
3503	0.38178
3504	-0.7812
3505	-0.35069
3506	0.40024
3507	-0.26117
3508	0.58285
3509	0.23211
3510	-5.3344
3511	-0.17962
3512	8.7343e-002
3513	0.54011
3514	-8.3772e-002
3515	-1.3001
3516	1.1865
3517	2.1827
3518	5.988e-003
3519	-0.48615
3520	-5.5724e-002
3521	-2.0862e-002
3522	1.3466
3523	-0.76965
3524	-0.1495
3525	-0.75795
3526	-0.35614
3527	-1.1272e-002
3528	-0.25817
3529	-0.904
3530	-0.3605
3531	9.0995e-002
3532	-0.26901
3533	0.5441
3534	-0.13282
3535	0.41916
3536	0.11372
3537	0.77765
3538	9.3026e-002
3539	-0.22636
3540	0.78683
3541	0.19812
3542	0.23271
3543	0.22196
3544	0.57269
3545	0.44751
3546	3.3046e-002
3547	2.2014
3548	-4.8463e-002
3549	-0.4531
3550	-0.54417
3551	1.908
3552	-0.49599
3553	-1.6835e-003
3554	0.41808
3555	-0.12607
3556	-0.5997
3557	-0.13366
3558	0.12337
3559	-0.19816
3560	1.8612
3561	1.2086
3562	-0.16868
3563	7.9561e-002
3564	0.31597
3565	0.66188
3566	-5.4347e-002
3567	-0.25692
3568	8.0024e-002
3569	0.48198
3570	0.21665
3571	1.1125
3572	-0.13337
3573	-0.40219
3574	0.2231
3575	0.21625
3576	-0.32036
3577	-0.1205
3578	0.11441
3579	-1.594
3580	-8.7919e-002
3581	0.30468
3582	0.30906
3583	0.31992
3584	0.70968
3585	-7.1783e-002
3586	-0.18095
3587	-0.2166
3588	0.19714
3589	-9.296e-002
3590	-0.12192
3591	-0.59334
3592	-0.16213
3593	0.85558
3594	-0.61416
3595	8.2465e-002
3596	1.7935
3597	-4.694e-002
3598	-6.3687e-002
3599	-0.1799
3600	-0.37883
3601	0.11324
3602	-0.18501
3603	-1.2463e-002
3604	0.52202
3605	0.13608
3606	1.3787
3607	-0.52674
3608	-0.15428
3609	0.15287
3610	-0.39937
3611	-0.25532
3612	-0.21994
3613	-0.66088
3614	0.93138
3615	0.24068
3616	3.6e-003
3617	0.3013
3618	-0.14599
3619	0.12559
3620	-0.66994
3621	3.6704
3622	0.51336
3623	-1.7597
3624	-0.97204
3625	0.10002
3626	0.88211
3627	-0.22445
3628	-0.12808
3629	-0.39773
3630	-0.18817
3631	0.38078
3632	0.21429
3633	-0.11168
3634	-0.18317
3635	-0.24033
3636	-0.15113
3637	-0.36761
3638	0.1926
3639	-0.14649
3640	-0.25669
3641	-8.7927e-002
3642	0.52818
3643	-9.0162e-002
3644	-8.3612e-002
3645	0.20955
3646	-0.28159
3647	0.40885
3648	0.18495
3649	-0.4118
3650	-3.8544e-002
3651	0.17872
3652	-0.23925
3653	-0.59023
3654	-0.28357
3655	6.1238e-002
3656	-0.18231
3657	-9.1244e-002
3658	-0.1983
3659	-3.5712e-002
3660	-0.41914
3661	-0.16194
3662	-0.52407
3663	-0.20494
3664	-0.56996
3665	2.1692
3666	0.19927
3667	-0.65983
3668	0.81126
3669	-0.27883
3670	-0.17627
3671	-0.18421
3672	-0.23314
3673	0.12554
3674	1.5924
3675	6.2429e-002
3676	0.43661
3677	-0.47154
3678	0.22274
3679	-0.12625
3680	-0.1785
3681	-0.13625
3682	0.97216
3683	-0.10528
3684	0.79332
3685	-0.50025
3686	3.2056e-002
3687	1.3267
3688	-0.51727
3689	0.59784
3690	3.1218e-002
3691	1.8407
3692	0.85048
3693	-0.20922
3694	-0.2539
3695	-0.2284
3696	-0.23186
3697	-0.18007
3698	0.82597
3699	-2.0974
3700	3.134
3701	-0.3187
3702	2.0198
3703	-8.0581e-002
3704	1.3506
3705	-0.33271
3706	-2.1886e-002
3707	5.1558e-002
3708	7.5325e-002
3709	9.4307e-002
3710	-0.28891
3711	-0.45231
3712	-0.2436
3713	0.75755
3714	-0.74594
3715	-0.1656
3716	-6.6229e-002
3717	-3.7222e-002
3718	-0.21825
3719	-0.38515
3720	-0.11147
3721	-4.0081e-002
3722	0.29397
3723	1.0537
3724	0.44428
3725	-0.35504
3726	-0.26666
3727	-0.13481
3728	3.1059
3729	-0.10117
3730	-1.3357
3731	-9.9739e-002
3732	2.1645
3733	0.44861
3734	0.71068
3735	-3.5866e-002
3736	0.26326
3737	-0.20138
3738	-0.49774
3739	-0.18711
3740	-1.8295
3741	1.9555e-002
3742	0.90474
3743	-0.17521
3744	0.82389
3745	0.26673
3746	0.87556
3747	0.22387
3748	1.5796
3749	-0.17858
3750	-1.2045
3751	-5.8326e-002
3752	-0.19937
3753	-0.16347
3754	7.1687e-002
3755	0.44912
3756	0.11387
3757	-0.45015
3758	-0.43662
3759	0.28413
3760	-2.3169e-002
3761	0.56366
3762	-0.32616
3763	0.12461
3764	-0.31242
3765	0.8206
3766	6.0148e-002
3767	-5.539e-002
3768	-6.5067e-002
3769	-0.47341
3770	0.32034
3771	-0.7152
3772	-7.5625e-002
3773	6.8388e-004
3774	-7.9748e-002
3775	-9.1007e-002
3776	0.74002
3777	0.28887
3778	-0.26257
3779	-0.29204
3780	-0.26125
3781	-5.9405e-002
3782	-0.34482
3783	-0.39462
3784	0.31266
3785	-0.2431
3786	-0.69491
3787	-1.1949e-002
3788	-0.25305
3789	8.1179e-003
3790	-9.9014e-002
3791	2.5987
3792	-2.6371
3793	7.8451e-002
3794	0.83087
3795	-9.4542e-003
3796	0.81193
3797	4.7995e-002
3798	-0.11834
3799	0.33878
3800	0.14621
3801	-1.8826
3802	1.0109
3803	-0.56958
3804	-0.21665
3805	8.46e-005
3806	1.1002
3807	-6.7235e-002
3808	0.70639
3809	-0.47516
3810	-0.44563
3811	2.617
3812	-0.2409
3813	-7.5244e-002
3814	-0.12116
3815	-0.20492
3816	-0.15887
3817	-3.4481
3818	-5.7969e-002
3819	1.7447
3820	-0.17531
3821	-0.65213
3822	-0.22007
3823	2.5189e-003
3824	1.0553
3825	0.48663
3826	0.85852
3827	-0.7401
3828	0.26354
3829	1.0213
3830	-0.22648
3831	-3.7939e-002
3832	-0.73964
3833	0.33663
3834	-0.24413
3835	-5.2253e-002
3836	0.37137
3837	-0.15366
3838	1.0674
3839	-5.6735e-002
3840	0.54365
3841	-0.14483
3842	0.45524
3843	0.11944
3844	0.28058
3845	-0.14627
3846	-0.11368
3847	-0.26393
3848	1.9086
3849	0.36123
3850	-6.0605e-002
3851	-7.6948e-002
3852	-0.27639
3853	-0.18768
3854	-0.23634
3855	-9.657e-002
3856	-0.28028
3857	-0.14465
3858	0.22955
3859	-0.1346
3860	0.49153
3861	-0.33451
3862	-0.26934
3863	-0.11764
3864	-1.1765
3865	2.2788
3866	-6.2045e-002
3867	-0.11288
3868	0.29982
3869	-0.65295
3870	-0.23935
3871	-0.21521
3872	0.14578
3873	0.27483
3874	-4.727e-002
3875	1.3261
3876	1.1478
3877	-0.18226
3878	5.7791e-002
3879	0.42315
3880	-9.0397e-002
3881	-8.0348e-002
3882	-8.545e-002
3883	-0.28385
3884	-0.59601
3885	-0.13359
3886	-0.56108
3887	-0.15026
3888	0.21336
3889	1.0522
3890	4.3478e-002
3891	-0.10262
3892	2.2437e-002
3893	1.4696e-002
3894	0.75084
3895	0.84908
3896	-0.39551
3897	9.5175e-002
3898	-1.3333
3899	-0.3893
3900	-0.34637
3901	-0.88785
3902	-0.78802
3903	-0.38407
3904	-1.173e-002
3905	0.78502
3906	0.14697
3907	-3.8268e-002
3908	8.5057e-002
3909	0.16154
3910	-0.14953
3911	-0.1514
3912	0.14563
3913	-5.4535e-003
3914	-1.0286e-002
3915	-5.4867e-002
3916	0.17263
3917	-0.67635
3918	0.65865
3919	-0.23099
3920	0.99565
3921	-0.15914
3922	-0.33852
3923	-0.27205
3924	-9.2399e-002
3925	-0.15098
3926	0.2322
3927	-1.9052
3928	-0.25624
3929	-8.1042e-002
3930	8.6064e-002
3931	-0.34981
3932	-0.40223
3933	-0.10847
3934	-0.31285
3935	1.4167
3936	8.8314e-002
3937	-0.31753
3938	-0.14325
3939	-0.14125
3940	1.3165
3941	-2.0151
3942	-0.17747
3943	2.4596e-002
3944	-2.1836e-002
3945	-1.1416
3946	0.27502
3947	-0.26078
3948	-0.17707
3949	-0.28329
3950	-0.1683
3951	-0.45312
3952	0.87328
3953	-0.29353
3954	-0.24952
3955	-0.56371
3956	-0.33892
3957	-0.22805
3958	-0.30244
3959	0.20956
3960	-6.1581e-002
3961	-0.37393
3962	-0.21587
3963	-0.15543
3964	0.78352
3965	-0.31252
3966	-9.2523e-002
3967	-3.1009e-002
3968	8.852e-003
3969	-0.17487
3970	0.13264
3971	0.14346
3972	-0.18248
3973	-0.16522
3974	0.71305
3975	0.34897
3976	0.13428
3977	0.23184
3978	4.3133e-002
3979	2.4689e-003
3980	3.1165e-002
3981	0.24524
3982	4.9683e-002
3983	5.548e-002
3984	-0.21565
3985	-0.2068
3986	-5.9919e-003
3987	-4.6821e-002
3988	2.2956e-002
3989	-0.10616
3990	2.2854e-002
3991	-8.3767e-002
3992	-1.3947e-002
3993	0.17481
3994	-2.5863e-002
3995	2.6224e-002
3996	1.506e-002
3997	5.0092e-003
3998	-1.5469e-003
3999	-0.12389
4000	-6.4976e-002
4001	-3.7657e-002
4002	-7.614e-002
4003	-2.7244e-002
4004	-8.6191e-002
4005	-0.19398
4006	-5.6404e-002
4007	-1.7908e-002
4008	-3.6579e-003
4009	-9.4888e-002
4010	-0.20803
4011	-4.5991e-002
4012	-0.22572
4013	-5.4998e-002
4014	-4.8531e-002
4015	-0.25937
4016	-0.28595
4017	-3.5792e-002
4018	-0.14611
4019	-2.8929e-002
4020	-3.762e-002
4021	-2.695e-002
4022	-0.22929
4023	-0.26635
4024	-2.7223e-003
4025	-1.619e-002
4026	-6.5396e-002
4027	-5.9621e-002
4028	3.3054e-002
4029	-8.4369e-003
4030	-0.16928
4031	-0.12926
4032	-5.3921e-003
4033	-1.0099e-002
4034	1.8051e-002
4035	-2.3378e-003
4036	-3.5833e-002
4037	-0.10277
4038	2.9904e-002
4039	2.1096e-002
4040	2.4371e-002
4041	2.0696e-002
4042	-1.2948e-003
4043	-5.6935e-003
4044	-1.2799e-002
4045	2.2334e-002
4046	5.2938e-002
4047	2.8206e-002
4048	1.9715e-002
4049	5.7429e-003
4050	3.6816e-003
4051	3.847e-002
4052	3.377e-002
4053	3.9643e-002
4054	-3.571e-002
4055	-1.2411e-002
4056	1.6027e-002
4057	2.2377e-002
4058	-3.1459e-003
4059	2.9665e-002
4060	3.6258e-002
4061	2.355e-002
4062	-0.10658
4063	-2.3306e-002
4064	-1.9085e-002
4065	1.5825e-002
4066	-0.12769
4067	-4.2479e-002
4068	-3.0749e-003
4069	-4.4751e-003
4070	-0.20926
4071	-1.571e-002
4072	-8.3606e-004
4073	-0.15922
4074	-0.20665
4075	-3.6011e-002
4076	-0.25719
4077	-7.1987e-002
4078	-2.0448e-002
4079	4.3279e-003
4080	-0.36187
4081	-0.2778
4082	-7.3257e-002
4083	-0.10716
4084	-9.471e-002
4085	-0.24331
4086	2.7558e-002
4087	-8.2449e-003
4088	-0.33864
4089	-7.148e-002
4090	-0.24382
4091	-1.7602e-002
4092	-1.4063e-002
4093	-0.348
4094	-0.30004
4095	-1.4165e-002
4096	-8.0837e-002
4097	-0.19771
4098	-0.26469
4099	-0.19134
4100	-0.12457
4101	-0.2278
4102	8.1555e-003
4103	-0.17737
4104	-0.19403
4105	-0.13433
4106	-8.6084e-002
4107	-9.8504e-002
4108	-0.2912
4109	-5.3187e-003
4110	-0.11194
4111	-0.15337
4112	-0.10181
4113	-5.7554e-002
4114	5.2716e-002
4115	2.2943e-002
4116	-0.25025
4117	-0.17464
4118	3.5631e-002
4119	-0.1284
4120	-7.099e-002
4121	0.10889
4122	-3.401e-002
4123	-0.16401
4124	-0.10211
4125	-0.17493
4126	3.5335e-002
4127	0.12903
4128	0.1086
4129	-3.4306e-002
4130	-0.24133
4131	-0.16797
4132	-9.2911e-002
4133	-0.11244
4134	-0.20567
4135	-0.18527
4136	3.1524e-002
4137	-0.21907
4138	0.11869
4139	-4.4642e-002
4140	0.19601
4141	7.912e-002
4142	0.37348
4143	0.13104
4144	0.10641
4145	-0.39893
4146	-0.16863
4147	-2.4729e-003
4148	0.11925
4149	7.6244e-002
4150	0.10654
4151	-0.47424
4152	0.4735
4153	0.25176
4154	-0.27266
4155	-0.16818
4156	-0.15896
4157	-0.27141
4158	-3.546e-002
4159	-0.22099
4160	-0.11414
4161	-0.25485
4162	-0.58142
4163	-0.43859
4164	-0.34133
4165	-0.32489
4166	5.9836e-002
4167	0.10959
4168	-0.28007
4169	-0.42078
4170	-0.58171
4171	-0.28258
4172	-0.26614
4173	0.16834
4174	-0.32202
4175	-0.43941
4176	-0.22132
4177	-0.36203
4178	-0.68715
4179	-0.34162
4180	-0.18899
4181	-0.36016
4182	-0.32518
4183	4.2573e-002
4184	0.1093
4185	-0.38106
4186	-0.49845
4187	-0.75821
4188	0.4932
4189	-0.17848
4190	-0.23539
4191	-0.40656
4192	-6.2257e-002
4193	-3.8243e-003
4194	-0.42746
4195	-0.40343
4196	-0.54485
4197	-0.66345
4198	-0.76929
4199	-0.20315
4200	-0.10863
4201	-0.43122
4202	-0.46618
4203	-8.6922e-002
4204	-0.4281
4205	-0.68811
4206	-0.81502
4207	-9.5044e-002
4208	-0.45259
4209	-7.3336e-002
4210	-0.52197
4211	-0.41451
4212	-0.76846
4213	-0.67452
4214	-4.8528e-002
4215	-0.83991
4216	-0.15436
4217	-0.22537
4218	-0.51252
4219	-0.51191
4220	-8.8541e-002
4221	-0.25714
4222	-0.58129
4223	-0.82777
4224	-0.10784
4225	-0.79823
4226	-0.17848
4227	-0.19095
4228	-0.4781
4229	-0.22272
4230	-0.54687
4231	-0.74802
4232	-0.17122
4233	-0.13743
4234	-0.44387
4235	-0.47084
4236	-0.21546
4237	-0.4749
4238	-0.53961
4239	-0.47655
4240	0.47684
4241	-0.51211
4242	-9.4476e-002
4243	-0.40091
4244	0.61426
4245	-0.43195
4246	-0.57908
4247	-0.4336
4248	0.5198
4249	-0.29885
4250	1.5078
4251	9.8478e-002
4252	-1.9957e-002
4253	-0.19448
4254	-0.20796
4255	0.58253
4256	0.80721
4257	-0.23899
4258	-0.17665
4259	-0.11591
4260	-0.38613
4261	0.50346
4262	-0.20072
4263	-2.507e-002
4264	3.529e-004
4265	-0.17417
4266	0.60284
4267	-0.15634
4268	-9.5597e-002
4269	1.6432e-002
4270	5.2746e-002
4271	-9.6357e-002
4272	-7.3174e-002
4273	0.68066
4274	-7.8525e-002
4275	-1.7781e-002
4276	0.2086
4277	-7.3037e-002
4278	3.8874e-002
4279	0.19208
4280	6.6163e-002
4281	0.18241
4282	-0.20887
4283	-4.2718e-002
4284	0.34794
4285	6.63e-002
4286	0.22129
4287	0.28578
4288	0.32009
4289	0.11262
4290	0.15513
4291	7.2285e-002
4292	9.0214e-002
4293	0.10257
4294	9.6012e-002
4295	0.12663
4296	0.269
4297	3.3639e-002
4298	0.12457
4299	0.10404
4300	2.1199e-002
4301	3.9129e-002
4302	-0.18698
4303	2.5211e-003
4304	-9.93e-003
4305	8.0999e-002
4306	-0.47553
4307	-2.237e-002
4308	-0.23055
4309	-0.18354
4310	0.21634
4311	-0.12692
4312	-9.0471e-002
4313	7.5188e-002
4314	4.5784e-004
4315	-0.55607
4316	6.5513e-002
4317	-0.32577
4318	-0.26409
4319	0.12582
4320	0.27444
4321	0.1956
4322	0.19549
4323	8.8872e-002
4324	-0.14571
4325	-0.28563
4326	-0.11701
4327	-9.2696e-002
4328	4.6132e-002
4329	0.23361
4330	2.5652e-002
4331	6.4489e-002
4332	0.17175
4333	4.8043e-002
4334	-3.4997e-002
4335	-1.3205e-002
4336	3.6249e-002
4337	3.5042e-002
4338	2.5631e-002
4339	-5.1899e-002
4340	9.1856e-003
4341	-0.10536
4342	-6.022e-003
4343	4.3946e-002
4344	-7.2293e-003
4345	-0.17695
4346	-9.417e-002
4347	-7.1462e-002
4348	-0.14739
4349	1.5852e-002
4350	-0.20504
4351	-9.9556e-002
4352	-0.11265
4353	-0.16445
4354	1.9175e-003
4355	2.9743e-003
4356	-0.21898
4357	-0.29367
4358	-0.34347
4359	-0.12658
4360	-0.14636
4361	-1.53e-004
4362	-1.4156e-002
4363	-0.2968
4364	-0.12971
4365	-0.11377
4366	-0.11541
4367	7.0626e-003
4368	-0.27558
4369	-0.21774
4370	-0.33057
4371	-9.255e-002
4372	-7.9058e-002
4373	1.6794e-002
4374	-1.9768e-004
4375	-0.208
4376	-8.2818e-002
4377	-0.10235
4378	-3.9152e-002
4379	2.6424e-002
4380	-1.056e-002
4381	-0.18138
4382	-6.8927e-002
4383	-0.17534
4384	-7.5725e-002
4385	-1.0147e-002
4386	2.7249e-003
4387	-1.8193e-002
4388	-5.5643e-002
4389	-4.3103e-002
4390	-6.2441e-002
4391	9.1766e-003
4392	-2.4732e-003
4393	-3.9923e-002
4394	1.1639e-002
4395	-2.0588e-002
4396	-2.7383e-002
4397	-1.6348e-002
4398	5.1406e-003
4399	1.1309e-003
4400	-3.5364e-003
4401	1.5243e-002
4402	-1.2744e-002
4403	-3.1427e-002
4404	-1.1176e-002
4405	1.9678e-002
4406	7.603e-003
4407	-5.3855e-002
4408	-8.0497e-003
4409	-3.2143e-002
4410	-2.0384e-002
4411	-5.763e-002
4412	-9.2491e-003
4413	2.762e-002
4414	-8.2782e-002
4415	-6.107e-002
4416	-8.7017e-002
4417	-0.10506
4418	3.0343e-002
4419	-8.0059e-002
4420	-0.20753
4421	-0.16619
4422	-8.4294e-002
4423	-0.16426
4424	-1.9813e-002
4425	6.4047e-002
4426	7.5158e-002
4427	-0.25768
4428	-0.2137
4429	-0.13445
4430	-0.18635
4431	5.5007e-002
4432	7.7361e-002
4433	-0.26672
4434	-0.39477
4435	-0.22274
4436	-0.15306
4437	-0.23539
4438	6.4315e-002
4439	-0.40782
4440	-0.55795
4441	-0.1661
4442	-0.2643
4443	2.8317e-002
4444	2.2643e-002
4445	-0.51759
4446	-0.59395
4447	-0.18166
4448	-0.2021
4449	-0.22179
4450	2.9733e-002
4451	2.0987e-002
4452	-0.5105
4453	-0.17457
4454	-0.32629
4455	5.6405e-002
4456	-0.47509
4457	-0.47299
4458	-0.13916
4459	-0.13336
4460	0.4784
4461	0.18465
4462	0.59555
4463	0.15409
4464	0.18277
4465	0.30832
4466	9.3724e-002
4467	0.12279
4468	0.45198
4469	0.30339
4470	0.54469
4471	0.32037
4472	0.30329
4473	0.19667
4474	0.54761
4475	0.61443
4476	0.39011
4477	0.36034
4478	0.37303
4479	0.57552
4480	0.85779
4481	0.64031
4482	0.73856
4483	0.3778
4484	0.38623
4485	0.39891
4486	0.4926
4487	0.32927
4488	0.2838
4489	0.69469
4490	0.85982
4491	0.37983
4492	0.40747
4493	0.49463
4494	0.3313
4495	-1.9747
4496	-1.3549
4497	-0.97565
4498	-0.77091
4499	-1.0937
4500	-0.92754
4501	-0.24504
4502	-8.5771e-002
4503	8.6084e-002
4504	1.2775e-003
4505	-1.1826e-002
4506	0.11372
4507	-0.13688
4508	-5.7024e-002
4509	-7.1806e-002
4510	-5.0055e-002
4511	-6.8098e-002
4512	-0.8097
4513	-0.29159
4514	-0.32086
4515	-0.149
4516	-0.35602
4517	-0.23381
4518	-0.23855
4519	-0.37196
4520	-0.59773
4521	-0.29211
4522	-0.28514
4523	-1.14
4524	-0.68559
4525	-0.96229
4526	-0.56813
4527	-0.92731
4528	-0.62169
4529	-1.2145
4530	-0.96299
4531	-1.001
4532	-0.55353
4533	-0.54552
4534	-0.56883
4535	-0.93063
4536	-0.92801
4537	-0.62239
4538	-0.57118
4539	-0.60218
4540	-1.3634
4541	-1.1575
4542	-1.0748
4543	-0.60674
4544	-0.61934
4545	-1.0044
4546	-0.645
4547	-0.676
4548	-0.69547
4549	-1.619
4550	-1.2325
4551	-1.0998
4552	-0.68179
4553	-0.69266
4554	-0.76668
4555	-1.0795
4556	-0.66234
4557	-0.72004
4558	-0.77051
4559	-1.774
4560	-1.2857
4561	-1.2804
4562	-0.87328
4563	-0.9473
4564	-1.2631
4565	-1.2601
4566	-0.84296
4567	-1.5048
4568	-1.26
4569	-1.0358
4570	-0.81951
4571	-0.84766
4572	-0.92168
4573	-1.2375
4574	-0.81734
4575	-1.159
4576	-1.4998
4577	-0.71811
4578	-0.79219
4579	-0.57587
4580	-0.54799
4581	-0.67804
4582	-0.49787
4583	-0.35852
4584	-0.5737
4585	-0.79692
4586	-0.91535
4587	-1.7054
4588	-0.95682
4589	-0.71672
4590	-0.89427
4591	-0.7867
4592	-1.1694
4593	-0.59723
4594	-1.0356
4595	-1.1541
4596	-1.7314
4597	-0.70239
4598	-0.68361
4599	-0.86117
4600	-0.97813
4601	-1.1363
4602	-1.0185
4603	-0.56412
4604	-1.1212
4605	-1.0025
4606	-2.0601
4607	-0.76143
4608	-0.71495
4609	-0.85813
4610	-0.92021
4611	-0.90466
4612	-1.0775
4613	-0.62316
4614	-0.56426
4615	-1.1802
4616	-2.4539
4617	-1.1421
4618	-0.98462
4619	-1.1743
4620	-1.3851
4621	-1.3472
4622	-0.83394
4623	-1.4499
4624	-1.4016
4625	-2.7383
4626	-1.2663
4627	-1.3399
4628	-1.1995
4629	-1.2985
4630	-1.5093
4631	-1.0889
4632	-0.95812
4633	-1.5258
4634	-2.8438
4635	-1.0678
4636	-2.0522
4637	-1.5001
4638	-1.3596
4639	-1.6694
4640	-1.8532
4641	-1.2491
4642	-1.6859
4643	-3.7892
4644	-1.0139
4645	-1.0132
4646	-1.9976
4647	-1.8755
4648	-1.3634
4649	-1.305
4650	-1.4057
4651	-1.6148
4652	-1.7986
4653	-1.5445
4654	-2.3033
4655	-1.1945
4656	-1.5354
4657	-4.4412
4658	-3.4096
4659	-2.8756
4660	-2.4057
4661	-2.5446
4662	-3.3034
4663	-4.2159
4664	-3.0616
4665	-2.8448
4666	-1.9805
4667	-2.0577
4668	-2.1965
4669	-2.9553
4670	-2.1099
4671	-2.6967
4672	-4.0143
4673	-3.4617
4674	-2.9675
4675	-2.1032
4676	-2.0214
4677	-2.2326
4678	-2.8194
4679	-3.0128
4680	-3.1374
4681	-2.7456
4682	-1.6971
4683	-2.362
4684	-1.9083
4685	-1.8869
4686	-2.495
4687	-1.7158
4688	-2.0684
4689	-1.8054
4690	-1.1447
4691	-1.0199
4692	-1.1317
4693	-1.6848
4694	-1.4545
4695	-1.2311
4696	-1.2884
4697	-1.1415
4698	-1.2097
4699	-0.54779
4700	-0.2976
4701	-0.4068
4702	-0.61291
4703	-0.29701
4704	-0.27908
4705	-0.27328
4706	-0.71687
4707	-0.48837
4708	-0.43417
4709	-0.69448
4710	-0.84716
4711	-0.37858
4712	-0.36065
4713	-0.58676
4714	-0.53975
4715	-0.95019
4716	-0.56907
4717	-0.52169
4718	-1.0398
4719	-0.93467
4720	-0.62727
4721	-0.71671
4722	-0.71488
4723	-1.1856
4724	-1.0651
4725	-0.83476
4726	-0.77308
4727	0.25857
4728	0.18031
4729	0.12303
4730	8.2558e-002
4731	9.1804e-002
4732	0.15955
4733	0.28566
4734	0.23768
4735	0.33095
4736	0.15934
4737	0.24795
4738	0.20479
4739	0.26174
4740	0.59309
4741	0.83991
4742	0.55421
4743	0.27845
4744	0.28519
4745	0.45071
4746	0.38454
4747	0.34824
4748	0.4171
4749	0.40158
4750	0.38389
4751	0.25203
4752	0.49136
4753	0.15428
4754	0.16486
4755	0.23127
4756	0.31967
4757	0.33346
4758	0.52636
4759	0.54496
4760	0.21846
4761	0.28487
4762	0.38398
4763	0.37327
4764	0.28151
4765	0.38706
4766	0.33485
4767	0.86205
4768	0.63383
4769	0.78052
4770	0.30733
4771	0.47285
4772	0.40667
4773	0.46214
4774	0.37038
4775	0.42371
4776	-4.1987e-002
4777	1.3994e-002
4778	-9.1319e-002
4779	-5.2523e-003
4780	1.9064e-003
4781	0.13897
4782	0.1165
4783	-5.1781e-002
4784	0.41311
4785	0.23115
4786	0.19826
4787	0.25521
4788	7.8401e-002
4789	-8.6586e-002
4790	0.3783
4791	0.29412
4792	0.19635
4793	0.16345
4794	1.0601e-003
4795	-0.11235
4796	-0.19944
4797	-0.19545
4798	0.26835
4799	0.26413
4800	0.11864
4801	0.17058
4802	7.4042e-002
4803	0.13769
4804	5.4681e-003
4805	-9.9845e-002
4806	-0.25102
4807	0.21256
4808	-1.3778e-002
4809	-6.6197e-003
4810	2.2469e-002
4811	-0.10096
4812	0.25726
4813	0.49363
4814	0.24461
4815	8.71e-002
4816	9.7168e-002
4817	0.25014
4818	0.12207
4819	0.26854
4820	4.2203e-002
4821	0.22947
4822	0.32916
4823	0.41923
4824	5.9314e-002
4825	0.10282
4826	0.18367
4827	0.51263
4828	0.46601
4829	0.10609
4830	0.26913
4831	1.0658
4832	0.82317
4833	1.0273
4834	1.1067
4835	0.71968
4836	0.68607
4837	0.73505
4838	0.97671
4839	0.9843
4840	0.99026
4841	1.0637
4842	0.67663
4843	0.64316
4844	0.692
4845	0.83982
4846	0.93824
4847	0.7932
4848	0.8661
4849	0.94419
4850	0.59633
4851	0.59709
4852	0.64594
4853	0.49997
4854	0.70238
4855	0.35254
4856	0.85337
4857	0.50551
4858	0.55511
4859	-0.11096
4860	-0.36482
4861	-0.25834
4862	-3.5956e-002
4863	-0.12438
4864	-0.16313
4865	-2.1563
4866	-2.9661
4867	-3.3299
4868	-1.4499
4869	-2.5243e-002
4870	-0.30389
4871	0.16315
4872	-5.9888e-003
4873	-6.3451e-002
4874	0.26567
4875	-0.1022
4876	8.2391e-002
4877	0.18794
4878	0.50627
4879	1.8797e-002
4880	0.2187
4881	0.59385
4882	0.58912
4883	0.10165
4884	0.28667
4885	0.64731
4886	1.0341
4887	0.14704
4888	0.15511
4889	0.71582
4890	0.92588
4891	0.29991
4892	0.96718
4893	1.0486
4894	0.16155
4895	0.94039
4896	0.32376
4897	0.96591
4898	1.4509
4899	0.16028
4900	0.76589
4901	0.33184
4902	1.1869
4903	1.476
4904	0.27238
4905	0.1854
4906	0.79101
4907	0.74833
4908	0.34293
4909	1.1698
4910	1.556
4911	0.25533
4912	0.73129
4913	0.35618
4914	1.0866
4915	1.5842
4916	0.28347
4917	0.75943
4918	0.33666
4919	1.0717
4920	1.3895
4921	0.26858
4922	0.17766
4923	0.77021
4924	0.74453
4925	0.32464
4926	0.80791
4927	1.3849
4928	0.17304
4929	0.76559
4930	0.221
4931	0.8005
4932	0.94464
4933	0.26288
4934	0.16563
4935	0.44045
4936	0.10953
4937	0.34493
4938	0.8484
4939	0.16665
4940	0.34422
4941	-5.1636e-002
4942	0.32969
4943	0.15141
4944	-1.0074
4945	0.18377
4946	4.6376e-002
4947	5.4794e-003
4948	0.50884
4949	-0.27903
4950	-0.18985
4951	-3.9715e-002
4952	-0.14373
4953	-4.3446e-002
4954	-0.56994
4955	-0.45127
4956	-0.99669
4957	-9.0708e-002
4958	-0.21014
4959	1.1815e-002
4960	-0.35606
4961	-0.57946
4962	-1.0089
4963	-0.22233
4964	-3.7522e-004
4965	-0.36825
4966	-0.20164
4967	-0.51382
4968	-1.0062
4969	-0.97744
4970	-0.21966
4971	-0.14136
4972	-0.19897
4973	-0.43647
4974	-0.91448
4975	-7.8389e-002
4976	-5.7713e-002
4977	1.9156e-002
4978	-0.136
4979	-0.4612
4980	-0.39164
4981	-0.90009
4982	-0.78758
4983	-1.1845
4984	-4.3326e-002
4985	0.16111
4986	3.3543e-002
4987	-0.44681
4988	-0.38088
4989	-0.75713
4990	4.5336e-002
4991	0.19156
4992	6.3989e-002
4993	-0.41637
4994	4.1543e-002
4995	-0.38572
4996	-0.77682
4997	-0.72506
4998	-1.1077
4999	2.5646e-002
5000	1.8982e-002
5001	-0.45041
5002	2.1853e-002
5003	-0.33599
5004	-0.71021
5005	-3.4526e-002
5006	3.3833e-002
5007	-8.6346e-002
5008	-0.31645
5009	-0.43556
5010	3.6704e-002
5011	-0.15098
5012	-0.255
5013	-0.67533
5014	3.499e-004
5015	-0.15471
5016	-0.28158
5017	6.1662
5018	9.965
5019	9.5394
5020	5.6352
5021	4.4749e-002
5022	0.15048
5023	-4.5781e-003
5024	-9.3816e-003
5025	0.16261
5026	0.19608
5027	8.3411e-003
5028	3.6214e-002
5029	0.40938
5030	0.19334
5031	0.26835
5032	0.59173
5033	8.0606e-002
5034	0.48164
5035	0.17356
5036	0.55019
5037	0.83571
5038	5.7923e-002
5039	3.9069e-002
5040	0.50884
5041	0.20229
5042	0.752
5043	0.85747
5044	7.968e-002
5045	0.5306
5046	0.22707
5047	0.75898
5048	1.0931
5049	8.6654e-002
5050	0.22519
5051	0.89618
5052	1.1109
5053	0.10446
5054	0.12922
5055	0.71224
5056	0.23211
5057	0.87649
5058	1.1277
5059	0.10953
5060	0.69255
5061	0.22336
5062	0.79146
5063	1.1543
5064	0.13614
5065	0.1578
5066	0.71916
5067	0.85991
5068	0.15757
5069	0.7561
5070	0.94834
5071	0.12244
5072	0.82455
5073	0.62008
5074	8.92e-002
5075	0.50112
5076	0.91791
5077	8.2412e-002
5078	9.2009e-002
5079	0.39266
5080	0.58965
5081	7.989e-002
5082	0.46319
5083	0.50171
5084	4.4475e-002
5085	0.35472
5086	-1.4926e-002
5087	0.47904
5088	0.53034
5089	7.3101e-002
5090	-0.41573
5091	0.38335
5092	-0.11529
5093	0.3556
5094	0.46451
5095	-0.53918
5096	3.7067
5097	0.48759
5098	-0.62316
5099	-0.5161
5100	-0.93323
5101	-2.181
5102	-0.76346
5103	-0.301
5104	-1.8816
5105	-1.19
5106	-1.0889
5107	-1.0717
5108	0.31899
5109	0.12054
5110	-0.99761
5111	-0.20487
5112	-0.1877
5113	0.767
5114	0.48876
5115	0.28636
5116	0.57406
5117	-0.62939
5118	-0.28552
5119	0.16335
5120	-0.53627
5121	0.18052
5122	1.3214
5123	0.36615
5124	0.5061
5125	-0.23288
5126	-0.54959
5127	-6.117e-002
5128	-0.20573
5129	-0.45647
5130	2.6761
5131	1.161
5132	0.98068
5133	0.24169
5134	0.41341
5135	1.8102e-002
5136	0.82985
5137	4.0026
5138	2.0411
5139	2.0135
5140	1.1218
5141	2.2528
5142	1.2935
5143	2.3699
5144	1.71
5145	5.7131
5146	2.4437
5147	2.4598
5148	2.6991
5149	3.257
5150	2.8163
5151	2.1563
5152	7.2414
5153	3.7078
5154	3.9632
5155	5.4363
5156	4.5211
5157	7.0798
5158	3.972
5159	4.2864
5160	3.1757
5161	3.2828
5162	5.7005
5163	4.7853
5164	-0.53795
5165	0.39266
5166	-0.82778
5167	-2.2482e-002
5168	0.10359
5169	-7.5269e-002
5170	-0.20942
5171	-0.12199
5172	-3.8756e-002
5173	-3.7373e-002
5174	-9.383e-002
5175	-0.26936
5176	0.38495
5177	5.1228e-002
5178	-0.25073
5179	-3.0188e-002
5180	9.5888e-002
5181	-1.8022e-002
5182	0.32752
5183	0.17954
5184	2.5564e-002
5185	0.37218
5186	-2.2013e-003
5187	0.15458
5188	0.18831
5189	6.0548e-004
5190	9.3468e-003
5191	0.2339
5192	5.1431e-002
5193	0.22909
5194	0.30048
5195	5.0126e-002
5196	1.6464e-002
5197	0.27468
5198	7.4931e-002
5199	0.24964
5200	0.31333
5201	2.9316e-002
5202	8.1975e-002
5203	0.26029
5204	0.36555
5205	2.9956e-002
5206	3.9964e-002
5207	0.29303
5208	7.7224e-002
5209	0.29261
5210	0.36195
5211	2.6351e-002
5212	0.24874
5213	7.2462e-002
5214	0.29146
5215	0.3955
5216	2.5205e-002
5217	4.5964e-002
5218	0.24759
5219	0.24961
5220	7.9427e-002
5221	0.27103
5222	0.39189
5223	4.2348e-002
5224	0.246
5225	8.8712e-002
5226	0.28161
5227	0.39349
5228	5.2929e-002
5229	0.29495
5230	0.25658
5231	7.2826e-002
5232	0.24434
5233	0.3922
5234	3.0473e-002
5235	5.1633e-002
5236	0.29365
5237	5.6391e-002
5238	0.22975
5239	0.31419
5240	1.5883e-002
5241	5.0042e-002
5242	0.18571
5243	0.31234
5244	1.4038e-002
5245	2.6683e-002
5246	0.16986
5247	3.4415e-002
5248	0.18121
5249	0.21979
5250	2.2178e-002
5251	0.16536
5252	1.767e-002
5253	9.6778e-002
5254	0.20867
5255	1.1055e-002
5256	2.5674e-003
5257	9.1156e-002
5258	8.9094e-002
5259	1.2186e-002
5260	5.4336e-003
5261	7.0771e-002
5262	-1.2479e-002
5263	3.7109e-003
5264	7.9613e-002
5265	2.7051e-003
5266	6.129e-002
5267	-3.6313e-002
5268	-1.854e-003
5269	-4.8995e-002
5270	-2.8598e-003
5271	2.7013e-002
5272	-5.4351e-002
5273	-0.10787
5274	-6.7264e-002
5275	-1.7838e-002
5276	-2.1129e-002
5277	8.7442e-003
5278	-0.18827
5279	-0.10764
5280	-1.7608e-002
5281	-7.2682e-002
5282	-0.18709
5283	-8.0056e-002
5284	-0.15206
5285	-6.6086e-002
5286	-0.3076
5287	-0.1789
5288	-0.2509
5289	-0.24526
5290	-0.16493
5291	-0.38858
5292	-0.1955
5293	-0.14263
5294	-0.32639
5295	-0.26693
5296	-0.27365
5297	-0.41024
5298	-0.21717
5299	-0.17144
5300	-0.32475
5301	-0.27077
5302	-0.40737
5303	-0.20009
5304	-0.21429
5305	-0.16857
5306	-0.32557
5307	-0.272
5308	-0.26398
5309	-0.42279
5310	-0.4086
5311	-0.20132
5312	-0.1698
5313	-0.19269
5314	-0.33366
5315	-0.26356
5316	-0.42238
5317	-0.20091
5318	-0.19228
5319	-0.34863
5320	-0.27207
5321	-0.29887
5322	-0.2246
5323	-0.43088
5324	-0.41088
5325	-0.20941
5326	-7.2022e-002
5327	-0.20079
5328	-0.17104
5329	-0.37488
5330	-0.30533
5331	-0.28584
5332	-0.41734
5333	-0.17012
5334	-7.8479e-002
5335	-0.12753
5336	-0.22316
5337	-0.1775
5338	-0.35855
5339	-0.30563
5340	-0.43714
5341	-0.41613
5342	-0.18992
5343	-0.24296
5344	-0.1973
5345	-0.23499
5346	-0.24179
5347	-0.2695
5348	-0.15037
5349	-0.38
5350	-0.15379
5351	-0.20683
5352	0.743
5353	1.8698
5354	0.95319
5355	0.70469
5356	0.90564
5357	2.3103e-002
5358	1.1208
5359	0.19076
5360	0.19627
5361	-2.2599e-002
5362	-4.4341e-002
5363	0.15661
5364	7.8619e-002
5365	0.2199
5366	6.5428e-003
5367	0.11854
5368	0.24628
5369	0.34135
5370	3.2917e-002
5371	0.15964
5372	0.13611
5373	0.3549
5374	0.48152
5375	4.9071e-002
5376	4.6468e-002
5377	0.27479
5378	0.17319
5379	0.13452
5380	0.41342
5381	0.48553
5382	5.3086e-002
5383	0.2788
5384	0.14918
5385	0.40782
5386	0.57581
5387	4.7481e-002
5388	0.27319
5389	0.17264
5390	0.4467
5391	0.59608
5392	6.7748e-002
5393	7.685e-002
5394	0.33097
5395	0.29346
5396	0.16305
5397	0.44989
5398	0.63059
5399	8.0036e-002
5400	0.35304
5401	0.33415
5402	0.14712
5403	0.44947
5404	0.61781
5405	6.7262e-002
5406	0.34026
5407	0.14753
5408	0.44631
5409	0.62511
5410	6.4107e-002
5411	9.7312e-002
5412	0.33711
5413	0.14388
5414	0.39425
5415	0.62868
5416	0.10088
5417	0.34068
5418	0.35045
5419	0.12547
5420	0.38702
5421	0.54864
5422	7.7575e-002
5423	9.3653e-002
5424	0.34322
5425	0.11033
5426	0.29798
5427	0.53746
5428	6.6395e-002
5429	0.27655
5430	0.33204
5431	8.3545e-002
5432	0.29402
5433	0.39196
5434	6.2436e-002
5435	0.27259
5436	0.1984
5437	5.0145e-002
5438	0.16476
5439	0.36913
5440	3.6933e-002
5441	3.9613e-002
5442	0.17558
5443	1.2019e-002
5444	0.15419
5445	0.17522
5446	2.6355e-002
5447	0.165
5448	-1.7685e-002
5449	9.9269e-003
5450	0.14767
5451	-1.1941e-003
5452	-2.9987e-002
5453	7.7725e-003
5454	-3.3485e-003
5455	-4.1952e-002
5456	-9.5777e-003
5457	-5.6002e-002
5458	-2.375e-003
5459	-0.12236
5460	-5.21e-002
5461	-1.9725e-002
5462	-0.13823
5463	-6.7967e-002
5464	-5.7899e-002
5465	-3.5593e-002
5466	2.262
5467	1.331
5468	1.3231
5469	1.2646
5470	1.2835
5471	2.219
5472	1.3374
5473	1.2962
5474	1.2789
5475	1.2978
5476	1.1683
5477	1.1272
5478	2.2127
5479	1.2529
5480	1.2389
5481	1.1486
5482	1.2216
5483	1.1109
5484	1.0699
5485	2.1571
5486	1.304
5487	1.4906
5488	1.37
5489	1.1997
5490	1.3908
5491	1.177
5492	1.162
5493	1.121
5494	2.1973
5495	1.3839
5496	1.2139
5497	1.2633
5498	1.284
5499	1.0703
5500	2.6814
5501	1.3849
5502	1.3609
5503	1.4103
5504	1.5427
5505	1.431
5506	1.2812
5507	1.4992
5508	1.2173
5509	2.4888
5510	1.722
5511	1.7902
5512	1.8797
5513	1.8363
5514	1.6373
5515	1.3036
5516	1.2605
5517	1.35
5518	1.3066
5519	1.3483
5520	0.95665
5521	9.512e-002
5522	0.98183
5523	1.0283
5524	1.0265
5525	0.63489
5526	2.6147e-002
5527	-4.1797e-004
5528	1.7865e-002
5529	1.1178e-002
5530	-0.15555
5531	-6.2943e-002
5532	-0.29257
5533	-0.15793
5534	-5.7699e-002
5535	-7.094e-002
5536	-0.33824
5537	-0.30057
5538	-0.12697
5539	-0.12325
5540	-5.2073e-002
5541	-0.33262
5542	-0.27772
5543	-0.10586
5544	-2.3024e-002
5545	-3.6635e-002
5546	-0.24867
5547	-0.11122
5548	-4.829e-002
5549	-0.27873
5550	-0.26033
5551	-0.10528
5552	-9.7995e-002
5553	-2.7116e-002
5554	-4.2001e-002
5555	-0.27245
5556	-9.8991e-002
5557	-0.10476
5558	-2.0179e-002
5559	-0.26551
5560	-0.11033
5561	-3.3882e-002
5562	-5.218e-002
5563	-0.29107
5564	-0.27921
5565	-8.951e-002
5566	-8.2079e-002
5567	-4.4041e-002
5568	-0.28293
5569	-0.21451
5570	-0.11814
5571	-7.1996e-002
5572	-2.3933e-002
5573	-1.8981e-002
5574	-0.19441
5575	-9.8036e-002
5576	-7.9732e-002
5577	-2.9006e-002
5578	-0.20438
5579	-0.20443
5580	-7.3877e-002
5581	-2.5078e-002
5582	-4.248e-002
5583	-2.6717e-002
5584	-0.20209
5585	-7.662e-002
5586	-7.5819e-002
5587	-2.1512e-002
5588	-0.19853
5589	-7.2792e-002
5590	-2.8881e-002
5591	-2.702e-002
5592	-0.20847
5593	-0.20403
5594	-5.4883e-002
5595	-2.0346e-002
5596	-3.485e-002
5597	-0.19994
5598	-0.14868
5599	-5.5567e-002
5600	-2.5475e-002
5601	-0.13931
5602	-5.5674e-002
5603	-2.302e-002
5604	-3.5533e-002
5605	-0.15804
5606	-0.14937
5607	-8.0798e-002
5608	-4.8477e-002
5609	-1.307e-002
5610	-0.14809
5611	-5.554e-002
5612	-2.e-002
5613	-1.5824e-002
5614	-0.15085
5615	-7.1119e-002
5616	-5.2822e-002
5617	-2.4309e-002
5618	-0.15294
5619	-0.15516
5620	-7.5428e-002
5621	-3.6475e-002
5622	-1.7281e-002
5623	-1.4577e-002
5624	-0.14591
5625	-0.10199
5626	-2.9865e-002
5627	-5.2582e-003
5628	-9.2671e-002
5629	-3.0086e-002
5630	-1.1123e-002
5631	-7.9678e-003
5632	-0.10626
5633	-9.5381e-002
5634	-2.6583e-002
5635	-8.6342e-003
5636	-0.10377
5637	-2.0423e-002
5638	-7.6203e-003
5639	-9.461e-003
5640	-8.7582e-002
5641	-0.10275
5642	-1.2184e-002
5643	-4.3149e-003
5644	-8.2436e-002
5645	-5.4283e-003
5646	-3.5208e-003
5647	-1.2219e-003
5648	-7.9343e-002
5649	-4.2806e-002
5650	-1.615e-003
5651	1.4201e-004
5652	-3.9144e-002
5653	2.3691e-003
5654	2.9255e-004
5655	4.253e-004
5656	-2.7092e-002
5657	-3.8993e-002
5658	-4.8192e-002
5659	8.9273e-003
5660	4.2589e-003
5661	-2.3259e-002
5662	1.3862e-002
5663	3.4957e-003
5664	6.9835e-003
5665	-2.1378e-002
5666	-4.3268e-002
5667	-2.0534e-002
5668	-3.0544e-002
5669	1.9784e-002
5670	5.7058e-003
5671	-1.9168e-002
5672	-2.8334e-002
5673	-1.6774e-002
5674	2.5725e-002
5675	9.4175e-003
5676	1.2389e-002
5677	-1.5456e-002
5678	-1.2347e-002
5679	-1.3063e-002
5680	1.3902e-003
5681	1.2986e-002
5682	1.4619e-002
5683	-1.0117e-002
5684	-2.8663e-002
5685	-1.0833e-002
5686	-2.4827e-002
5687	2.7658e-002
5688	2.2442e-002
5689	6.2198e-003
5690	-0.11274
5691	-5.4535e-002
5692	-0.13825
5693	-2.4776e-002
5694	-2.9992e-002
5695	-0.12923
5696	-7.4971e-002
5697	-0.16517
5698	-0.10697
5699	-0.24246
5700	-0.19021
5701	-0.2469
5702	-0.13596
5703	-0.21384
5704	-0.22616
5705	-0.2742
5706	-0.16795
5707	-0.30046
5708	-0.31443
5709	-0.29012
5710	-0.25706
5711	-0.31742
5712	-0.37162
5713	-0.38662
5714	-0.31267
5715	-0.3292
5716	-0.33348
5717	-0.28932
5718	-0.27184
5719	-0.3864
5720	-0.4014
5721	-0.29086
5722	-0.33091
5723	-0.34243
5724	-0.28675
5725	-0.38383
5726	-0.23946
5727	-0.28411
5728	-0.32319
5729	-0.26751
5730	-0.2167
5731	-0.26623
5732	-0.3646
5733	-0.28184
5734	-0.16776
5735	-0.25194
5736	-0.20555
5737	-0.18453
5738	-0.23406
5739	-0.24966
5740	-0.17597
5741	-7.6703e-002
5742	-0.11588
5743	-0.16602
5744	-0.145
5745	-8.821e-002
5746	-0.19453
5747	-0.13469
5748	-0.10676
5749	-0.13644
5750	-6.8915e-003
5751	-6.4349e-002
5752	-1.3578e-002
5753	-3.6682e-002
5754	-5.5227e-002
5755	-0.21558
5756	-0.12513
5757	-0.1299
5758	-0.35354
5759	-0.16047
5760	-0.18353
5761	-0.12485
5762	-0.35299
5763	-0.35326
5764	-0.14801
5765	-9.3079e-002
5766	-5.748e-002
5767	-0.32122
5768	-0.1305
5769	-5.3723e-002
5770	-0.31746
5771	-0.29729
5772	-0.11548
5773	-6.6444e-002
5774	-3.9973e-002
5775	-0.28354
5776	-0.10519
5777	-6.5175e-002
5778	-0.28228
5779	-0.29531
5780	-0.11735
5781	-9.6654e-002
5782	-5.615e-002
5783	-4.9785e-002
5784	-0.28628
5785	-0.10833
5786	-8.8848e-002
5787	-5.0277e-002
5788	-0.28678
5789	-0.25315
5790	-0.12176
5791	-0.10882
5792	-7.6227e-002
5793	-5.7846e-002
5794	-4.1979e-002
5795	-0.2251
5796	-0.24485
5797	-0.11346
5798	-9.4511e-002
5799	-6.8529e-002
5800	-5.3523e-002
5801	-0.22078
5802	-9.0189e-002
5803	-7.1226e-002
5804	-5.0147e-002
5805	-3.9429e-002
5806	-0.20272
5807	-0.2174
5808	-8.6812e-002
5809	-7.2641e-002
5810	-4.5502e-002
5811	-0.20879
5812	-9.1284e-002
5813	-9.2886e-002
5814	-5.9047e-002
5815	-4.5861e-002
5816	-4.0844e-002
5817	-0.20413
5818	-0.17189
5819	-8.6626e-002
5820	-5.0426e-002
5821	-3.6924e-002
5822	-0.16295
5823	-4.6899e-002
5824	-3.724e-002
5825	-2.4133e-002
5826	-0.15042
5827	-0.16327
5828	-6.8096e-002
5829	-4.0457e-002
5830	-2.029e-002
5831	-0.14658
5832	-6.4253e-002
5833	-6.7728e-002
5834	-4.347e-002
5835	-2.471e-002
5836	-1.7691e-002
5837	-0.12977
5838	-0.14398
5839	-6.5128e-002
5840	-4.7128e-002
5841	-3.0322e-002
5842	-2.231e-002
5843	-0.13538
5844	-7.9367e-002
5845	-7.0741e-002
5846	-3.6444e-002
5847	-2.0356e-002
5848	-0.13343
5849	-0.113
5850	-7.7413e-002
5851	-2.7681e-002
5852	-1.544e-002
5853	-1.1627e-002
5854	-0.10427
5855	-2.418e-002
5856	-1.5405e-002
5857	-1.5854e-002
5858	-9.1523e-002
5859	-0.10423
5860	-6.8288e-002
5861	-1.8005e-002
5862	-1.2388e-002
5863	-8.8057e-002
5864	-6.4822e-002
5865	-1.2923e-002
5866	-8.4095e-003
5867	-9.6783e-003
5868	-7.3567e-002
5869	-8.5348e-002
5870	-7.2089e-002
5871	-6.2113e-002
5872	-7.8153e-003
5873	-6.0373e-003
5874	-7.8387e-003
5875	-7.1194e-002
5876	-6.9717e-002
5877	-1.5496e-003
5878	-5.1029e-003
5879	-6.8459e-002
5880	-5.2816e-002
5881	-6.6981e-002
5882	6.9894e-003
5883	-2.7042e-003
5884	-1.573e-003
5885	-4.9286e-002
5886	1.0716e-002
5887	2.3048e-003
5888	-2.5086e-002
5889	-4.4277e-002
5890	-4.8423e-002
5891	1.2919e-002
5892	1.0226e-003
5893	1.5823e-003
5894	-2.6368e-002
5895	-4.9705e-002
5896	2.1843e-002
5897	5.0674e-003
5898	-2.2883e-002
5899	-1.3825e-002
5900	-4.622e-002
5901	3.3134e-002
5902	7.432e-003
5903	1.0506e-002
5904	-8.3867e-003
5905	-4.0782e-002
5906	3.6793e-002
5907	1.3285e-002
5908	-1.561e-002
5909	-3.4848e-002
5910	-2.5338e-003
5911	-6.3212e-002
5912	3.6996e-002
5913	1.1091e-002
5914	1.2221e-002
5915	-1.7805e-002
5916	-6.5407e-002
5917	3.3551e-002
5918	1.2113e-002
5919	1.4619e-002
5920	-1.5407e-002
5921	-1.6643e-002
5922	-6.3009e-002
5923	-4.8641e-002
5924	6.2704e-003
5925	-2.2486e-002
5926	-5.4484e-002
5927	9.7895e-003
5928	7.2397e-002
5929	-6.1801e-002
5930	-7.6835e-002
5931	2.4421e-003
5932	-4.6067e-002
5933	4.7048e-003
5934	-8.3335e-003
5935	-5.5016e-002
5936	-6.3732e-002
5937	-4.2444e-003
5938	-2.262e-003
5939	-7.3831e-002
5940	-1.3857e-002
5941	-6.5559e-002
5942	-7.7385e-002
5943	-4.0884e-003
5944	-1.6949e-002
5945	-8.1082e-002
5946	-0.11067
5947	-6.4619e-003
5948	-7.7854e-003
5949	-6.3088e-002
5950	-2.2759e-002
5951	-7.9033e-002
5952	-0.11007
5953	-5.857e-003
5954	-6.2483e-002
5955	-2.5608e-002
5956	-8.5448e-002
5957	-0.10941
5958	-1.2272e-002
5959	-7.296e-002
5960	-9.4156e-002
5961	-1.7938e-002
5962	-6.4341e-002
5963	-0.10584
5964	-8.7067e-003
5965	-5.5841e-003
5966	-6.9395e-002
5967	-1.4032e-002
5968	-6.0235e-002
5969	-6.4662e-002
5970	-1.4786e-003
5971	-5.1621e-003
5972	-2.2803e-002
5973	-6.4861e-002
5974	-7.5568e-003
5975	-1.6779e-003
5976	-3.5037e-002
5977	7.6513e-003
5978	-1.3735e-002
5979	-2.4094e-003
5980	1.5119e-003
5981	-2.5969e-002
5982	3.2127e-003
5983	1.3091e-002
5984	3.5559e-002
5985	1.3354e-003
5986	5.2566e-003
5987	3.4368e-003
5988	6.9575e-003
5989	1.9591e-002
5990	3.7253e-002
5991	7.6755e-002
5992	5.1314e-003
5993	4.9514e-002
5994	2.8963e-002
5995	8.9079e-002
5996	8.1561e-002
5997	2.2106e-003
5998	9.9373e-003
5999	5.4319e-002
6000	4.5408e-002
6001	9.3645e-002
6002	0.15448
6003	6.7767e-003
6004	8.9274e-003
6005	5.8886e-002
6006	5.0068e-002
6007	0.14304
6008	0.16636
6009	2.0806e-002
6010	7.0764e-002
6011	9.1037e-002
6012	5.1933e-002
6013	0.13582
6014	0.21936
6015	7.2935e-003
6016	1.3587e-002
6017	0.11739
6018	7.8225e-002
6019	0.1853
6020	0.22845
6021	1.6378e-002
6022	0.12648
6023	9.0786e-002
6024	0.20251
6025	0.27222
6026	3.3585e-002
6027	3.6687e-002
6028	0.18577
6029	0.15249
6030	0.10265
6031	0.25573
6032	0.26757
6033	3.2041e-002
6034	0.14784
6035	0.18176
6036	0.27224
6037	4.8549e-002
6038	3.2531e-002
6039	0.16435
6040	0.54911
6041	0.13182
6042	0.26938
6043	0.12979
6044	1.0814
6045	0.49641
6046	0.63398
6047	0.79766
6048	0.49438
6049	1.1917
6050	0.80493
6051	0.76417
6052	1.35
6053	0.96534
6054	1.2305
6055	1.3594
6056	0.97261
6057	0.93185
6058	1.1747
6059	1.4357
6060	1.3314
6061	1.4603
6062	1.2755
6063	1.347
6064	1.3163
6065	1.343
6066	1.3722
6067	1.4452
6068	1.1858
6069	1.2371
6070	1.2604
6071	1.158
6072	1.2695
6073	1.2986
6074	1.1636
6075	0.89968
6076	1.154
6077	0.96563
6078	1.0705
6079	1.1831
6080	0.90923
6081	0.71624
6082	1.0481
6083	0.63322
6084	0.8228
6085	0.68501
6086	0.7664
6087	0.5734
6088	0.37699
6089	0.56139
6090	0.64278
6091	0.39531
6092	0.24585
6093	0.44978
6094	0.11017
6095	0.33484
6096	0.42877
6097	9.5139e-002
6098	0.26269
6099	0.11323
6100	0.22696
6101	1.1229e-002
6102	-7.8089e-002
6103	-8.1957e-002
6104	-1.6148e-003
6105	1.0548e-003
6106	-0.1179
6107	-2.0247e-003
6108	-8.4137e-002
6109	-7.6634e-003
6110	-1.3188e-002
6111	-9.1342e-002
6112	-0.10386
6113	-1.4868e-002
6114	-1.738e-002
6115	-0.10782
6116	-0.16247
6117	-1.8827e-002
6118	-1.6268e-002
6119	-0.16264
6120	-2.102e-002
6121	-0.10511
6122	-0.1627
6123	-1.6502e-002
6124	-0.16288
6125	-1.5701e-002
6126	-0.10852
6127	-0.15773
6128	-1.9908e-002
6129	-0.10095
6130	-1.119e-002
6131	-7.9162e-002
6132	-0.14901
6133	-1.1183e-002
6134	-5.5916e-003
6135	-7.689e-002
6136	-9.2223e-002
6137	-8.4404e-003
6138	-8.3376e-002
6139	-0.10435
6140	-9.8056e-003
6141	-8.1104e-002
6142	-2.592e-003
6143	-2.8942e-002
6144	-9.7386e-002
6145	-7.0327e-003
6146	-2.8417e-003
6147	-7.414e-002
6148	-4.0206e-002
6149	8.8081e-003
6150	-3.0058e-002
6151	-2.3251e-002
6152	-8.1482e-003
6153	-4.1322e-002
6154	1.9583e-002
6155	4.3264e-002
6156	-1.0736e-002
6157	4.3673e-003
6158	2.0705e-002
6159	-2.8806e-002
6160	3.0708e-002
6161	4.1524e-002
6162	8.8009e-002
6163	2.6266e-003
6164	1.3747e-002
6165	6.7542e-002
6166	1.8964e-002
6167	4.1772e-002
6168	0.11963
6169	0.10088
6170	2.6613e-002
6171	8.0408e-002
6172	5.3367e-002
6173	0.11783
6174	0.20016
6175	2.1452e-002
6176	2.481e-002
6177	7.8606e-002
6178	0.12667
6179	5.826e-002
6180	0.19154
6181	0.21356
6182	3.4851e-002
6183	0.14007
6184	6.0445e-002
6185	0.18303
6186	0.29345
6187	2.6345e-002
6188	0.15269
6189	6.1692e-002
6190	0.24851
6191	0.30414
6192	3.6926e-002
6193	3.7035e-002
6194	0.16338
6195	5.5978e-002
6196	0.23907
6197	2.7483e-002
6198	6.9412e-002
6199	0.2428
6200	0.37066
6201	3.1212e-002
6202	0.33717
6203	0.38037
6204	4.0918e-002
6205	7.709e-002
6206	0.34688
6207	-0.38228
6208	-1.0374
6209	-0.26114
6210	-0.10353
6211	-9.2593e-002
6212	-0.68774
6213	1.2579e-002
6214	-1.8165e-002
6215	-3.9059e-002
6216	0.1285
6217	-2.0967e-002
6218	6.507e-002
6219	1.8439e-002
6220	0.19475
6221	0.1651
6222	4.331e-002
6223	6.6656e-002
6224	4.3055e-003
6225	3.7538e-003
6226	3.4326e-002
6227	0.21064
6228	0.11963
6229	5.9197e-002
6230	5.3981e-002
6231	-9.9953e-003
6232	0.10533
6233	4.5526e-002
6234	-8.3697e-003
6235	1.4529e-002
6236	4.9627e-002
6237	0.10695
6238	1.8271e-002
6239	4.4486e-003
6240	3.9547e-002
6241	-4.7827e-003
6242	-3.5848e-002
6243	-1.2726e-002
6244	2.2372e-002
6245	-1.9798e-002
6246	-4.1728e-002
6247	-0.13459
6248	1.6493e-002
6249	-3.7148e-002
6250	-2.3086e-002
6251	-5.0863e-002
6252	-0.14373
6253	-0.16311
6254	-3.092e-002
6255	-3.1302e-002
6256	-0.17132
6257	-4.2001e-002
6258	-5.44e-002
6259	-1.6858e-002
6260	-0.29466
6261	-0.15688
6262	-0.25131
6263	-7.8929e-002
6264	-7.9925e-002
6265	-0.32018
6266	-0.12124
6267	-9.9776e-002
6268	-9.1328e-002
6269	-0.33159
6270	-0.16453
6271	-0.13068
6272	-0.57499
6273	-0.36249
6274	-0.1501
6275	-0.12558
6276	-0.14307
6277	-0.58738
6278	-0.50101
6279	-0.1346
6280	-9.875e-002
6281	-0.47418
6282	-0.16892
6283	-0.11009
6284	-0.10198
6285	-0.65058
6286	-0.48552
6287	-0.45779
6288	-0.23684
6289	-0.12496
6290	-0.67356
6291	-0.33204
6292	-0.15062
6293	-0.1699
6294	-0.7185
6295	-0.74925
6296	-0.35798
6297	-0.20088
6298	-1.0285
6299	-0.76876
6300	-0.79951
6301	-0.27581
6302	-0.17656
6303	-0.16271
6304	-1.0041
6305	-0.84045
6306	-0.29242
6307	-0.10486
6308	-0.78259
6309	-0.37079
6310	-0.17164
6311	-0.17933
6312	-1.1962
6313	-0.85706
6314	-0.71443
6315	-0.41358
6316	-0.17554
6317	-1.2001
6318	-0.47321
6319	-0.21443
6320	-0.2123
6321	-1.4496
6322	-1.239
6323	-0.47716
6324	-0.23304
6325	-1.4704
6326	-0.39061
6327	-0.16147
6328	-0.21626
6329	-1.4536
6330	-1.2157
6331	-0.5903
6332	-0.37238
6333	-9.17e-002
6334	-1.1459
6335	-0.47639
6336	-0.14324
6337	-1.2506
6338	-1.1975
6339	-0.62654
6340	-0.24882
6341	-0.19571
6342	-1.303
6343	-0.93636
6344	-0.65997
6345	-0.34649
6346	-1.7254
6347	-1.9027
6348	-1.4007
6349	-1.034
6350	-0.6408
6351	-0.28225
6352	-0.25328
6353	-1.6612
6354	-0.61021
6355	-0.29834
6356	-1.7063
6357	-1.6019
6358	-1.1897
6359	-0.25581
6360	-0.22269
6361	-1.5263
6362	-0.84002
6363	-1.8225
6364	-0.89473
6365	-0.77531
6366	-0.55069
6367	-0.2946
6368	-0.97257
6369	-3.126
6370	-1.9002
6371	-1.7808
6372	-2.4464
6373	-2.9748
6374	-2.908
6375	-1.978
6376	-3.4286
6377	-3.2727
6378	-3.206
6379	-3.5933
6380	-2.276
6381	-3.4287
6382	-3.2774
6383	-3.3498
6384	-3.5979
6385	-2.2936
6386	-2.2807
6387	-2.1561
6388	-3.3522
6389	-3.3452
6390	-3.2042
6391	-3.5059
6392	-3.5933
6393	-2.289
6394	-2.1515
6395	-2.3725
6396	-3.2132
6397	-3.1242
6398	-3.1323
6399	-3.434
6400	-2.0796
6401	-2.3006
6402	-1.9751
6403	-3.0214
6404	-3.0571
6405	-2.9151
6406	-3.3668
6407	-3.2355
6408	-1.908
6409	-2.5143
6410	-2.6972
6411	-2.6302
6412	-2.7905
6413	-3.1108
6414	-2.3897
6415	-2.1713
6416	-2.4307
6417	-2.2154
6418	-2.9113
6419	-2.5078
6420	-1.6507
6421	-1.8216
6422	-2.1902
6423	-1.0686
6424	-1.889
6425	-2.1814
6426	-1.4952
6427	0.31988
6428	0.21465
6429	0.20948
6430	0.91201
6431	0.5252
6432	0.23562
6433	0.17511
6434	0.63201
6435	0.87765
6436	0.49084
6437	0.17353
6438	7.5376e-002
6439	0.12521
6440	0.58211
6441	0.44094
6442	0.13299
6443	6.3189e-002
6444	8.7788e-002
6445	0.56992
6446	0.39349
6447	9.0083e-002
6448	5.9442e-002
6449	0.36514
6450	4.9533e-002
6451	5.2059e-002
6452	4.4878e-002
6453	0.35058
6454	0.26724
6455	-1.2106e-003
6456	2.6073e-002
6457	0.24125
6458	-3.7519e-002
6459	1.3153e-003
6460	5.7305e-003
6461	0.2165
6462	7.7211e-002
6463	0.12315
6464	-4.9929e-002
6465	-5.9674e-003
6466	-5.8197e-003
6467	-1.8232e-002
6468	6.5661e-002
6469	0.1116
6470	-9.0428e-002
6471	-6.8271e-003
6472	-1.9091e-002
6473	-0.13157
6474	-4.6467e-002
6475	-2.5668e-002
6476	-0.16195
6477	-5.8731e-002
6478	6.373e-002
6479	-0.21053
6480	-2.7174e-002
6481	-0.16345
6482	-0.26272
6483	-0.14158
6484	-0.10462
6485	-0.2409
6486	-0.36893
6487	-1.1816e-002
6488	0.21135
6489	-0.26004
6490	-0.11633
6491	-7.7651e-002
6492	-0.34367
6493	1.344e-002
6494	-0.25262
6495	-0.10023
6496	-0.42325
6497	-0.36625
6498	-9.1421e-003
6499	-0.23674
6500	-6.5427e-002
6501	-7.0229e-002
6502	-0.39324
6503	-0.30558
6504	-7.9552e-002
6505	-0.54388
6506	-0.40737
6507	-0.36544
6508	-0.13427
6509	-0.2081
6510	-0.59859
6511	-8.7672e-002
6512	-0.39323
6513	-0.21324
6514	-0.60373
6515	-0.76985
6516	-9.2813e-002
6517	-0.39185
6518	-0.22093
6519	-0.2359
6520	-0.7925
6521	-0.22363
6522	-0.11547
6523	-0.40363
6524	-0.19689
6525	-0.84436
6526	-0.76846
6527	-0.19959
6528	-0.4259
6529	-0.23272
6530	-0.1985
6531	-0.88018
6532	-0.23542
6533	-0.40204
6534	-0.18494
6535	-0.99783
6536	-0.86662
6537	-0.42731
6538	-0.14185
6539	-0.17465
6540	-0.98755
6541	-0.47203
6542	-0.17741
6543	-1.0231
6544	-1.1434
6545	-0.59056
6546	-0.18657
6547	-0.15513
6548	-1.1526
6549	-0.68637
6550	-0.2645
6551	-1.5293
6552	-1.2619
6553	-0.45728
6554	-0.57497
6555	-0.34253
6556	-0.25094
6557	-1.5157
6558	-0.44372
6559	-0.78033
6560	-0.49106
6561	-0.24469
6562	-1.4179
6563	-1.6715
6564	-0.68249
6565	-0.72084
6566	-0.25861
6567	-0.35553
6568	-1.6854
6569	-0.69642
6570	-0.91734
6571	-0.65277
6572	-0.57139
6573	-2.2044
6574	-2.1211
6575	-1.9013
6576	-0.85401
6577	-0.91228
6578	-1.0405
6579	-0.6334
6580	-2.185
6581	-0.83465
6582	-1.0777
6583	-0.77591
6584	-0.47756
6585	-2.3275
6586	-2.0855
6587	-0.97715
6588	-0.9855
6589	-0.37226
6590	-1.9802
6591	-1.0502
6592	-0.66513
6593	-1.3992
6594	-0.50893
6595	-0.45277
6596	-0.93081
6597	-0.49756
6598	-1.3308
6599	-0.38436
6600	-0.46242
6601	-1.2316
6602	-0.14921
6603	-0.2852
6604	-0.43562
6605	-1.2956
6606	-0.98104
6607	-0.21324
6608	-0.34041
6609	-0.89021
6610	-0.12241
6611	-0.24959
6612	-0.32253
6613	-1.1127
6614	-0.12373
6615	-0.71888
6616	-0.33056
6617	-0.96705
6618	-1.143
6619	-0.15399
6620	-0.30842
6621	-0.94482
6622	-0.16308
6623	-0.13176
6624	-0.28884
6625	-0.2587
6626	-0.94491
6627	-0.67903
6628	-0.16317
6629	-0.28527
6630	-0.28893
6631	-0.62922
6632	-0.1086
6633	-0.11336
6634	-0.23546
6635	5.4693
6636	2.75
6637	3.3275
6638	5.2748
6639	4.3596
6640	3.6079
6641	2.1426
6642	2.8851
6643	4.0899
6644	2.835
6645	2.9343
6646	1.3583
6647	1.4661
6648	2.2087
6649	2.4052
6650	2.1586
6651	2.6234
6652	1.3612
6653	2.4081
6654	2.1615
6655	2.5536
6656	1.0474
6657	1.3112
6658	1.8588
6659	2.0943
6660	1.748
6661	2.1307
6662	1.5552
6663	2.1028
6664	1.4215
6665	0.73946
6666	0.88832
6667	0.64023
6668	1.436
6669	1.2303
6670	1.3231
6671	0.59791
6672	1.2348
6673	1.3937
6674	1.188
6675	1.2851
6676	0.72173
6677	0.54181
6678	1.1787
6679	1.2613
6680	1.1319
6681	1.1741
6682	1.3411
6683	0.69681
6684	0.73987
6685	1.2795
6686	1.1922
6687	1.3146
6688	0.73468
6689	1.2704
6690	1.3174
6691	1.2105
6692	0.67027
6693	0.66854
6694	0.76639
6695	1.206
6696	1.0106
6697	0.72671
6698	1.1663
6699	0.78185
6700	0.46093
6701	0.56654
6702	0.92509
6703	1.0061
6704	0.9096
6705	0.67066
6706	0.39229
6707	0.85645
6708	0.79347
6709	0.84097
6710	0.56791
6711	0.34898
6712	0.34974
6713	0.75092
6714	0.79841
6715	0.45868
6716	0.28879
6717	0.30122
6718	0.6522
6719	0.69073
6720	0.65453
6721	0.37117
6722	0.25217
6723	0.60316
6724	0.60549
6725	0.30433
6726	0.19506
6727	0.2137
6728	0.56469
6729	0.54062
6730	0.56702
6731	0.18407
6732	0.16669
6733	0.22278
6734	0.5269
6735	0.53631
6736	0.51224
6737	2.3789e-002
6738	0.13089
6739	0.43501
6740	0.25897
6741	-0.14681
6742	7.789e-002
6743	6.2491e-002
6744	0.19057
6745	-0.32025
6746	-2.431e-002
6747	0.1267
6748	8.8367e-002
6749	-0.46133
6750	-9.5552e-002
6751	-0.11292
6752	5.5462e-002
6753	-0.634
6754	-0.18275
6755	-8.6596e-002
6756	-1.4368e-002
6757	-0.83716
6758	-0.27965
6759	-0.28559
6760	-0.18944
6761	-1.0085
6762	-0.37997
6763	-0.28976
6764	-0.55269
6765	-0.99637
6766	-0.45096
6767	-0.43404
6768	-0.62367
6769	-0.92954
6770	-0.29826
6771	-0.35096
6772	-0.35681
6773	-0.5406
6774	-0.445
6775	-1.0189
6776	-0.31451
6777	-0.37305
6778	-0.46125
6779	-1.2677
6780	-0.38762
6781	-0.43349
6782	-0.68715
6783	-0.44617
6784	-0.53437
6785	-1.4422
6786	-0.52089
6787	-0.60918
6788	-0.86284
6789	-0.74459
6790	-1.2831
6791	-0.51966
6792	-0.86161
6793	-0.34998
6794	-0.74336
6795	-0.36184
6796	-0.32002
6797	-0.19217
6798	-0.19394
6799	-0.58554
6800	-1.9793
6801	-0.66475
6802	-0.98408
6803	-2.2454
6804	-1.5538
6805	-1.1687
6806	-0.41861
6807	-1.462
6808	-1.6799
6809	-0.98833
6810	-0.78044
6811	-0.39335
6812	-0.17355
6813	-1.2169
6814	-0.74327
6815	-0.57301
6816	-0.25011
6817	-0.28002
6818	-1.0736
6819	-0.90709
6820	-0.65921
6821	-0.54019
6822	-0.21583
6823	-0.8429
6824	-0.59502
6825	-0.62537
6826	-0.24681
6827	-0.24721
6828	-0.87427
6829	-0.8445
6830	-0.6264
6831	-0.68231
6832	-0.30061
6833	-0.89831
6834	-0.61895
6835	-0.30375
6836	-0.29333
6837	-0.90145
6838	-0.79871
6839	-0.66975
6840	-0.56848
6841	-0.23499
6842	-0.22684
6843	-0.70188
6844	-0.73222
6845	-0.60326
6846	-0.56151
6847	-0.25102
6848	-0.71791
6849	-0.61928
6850	-0.59026
6851	-0.55746
6852	-0.22801
6853	-0.22312
6854	-0.67071
6855	-0.69491
6856	-0.56726
6857	-0.55917
6858	-0.24207
6859	-0.68965
6860	-0.58331
6861	-0.58621
6862	-0.53874
6863	-0.24273
6864	-0.22483
6865	-0.67242
6866	-0.64007
6867	-0.56608
6868	-0.53188
6869	-0.23953
6870	-0.23653
6871	-0.63688
6872	-0.53253
6873	-0.56288
6874	-0.53543
6875	-0.23287
6876	-0.61429
6877	-0.63322
6878	-0.52887
6879	-0.58615
6880	-0.23124
6881	-0.24008
6882	-0.6215
6883	-0.53608
6884	-0.57554
6885	-0.27475
6886	-0.64295
6887	-0.66501
6888	-0.50687
6889	-0.22063
6890	-0.2555
6891	-0.58883
6892	-0.46888
6893	-0.56292
6894	-0.21736
6895	-0.24095
6896	-0.57428
6897	-0.55805
6898	-0.45433
6899	-0.55506
6900	-0.28796
6901	-0.62865
6902	-0.47542
6903	-0.2095
6904	-0.20667
6905	-0.51896
6906	-0.5502
6907	-0.4673
6908	-0.47559
6909	-0.20548
6910	-0.51777
6911	-0.46611
6912	-0.46797
6913	-0.53958
6914	-0.22914
6915	-0.20684
6916	-0.53503
6917	-0.51912
6918	-0.46932
6919	-0.59652
6920	-0.29178
6921	-0.28284
6922	-0.59767
6923	-0.60452
6924	-0.27715
6925	-0.59198
6926	-0.58875
6927	-0.56773
6928	-0.30213
6929	-0.29084
6930	-0.60244
6931	-0.46646
6932	-0.25165
6933	-0.51922
6934	-0.55196
6935	-0.51028
6936	-0.42459
6937	-0.20086
6938	-0.20146
6939	-0.46843
6940	-0.45948
6941	-0.43568
6942	-0.21038
6943	-0.47735
6944	-0.47837
6945	-0.46841
6946	-0.40092
6947	-0.22862
6948	-0.21255
6949	-0.48054
6950	-0.47058
6951	-0.30439
6952	-0.19169
6953	-0.17928
6954	-0.32463
6955	-0.43813
6956	-0.44361
6957	-0.41263
6958	-0.17545
6959	-0.11968
6960	-0.26503
6961	-0.35302
6962	0.15412
6963	-0.10096
6964	-5.034e-002
6965	-0.19569
6966	8.7746e-002
6967	-0.28368
6968	0.15926
6969	0.16585
6970	0.34797
6971	0.3668
6972	-4.5588e-002
6973	-1.343e-002
6974	-0.16846
6975	-1.7821e-002
6976	-0.1219
6977	0.24628
6978	0.10351
6979	0.60435
6980	0.22126
6981	0.10361
6982	9.8845e-002
6983	0.59968
6984	0.17261
6985	8.3253e-002
6986	0.11885
6987	0.57932
6988	0.43092
6989	0.24389
6990	0.17697
6991	9.0563e-002
6992	0.40263
6993	0.2156
6994	0.16994
6995	9.6744e-002
6996	0.12321
6997	0.5806
6998	0.43528
6999	0.40322
7000	0.24825
7001	0.13118
7002	5.7064e-002
7003	0.36354
7004	0.15739
7005	5.798e-002
7006	6.4345e-002
7007	0.36446
7008	0.12325
7009	0.15725
7010	8.9634e-002
7011	0.45096
7012	0.38975
7013	0.31068
7014	0.17304
7015	0.14854
7016	0.11029
7017	4.8339e-002
7018	6.4206e-002
7019	0.28525
7020	0.14761
7021	0.11237
7022	2.6806e-002
7023	0.26372
7024	0.10706
7025	5.0423e-002
7026	6.1141e-002
7027	0.32922
7028	0.22054
7029	0.28734
7030	0.14461
7031	7.0342e-002
7032	3.2214e-002
7033	0.19161
7034	8.3225e-002
7035	1.9406e-002
7036	2.4423e-002
7037	0.18382
7038	8.3125e-002
7039	4.0081e-002
7040	0.22509
7041	0.16479
7042	0.2045
7043	5.8195e-002
7044	1.9306e-002
7045	3.2413e-002
7046	0.14401
7047	4.7698e-002
7048	5.9542e-002
7049	2.8258e-002
7050	0.13986
7051	4.3543e-002
7052	5.5617e-002
7053	2.6741e-002
7054	3.376e-002
7055	0.1418
7056	0.14536
7057	9.6184e-002
7058	4.9045e-002
7059	4.2543e-002
7060	1.7314e-002
7061	2.5325e-002
7062	8.6757e-002
7063	2.3804e-002
7064	3.4391e-002
7065	2.1679e-002
7066	5.2474e-002
7067	8.311e-002
7068	2.0158e-002
7069	2.9598e-002
7070	1.3361e-002
7071	1.7173e-002
7072	4.7968e-002
7073	1.5652e-002
7074	2.754e-002
7075	1.3073e-002
7076	1.2624e-002
7077	4.7681e-002
7078	-9.28e-003
7079	2.0257e-002
7080	1.0854e-002
7081	1.3068e-002
7082	-9.836e-004
7083	4.591e-002
7084	-1.105e-002
7085	9.3208e-003
7086	6.6099e-003
7087	5.3411e-003
7088	-6.4968e-003
7089	-1.6563e-002
7090	-2.0062e-002
7091	5.492e-005
7092	1.1873e-003
7093	-6.1405e-004
7094	-1.1919e-002
7095	-2.5485e-002
7096	-6.628e-003
7097	-4.4574e-003
7098	-8.5434e-002
7099	-1.5763e-002
7100	-2.9328e-002
7101	-9.3094e-003
7102	-8.4281e-003
7103	-7.2969e-003
7104	-8.8274e-002
7105	-9.4837e-002
7106	-7.6827e-002
7107	-3.2167e-002
7108	-1.3369e-002
7109	-8.27e-003
7110	-9.4679e-002
7111	-3.1554e-002
7112	-1.2488e-002
7113	-1.1928e-002
7114	-9.8896e-002
7115	-8.3543e-002
7116	-4.0761e-002
7117	-2.5896e-002
7118	-0.19946
7119	-0.16778
7120	-0.11286
7121	-9.7511e-002
7122	-3.7863e-002
7123	-2.4209e-002
7124	-2.1135e-002
7125	-0.16302
7126	-9.275e-002
7127	-6.0388e-002
7128	-2.6071e-002
7129	-2.4941e-002
7130	-0.16488
7131	-0.15183
7132	-7.5827e-002
7133	-4.5604e-002
7134	-0.2805
7135	-0.2722
7136	-0.18555
7137	-0.17249
7138	-7.0653e-002
7139	-4.2886e-002
7140	-4.038e-002
7141	-0.26698
7142	-0.20771
7143	-0.16727
7144	-0.19358
7145	-4.2935e-002
7146	-0.26703
7147	-0.14701
7148	-0.20776
7149	-9.7698e-003
7150	2.9009e-002
7151	-5.0111e-002
7152	-4.3468e-002
7153	-0.10869
7154	-5.5587e-002
7155	-0.17356
7156	-4.8945e-002
7157	-1.8262e-002
7158	-9.1388e-002
7159	-0.2234
7160	-0.267
7161	-0.44378
7162	-0.1117
7163	-0.25342
7164	-0.54156
7165	-0.46505
7166	-0.13931
7167	-0.13298
7168	-0.24409
7169	-0.26663
7170	-0.5503
7171	-0.62835
7172	-0.14806
7173	-0.15381
7174	-0.25283
7175	-0.28466
7176	-0.5278
7177	-0.63282
7178	-0.15828
7179	-0.28252
7180	-0.54136
7181	-0.64864
7182	-0.12378
7183	-0.17184
7184	-0.20937
7185	-0.28514
7186	-0.24375
7187	-0.50593
7188	-0.63294
7189	-0.10808
7190	-0.26944
7191	-0.18493
7192	-0.48287
7193	-0.33611
7194	-0.10109
7195	-8.5016e-002
7196	-0.18605
7197	-0.24637
7198	-0.30035
7199	-6.5336e-002
7200	-5.5951e-002
7201	-0.15029
7202	5.2142e-002
7203	-1.5393e-002
7204	0.24056
7205	0.6072
7206	0.11204
7207	0.29355
7208	0.66019
7209	0.34086
7210	0.35622
7211	0.29588
7212	4.6888e-002
7213	0.34777
7214	0.36313
7215	0.30279
7216	-1.4821e-002
7217	5.5902e-002
7218	0.27571
7219	0.29107
7220	0.1669
7221	0.23073
7222	-1.2276e-002
7223	6.6256e-002
7224	3.6341e-002
7225	0.17725
7226	0.14619
7227	0.24108
7228	-2.5455e-003
7229	2.8531e-002
7230	0.23204
7231	0.16944
7232	0.14506
7233	0.13838
7234	2.9998e-002
7235	4.647e-002
7236	4.6071e-002
7237	0.1626
7238	0.15592
7239	7.1628e-002
7240	6.1473e-002
7241	0.1776
7242	7.6884e-002
7243	8.81e-002
7244	9.8521e-002
7245	0.38594
7246	0.20423
7247	0.13233
7248	0.12353
7249	4.3036e-002
7250	6.8997e-002
7251	7.715e-002
7252	0.11096
7253	0.10216
7254	5.2812e-002
7255	5.6519e-002
7256	9.8478e-002
7257	4.5941e-002
7258	7.8773e-002
7259	8.3668e-002
7260	0.29374
7261	0.12149
7262	0.12073
7263	9.6987e-002
7264	2.9197e-002
7265	5.4543e-002
7266	9.2368e-002
7267	6.7862e-002
7268	7.0654e-002
7269	4.9027e-002
7270	6.6924e-002
7271	0.10475
7272	8.0243e-002
7273	6.5018e-002
7274	7.8104e-002
7275	8.1108e-002
7276	0.359
7277	0.12867
7278	0.13383
7279	-3.4351e-002
7280	3.4809e-002
7281	4.6395e-002
7282	9.3957e-002
7283	4.7502e-002
7284	5.9738e-002
7285	5.09e-002
7286	9.8461e-002
7287	3.7519e-002
7288	5.7877e-002
7289	6.7926e-002
7290	0.23302
7291	0.10665
7292	0.11204
7293	4.5707e-002
7294	5.0181e-002
7295	7.0113e-002
7296	3.5243e-002
7297	0.11423
7298	4.7893e-002
7299	3.0511e-002
7300	4.8952e-002
7301	2.5361e-002
7302	5.1061e-002
7303	0.10435
7304	4.9045e-002
7305	3.2908e-002
7306	3.9163e-002
7307	4.1273e-002
7308	3.9257e-002
7309	4.8881e-002
7310	5.1349e-002
7311	5.4182e-002
7312	5.3459e-002
7313	1.3483e-002
7314	5.1443e-002
7315	5.48e-002
7316	5.7969e-002
7317	0.16503
7318	6.8655e-002
7319	5.7246e-002
7320	1.727e-002
7321	7.132e-002
7322	3.7791e-002
7323	6.01e-002
7324	7.0787e-002
7325	1.9402e-002
7326	8.6869e-002
7327	5.2179e-002
7328	6.1124e-002
7329	8.5175e-002
7330	-9.6251e-002
7331	6.7433e-002
7332	6.2285e-002
7333	0.22395
7334	0.10913
7335	8.6336e-002
7336	-9.5091e-002
7337	6.0262e-002
7338	3.0394e-002
7339	4.1688e-002
7340	8.853e-002
7341	6.7467e-002
7342	4.382e-002
7343	0.10196
7344	-3.5687e-002
7345	8.484e-002
7346	3.7599e-002
7347	3.6997e-002
7348	8.0182e-002
7349	9.5735e-002
7350	-4.1908e-002
7351	0.10078
7352	6.0591e-002
7353	0.10378
7354	5.9749e-002
7355	-1.8314e-002
7356	-0.15821
7357	7.4513e-002
7358	3.6869e-002
7359	5.2937e-002
7360	5.2095e-002
7361	-0.16587
7362	6.2834e-002
7363	1.8255e-002
7364	3.0663e-002
7365	3.3481e-002
7366	-4.5045e-002
7367	5.6381e-002
7368	3.7598e-002
7369	-3.2826e-002
7370	-2.9128e-003
7371	4.0416e-002
7372	-3.8109e-002
7373	5.2652e-002
7374	-2.6412e-002
7375	2.421e-002
7376	-1.6302e-002
7377	-5.1498e-002
7378	-1.6808e-002
7379	-1.6752e-002
7380	-1.0166e-002
7381	-6.642e-003
7382	-0.13812
7383	1.0692
7384	0.70457
7385	2.3722
7386	0.2225
7387	0.4786
7388	1.151
7389	1.0679
7390	2.7121
7391	2.3172
7392	0.56237
7393	1.4909
7394	1.6585
7395	0.53529
7396	1.9761
7397	0.4134
7398	0.22126
7399	0.85443
7400	0.22251
7401	1.7846
7402	0.73751
7403	0.22186
7404	0.13344
7405	0.66288
7406	-7.4067e-002
7407	0.61627
7408	-0.33618
7409	6.9663e-002
7410	1.2201e-002
7411	0.25506
7412	-0.15494
7413	-0.74723
7414	-0.51152
7415	-0.10568
7416	-0.39461
7417	7.9722e-002
7418	-0.47716
7419	-0.65277
7420	-1.1214e-002
7421	-2.9438e-003
7422	-0.30014
7423	-0.89005
7424	-1.0694
7425	-1.6538
7426	-1.79
7427	-0.41962
7428	-1.0278
7429	-1.65
7430	-1.8603
7431	-0.34519
7432	-0.41583
7433	-0.94716
7434	-1.5102
7435	-2.0019
7436	-0.48676
7437	-0.57768
7438	-0.78416
7439	-0.61505
7440	-1.288
7441	-1.3708
7442	-0.35545
7443	-0.64237
7444	-0.26755
7445	-0.62049
7446	-1.2609
7447	-0.14832
7448	-0.24557
7449	-0.53249
7450	0.22601
7451	-0.38288
7452	8.9292e-002
7453	0.59265
7454	0.10069
7455	-0.1765
7456	-0.16234
7457	-0.29464
7458	-4.1304e-002
7459	-0.1969
7460	-0.31346
7461	-6.013e-002
7462	-6.5308e-002
7463	-0.27183
7464	-0.17898
7465	-6.6881e-002
7466	-0.30481
7467	-0.2734
7468	6.9191e-003
7469	-0.16815
7470	-9.7222e-002
7471	-4.7388e-002
7472	-0.28532
7473	2.6412e-002
7474	-0.14251
7475	-0.10589
7476	-8.1292e-002
7477	-0.29399
7478	-0.17955
7479	1.7743e-002
7480	-0.12567
7481	-4.6981e-002
7482	-0.14523
7483	-0.13081
7484	-5.7271e-002
7485	-6.4452e-002
7486	-2.3464e-002
7487	-0.16271
7488	0.10361
7489	-8.7282e-002
7490	-4.4936e-002
7491	-4.0521e-002
7492	-1.1129e-002
7493	2.459e-002
7494	0.11594
7495	-2.4493e-002
7496	-9.3316e-003
7497	5.578e-002
7498	-5.4507e-003
7499	2.2268e-002
7500	0.22413
7501	8.7379e-002
7502	7.0879e-003
7503	9.5633e-003
7504	9.711e-003
7505	0.21157
7506	5.9562e-002
7507	3.4659e-002
7508	5.5457e-002
7509	0.23666
7510	0.29177
7511	0.10268
7512	8.2836e-002
7513	0.53412
7514	0.26404
7515	0.31915
7516	0.1041
7517	6.1616e-002
7518	9.8579e-002
7519	0.54986
7520	0.51428
7521	0.33489
7522	0.11757
7523	4.7287e-002
7524	8.5965e-002
7525	0.49996
7526	0.41489
7527	0.17139
7528	0.11377
7529	0.52776
7530	0.4427
7531	0.175
7532	0.14459
7533	0.13979
7534	0.84869
7535	0.55378
7536	0.68818
7537	0.46871
7538	0.1633
7539	0.12218
7540	0.66577
7541	0.23711
7542	0.13288
7543	5.9048e-002
7544	0.67647
7545	0.26522
7546	0.12215
7547	1.2129
7548	0.97269
7549	0.73958
7550	0.60014
7551	0.25356
7552	0.10212
7553	8.7158e-002
7554	0.93769
7555	0.56515
7556	0.26478
7557	0.12546
7558	0.96103
7559	0.98396
7560	0.58848
7561	0.28893
7562	0.11334
7563	0.14756
7564	0.97184
7565	0.48843
7566	0.18383
7567	1.0081
7568	0.52608
7569	0.37986
7570	0.34706
7571	1.7848
7572	1.3718
7573	1.1713
7574	0.68022
7575	0.50477
7576	0.25427
7577	1.2462
7578	0.7
7579	0.35855
7580	0.38998
7581	1.3505
7582	0.80344
7583	0.8119
7584	0.48094
7585	2.2018
7586	1.4415
7587	0.89441
7588	0.7274
7589	0.41029
7590	0.50188
7591	2.2227
7592	1.794
7593	0.91534
7594	0.3091
7595	0.76451
7596	0.30486
7597	1.6885
7598	0.77698
7599	0.44741
7600	0.3505
7601	1.9977
7602	1.8311
7603	0.95885
7604	0.72751
7605	0.22041
7606	1.8676
7607	0.72578
7608	0.21964
7609	0.30102
7610	2.2186
7611	1.9482
7612	0.66162
7613	0.1373
7614	0.43565
7615	2.1363
7616	1.1081
7617	2.3474
7618	0.45384
7619	2.1545
7620	1.1263
7621	1.4969e-002
7622	-0.16142
7623	-5.1071e-002
7624	-1.3447e-002
7625	-1.0777e-002
7626	-0.11486
7627	5.6122e-002
7628	-2.9715e-002
7629	7.9088e-003
7630	2.4364e-002
7631	-9.4288e-002
7632	8.1293e-002
7633	-9.9177e-003
7634	9.2875e-002
7635	4.4162e-002
7636	-7.4491e-002
7637	7.8437e-002
7638	9.8249e-002
7639	0.10615
7640	4.123e-002
7641	4.9535e-002
7642	-4.4217e-002
7643	4.6029e-002
7644	6.3104e-002
7645	9.7924e-002
7646	3.3e-002
7647	1.3136e-002
7648	-5.2446e-002
7649	2.2379e-003
7650	3.8926e-002
7651	4.631e-003
7652	8.822e-003
7653	-1.1042e-002
7654	-3.635e-002
7655	1.9313e-002
7656	-6.6932e-002
7657	-2.0945e-002
7658	-1.4982e-002
7659	-3.8619e-003
7660	-3.0655e-002
7661	-2.5631e-002
7662	-6.7397e-002
7663	-8.5907e-002
7664	-0.16184
7665	-2.2837e-002
7666	-5.2685e-002
7667	-0.10314
7668	-0.17979
7669	-0.17391
7670	-3.4909e-002
7671	-4.0533e-002
7672	-6.4758e-002
7673	-0.14165
7674	-0.20345
7675	-0.26679
7676	-6.42e-002
7677	-0.16175
7678	-0.3168
7679	-0.28163
7680	-7.6886e-002
7681	-7.9043e-002
7682	-8.8775e-002
7683	-0.29931
7684	-0.32207
7685	-8.2151e-002
7686	-4.5979e-002
7687	-9.404e-002
7688	-0.71066
7689	-0.51588
7690	-0.8565
7691	-0.35534
7692	-0.53447
7693	-0.71502
7694	-0.23284
7695	-0.46757
7696	-0.59802
7697	-0.44094
7698	-0.61394
7699	-0.2804
7700	-0.31381
7701	-0.45953
7702	-0.1579
7703	-0.17088
7704	-0.39263
7705	-0.5
7706	-0.57624
7707	-0.6709
7708	-0.2427
7709	-0.26357
7710	-0.27399
7711	-0.27611
7712	-0.13317
7713	-0.43979
7714	-0.61059
7715	-0.21367
7716	-0.21579
7717	0.135
7718	-0.18863
7719	-7.2858e-002
7720	-8.2427e-002
7721	-0.17225
7722	-0.39432
7723	-0.6107
7724	-0.68474
7725	-0.20742
7726	-0.21378
7727	-0.16555
7728	0.13488
7729	-0.18874
7730	-8.254e-002
7731	-0.17237
7732	-0.32948
7733	-0.61564
7734	-0.63915
7735	-0.16183
7736	-0.18011
7737	0.24186
7738	-6.3134e-002
7739	-0.11996
7740	-6.624e-002
7741	-0.14315
7742	-3.6951e-002
7743	-0.10804
7744	-0.22923
7745	-0.5964
7746	-0.57083
7747	-0.16087
7748	-4.389e-002
7749	-4.6996e-002
7750	-8.88e-002
7751	-9.6647e-002
7752	-0.35007
7753	-0.48982
7754	-7.5725e-002
7755	-7.9856e-002
7756	0.11813
7757	3.7122e-002
7758	-4.2883e-002
7759	-8.1857e-003
7760	3.4016e-002
7761	-7.7873e-003
7762	7.0704e-003
7763	-0.29851
7764	-2.4156e-002
7765	0.1697
7766	4.3384e-002
7767	-0.24636
7768	-0.10906
7769	2.7992e-002
7770	0.22185
7771	9.5532e-002
7772	0.14098
7773	-0.18974
7774	-0.58678
7775	-0.41916
7776	-0.31376
7777	-0.22561
7778	-0.25036
7779	-0.4453
7780	-0.19785
7781	-0.11385
7782	-0.25734
7783	-0.10446
7784	-0.1692
7785	-0.23594
7786	-0.19394
7787	-0.38888
7788	-0.23592
7789	-9.5153e-002
7790	-0.21313
7791	-0.23787
7792	-0.25837
7793	-8.4986e-002
7794	-0.21646
7795	-0.21645
7796	-0.2139
7797	-8.9286e-002
7798	-8.5762e-002
7799	-0.21724
7800	-0.13173
7801	-0.21722
7802	-7.4521
7803	-3.4309
7804	-7.2813
7805	-4.4563
7806	-3.0831
7807	-6.3636
7808	-3.7808
7809	-7.7198
7810	-3.4901
7811	-4.5155
7812	-4.0461
7813	-3.313
7814	-3.1423
7815	-6.4229
7816	-3.8679
7817	-7.4905
7818	-4.2547
7819	-3.5215
7820	-4.4122
7821	-6.6314
7822	-4.0764
7823	-5.6882
7824	-7.2121
7825	-3.8168
7826	-3.0836
7827	-2.9606
7828	-3.9743
7829	-5.4358
7830	-3.485
7831	-3.6385
7832	-5.2503
7833	-7.3364
7834	-3.6004
7835	-3.9764
7836	-3.1203
7837	-5.5954
7838	-3.6446
7839	-6.8653
7840	-3.5651
7841	-3.0849
7842	-3.7795
7843	-5.5601
7844	-3.6093
7845	-5.9072
7846	-3.1292
7847	-3.4584
7848	-3.3437
7849	-4.0134
7850	-5.1243
7851	-3.1735
7852	-4.5704
7853	-2.7005
7854	-2.936
7855	-2.8213
7856	-3.4911
7857	-2.8922
7858	-2.6512
7859	-3.6072
7860	-4.0051
7861	-1.8861
7862	-1.5412
7863	-2.0069
7864	-1.9221
7865	-2.6767
7866	-2.7758
7867	-2.0778
7868	-1.2737
7869	-2.7928
7870	-1.5248
7871	-4.8932
7872	-2.1352
7873	-1.8246
7874	-2.1712
7875	-3.0249
7876	-2.3269
7877	-1.5228
7878	-2.3858
7879	-4.7522
7880	-2.9032
7881	-2.4635
7882	-2.8102
7883	-3.6639
7884	-3.0247
7885	-3.9308
7886	-2.1232
7887	-1.7299
7888	-1.8043
7889	-2.0301
7890	-2.8838
7891	-2.3303
7892	-2.7131
7893	-1.7006
7894	-2.2447
7895	-3.59
7896	-1.9137
7897	-2.0819
7898	-1.763
7899	-2.289
7900	-2.6718
7901	-1.6594
7902	-2.9935
7903	-3.7052
7904	-1.7672
7905	-1.6142
7906	-1.4635
7907	-1.9895
7908	-1.3598
7909	-1.3569
7910	-2.6939
7911	-1.9271
7912	-4.2058
7913	-2.1819
7914	-1.7508
7915	-2.0566
7916	-1.8782
7917	-1.7716
7918	-3.1086
7919	-3.4646
7920	-2.2678
7921	-2.1425
7922	-2.7665
7923	-1.8575
7924	-3.1946
7925	-2.5704
7926	-1.4407
7927	-1.2222
7928	-1.3154
7929	-1.0516
7930	-1.9393
7931	-0.99531
7932	-1.0304
7933	-1.8896
7934	-2.5965
7935	-1.1551
7936	-1.0334
7937	-1.0465
7938	-1.2483
7939	-1.1626
7940	-0.98454
7941	-1.7694
7942	-1.8722
7943	-0.92822
7944	-1.3183
7945	-1.8225
7946	-2.646
7947	-1.1266
7948	-1.2557
7949	-1.8626
7950	-1.0214
7951	-1.4115
7952	-2.6842
7953	-1.3317
7954	-1.083
7955	-1.6525
7956	-1.2121
7957	-1.819
7958	-1.2637
7959	-0.97778
7960	-1.3679
7961	-2.7972
7962	-1.4135
7963	-1.5427
7964	-1.7343
7965	-1.3455
7966	-1.1635
7967	-1.4497
7968	-1.5925
7969	-2.6913
7970	-1.5739
7971	-1.7656
7972	-1.3767
7973	-1.9603
7974	-1.1948
7975	-1.6154
7976	-2.4038
7977	-1.4367
7978	-1.2909
7979	-1.1383
7980	-1.0806
7981	-1.6284
7982	-1.8231
7983	-1.0576
7984	-1.4866
7985	-1.9449
7986	-1.4782
7987	-2.3913
7988	-1.1406
7989	-0.9303
7990	-1.2234
7991	-0.90728
7992	-1.0107
7993	-1.3363
7994	-1.7946
7995	-1.3279
7996	-2.387
7997	-1.1975
7998	-1.2784
7999	-1.0681
8000	-1.3612
8001	-1.1485
8002	-1.9324
8003	-2.2458
8004	-1.0554
8005	-1.0761
8006	-0.9425
8007	-0.92598
8008	-1.6564
8009	-1.2191
8010	-1.0064
8011	-1.7903
8012	-1.4923
8013	-1.2365
8014	-2.1638
8015	-0.90399
8016	-1.077
8017	-0.9434
8018	-1.2219
8019	-1.6573
8020	-1.4932
8021	-1.2374
8022	-2.1048
8023	-0.82109
8024	-1.139
8025	-1.5744
8026	-1.5112
8027	-0.81667
8028	-1.4103
8029	-1.1545
8030	-1.909
8031	-0.84507
8032	-0.90547
8033	-1.163
8034	-1.5352
8035	-0.84065
8036	-1.3943
8037	-1.4342
8038	-1.755
8039	-0.82977
8040	-0.6857
8041	-0.79508
8042	-0.94479
8043	-0.94322
8044	-1.3154
8045	-0.79813
8046	-0.62088
8047	-1.1746
8048	-1.7542
8049	-0.89553
8050	-0.88611
8051	-1.0106
8052	-1.4162
8053	-1.3812
8054	-0.86389
8055	-1.2403
8056	-1.5267
8057	-0.8195
8058	-0.96614
8059	-0.94395
8060	-1.0994
8061	-1.3496
8062	-0.79728
8063	-1.1737
8064	-1.3582
8065	-0.6591
8066	-0.6586
8067	-0.80525
8068	-0.93851
8069	-0.57389
8070	-1.1887
8071	-0.63639
8072	-1.0405
8073	-1.139
8074	-0.65145
8075	-0.79761
8076	-0.77779
8077	-0.93087
8078	-0.56625
8079	-0.81692
8080	-1.0329
8081	-0.42624
8082	-0.4399
8083	-0.56623
8084	-0.35469
8085	-0.60537
8086	-0.78592
8087	-0.30374
8088	-0.8213
8089	0.4419
8090	-3.3193
8091	-0.15854
8092	0.70818
8093	-6.0969e-002
8094	-2.4017
8095	-0.68707
8096	0.36721
8097	-0.24772
8098	-0.14625
8099	2.0798e-002
8100	0.48002
8101	0.619
8102	-0.15015
8103	-0.77624
8104	0.43183
8105	-0.13176
8106	0.49451
8107	-0.13566
8108	0.30651
8109	-0.76175
8110	-0.12693
8111	-8.1626e-002
8112	0.8486
8113	0.52927
8114	0.54464
8115	-8.5526e-002
8116	0.35664
8117	0.48429
8118	6.0518
8119	5.9232
8120	6.1019
8121	2.8329
8122	2.9191
8123	3.4199
8124	3.8788
8125	3.4989
8126	2.6076
8127	4.7778
8128	3.606
8129	5.3209
8130	6.0898
8131	6.0375
8132	2.9995
8133	3.5865
8134	4.0454
8135	3.6655
8136	3.7587
8137	5.14
8138	4.082
8139	2.102
8140	2.689
8141	2.7001
8142	2.768
8143	2.6528
8144	2.5618
8145	2.5554
8146	3.4173
8147	1.4372
8148	1.5749
8149	2.0242
8150	2.0353
8151	1.8439
8152	2.2591
8153	1.988
8154	1.4663
8155	2.0233
8156	1.0429
8157	1.3118
8158	1.7271
8159	1.4559
8160	1.4268
8161	0.34424
8162	1.4599
8163	-0.23399
8164	0.47946
8165	1.2308
8166	0.74839
8167	1.1637
8168	0.86341
8169	-0.95597
8170	-0.79268
8171	-3.9918e-002
8172	-7.9235e-002
8173	0.67211
8174	0.1897
8175	0.1842
8176	-6.0072e-002
8177	0.30472
8178	-1.8779
8179	-1.5342
8180	-2.5954
8181	-2.1567
8182	-0.78144
8183	-6.9416e-002
8184	-0.76306
8185	-0.55732
8186	-0.80159
8187	-0.19051
8188	-2.7775
8189	-2.7757
8190	-0.96181
8191	-0.83823
8192	-0.7377
8193	-1.2912
8194	-0.98197
8195	-0.37089
8196	-3.9592
8197	-3.495
8198	-3.1955
8199	-3.3241
8200	-1.6811
8201	-1.6915
8202	-1.5575
8203	-2.0105
8204	-1.5241
8205	-1.0902
8206	-4.6231
8207	-3.6579
8208	-2.9733
8209	-2.1538
8210	-2.0199
8211	-3.0078
8212	-2.4728
8213	-1.9864
8214	-5.9973
8215	-2.8364
8216	-3.1749
8217	-3.1722
8218	-2.3554
8219	-3.2076
8220	-2.4967
8221	-3.2094
8222	-2.6744
8223	-3.7309
8224	-4.009
8225	-4.3448
8226	-4.3802
8227	-6.2521
8228	-3.6692
8229	-4.9034
8230	-4.5375
8231	5.608
8232	6.14
8233	5.9089
8234	5.3542
8235	5.3937
8236	3.9168
8237	4.072
8238	4.8158
8239	5.0105
8240	5.001
8241	5.0405
8242	3.7187
8243	4.3907
8244	3.9958
8245	4.7567
8246	4.192
8247	4.7963
8248	4.1977
8249	3.1695
8250	3.4745
8251	3.3371
8252	3.6203
8253	3.8221
8254	2.7939
8255	2.9615
8256	0.93997
8257	0.34728
8258	0.82121
8259	0.36514
8260	0.37842
8261	0.77135
8262	0.34336
8263	0.47995
8264	0.84117
8265	0.5976
8266	0.52669
8267	1.0858
8268	0.46342
8269	0.49456
8270	0.45029
8271	0.45951
8272	0.95732
8273	0.64283
8274	1.2254
8275	0.48493
8276	0.52423
8277	0.47997
8278	1.1629
8279	0.48918
8280	0.50682
8281	0.65736
8282	0.98699
8283	0.6725
8284	1.4701
8285	0.59491
8286	0.66596
8287	0.58995
8288	1.2729
8289	0.6168
8290	0.76734
8291	0.69778
8292	1.7482
8293	0.72963
8294	0.75551
8295	0.80069
8296	1.4076
8297	0.75153
8298	0.83251
8299	2.3217
8300	0.89885
8301	0.94403
8302	1.3565
8303	1.0666
8304	1.5509
8305	1.4422
8306	1.4879
8307	0.89487
8308	0.97585
8309	3.0186
8310	1.329
8311	1.2686
8312	1.7867
8313	1.9279
8314	1.4968
8315	1.918
8316	3.1992
8317	1.5353
8318	2.1946
8319	1.7635
8320	2.1847
8321	2.4389
8322	3.3763
8323	1.2945
8324	1.4492
8325	2.1085
8326	1.6774
8327	1.8207
8328	2.3528
8329	3.5918
8330	1.5577
8331	2.1023
8332	2.3717
8333	1.977
8334	2.0838
8335	2.616
8336	2.774
8337	3.8235
8338	1.51
8339	1.7561
8340	2.0547
8341	2.5523
8342	1.9294
8343	2.0288
8344	2.0362
8345	2.7264
8346	3.6445
8347	2.0354
8348	2.8316
8349	2.2087
8350	2.308
8351	3.3599
8352	3.0056
8353	3.7984
8354	1.5772
8355	1.5133
8356	2.0838
8357	2.3734
8358	1.8364
8359	1.3215
8360	1.7504
8361	1.8498
8362	1.6189
8363	2.9016
8364	1.9849
8365	4.2388
8366	2.1254
8367	2.6959
8368	3.5522
8369	2.4485
8370	2.9578
8371	3.5138
8372	2.597
8373	4.3818
8374	1.9906
8375	1.9537
8376	3.3805
8377	2.2768
8378	2.7861
8379	2.4702
8380	2.4253
8381	2.3901
8382	4.7596
8383	2.3052
8384	3.6951
8385	2.6848
8386	3.4328
8387	3.0235
8388	2.7849
8389	2.7047
8390	4.8854
8391	2.3684
8392	2.3139
8393	3.1614
8394	3.7583
8395	3.8929
8396	2.748
8397	3.496
8398	3.0867
8399	4.6698
8400	2.3765
8401	3.9555
8402	2.8106
8403	2.3853
8404	3.5586
8405	3.1493
8406	3.5562
8407	4.8613
8408	2.1915
8409	2.0983
8410	3.6773
8411	2.5324
8412	2.4054
8413	2.6236
8414	3.2781
8415	5.3008
8416	2.6613
8417	3.7283
8418	4.4385
8419	4.147
8420	4.0032
8421	2.9634
8422	2.8751
8423	3.0933
8424	3.7478
8425	6.0415
8426	2.6311
8427	2.8985
8428	4.4083
8429	3.973
8430	2.9332
8431	2.9342
8432	5.6184
8433	3.6693
8434	5.1792
8435	5.2318
8436	3.936
8437	4.7439
8438	3.7051
8439	4.7916
8440	2.1565
8441	2.1497
8442	2.4754
8443	4.0378
8444	2.4534
8445	2.7421
8446	2.3702
8447	2.5112
8448	5.3164
8449	2.5168
8450	4.4049
8451	2.8205
8452	3.1092
8453	2.8783
8454	2.5126
8455	5.0735
8456	2.6924
8457	2.6744
8458	4.1959
8459	5.1727
8460	4.5626
8461	2.9782
8462	3.2669
8463	3.0914
8464	2.5955
8465	2.6702
8466	5.4372
8467	2.2918
8468	2.0027
8469	4.7722
8470	2.5776
8471	3.0346
8472	2.1949
8473	2.561
8474	2.2697
8475	6.12
8476	2.767
8477	3.0703
8478	5.5364
8479	3.7989
8480	2.9592
8481	4.0313
8482	6.0879
8483	2.9889
8484	4.8256
8485	5.455
8486	3.7175
8487	2.7726
8488	3.9499
8489	6.5281
8490	2.8382
8491	3.0381
8492	4.8748
8493	5.7571
8494	3.7667
8495	3.5951
8496	3.5591
8497	2.8219
8498	3.9991
8499	3.9889
8500	7.321
8501	3.2291
8502	6.148
8503	3.986
8504	3.9501
8505	4.3798
8506	7.0669
8507	3.6311
8508	3.6206
8509	6.7501
8510	6.55
8511	5.3765
8512	4.3881
8513	4.3521
8514	4.7819
8515	7.1078
8516	3.0176
8517	2.9644
8518	6.0939
8519	4.7204
8520	3.6959
8521	3.8787
8522	4.1257
8523	3.7108
8524	6.7217
8525	3.7146
8526	6.3155
8527	6.791
8528	5.4174
8529	4.5757
8530	5.7376
8531	4.4079
8532	5.9787
8533	2.6315
8534	2.7958
8535	5.2324
8536	3.1298
8537	3.4926
8538	4.6545
8539	3.3248
8540	3.1359
8541	5.5725
8542	3.4699
8543	3.8326
8544	2.8244
8545	4.9945
8546	3.8227
8547	-0.18532
8548	0.34466
8549	-0.15488
8550	-0.1424
8551	0.36462
8552	0.12105
8553	-0.32012
8554	-0.21093
8555	-0.33994
8556	-0.28049
8557	-0.19845
8558	1.8461e-002
8559	0.19886
8560	-2.4384e-002
8561	0.30858
8562	6.5003e-002
8563	-0.41524
8564	-0.41869
8565	-0.2772
8566	-0.3736
8567	0.12011
8568	-0.10314
8569	-0.45436
8570	-0.43506
8571	-0.17827
8572	-0.38997
8573	-0.22633
8574	-0.1195
8575	-0.55535
8576	-0.56983
8577	-0.57018
8578	-0.28096
8579	-0.42265
8580	-0.44831
8581	-0.52571
8582	-0.55419
8583	-0.54891
8584	-0.44011
8585	-0.26004
8586	-0.26799
8587	-0.53958
8588	-0.40174
8589	-0.54221
8590	-0.4274
8591	-0.39488
8592	-0.5048
8593	-0.48135
8594	-0.45986
8595	-0.35081
8596	-0.28775
8597	-0.56197
8598	-0.41463
8599	-0.33259
8600	-0.19062
8601	-0.25821
8602	-0.19515
8603	-0.31199
8604	-0.39628
8605	-0.46937
8606	-0.28485
8607	-0.32203
8608	-0.2142
8609	-0.13447
8610	-0.13899
8611	-0.1469
8612	-0.25584
8613	-0.34013
8614	-0.2287
8615	-0.26951
8616	-0.10896
8617	-7.223e-002
8618	-7.5715e-002
8619	-8.4664e-002
8620	-0.19344
8621	-0.12675
8622	-0.16646
8623	-0.12246
8624	-0.15878
8625	-0.20727
8626	-2.5914e-002
8627	-3.2705e-002
8628	-4.4907e-002
8629	-4.1654e-002
8630	-8.3744e-002
8631	-7.9453e-002
8632	-0.11577
8633	5.9799e-002
8634	7.3271e-003
8635	-4.9703e-002
8636	3.3334e-003
8637	-4.875e-003
8638	2.2906e-002
8639	-7.9945e-002
8640	-4.3711e-002
8641	-3.9421e-002
8642	-7.5741e-002
8643	6.9364e-002
8644	-2.3963e-002
8645	0.18645
8646	-4.0228e-003
8647	6.8587e-002
8648	-3.4264e-002
8649	2.4878e-002
8650	6.2598e-003
8651	0.11504
8652	0.31126
8653	7.6951e-002
8654	3.196e-002
8655	9.7887e-003
8656	0.14956
8657	0.30782
8658	0.14613
8659	0.10585
8660	0.19602
8661	0.46558
8662	7.579e-002
8663	9.0671e-004
8664	0.13077
8665	0.19339
8666	0.35165
8667	0.17851
8668	0.4162
8669	0.14968
8670	0.25103
8671	0.69733
8672	0.19779
8673	0.1114
8674	0.24126
8675	0.28901
8676	0.5267
8677	0.35608
8678	0.36152
8679	0.31905
8680	0.36252
8681	0.76873
8682	0.64795
8683	0.47733
8684	0.59498
8685	-0.53585
8686	-0.56375
8687	-0.45458
8688	-0.44591
8689	-0.58635
8690	-0.55405
8691	-0.51928
8692	-0.48105
8693	-0.41837
8694	-0.48583
8695	-0.55881
8696	-0.52651
8697	-0.42656
8698	-0.42906
8699	-0.38512
8700	-0.27478
8701	-0.39111
8702	-0.2819
8703	-0.45857
8704	-0.39931
8705	-0.4018
8706	-0.2061
8707	-0.3899
8708	-0.26989
8709	-0.33063
8710	-0.33313
8711	0.55718
8712	0.26171
8713	0.82104
8714	0.2845
8715	0.3315
8716	0.40036
8717	0.41864
8718	0.60462
8719	0.28682
8720	0.28142
8721	0.84075
8722	0.30422
8723	0.32106
8724	0.42007
8725	0.43836
8726	0.59726
8727	0.31455
8728	0.86847
8729	0.83493
8730	0.33194
8731	0.34878
8732	0.42811
8733	0.46608
8734	0.59483
8735	0.27947
8736	0.26734
8737	0.79985
8738	0.29686
8739	0.31426
8740	0.3159
8741	0.3137
8742	0.39302
8743	0.45048
8744	0.61826
8745	0.30378
8746	0.3
8747	0.8325
8748	0.74758
8749	0.34692
8750	0.34855
8751	0.48313
8752	0.49151
8753	0.29456
8754	0.73836
8755	0.33769
8756	0.33933
8757	0.45686
8758	0.47391
8759	0.44853
8760	0.17704
8761	0.18762
8762	0.62084
8763	0.22017
8764	0.18151
8765	0.33934
8766	0.46544
8767	0.25929
8768	0.26215
8769	0.62116
8770	0.69538
8771	0.58774
8772	0.33975
8773	0.25605
8774	0.41388
8775	0.36509
8776	0.20167
8777	0.53011
8778	0.22465
8779	0.28213
8780	0.19842
8781	0.26559
8782	0.35625
8783	0.33567
8784	0.15894
8785	0.16508
8786	0.48739
8787	0.2394
8788	0.1557
8789	0.22287
8790	0.13349
8791	0.30148
8792	0.35457
8793	0.17736
8794	0.17838
8795	0.43571
8796	0.41409
8797	0.50069
8798	0.17748
8799	0.16885
8800	0.23617
8801	0.14679
8802	0.31478
8803	0.29628
8804	0.18295
8805	0.41968
8806	0.22171
8807	0.18307
8808	0.17444
8809	0.32037
8810	0.2602
8811	0.11907
8812	0.1168
8813	0.3558
8814	0.15783
8815	0.11919
8816	0.11056
8817	0.14682
8818	9.6159e-002
8819	0.24845
8820	0.14459
8821	0.31714
8822	0.30015
8823	0.3836
8824	0.18563
8825	0.17462
8826	0.12396
8827	0.17621
8828	0.10021
8829	0.10505
8830	0.26061
8831	0.14609
8832	8.9344e-002
8833	6.6413e-002
8834	6.7547e-002
8835	0.13508
8836	8.4416e-002
8837	1.6801e-002
8838	0.17174
8839	6.7507e-002
8840	6.4774e-002
8841	6.9522e-002
8842	0.22791
8843	5.6641e-002
8844	3.371e-002
8845	5.1714e-002
8846	0.14369
8847	9.7755e-002
8848	0.20926
8849	0.25614
8850	0.18564
8851	8.4875e-002
8852	6.1944e-002
8853	8.2132e-002
8854	0.11152
8855	4.4167e-002
8856	4.1472e-002
8857	0.12935
8858	4.1218e-003
8859	2.8591e-002
8860	2.5848e-002
8861	1.7577e-002
8862	0.10207
8863	6.8276e-002
8864	0.10914
8865	0.15346
8866	2.8231e-002
8867	4.9957e-002
8868	5.6895e-002
8869	4.6577e-002
8870	3.4716e-002
8871	3.1461e-002
8872	7.5581e-002
8873	-5.329e-003
8874	-2.5718e-002
8875	-8.6246e-003
8876	1.6397e-002
8877	2.3335e-002
8878	-1.0536e-002
8879	9.5318e-003
8880	5.3652e-002
8881	-4.7648e-002
8882	-3.0554e-002
8883	-2.7967e-002
8884	-1.6839e-002
8885	1.4057e-003
8886	-6.8629e-002
8887	-2.619e-002
8888	-4.5359e-002
8889	-2.5652e-002
8890	-2.2676e-002
8891	-6.3011e-002
8892	1.8469e-002
8893	-8.7109e-002
8894	-6.5737e-002
8895	-8.2388e-002
8896	-6.315e-002
8897	-5.2022e-002
8898	-0.11792
8899	-6.8269e-002
8900	-8.5921e-002
8901	-0.12469
8902	-0.12027
8903	-0.1053
8904	-8.606e-002
8905	-7.4933e-002
8906	-0.17574
8907	-6.4784e-002
8908	-9.4645e-002
8909	-0.1123
8910	-0.15106
8911	-0.14664
8912	-0.18419
8913	-0.13167
8914	-0.16465
8915	-0.13131
8916	-0.23069
8917	-9.6237e-002
8918	-0.18714
8919	-0.14375
8920	-0.21564
8921	-0.19611
8922	-0.28067
8923	-0.11973
8924	-0.12727
8925	-0.21063
8926	-0.29988
8927	-0.23914
8928	-0.2196
8929	-0.21833
8930	-0.31996
8931	-0.15376
8932	-0.32636
8933	-0.28938
8934	-0.26562
8935	-0.25486
8936	-0.24608
8937	-0.24481
8938	-0.39116
8939	-0.14996
8940	-0.16656
8941	-0.33917
8942	-0.30218
8943	-0.26766
8944	-0.26546
8945	-0.25762
8946	-0.42572
8947	-0.20837
8948	-0.40148
8949	-0.49401
8950	-0.39757
8951	-0.39727
8952	-0.36059
8953	-0.32606
8954	-0.35537
8955	-0.32386
8956	-0.35541
8957	-0.5199
8958	-0.18452
8959	-0.2008
8960	-0.47016
8961	-0.31931
8962	-0.30221
8963	-0.33152
8964	-0.30001
8965	-0.34272
8966	-0.59294
8967	-0.31883
8968	-0.63417
8969	-0.58819
8970	-0.44955
8971	-0.46075
8972	-0.59545
8973	-0.2813
8974	-0.27384
8975	-0.58918
8976	-0.5065
8977	-0.40456
8978	-0.40848
8979	-0.41576
8980	-0.41412
8981	-0.60352
8982	-0.3288
8983	-0.63668
8984	-0.62612
8985	-0.55399
8986	-0.45598
8987	-0.55905
8988	-0.46161
8989	-0.27488
8990	-0.28938
8991	-0.58671
8992	-0.41657
8993	-0.41656
8994	-0.44223
8995	-0.51963
8996	-0.42219
8997	0.21032
8998	-0.33559
8999	-0.1698
9000	-0.13267
9001	-0.45546
9002	-0.28931
9003	0.10135
9004	-0.25866
9005	1.5072
9006	0.21215
9007	0.56873
9008	0.37793
9009	0.26584
9010	0.3135
9011	0.25843
9012	0.64908
9013	0.28908
9014	2.4631
9015	1.3179
9016	1.9773
9017	1.015
9018	1.8703
9019	1.0627
9020	1.1719
9021	1.3983
9022	1.5207
9023	3.0023
9024	2.184
9025	1.8766
9026	1.273
9027	1.3907
9028	1.2217
9029	2.077
9030	1.2694
9031	1.3786
9032	1.1166
9033	3.658
9034	2.6374
9035	2.2091
9036	1.7232
9037	2.4095
9038	2.6342
9039	1.7111
9040	1.4409
9041	1.4491
9042	1.6275
9043	3.9567
9044	2.9607
9045	2.3263
9046	1.9406
9047	2.0464
9048	2.9574
9049	1.7641
9050	1.9508
9051	3.8831
9052	3.0917
9053	2.3018
9054	1.916
9055	1.8934
9056	2.9329
9057	1.7395
9058	1.885
9059	1.9262
9060	3.8972
9061	3.0426
9062	1.9732
9063	1.867
9064	1.7623
9065	1.8444
9066	2.0971
9067	1.836
9068	2.7893
9069	3.2294
9070	2.0731
9071	2.0363
9072	1.9241
9073	1.8255
9074	1.9075
9075	2.1602
9076	2.8525
9077	2.5694
9078	1.3423
9079	1.064
9080	1.2168
9081	1.1933
9082	1.1766
9083	1.4293
9084	1.1052
9085	1.1963
9086	0.85868
9087	2.4687
9088	1.0957
9089	1.1348
9090	1.2876
9091	1.6687
9092	1.5001
9093	1.2671
9094	0.92948
9095	2.6566
9096	0.92427
9097	0.91866
9098	1.1161
9099	1.107
9100	1.2215
9101	1.4972
9102	1.1364
9103	1.0957
9104	1.112
9105	0.75802
9106	1.4779
9107	2.653
9108	1.7928
9109	1.278
9110	1.5809
9111	1.4957
9112	1.4713
9113	1.8373
9114	2.005
9115	1.4299
9116	1.1107
9117	1.0561
9118	1.218
9119	1.4496
9120	1.1328
9121	1.1084
9122	1.1469
9123	1.8463
9124	1.213
9125	0.82559
9126	0.77103
9127	0.8292
9128	1.1645
9129	1.2229
9130	0.73429
9131	0.82331
9132	0.6819
9133	0.5633
9134	0.86177
9135	1.9833
9136	1.3394
9137	1.3214
9138	0.97226
9139	0.9556
9140	1.3493
9141	0.86069
9142	0.8083
9143	1.9274
9144	1.6177
9145	1.3319
9146	0.98281
9147	0.9174
9148	1.3599
9149	0.87124
9150	1.4266
9151	0.88047
9152	0.81885
9153	1.7836
9154	1.5513
9155	1.4721
9156	0.85095
9157	1.3602
9158	0.81402
9159	0.7524
9160	0.97049
9161	1.4808
9162	1.3955
9163	1.3947
9164	0.81774
9165	0.7736
9166	1.233
9167	1.2828
9168	0.73667
9169	0.89313
9170	1.0336
9171	1.17
9172	1.1987
9173	0.50915
9174	0.59211
9175	0.59227
9176	0.74635
9177	1.0076
9178	0.5112
9179	0.53175
9180	0.66766
9181	0.97697
9182	0.37038
9183	0.52461
9184	0.31002
9185	0.33909
9186	0.44593
9187	-7.6892e-002
9188	-0.13676
9189	-0.23818
9190	-9.8107e-002
9191	-0.10466
9192	2.5138e-003
9193	-8.4677e-002
9194	-3.1999e-003
9195	-4.602e-002
9196	6.833e-002
9197	0.10665
9198	2.4119e-002
9199	4.0247e-002
9200	-1.8701e-002
9201	0.12108
9202	0.14515
9203	-8.33e-002
9204	7.8743e-002
9205	0.14028
9206	0.14179
9207	0.1594
9208	0.28276
9209	0.30907
9210	-6.905e-002
9211	0.15453
9212	0.13957
9213	0.28922
9214	0.161
9215	0.14155
9216	0.28053
9217	0.24317
9218	0.37028
9219	0.16578
9220	0.15231
9221	0.11073
9222	0.25384
9223	0.17645
9224	0.11377
9225	4.8847e-002
9226	0.21235
9227	9.3485e-002
9228	0.25849
9229	7.228e-002
9230	6.4668e-003
9231	7.3097e-002
9232	6.0699e-002
9233	5.1891e-002
9234	-1.9923e-002
9235	5.1106e-002
9236	-2.4879e-002
9237	1.6168e-002
9238	3.8708e-002
9239	1.3977e-002
9240	-2.6383e-002
9241	-2.9277e-002
9242	9.5782e-003
9243	-6.3428e-006
9244	-3.1339e-002
9245	-8.6329e-003
9246	-5.7312e-002
9247	1.3632e-002
9248	7.5169e-003
9249	3.2653e-002
9250	1.9805e-002
9251	4.207e-002
9252	4.8662e-002
9253	7.1783e-002
9254	2.4026e-002
9255	0.15879
9256	0.10237
9257	5.2884e-002
9258	0.12157
9259	0.1937
9260	8.7793e-002
9261	8.6393e-002
9262	0.18798
9263	0.20857
9264	0.3237
9265	0.10127
9266	0.2643
9267	0.37524
9268	0.55416
9269	0.18671
9270	0.15281
9271	0.25327
9272	0.50709
9273	0.57894
9274	0.21149
9275	0.19003
9276	0.221
9277	0.47128
9278	0.15423
9279	0.47482
9280	0.46584
9281	0.22444
9282	0.15777
9283	1.577e-002
9284	1.4562e-002
9285	-1.1294e-002
9286	0.11519
9287	6.4017e-002
9288	0.16622
9289	0.11398
9290	0.23513
9291	4.9753e-002
9292	3.6659e-002
9293	0.15327
9294	0.23618
9295	0.23139
9296	3.7715e-002
9297	0.12228
9298	0.18393
9299	0.21739
9300	2.3713e-002
9301	3.9656e-002
9302	6.8301e-002
9303	0.16693
9304	0.10924
9305	2.2663e-002
9306	3.1351e-003
9307	1.0399e-002
9308	2.4207e-002
9309	7.2257e-002
9310	-1.4511e-002
9311	-3.3849e-002
9312	-1.5186e-002
9313	3.2895e-003
9314	-8.3118e-003
9315	-3.5429e-002
9316	-2.4394e-002
9317	1.1001e-002
9318	1.0847e-002
9319	-1.2979e-002
9320	-2.9061e-002
9321	7.8725e-002
9322	4.1701e-002
9323	0.10044
9324	-9.9658e-003
9325	-3.5913e-002
9326	1.7936e-003
9327	0.19945
9328	0.21056
9329	0.13731
9330	9.5659e-004
9331	0.30567
9332	0.29442
9333	0.34424
9334	5.5639e-003
9335	7.5248e-002
9336	0.32235
9337	0.39694
9338	0.36659
9339	9.7602e-002
9340	0.30793
9341	0.39127
9342	0.11236
9343	9.1928e-002
9344	0.38252
9345	0.33349
9346	0.10362
9347	0.55735
9348	0.16744
9349	0.26827
9350	-0.26171
9351	0.25648
9352	0.21347
9353	-0.3947
9354	0.74938
9355	0.21408
9356	0.17378
9357	0.31491
9358	0.30312
9359	0.35167
9360	0.26011
9361	-0.34806
9362	0.82806
9363	0.31918
9364	0.49802
9365	0.4603
9366	-0.46134
9367	0.49707
9368	-0.20266
9369	0.76206
9370	0.25246
9371	0.28228
9372	0.4313
9373	-2.3317e-002
9374	-0.52806
9375	0.43035
9376	0.58079
9377	0.74689
9378	0.23829
9379	0.28301
9380	0.43203
9381	0.43141
9382	-2.2595e-002
9383	0.35284
9384	0.43107
9385	0.58151
9386	0.14469
9387	0.73658
9388	0.22239
9389	0.15403
9390	0.41552
9391	0.33694
9392	0.56561
9393	0.69644
9394	0.12879
9395	0.60285
9396	0.15962
9397	0.42111
9398	0.34253
9399	0.18878
9400	0.64313
9401	0.70202
9402	0.13438
9403	0.45679
9404	2.0308e-002
9405	8.0942e-002
9406	0.27333
9407	0.2818
9408	-6.8329e-002
9409	0.17309
9410	0.20322
9411	4.947e-002
9412	0.50382
9413	8.9596e-003
9414	0.39895
9415	9.3483e-002
9416	7.4189e-002
9417	0.26658
9418	-7.5082e-002
9419	0.16634
9420	0.49707
9421	0.28188
9422	-5.9769e-002
9423	2.2064e-003
9424	0.30433
9425	4.2392e-002
9426	0.1429
9427	0.21549
9428	0.2167
9429	-0.18936
9430	0.11525
9431	0.10056
9432	0.23079
9433	-0.11086
9434	0.14859
9435	9.9381e-002
9436	0.17318
9437	-0.23288
9438	-0.22988
9439	5.7034e-002
9440	0.18727
9441	8.9614e-003
9442	-1.2842e-002
9443	-6.6223e-003
9444	2.8574e-002
9445	6.0957e-002
9446	-0.34211
9447	-5.5189e-002
9448	1.7341e-002
9449	-6.0749e-002
9450	-1.4962e-002
9451	-3.4026e-002
9452	1.1699e-003
9453	-9.0489e-002
9454	-0.36951
9455	-0.36689
9456	-6.1271e-002
9457	-8.2593e-002
9458	-1.0063e-002
9459	-0.13232
9460	-5.7268e-002
9461	-4.1137e-002
9462	-0.1328
9463	-0.18343
9464	-0.4092
9465	-0.10358
9466	-8.6537e-002
9467	-9.4825e-002
9468	-7.0405e-002
9469	-0.16206
9470	-0.19806
9471	3.7899e-002
9472	-0.2127
9473	-0.13285
9474	-0.14763
9475	0.18395
9476	5.0389e-002
9477	-2.4131e-002
9478	-1.4229e-003
9479	3.6953e-002
9480	0.3003
9481	0.17153
9482	0.23386
9483	0.17513
9484	0.11972
9485	-4.3771e-002
9486	0.10663
9487	0.26204
9488	0.17089
9489	0.18688
9490	8.4314e-002
9491	6.5147e-002
9492	5.4966e-003
9493	1.8168e-002
9494	-2.1621e-002
9495	1.7721e-002
9496	0.10029
9497	4.3471e-002
9498	-1.012e-002
9499	1.6394e-003
9500	0.23228
9501	0.35535
9502	0.25154
9503	1.6675e-002
9504	9.5928e-002
9505	0.41684
9506	0.43552
9507	0.18147
9508	0.27675
9509	-0.14897
9510	-0.22532
9511	0.18696
9512	-0.33747
9513	0.16652
9514	-3.915e-002
9515	-0.21613
9516	-0.13937
9517	-1.3803
9518	-0.98854
9519	-0.60497
9520	-0.65831
9521	-0.73797
9522	-0.17967
9523	-8.4398e-002
9524	-0.2266
9525	-1.0369
9526	-0.69861
9527	-0.44955
9528	-0.77827
9529	-0.35456
9530	-0.24148
9531	-0.12038
9532	-0.10705
9533	-0.54709
9534	-0.3442
9535	-0.3798
9536	-0.18874
9537	-0.36229
9538	-0.20617
9539	-0.39377
9540	-0.41256
9541	-0.44817
9542	-0.16256
9543	-0.28237
9544	-0.15184
9545	-0.15454
9546	-0.49482
9547	-0.41632
9548	-0.35435
9549	-5.1325e-002
9550	-5.583e-002
9551	-1.1458e-002
9552	-0.39431
9553	-0.39131
9554	-0.37848
9555	-3.1011e-002
9556	-3.0545e-002
9557	1.6847e-002
9558	-5.7597e-002
9559	-0.13764
9560	-0.36341
9561	-0.25461
9562	-6.2868e-003
9563	-2.6837e-003
9564	-7.7128e-002
9565	-0.15717
9566	1.7257e-002
9567	0.13244
9568	0.13793
9569	-8.818e-002
9570	0.22906
9571	0.22033
9572	0.10183
9573	0.11777
9574	-8.6709e-003
9575	0.12918
9576	6.6217e-002
9577	6.7083e-002
9578	2.6428e-002
9579	-6.2016e-002
9580	-0.11671
9581	2.6619e-002
9582	7.091e-003
9583	6.5664e-003
9584	1.9645e-002
9585	-2.4049e-002
9586	-3.3222e-002
9587	-5.8558e-002
9588	-2.2186e-002
9589	0.10221
9590	0.17828
9591	0.10838
9592	4.8619e-002
9593	-6.2165e-002
9594	2.2672e-002
9595	0.30135
9596	0.2464
9597	0.28711
9598	-0.24597
9599	6.649e-002
9600	-0.11876
9601	0.13617
9602	4.1571e-002
9603	-1.3843e-002
9604	-3.2872e-002
9605	2.4533e-002
9606	-7.6466e-003
9607	-0.95209
9608	-0.56852
9609	-0.62186
9610	-0.32354
9611	0.15389
9612	5.6504e-002
9613	0.1039
9614	0.10088
9615	-0.11501
9616	3.5387e-002
9617	-7.5114e-002
9618	8.3068e-002
9619	9.215e-002
9620	-0.10073
9621	4.2604e-002
9622	-8.384e-002
9623	2.0103e-002
9624	-1.1378e-002
9625	-1.3388e-002
9626	-2.0551e-002
9627	-0.109
9628	-9.2852e-002
9629	1.7012e-003
9630	5.1567e-002
9631	2.7987e-002
9632	-8.196e-003
9633	-3.2808e-002
9634	3.5634e-003
9635	0.12764
9636	0.18329
9637	0.13482
9638	-3.7324e-002
9639	-4.291e-002
9640	4.1928e-002
9641	-5.457e-002
9642	0.12834
9643	-0.41444
9644	-0.40474
9645	-0.52659
9646	-0.27753
9647	-2.2594e-002
9648	-1.3859e-002
9649	-6.2333e-002
9650	-0.50237
9651	-1.0071
9652	-0.41973
9653	5.1589e-002
9654	5.8771e-002
9655	2.8009e-002
9656	-0.38127
9657	-0.11896
9658	-0.17838
9659	-0.17183
9660	-0.14554
9661	-0.17384
9662	-0.12188
9663	-0.20634
9664	-0.33313
9665	-0.2533
9666	-0.37364
9667	-9.8157e-003
9668	-4.3307e-002
9669	-7.3312e-004
9670	-0.13891
9671	-0.38359
9672	-0.19361
9673	-0.30509
9674	-0.24311
9675	-2.2178e-003
9676	-5.238e-003
9677	-0.45542
9678	-0.22112
9679	-0.38509
9680	-0.38247
9681	-0.27367
9682	-0.37226
9683	-0.18123
9684	-0.18588
9685	-1.024e-002
9686	-0.17373
9687	-2.9269e-002
9688	-0.22628
9689	-1.2522e-002
9690	3.0052e-002
9691	-0.10813
9692	-0.16283
9693	-1.5707e-002
9694	-4.4003e-002
9695	-5.1166e-002
9696	-7.6502e-002
9697	-0.12347
9698	6.4921e-002
9699	3.4159e-002
9700	-5.2241e-002
9701	-2.0238e-003
9702	-2.6636e-002
9703	-0.11281
9704	-0.17223
9705	0.12058
9706	-5.1567e-002
9707	-0.23682
9708	-5.7152e-002
9709	-0.36793
9710	-0.28529
9711	-0.10563
9712	-5.0216e-002
9713	-0.17701
9714	-0.19581
9715	-0.14162
9716	-0.12548
9717	-0.24582
9718	-0.34372
9719	-0.15374
9720	-0.32789
9721	-0.13686
9722	2.2826e-002
9723	-0.28637
9724	-6.2356e-002
9725	-0.45363
9726	0.10318
9727	-0.39195
9728	1.0388
9729	7.021e-002
9730	0.46195
9731	0.25789
9732	0.29423
9733	0.45976
9734	0.58222
9735	1.3908
9736	1.1214
9737	1.5912
9738	1.2416
9739	1.5117
9740	1.3057
9741	1.4145
9742	1.7121
9743	1.9368
9744	1.6331
9745	1.4613
9746	1.1818
9747	1.5451
9748	1.3837
9749	1.5257
9750	2.0924
9751	1.0446
9752	1.9979
9753	1.7887
9754	0.14917
9755	-9.2283e-002
9756	0.27969
9757	0.27301
9758	0.48964
9759	0.96531
9760	-0.40961
9761	-0.45431
9762	-0.26081
9763	0.12428
9764	5.4902e-002
9765	0.25048
9766	0.25179
9767	0.58938
9768	0.24821
9769	0.61419
9770	0.31861
9771	0.68797
9772	0.57655
9773	0.71594
9774	0.9558
9775	1.1624
9776	1.0456
9777	0.94985
9778	1.0505
9779	1.1134
9780	1.084
9781	0.99417
9782	1.0486
9783	1.0333
9784	0.92228
9785	0.72779
9786	1.0229
9787	0.45255
9788	0.68974
9789	0.95097
9790	0.77691
9791	-0.24597
9792	-6.3071e-002
9793	-0.19177
9794	-4.0941e-003
9795	-0.10589
9796	-2.8117e-002
9797	0.10094
9798	0.33315
9799	0.25032
9800	0.11707
9801	0.17861
9802	0.4565
9803	0.51993
9804	0.30196
9805	0.48257
9806	0.4016
9807	0.27807
9808	0.2154
9809	0.28274
9810	8.2797e-002
9811	0.19716
9812	0.10534
9813	9.653e-002
9814	6.8133e-003
9815	-6.0206e-002
9816	-1.2501e-003
9817	1.0738e-002
9818	9.0873e-002
9819	2.9354e-002
9820	0.12495
9821	4.6225e-003
9822	-3.7501e-002
9823	8.952e-002
9824	3.3443e-002
9825	4.0036e-002
9826	0.39583
9827	0.22428
9828	0.42237
9829	0.1748
9830	0.1734
9831	0.2519
9832	0.5375
9833	0.64697
9834	0.68988
9835	0.32243
9836	0.28853
9837	0.71612
9838	0.81436
9839	0.79695
9840	0.85352
9841	0.47472
9842	0.54798
9843	0.40805
9844	0.80538
9845	0.46574
9846	0.55943
9847	0.539
9848	-0.29319
9849	-0.2376
9850	-0.20731
9851	-0.21387
9852	-0.12954
9853	0.81396
9854	0.98618
9855	0.83678
9856	1.2838
9857	0.89597
9858	1.2048
9859	0.93422
9860	0.78013
9861	0.75518
9862	0.75811
9863	1.3025
9864	0.9987
9865	0.47571
9866	0.24291
9867	0.36733
9868	0.45628
9869	0.45286
9870	0.92852
9871	1.4524e-003
9872	-0.22172
9873	-0.1128
9874	0.16337
9875	-5.2306e-003
9876	0.2114
9877	-4.3197e-002
9878	-0.26642
9879	-0.26303
9880	-0.25199
9881	7.4559e-002
9882	0.11867
9883	-0.12197
9884	-8.7894e-002
9885	9.9367e-002
9886	-6.7456e-002
9887	0.18917
9888	1.0282e-002
9889	0.27014
9890	0.32857
9891	0.55854
9892	0.75975
9893	0.63031
9894	0.66401
9895	0.69793
9896	0.76466
9897	0.96638
9898	1.0479
9899	0.87064
9900	0.92153
9901	0.97129
9902	7.7383e-002
9903	0.16779
9904	3.4533e-002
9905	-2.4415e-002
9906	5.336e-002
9907	0.94278
9908	0.83173
9909	0.65767
9910	0.63724
9911	-5.1315e-002
9912	-0.1834
9913	-1.4972e-002
9914	-0.34457
9915	-7.5338e-002
9916	0.34043
9917	0.56732
9918	0.43083
9919	0.66476
9920	0.68587
9921	0.73954
9922	0.86691
9923	0.79873
9924	1.1075
9925	0.72435
9926	0.84196
9927	0.73065
9928	0.8196
9929	0.68769
9930	1.0826
9931	0.41058
9932	0.49785
9933	0.25917
9934	0.5868
9935	0.32501
9936	0.58337
9937	-1.2533e-002
9938	3.5994e-002
9939	-5.849e-002
9940	0.31216
9941	0.1056
9942	-7.6163e-002
9943	-5.5101e-002
9944	1.1591e-002
9945	0.27144
9946	7.4915e-002
9947	0.30749
9948	0.26822
9949	0.51889
9950	0.35494
9951	0.28219
9952	0.52807
9953	0.36017
9954	0.58651
9955	0.33511
9956	0.93105
9957	0.70678
9958	0.81625
9959	0.7201
9960	0.7538
9961	0.89777
9962	0.94068
9963	0.99725
9964	0.42379
9965	0.83531
9966	0.57323
9967	0.8862
9968	0.69171
9969	0.54624
9970	0.53648
9971	0.66385
9972	0.39999
9973	0.26674
9974	0.32828
9975	0.59567
9976	0.52871
9977	0.72728
9978	0.61597
9979	0.40517
9980	0.39171
9981	0.57301
9982	0.2478
9983	0.53501
9984	0.29633
9985	0.13767
9986	0.20438
9987	0.62396
9988	0.36216
9989	0.32421
9990	0.26153
9991	-1.916e-002
9992	9.6387e-002
9993	1.9027e-003
9994	0.16222
9995	7.04e-002
9996	0.16599
9997	4.0841e-002
9998	-6.5117e-002
9999	1.5752e-003
10000	-1.5236e-002
10001	6.4899e-002
10002	9.8975e-002
10003	0.36595
10004	0.1286
10005	0.37926
10006	0.22055
10007	0.11178
10008	0.11838
10009	0.19548
10010	0.6735
10011	0.57735
10012	0.61105
10013	0.34897
10014	0.31506
10015	0.39357
10016	0.82589
10017	0.72052
10018	0.45844
10019	0.92536
10020	0.50135
10021	0.61983
10022	0.4799
10023	0.22676
10024	0.1727
10025	0.46069
10026	0.11234
10027	0.45365
10028	0.64933
10029	0.68758
10030	0.50931
10031	0.7767
10032	0.69062
10033	1.0855
10034	0.71123
10035	0.41147
10036	0.57931
10037	0.21075
10038	0.46912
10039	0.21452
10040	8.5962e-002
10041	0.12004
10042	0.34918
10043	0.18128
10044	7.2519e-002
10045	0.15265
10046	0.42672
10047	0.62436
10048	0.65828
10049	0.40688
10050	0.67639
10051	0.18391
10052	0.51284
10053	0.55109
10054	0.20274
10055	7.0381e-003
10056	-0.10288
10057	-5.8131e-002
10058	-0.16033
10059	-0.15954
10060	-0.22278
10061	0.11774
10062	-8.2887e-005
10063	8.965e-002
10064	6.1118e-002
10065	-3.2634e-002
10066	-5.7535e-002
10067	9.0821e-002
10068	1.5743e-002
10069	5.2734e-002
10070	6.0332e-003
10071	-7.0502e-002
10072	-0.19242
10073	-0.16288
10074	-5.3419e-002
10075	-7.5187e-002
10076	-8.3267e-002
10077	-0.27423
10078	-0.34344
10079	-0.30039
10080	-0.14085
10081	-6.8199e-002
10082	-0.16507
10083	-0.45781
10084	-0.44194
10085	-0.24909
10086	-0.3371
10087	-0.23672
10088	-0.44525
10089	-0.44788
10090	4.0202e-003
10091	-6.008e-002
10092	9.9586e-003
10093	-0.19816
10094	-0.12753
10095	6.4739e-003
10096	-3.4582e-003
10097	2.8742e-002
10098	-5.0503e-002
10099	-7.6214e-002
10100	-0.13102
10101	-3.0755e-002
10102	-0.1867
10103	-6.0489e-002
10104	-0.18069
10105	-0.10279
10106	-4.4344e-002
10107	5.5417e-003
10108	-8.7785e-002
10109	-0.27839
10110	-0.22568
10111	-0.26549
10112	7.2351e-002
10113	0.13691
10114	5.4575e-002
10115	-0.26688
10116	-0.25005
10117	0.14841
10118	9.5442e-002
10119	-0.42264
10120	-0.37906
10121	-0.383
10122	-0.22978
10123	-8.011e-002
10124	-0.12296
10125	-0.22804
10126	-0.21921
10127	-0.2018
10128	-0.40982
10129	-0.27666
10130	-0.43657
10131	-0.43921
10132	-0.33912
10133	9.7555e-002
10134	8.7553e-002
10135	9.1295e-002
10136	4.0853e-002
10137	-2.4729e-002
10138	-1.3661e-002
10139	-1.5984e-002
10140	1.2475e-002
10141	-0.11689
10142	-5.8281e-002
10143	-3.4226e-002
10144	-2.9201e-002
10145	-8.8739e-002
10146	-0.23881
10147	-0.29452
10148	-0.1592
10149	-0.36713
10150	-0.36373
10151	-0.20419
10152	-0.13154
10153	-0.21392
10154	-6.4242e-002
10155	-5.7626e-002
10156	-0.10142
10157	-0.30944
10158	-0.26574
10159	-0.33883
10160	-0.33644
10161	-0.34038
10162	6.2022e-002
10163	-0.32355
10164	-2.0663e-002
10165	7.8852e-002
10166	2.588e-002
10167	-2.0264e-002
10168	-9.2586e-002
10169	-0.16745
10170	-0.2299
10171	4.0941e-002
10172	-2.8525e-003
10173	6.3209e-002
10174	-0.21087
10175	-5.2815e-002
10176	-7.7716e-002
10177	-3.1381e-002
10178	3.4681e-002
10179	-0.2394
10180	-8.1344e-002
10181	-0.1957
10182	-0.12508
10183	-0.18076
10184	2.1007e-002
10185	2.4749e-002
10186	-4.9749e-002
10187	-8.0207e-002
10188	-3.4748e-002
10189	-0.28767
10190	-0.22856
10191	-0.28426
10192	-0.16995
10193	5.018e-002
10194	-0.11151
10195	3.2404e-002
10196	-0.32408
10197	-9.1889e-002
10198	-2.4596e-002
10199	7.4919e-002
10200	-7.4117e-003
10201	-0.28319
10202	-0.15004
10203	5.3207e-002
10204	2.765e-003
10205	-5.1749e-002
10206	-0.26497
10207	-0.15066
10208	-0.12158
10209	-0.12966
10210	-9.2214e-002
10211	5.1696e-002
10212	-8.8487e-002
10213	-0.18536
10214	-4.01e-003
10215	-5.9075e-002
10216	-4.8007e-002
10217	-0.15849
10218	-6.2966e-002
10219	-0.1225
10220	-3.3604e-002
10221	-7.7045e-002
10222	2.1783
10223	3.4216
10224	1.4706
10225	2.1037
10226	2.5667
10227	0.17882
10228	2.3745
10229	1.2789
10230	0.5272
10231	1.0566
10232	1.0378
10233	0.77006
10234	-1.0093
10235	-1.9656
10236	-1.5296
10237	-0.59523
10238	-0.89243
10239	-2.55
10240	-2.6241
10241	-2.924
10242	-1.109
10243	-1.1796
10244	-1.1207
10245	-2.3427
10246	-1.9339
10247	-2.3915
10248	-0.91854
10249	-1.125
10250	-1.2055
10251	-0.69051
10252	-1.3762
10253	-0.26365
10254	-0.25224
10255	-0.64781
10256	5.3019
10257	4.7986
10258	3.4166
10259	3.8644
10260	3.4845
10261	0.32301
10262	2.8788
10263	1.4051
10264	1.4968
10265	1.4806
10266	1.7207
10267	-0.2888
10268	-1.9934
10269	-1.0799
10270	9.3878e-002
10271	2.6751e-002
10272	-0.3753
10273	-3.0546
10274	-3.3223
10275	-3.3291
10276	-1.6609
10277	-1.0884
10278	-2.2097
10279	-3.0228
10280	-2.3361
10281	-1.8991
10282	-2.2441
10283	-1.2228
10284	-1.1866
10285	-0.57964
10286	-1.2193
10287	-1.3767
10288	-1.3309
10289	-0.47817
10290	-1.2116
10291	-0.20694
10292	-1.1179
10293	-0.60251
10294	-0.7746
10295	-1.2752
10296	4.2439
10297	4.1825
10298	4.0195
10299	1.7967
10300	2.862
10301	3.3098
10302	2.2838
10303	3.465
10304	3.3276
10305	0.32647
10306	-1.2939
10307	-0.78127
10308	-0.65672
10309	-0.18239
10310	-2.6511
10311	-2.2501
10312	-3.0601
10313	-2.9255
10314	-1.3158
10315	-1.613
10316	-1.2569
10317	-1.0329
10318	-3.1342
10319	-2.8831
10320	-1.3193
10321	-1.6166
10322	-1.331
10323	-1.8973
10324	-2.4742
10325	-1.2078
10326	-1.2882
10327	-1.4603
10328	2.267
10329	3.5162
10330	2.3587
10331	2.3425
10332	-0.91809
10333	-1.6516
10334	-1.5578
10335	-1.2145
10336	-1.5595
10337	-1.0446
10338	-0.95083
10339	-1.1082
10340	2.5221
10341	3.4547
10342	2.2999
10343	2.281
10344	1.7191
10345	2.7629
10346	1.1099
10347	2.3591
10348	0.31884
10349	1.1854
10350	0.91771
10351	2.0425
10352	2.21e-003
10353	0.86879
10354	1.1089
10355	0.70681
10356	-2.2151
10357	-1.7024
10358	-2.8904
10359	-0.52866
10360	-1.2223
10361	-1.2218
10362	-0.99784
10363	-2.4647
10364	-3.2928
10365	-3.0416
10366	-3.1582
10367	-1.7752
10368	-1.49
10369	-2.0277
10370	-1.3514
10371	-0.91749
10372	-2.3549
10373	-1.6843
10374	-1.341
10375	2.1342
10376	2.118
10377	1.556
10378	-1.3015
10379	-1.177
10380	-0.59691
10381	-0.70263
10382	-3.183
10383	-3.2995
10384	-1.9165
10385	-1.6314
10386	-1.6309
10387	-1.6654
10388	-1.9179
10389	7.7686e-002
10390	-8.4297e-002
10391	-0.19002
10392	-1.4968
10393	-1.4963
10394	-0.50865
10395	-0.37712
10396	-0.17658
10397	-0.26135
10398	-0.2497
10399	-0.3352
10400	-0.76193
10401	-0.91649
10402	-0.86499
10403	-0.95234
10404	-0.54097
10405	-0.88952
10406	-0.89178
10407	-0.93796
10408	-0.41498
10409	-0.45251
10410	-0.59828
10411	-0.87205
10412	-0.59429
10413	-0.85105
10414	-0.73163
10415	-0.36168
10416	-0.44822
10417	-0.50855
10418	-0.48676
10419	-0.68683
10420	-0.63816
10421	-0.42336
10422	-0.1491
10423	-0.37085
10424	-0.90606
10425	-0.85699
10426	-0.96412
10427	-0.33005
10428	-0.38687
10429	-0.38434
10430	-0.41464
10431	-0.69168
10432	-0.63508
10433	-8.3727e-002
10434	-0.1646
10435	-0.36044
10436	-0.49778
10437	-2.7301e-002
10438	-0.44753
10439	-0.21492
10440	-0.17803
10441	-0.30146
10442	-0.40186
10443	-0.53276
10444	-0.31796
10445	-0.35994
10446	-0.5539
10447	-0.78848
10448	-0.68479
10449	-0.35335
10450	-0.43813
10451	-0.46446
10452	-1.0304
10453	-1.043
10454	-0.51999
10455	-0.53938
10456	-0.55753
10457	-0.61902
10458	-0.97806
10459	-1.0452
10460	-0.55979
10461	-0.63556
10462	-0.85553
10463	-0.83651
10464	-0.73282
10465	-0.87619
10466	-0.43286
10467	-0.51803
10468	-0.24376
10469	-0.34316
10470	-0.98763
10471	-0.95022
10472	-0.41037
10473	-0.40784
10474	-0.41719
10475	-0.89424
10476	-0.93856
10477	-0.77483
10478	-0.22347
10479	-0.30448
10480	-0.30739
10481	-0.58088
10482	-0.21093
10483	-0.17405
10484	-0.1104
10485	-0.55326
10486	-0.30659
10487	-0.33846
10488	-0.38044
10489	-0.78785
10490	-0.97889
10491	-0.93121
10492	-0.54118
10493	-0.48788
10494	-0.56752
10495	-1.0014
10496	-0.83764
10497	-1.0242
10498	-0.53879
10499	-0.46769
10500	-0.3702
10501	-0.42159
10502	-0.61455
10503	-1.056
10504	-1.0686
10505	-1.0083
10506	-0.41162
10507	-0.41453
10508	-0.46591
10509	-0.16687
10510	-0.34828
10511	-0.25079
10512	-0.24774
10513	-0.43749
10514	-0.38419
10515	-0.46936
10516	-1.0788
10517	-1.0186
10518	-0.57524
10519	-0.65487
10520	-0.47619
10521	-0.58782
10522	-0.60597
10523	-0.48877
10524	-0.52756
10525	-0.43103
10526	-0.4285
10527	-0.43785
10528	-1.7502
10529	-2.5932
10530	-2.123
10531	-2.4725
10532	-0.98242
10533	-1.1184
10534	-1.5964
10535	-1.1096
10536	-1.1222
10537	-1.699
10538	-1.3154
10539	-1.9725
10540	-1.7572
10541	-1.698
10542	-1.9529
10543	-0.76825
10544	-1.1925
10545	-1.0408
10546	-0.92533
10547	-1.4069
10548	-1.8084
10549	-0.795
10550	-0.62839
10551	-0.80762
10552	-1.7797
10553	-1.6625
10554	-0.59962
10555	-0.77886
10556	-0.92482
10557	-1.3557
10558	-1.55
10559	-1.4839
10560	-1.5723
10561	-0.94226
10562	-0.81231
10563	-0.82666
10564	-0.3544
10565	-1.4321
10566	-0.65579
10567	-0.7749
10568	-0.65944
10569	-3.1939
10570	-3.0008
10571	-2.1377
10572	-2.1248
10573	-1.6506
10574	-2.2274
10575	-3.1253
10576	-3.0732
10577	-2.2101
10578	-2.9762
10579	-2.8262
10580	-2.7826
10581	-2.1445
10582	-1.819
10583	-2.1484
10584	-2.5239
10585	-2.3441
10586	-1.5836
10587	-2.1231
10588	-1.5079
10589	-0.94416
10590	-1.3684
10591	-1.5393
10592	-2.9322
10593	-2.7907
10594	-2.7843
10595	-2.0691
10596	-2.1526
10597	-2.6407
10598	-2.5044
10599	-2.0025
10600	-1.6771
10601	-2.2834
10602	-1.6682
10603	-2.0641
10604	-2.5307
10605	-2.3827
10606	-1.1804
10607	-1.7572
10608	-2.2721
10609	-1.9693
10610	-2.2656
10611	-1.3392
10612	-1.2093
10613	-1.6401
10614	-2.0696
10615	-1.9032
10616	-1.3092
10617	-1.2731
10618	-1.1575
10619	-1.2334
10620	-2.7322
10621	-2.017
10622	-2.1067
10623	-2.4608
10624	-2.2944
10625	-2.5907
10626	-1.959
10627	-1.6643
10628	-1.6246
10629	-2.1581
10630	-1.564
10631	-1.4883
10632	-1.3615
10633	-1.3219
10634	-1.8691
10635	-1.9525
10636	-1.6578
10637	-1.9588
10638	-0.11224
10639	-0.15366
10640	-0.17322
10641	-5.2753e-002
10642	-0.12234
10643	-9.4402e-002
10644	-0.13278
10645	-0.18194
10646	-0.20337
10647	-5.9487e-002
10648	-0.13106
10649	-0.1742
10650	-0.21519
10651	-7.1314e-002
10652	-0.14288
10653	-0.12662
10654	-0.17276
10655	-0.16568
10656	-0.20537
10657	-0.21475
10658	-6.8546e-002
10659	-0.12517
10660	-0.15043
10661	-0.14814
10662	-0.11106
10663	-0.15991
10664	-4.7881e-002
10665	-0.11169
10666	-7.3434e-002
10667	-2.0051e-002
10668	-6.3886e-002
10669	-4.361e-002
10670	2.5498e-002
10671	9.9223e-002
10672	6.1466e-002
10673	2.7599e-002
10674	7.1982e-002
10675	4.1085e-002
10676	3.112e-002
10677	0.14624
10678	0.2146
10679	0.1953
10680	0.119
10681	0.25211
10682	0.31233
10683	0.32154
10684	0.10656
10685	0.21036
10686	0.17679
10687	0.35273
10688	0.37929
10689	0.40594
10690	0.14066
10691	0.29285
10692	0.25076
10693	0.43716
10694	0.51924
10695	0.31743
10696	-0.18597
10697	-0.17732
10698	-0.24029
10699	-9.6981e-002
10700	-0.21327
10701	-0.25635
10702	-0.25281
10703	-0.25314
10704	-0.26699
10705	-0.1095
10706	-0.25332
10707	-0.26887
10708	-0.2502
10709	-0.24182
10710	-0.26527
10711	-0.104
10712	-0.25037
10713	-0.18504
10714	-0.22119
10715	-0.17232
10716	-0.21742
10717	-0.14908
10718	-0.16441
10719	-0.12485
10720	-4.9602e-002
10721	-9.9853e-002
10722	-6.7672e-002
10723	1.1205e-002
10724	0.11169
10725	5.7156e-002
10726	4.2646e-002
10727	0.17693
10728	0.27802
10729	0.22874
10730	0.15647
10731	0.33833
10732	0.42673
10733	0.38813
10734	0.15962
10735	0.28597
10736	0.26483
10737	0.55375
10738	0.48152
10739	0.6423
10740	0.55143
10741	0.2143
10742	0.34076
10743	0.52026
10744	0.53665
10745	0.94683
10746	0.77017
10747	0.64813
10748	-0.23788
10749	-0.24416
10750	-0.21714
10751	-0.34745
10752	-0.31887
10753	-0.3684
10754	-0.37443
10755	-0.41536
10756	-0.36324
10757	-0.37267
10758	-0.40464
10759	-0.41964
10760	-0.2502
10761	-0.33568
10762	-0.26976
10763	-0.34474
10764	-0.32211
10765	-0.27871
10766	-0.34798
10767	-0.22336
10768	-0.23231
10769	-0.17248
10770	1.2388
10771	1.0354
10772	1.1786
10773	0.91334
10774	1.0815
10775	1.1561
10776	1.2053
10777	1.182
10778	0.9922
10779	0.82774
10780	1.1082
10781	1.1596
10782	0.75096
10783	0.99359
10784	0.84113
10785	0.93482
10786	0.65267
10787	0.63935
10788	-0.24478
10789	-0.23641
10790	-0.15621
10791	-0.24382
10792	-0.18146
10793	-0.20141
10794	-0.23871
10795	-0.15319
10796	-0.17439
10797	-0.16433
10798	-0.10594
10799	-0.15852
10800	-5.2308e-002
10801	-8.5668e-002
10802	-0.11612
10803	-5.2561e-002
10804	2.7243e-002
10805	-2.2767e-002
10806	-3.2284e-002
10807	-3.1032e-003
10808	0.10097
10809	0.18778
10810	0.14419
10811	0.11148
10812	8.0587e-002
10813	0.25614
10814	0.34486
10815	0.31464
10816	0.17984
10817	0.20011
10818	0.40508
10819	0.44908
10820	0.47668
10821	0.29391
10822	0.26033
10823	0.53108
10824	0.47564
10825	0.5428
10826	0.36256
10827	0.32927
10828	-0.30084
10829	-0.35012
10830	-0.27382
10831	-0.32186
10832	-0.39106
10833	-0.38419
10834	-0.38382
10835	-0.40248
10836	-0.44691
10837	-0.31779
10838	-0.41616
10839	-0.38706
10840	0.70334
10841	0.62488
10842	0.51488
10843	0.44464
10844	0.29763
10845	0.50156
10846	0.41136
10847	-0.26435
10848	-0.29527
10849	-0.25187
10850	-0.19204
10851	-0.26271
10852	-0.32115
10853	-0.24301
10854	-0.2774
10855	-0.3167
10856	-0.33385
10857	-0.21347
10858	-0.1972
10859	-0.28414
10860	-0.28481
10861	-0.2784
10862	-0.32547
10863	-0.27644
10864	-0.21408
10865	-0.25048
10866	-0.20736
10867	-0.26834
10868	-0.16496
10869	-0.14897
10870	-6.6603e-002
10871	-0.13177
10872	-7.612e-002
10873	1.3201e-002
10874	0.10644
10875	4.3741e-002
10876	4.283e-002
10877	3.2865e-002
10878	0.19325
10879	0.29534
10880	0.24218
10881	0.1869
10882	0.16054
10883	0.12965
10884	0.38407
10885	0.48589
10886	0.44919
10887	0.53597
10888	0.26954
10889	0.27887
10890	0.52989
10891	0.56944
10892	0.3892
10893	0.34711
10894	-0.3213
10895	-0.3564
10896	-0.2801
10897	-0.32318
10898	-0.39734
10899	-0.37972
10900	-0.32164
10901	-0.32286
10902	-0.36575
10903	-0.30797
10904	-0.32351
10905	-0.38005
10906	-0.31449
10907	-0.28727
10908	-0.33256
10909	-0.29959
10910	-0.3187
10911	-0.23426
10912	-0.23839
10913	-0.1683
10914	-0.23228
10915	-0.20158
10916	-0.21677
10917	-0.17005
10918	-0.13612
10919	-9.3047e-002
10920	3.1561e-003
10921	-6.7983e-002
10922	-2.2875e-002
10923	-1.1354e-002
10924	-6.0865e-002
10925	-6.7472e-002
10926	0.10364
10927	0.20998
10928	0.14794
10929	0.21006
10930	0.13833
10931	0.13771
10932	8.9131e-002
10933	0.31107
10934	0.41015
10935	0.37251
10936	0.44081
10937	0.23879
10938	0.32851
10939	0.28686
10940	0.49855
10941	0.60706
10942	0.57565
10943	0.39639
10944	0.55939
10945	1.0019
10946	0.76785
10947	0.88747
10948	0.73668
10949	0.90483
10950	0.75307
10951	-0.39966
10952	-0.41191
10953	-0.45635
10954	-0.4256
10955	-0.44059
10956	-0.41154
10957	-0.37025
10958	-0.4227
10959	-0.41701
10960	-0.39613
10961	1.1218
10962	1.0307
10963	1.0904
10964	1.048
10965	0.89627
10966	1.0671
10967	1.0397
10968	0.75752
10969	0.90866
10970	0.90914
10971	0.7442
10972	1.0247
10973	0.71505
10974	0.8872
10975	0.75772
10976	0.8074
10977	0.60505
10978	-0.33485
10979	-0.30564
10980	-0.20226
10981	-0.28581
10982	-0.22346
10983	-0.27428
10984	-0.26252
10985	-0.18435
10986	-0.25974
10987	-0.12869
10988	-0.15915
10989	-0.19193
10990	-0.10198
10991	-6.2679e-003
10992	-9.7783e-002
10993	-4.6326e-002
10994	-7.1797e-003
10995	-3.43e-002
10996	-1.7145e-002
10997	8.6968e-002
10998	0.19859
10999	0.12553
11000	8.6057e-002
11001	5.8936e-002
11002	0.30068
11003	0.41897
11004	0.35541
11005	0.2454
11006	0.21904
11007	0.23932
11008	0.59704
11009	0.60757
11010	0.63971
11011	0.48704
11012	0.4168
11013	0.37471
11014	0.34114
11015	0.35047
11016	0.67927
11017	0.5266
11018	0.45635
11019	-0.37058
11020	-0.37959
11021	-0.39028
11022	-0.33736
11023	-0.3939
11024	-0.38082
11025	-0.35601
11026	-0.32304
11027	-0.32879
11028	-0.27737
11029	-0.32365
11030	-0.26187
11031	-0.21515
11032	-0.31493
11033	-0.23048
11034	-0.11824
11035	-0.17658
11036	-0.19177
11037	-0.11112
11038	-0.11772
11039	9.3406e-002
11040	2.3076e-002
11041	8.3796e-002
11042	3.4597e-002
11043	-2.1521e-002
11044	0.32323
11045	0.26186
11046	0.19014
11047	0.18952
11048	0.27924
11049	0.53705
11050	0.49061
11051	0.35779
11052	0.30183
11053	0.52079
11054	0.37832
11055	0.33666
11056	0.64556
11057	0.79659
11058	0.73374
11059	0.4663
11060	0.6293
11061	0.66219
11062	-0.41794
11063	-0.42538
11064	-0.46238
11065	-0.44662
11066	-0.429
11067	-0.44136
11068	-0.43764
11069	-0.47463
11070	-0.41478
11071	-0.36477
11072	-0.39438
11073	-0.31506
11074	-0.3735
11075	-0.35272
11076	-0.41153
11077	-0.40452
11078	-0.42604
11079	-0.42133
11080	-0.33221
11081	-0.33289
11082	-0.37531
11083	-0.32072
11084	-0.22013
11085	-0.25291
11086	-0.30368
11087	-0.29214
11088	-0.24254
11089	-0.16295
11090	-0.11149
11091	-9.9469e-002
11092	-0.17473
11093	-6.7243e-002
11094	6.2829e-002
11095	-2.7441e-003
11096	2.3361e-002
11097	-3.7596e-003
11098	0.17445
11099	0.30225
11100	0.22715
11101	0.19223
11102	0.13498
11103	0.10786
11104	0.57087
11105	0.42053
11106	0.49199
11107	0.31052
11108	0.30444
11109	0.50306
11110	0.31378
11111	-0.39889
11112	-0.43439
11113	-0.43738
11114	-0.44877
11115	-0.36592
11116	-0.45984
11117	-0.43801
11118	-0.36894
11119	-0.41257
11120	-0.34111
11121	-0.39772
11122	-0.43504
11123	-0.36023
11124	-0.31753
11125	-0.24056
11126	-0.29692
11127	-0.25575
11128	-0.3463
11129	-0.28008
11130	-0.30881
11131	-0.15152
11132	-4.8064e-002
11133	-0.1289
11134	-0.16671
11135	-9.266e-002
11136	6.7375e-002
11137	0.19982
11138	0.11181
11139	0.18518
11140	0.12809
11141	2.2778e-002
11142	0.3233
11143	0.45296
11144	0.37584
11145	0.34067
11146	0.56771
11147	0.70232
11148	0.62947
11149	0.72115
11150	0.59789
11151	0.97597
11152	0.85335
11153	0.78181
11154	-0.4488
11155	-0.44683
11156	-0.46318
11157	-0.4858
11158	-0.42595
11159	1.0083
11160	0.91312
11161	0.9861
11162	0.93194
11163	0.80868
11164	0.87779
11165	0.99334
11166	0.84157
11167	0.90109
11168	0.95868
11169	0.69875
11170	0.85037
11171	0.6898
11172	0.57877
11173	0.70228
11174	0.53712
11175	0.58983
11176	0.40055
11177	0.77161
11178	0.73442
11179	0.56927
11180	-0.40743
11181	-0.3432
11182	-0.379
11183	-0.39258
11184	-0.35509
11185	-0.26622
11186	-0.18725
11187	-0.22505
11188	-0.24938
11189	-8.3795e-002
11190	4.1482e-002
11191	-2.017e-002
11192	-4.7552e-002
11193	0.31448
11194	0.2473
11195	0.19021
11196	0.27931
11197	0.44415
11198	0.58303
11199	0.51631
11200	0.55144
11201	0.40897
11202	0.80933
11203	0.68606
11204	0.71895
11205	-0.45946
11206	-0.48208
11207	-0.47053
11208	-0.4487
11209	-0.45749
11210	-0.45565
11211	-0.48011
11212	-0.45094
11213	-0.36182
11214	-0.42026
11215	0.87888
11216	0.78409
11217	0.61894
11218	0.77056
11219	0.67165
11220	-0.37252
11221	-0.44863
11222	-0.41533
11223	-0.43498
11224	-0.44392
11225	-0.35548
11226	-0.34394
11227	-0.23835
11228	-0.36074
11229	-0.30881
11230	-0.27643
11231	-0.25012
11232	-0.28936
11233	-9.4259e-002
11234	-0.22922
11235	-0.13991
11236	-0.19683
11237	-9.5275e-002
11238	-0.14034
11239	-0.17053
11240	3.5813e-002
11241	0.15409
11242	6.1048e-002
11243	3.4797e-002
11244	0.28188
11245	0.42843
11246	0.32211
11247	0.24696
11248	0.24906
11249	-0.46244
11250	-0.42263
11251	-0.46061
11252	-0.44695
11253	-0.45589
11254	-0.4362
11255	-0.47352
11256	-0.24361
11257	-0.3584
11258	-0.31114
11259	-0.37197
11260	-0.30575
11261	-0.10101
11262	-0.23216
11263	-0.14284
11264	-0.20244
11265	-0.12839
11266	-0.14328
11267	-0.22677
11268	2.4267e-002
11269	0.15929
11270	0.12079
11271	0.1022
11272	-3.1144e-003
11273	0.11353
11274	-1.8002e-002
11275	0.29984
11276	0.32713
11277	0.43919
11278	0.24275
11279	0.25409
11280	0.33185
11281	0.39255
11282	0.73647
11283	0.57807
11284	0.68762
11285	0.61321
11286	0.47074
11287	0.53144
11288	-0.47199
11289	-0.49645
11290	-0.46728
11291	-0.48491
11292	0.84169
11293	0.88231
11294	0.83345
11295	0.82816
11296	0.72924
11297	-7.5407e-002
11298	-4.5252e-003
11299	-3.0776e-002
11300	-7.5842e-002
11301	0.11375
11302	0.24702
11303	0.18122
11304	0.17187
11305	0.17397
11306	8.7501e-002
11307	0.6234
11308	0.39357
11309	0.50562
11310	0.61517
11311	0.31842
11312	0.32052
11313	0.45899
11314	0.51095
11315	0.73867
11316	0.58175
11317	0.63446
11318	-0.39887
11319	-0.34694
11320	-0.41852
11321	-0.40778
11322	-7.9219e-002
11323	-8.3374e-003
11324	5.9133e-002
11325	-6.4767e-002
11326	-7.9654e-002
11327	0.25995
11328	0.19416
11329	0.17557
11330	0.1869
11331	0.7793
11332	0.70489
11333	0.774
11334	0.67508
11335	-0.4565
11336	-0.46544
11337	-0.35161
11338	-0.42319
11339	-0.31923
11340	-0.43214
11341	-0.41245
11342	-0.33216
11343	-0.38874
11344	-0.21037
11345	-0.2673
11346	-0.36052
11347	-0.2108
11348	-0.2943
11349	-0.33681
11350	-5.0171e-002
11351	-0.12149
11352	8.8181e-002
11353	8.0928e-002
11354	-5.5406e-003
11355	-5.0607e-002
11356	0.22145
11357	0.3993
11358	0.2142
11359	0.35266
11360	-0.45179
11361	-0.4321
11362	0.1484
11363	1.6864e-002
11364	0.6209
11365	0.40401
11366	0.46472
11367	0.65603
11368	0.57426
11369	0.62623
11370	0.50013
11371	0.60501
11372	0.70304
11373	0.65109
11374	0.69277
11375	0.71747
11376	0.38588
11377	0.55506
11378	0.53162
11379	0.19817
11380	0.20691
11381	0.43147
11382	0.54479
11383	0.56949
11384	0.49099
11385	0.56535
11386	0.4652
11387	0.49869
11388	0.54026
11389	0.60519
11390	0.67527
11391	0.21468
11392	0.46774
11393	0.57619
11394	0.61089
11395	0.69112
11396	0.46297
11397	0.59407
11398	0.58509
11399	0.68985
11400	0.44818
11401	0.54912
11402	0.4857
11403	0.62234
11404	0.1874
11405	0.45057
11406	0.44351
11407	0.35547
11408	0.48395
11409	0.30103
11410	0.28216
11411	0.1682
11412	0.28699
11413	8.4541e-002
11414	0.25076
11415	0.14988
11416	9.0238e-002
11417	-3.2805e-002
11418	4.154e-002
11419	1.333e-002
11420	4.3203e-002
11421	7.1914e-002
11422	-0.12055
11423	-0.18888
11424	-7.1129e-002
11425	-4.4546e-002
11426	-0.1262
11427	0.48264
11428	0.39307
11429	0.486
11430	0.1742
11431	0.35341
11432	0.30093
11433	0.58107
11434	0.70433
11435	0.67231
11436	0.396
11437	0.75883
11438	0.85472
11439	0.83448
11440	0.5521
11441	0.87333
11442	0.90465
11443	0.9353
11444	0.60822
11445	0.91701
11446	0.92746
11447	0.9567
11448	0.63946
11449	0.87182
11450	0.79901
11451	0.85808
11452	0.59359
11453	0.72115
11454	0.57961
11455	0.68043
11456	0.46025
11457	0.51573
11458	0.47318
11459	0.28984
11460	0.40159
11461	0.27962
11462	-8.4603e-002
11463	0.17313
11464	-8.9536e-003
11465	0.12209
11466	2.4263e-002
11467	9.4125e-002
11468	1.8034e-002
11469	-0.21131
11470	-0.12894
11471	-0.15483
11472	-0.1091
11473	-0.10195
11474	-0.21
11475	-0.13566
11476	-0.14436
11477	-0.11582
11478	-0.13634
11479	-0.1545
11480	-0.10779
11481	-0.13069
11482	-0.23608
11483	-0.1813
11484	-0.1504
11485	-0.1039
11486	-2.8723e-002
11487	-7.7775e-002
11488	-0.15749
11489	0.35735
11490	0.4915
11491	0.35891
11492	0.2294
11493	0.53081
11494	0.33016
11495	0.41552
11496	0.49746
11497	0.43094
11498	0.2022
11499	0.44392
11500	0.54744
11501	0.60214
11502	0.61756
11503	0.49369
11504	0.40145
11505	0.59171
11506	0.60123
11507	0.60034
11508	0.47157
11509	0.53977
11510	0.60155
11511	0.65995
11512	0.608
11513	0.63673
11514	0.66887
11515	0.27836
11516	0.53658
11517	0.53142
11518	0.76046
11519	0.78053
11520	0.30993
11521	0.53231
11522	0.573
11523	0.79516
11524	0.81071
11525	0.87225
11526	0.56701
11527	0.70942
11528	0.56904
11529	0.80174
11530	0.7702
11531	0.86595
11532	0.59843
11533	0.70044
11534	0.56006
11535	0.70678
11536	0.61057
11537	0.73682
11538	0.27183
11539	0.53501
11540	0.42766
11541	0.57141
11542	0.52253
11543	0.39889
11544	0.52863
11545	0.19643
11546	0.36266
11547	0.33961
11548	0.28493
11549	0.11744
11550	0.22442
11551	0.14782
11552	-0.14827
11553	-5.6004e-003
11554	-1.8277e-002
11555	-3.9381e-003
11556	-0.13091
11557	-8.6599e-002
11558	-7.226e-002
11559	-5.8285e-002
11560	-0.15392
11561	0.45028
11562	0.48343
11563	0.18817
11564	0.43215
11565	0.57723
11566	0.52445
11567	0.44757
11568	0.73453
11569	0.7666
11570	0.70602
11571	0.7724
11572	0.74323
11573	0.74315
11574	0.85263
11575	0.61094
11576	0.74896
11577	0.78078
11578	0.84545
11579	0.88477
11580	0.64308
11581	0.63792
11582	0.81292
11583	0.89546
11584	0.95248
11585	1.0067
11586	0.64725
11587	0.68793
11588	0.92378
11589	0.68346
11590	0.96803
11591	0.97071
11592	1.0523
11593	0.8052
11594	0.66482
11595	0.93917
11596	0.87346
11597	1.0054
11598	0.67165
11599	0.77725
11600	0.65711
11601	0.81169
11602	0.49114
11603	0.46809
11604	0.61185
11605	0.53346
11606	0.34321
11607	0.53468
11608	0.43454
11609	0.36749
11610	0.26661
11611	0.17573
11612	5.6069e-002
11613	7.0408e-002
11614	9.9119e-002
11615	0.67567
11616	0.61758
11617	0.1968
11618	0.45184
11619	0.56684
11620	0.32233
11621	0.39936
11622	0.79892
11623	0.90659
11624	0.92745
11625	0.62421
11626	0.65646
11627	0.52261
11628	1.0025
11629	1.0847
11630	1.0864
11631	0.7576
11632	0.72009
11633	0.92165
11634	1.116
11635	1.125
11636	1.1872
11637	1.2307
11638	0.8078
11639	0.78892
11640	1.0574
11641	1.1355
11642	1.0925
11643	1.1939
11644	1.2161
11645	0.81825
11646	0.82802
11647	0.95876
11648	1.0197
11649	0.91991
11650	1.0413
11651	1.0205
11652	0.75521
11653	0.77837
11654	0.60596
11655	0.76484
11656	0.70316
11657	0.55818
11658	0.48399
11659	0.42262
11660	0.25983
11661	0.39011
11662	0.16201
11663	0.30065
11664	0.23187
11665	-6.1998e-002
11666	7.7748e-002
11667	3.3182e-002
11668	-3.3454e-002
11669	4.9787e-002
11670	-2.6304e-002
11671	-8.8868e-002
11672	2.4475e-002
11673	1.5697e-002
11674	-4.2161e-002
11675	-6.5055e-002
11676	-2.4661e-003
11677	-2.9632e-002
11678	3.1257e-002
11679	-3.5058e-003
11680	-8.3218e-002
11681	-9.2207e-004
11682	1.2653e-003
11683	7.2584e-002
11684	5.3862e-002
11685	2.7391e-002
11686	0.56879
11687	0.57915
11688	0.50227
11689	0.51525
11690	0.72423
11691	0.77611
11692	0.80952
11693	0.86312
11694	0.64735
11695	0.75635
11696	0.77733
11697	0.95485
11698	1.0268
11699	0.708
11700	0.883
11701	0.9684
11702	1.0838
11703	1.1139
11704	1.1898
11705	0.72433
11706	0.86674
11707	1.0009
11708	1.1165
11709	1.1011
11710	1.2023
11711	0.7674
11712	0.86941
11713	0.97806
11714	1.0354
11715	0.93793
11716	1.0741
11717	0.79878
11718	0.70169
11719	0.91235
11720	0.73809
11721	0.81779
11722	0.66442
11723	0.82978
11724	0.67863
11725	0.49723
11726	0.61795
11727	0.16305
11728	0.37403
11729	0.23655
11730	0.17739
11731	0.30698
11732	0.2061
11733	0.25771
11734	0.292
11735	0.1169
11736	5.7731e-002
11737	7.1706e-002
11738	0.70882
11739	0.89544
11740	0.80991
11741	0.65808
11742	0.62445
11743	0.4906
11744	1.0031
11745	1.0662
11746	0.69985
11747	0.73211
11748	0.90142
11749	1.1484
11750	1.2178
11751	1.2252
11752	0.81957
11753	0.98362
11754	1.107
11755	1.2231
11756	1.2704
11757	0.84749
11758	1.0971
11759	0.988
11760	1.1004
11761	1.2023
11762	0.81428
11763	0.94502
11764	0.86566
11765	0.97981
11766	0.65901
11767	0.71449
11768	0.50187
11769	0.63158
11770	0.4124
11771	0.33907
11772	0.16422
11773	0.25993
11774	0.18083
11775	0.66109
11776	0.75182
11777	0.59999
11778	0.35548
11779	0.59719
11780	0.75674
11781	0.76217
11782	0.59457
11783	0.70357
11784	0.60755
11785	0.88469
11786	0.86222
11787	0.71465
11788	0.77643
11789	0.78102
11790	0.81285
11791	1.0661
11792	0.9717
11793	1.1115
11794	1.0661
11795	0.92232
11796	1.0077
11797	1.1834
11798	1.2441
11799	0.81928
11800	1.0551
11801	1.0797
11802	0.81481
11803	1.2741
11804	1.2839
11805	0.95103
11806	1.0597
11807	1.0852
11808	1.2685
11809	1.206
11810	1.2652
11811	0.83362
11812	1.0443
11813	1.1085
11814	0.98436
11815	1.0913
11816	0.83321
11817	0.77253
11818	0.5655
11819	0.831
11820	0.76749
11821	0.67985
11822	0.49845
11823	0.57035
11824	1.0871
11825	0.93843
11826	1.1284
11827	1.0207
11828	0.78661
11829	0.75298
11830	1.2269
11831	1.1915
11832	1.0225
11833	0.81608
11834	0.98538
11835	1.2964
11836	1.3325
11837	1.3545
11838	0.89075
11839	1.1593
11840	1.1782
11841	1.3288
11842	1.3037
11843	1.3684
11844	1.1555
11845	1.0464
11846	1.2239
11847	1.1012
11848	1.2264
11849	1.1733
11850	1.0064
11851	0.83587
11852	0.96661
11853	0.96628
11854	0.79045
11855	0.95609
11856	0.64547
11857	0.8415
11858	0.59907
11859	0.39022
11860	0.57728
11861	0.46262
11862	0.37989
11863	0.52245
11864	0.36306
11865	0.31111
11866	0.11088
11867	0.21537
11868	0.18821
11869	5.3019e-002
11870	0.13626
11871	7.4933e-002
11872	0.20659
11873	0.19235
11874	0.27899
11875	0.13582
11876	0.17943
11877	4.4241e-002
11878	2.1347e-002
11879	0.10036
11880	0.16519
11881	0.10866
11882	0.17453
11883	7.3893e-002
11884	0.84746
11885	0.89563
11886	0.92977
11887	0.78886
11888	0.32788
11889	0.66735
11890	0.48915
11891	0.39831
11892	0.47021
11893	0.38333
11894	0.17168
11895	0.35167
11896	0.13124
11897	0.24585
11898	0.14521
11899	1.2683
11900	1.3619
11901	1.3416
11902	1.0992
11903	1.0621
11904	1.1856
11905	1.398
11906	1.4157
11907	1.2028
11908	1.3906
11909	1.3283
11910	1.3766
11911	1.0686
11912	1.0702
11913	1.1525
11914	0.75963
11915	0.98568
11916	0.81511
11917	0.95565
11918	0.89442
11919	0.70699
11920	0.83246
11921	0.5838
11922	0.5096
11923	0.65217
11924	0.77982
11925	0.38348
11926	0.28392
11927	0.23197
11928	0.21779
11929	0.33295
11930	0.22713
11931	0.12649
11932	0.9352
11933	0.79429
11934	0.70108
11935	0.69828
11936	0.98337
11937	1.0436
11938	0.84246
11939	0.86344
11940	0.89985
11941	1.2894
11942	1.1834
11943	1.3068
11944	1.2657
11945	1.125
11946	1.3599
11947	1.3674
11948	1.419
11949	1.0912
11950	1.1611
11951	1.1857
11952	1.3664
11953	1.4289
11954	1.418
11955	1.1011
11956	1.1454
11957	1.2249
11958	1.1709
11959	1.3039
11960	1.2275
11961	1.3261
11962	0.96939
11963	1.083
11964	1.1033
11965	0.93285
11966	1.1009
11967	0.84521
11968	1.1252
11969	1.3062
11970	1.1854
11971	1.2677
11972	0.98427
11973	0.89106
11974	1.0638
11975	0.85742
11976	0.97127
11977	1.4377
11978	1.3998
11979	1.454
11980	1.2248
11981	1.2437
11982	1.4413
11983	1.4717
11984	1.4608
11985	1.2424
11986	1.2677
11987	1.1333
11988	1.379
11989	1.2777
11990	1.3259
11991	1.1109
11992	1.2055
11993	1.071
11994	1.1423
11995	1.1328
11996	0.9981
11997	0.94301
11998	0.94546
11999	0.57054
12000	0.81067
12001	0.65461
12002	0.63038
12003	0.47098
12004	0.39778
12005	0.36925
12006	0.45331
12007	0.22608
12008	0.26968
12009	0.37883
12010	0.29195
12011	1.0777
12012	0.8766
12013	0.78338
12014	1.4147
12015	1.3852
12016	1.1421
12017	1.2216
12018	1.3088
12019	1.2078
12020	1.2656
12021	0.95214
12022	1.0657
12023	1.0181
12024	0.69114
12025	1.0374
12026	0.90274
12027	0.74668
12028	0.7817
12029	0.6722
12030	0.84766
12031	0.56848
12032	0.494
12033	0.40712
12034	1.3821
12035	1.4338
12036	1.3411
12037	1.1371
12038	1.2235
12039	1.4467
12040	1.4173
12041	1.3741
12042	1.2537
12043	1.1193
12044	1.215
12045	1.2728
12046	1.0578
12047	1.0253
12048	1.0277
12049	0.53995
12050	0.35632
12051	1.2203
12052	0.93683
12053	0.92383
12054	0.99423
12055	1.0796
12056	1.4364
12057	1.3437
12058	1.1086
12059	1.1398
12060	1.0472
12061	1.203
12062	1.4771
12063	1.1602
12064	1.2588
12065	1.1914
12066	1.2841
12067	1.2777
12068	1.4368
12069	1.2732
12070	1.3642
12071	1.1643
12072	1.2438
12073	1.1167
12074	1.2632
12075	1.0708
12076	0.94976
12077	1.0157
12078	1.0987
12079	1.0062
12080	1.1619
12081	1.106
12082	1.2006
12083	1.0735
12084	0.78007
12085	0.75584
12086	0.70559
12087	0.88105
12088	0.8835
12089	0.59978
12090	0.44038
12091	0.54954
12092	0.2569
12093	0.69467
12094	0.59545
12095	0.20719
12096	0.47885
12097	1.0177
12098	1.4093
12099	1.472
12100	0.53025
12101	1.091
12102	1.7147
12103	2.1182
12104	2.1897
12105	0.82755
12106	1.4332
12107	1.6064
12108	2.314
12109	2.411
12110	2.692
12111	1.629
12112	2.1131
12113	1.5863
12114	2.2997
12115	2.12
12116	2.521
12117	1.5007
12118	1.475
12119	1.8608
12120	1.4279
12121	1.9095
12122	0.6489
12123	0.88965
12124	1.2415
12125	0.92372
12126	0.42771
12127	1.0686
12128	0.51301
12129	0.91126
12130	0.38681
12131	0.1023
12132	0.56438
12133	0.38733
12134	0.6252
12135	0.37018
12136	0.68665
12137	0.14675
12138	0.14195
12139	0.25
12140	0.51512
12141	1.9889e-002
12142	1.2341
12143	1.01
12144	1.3393
12145	0.43746
12146	0.83849
12147	0.90723
12148	1.4142
12149	1.6428
12150	1.7775
12151	0.63637
12152	1.0873
12153	1.3437
12154	1.7622
12155	1.7987
12156	2.1475
12157	1.3635
12158	1.687
12159	1.5164
12160	1.963
12161	1.3927
12162	1.2919
12163	0.91364
12164	1.3782
12165	0.76665
12166	0.96364
12167	0.90086
12168	0.95847
12169	0.95832
12170	-4.5211e-002
12171	0.97057
12172	0.75387
12173	0.21577
12174	0.47602
12175	0.35942
12176	0.15816
12177	0.59637
12178	0.31476
12179	0.55433
12180	0.61202
12181	0.23646
12182	0.67467
12183	0.53987
12184	0.6327
12185	0.96769
12186	0.4123
12187	0.25714
12188	0.87607
12189	0.4452
12190	0.59809
12191	0.95205
12192	0.92952
12193	0.47052
12194	0.93293
12195	0.44807
12196	0.75501
12197	0.92285
12198	0.31836
12199	0.58347
12200	0.92626
12201	0.44141
12202	0.37562
12203	-3.5093e-002
12204	0.24994
12205	0.17322
12206	2.5461e-002
12207	0.30069
12208	-0.68637
12209	0.34571
12210	0.49835
12211	0.58285
12212	-0.22156
12213	0.75293
12214	0.45458
12215	0.6991
12216	1.2518
12217	0.81102
12218	1.4673
12219	0.91379
12220	1.4904
12221	0.52553
12222	0.79719
12223	1.0862
12224	1.8589
12225	2.2712
12226	1.4778
12227	1.6879
12228	2.6747
12229	2.9811
12230	3.011
12231	1.9181
12232	2.0914
12233	2.6009
12234	3.0782
12235	3.0185
12236	3.3275
12237	2.4993
12238	1.9725
12239	2.8388
12240	2.4865
12241	2.9281
12242	1.8184
12243	2.0536
12244	1.4147
12245	1.7272
12246	1.0338
12247	1.0679
12248	1.6248
12249	1.883
12250	1.1928
12251	2.1116
12252	2.3622
12253	2.4626
12254	0.97047
12255	1.5783
12256	1.6778
12257	2.3987
12258	2.3259
12259	2.6896
12260	1.6147
12261	1.7555
12262	2.1644
12263	2.1553
12264	1.795
12265	2.3013
12266	1.5849
12267	1.3804
12268	1.4167
12269	1.0096
12270	1.0219
12271	0.80517
12272	1.0672
12273	1.0136
12274	6.3701e-002
12275	1.0795
12276	1.5662
12277	1.1255
12278	1.0983
12279	1.1721
12280	0.61674
12281	1.0792
12282	1.0805
12283	0.85917
12284	0.58839
12285	1.1005
12286	-0.39866
12287	5.0209e-002
12288	0.30356
12289	0.33524
12290	0.44064
12291	0.40255
12292	-0.40186
12293	-0.54642
12294	0.55519
12295	0.71521
12296	0.63477
12297	-0.24922
12298	0.82713
12299	2.3339
12300	1.9447
12301	2.3748
12302	1.2515
12303	1.5406
12304	1.785
12305	1.7506
12306	2.7871
12307	3.0826
12308	2.1629
12309	2.6725
12310	3.389
12311	3.6084
12312	3.5819
12313	2.2961
12314	2.7803
12315	2.9789
12316	3.5488
12317	3.3292
12318	3.5575
12319	2.2195
12320	2.7169
12321	2.7206
12322	2.1938
12323	2.2088
12324	2.9768
12325	2.5436
12326	2.8512
12327	1.5153
12328	1.8672
12329	2.3646
12330	2.1643
12331	1.5699
12332	1.4988
12333	0.87647
12334	0.91054
12335	0.70182
12336	0.73349
12337	1.4007
12338	1.2393
12339	0.89995
12340	1.2427
12341	1.9882
12342	1.5686
12343	2.0899
12344	1.2292
12345	1.2979
12346	1.572
12347	2.3481
12348	2.5973
12349	1.4874
12350	1.5561
12351	2.2102
12352	1.8125
12353	2.8478
12354	3.0384
12355	1.9635
12356	2.0631
12357	2.5131
12358	2.9656
12359	2.7479
12360	3.0628
12361	2.0315
12362	2.4403
12363	1.4742
12364	2.3875
12365	1.7528
12366	2.4562
12367	2.2398
12368	1.4864
12369	1.2697
12370	1.6712
12371	1.4922
12372	1.9505
12373	1.4667
12374	1.0134
12375	1.3457
12376	1.0793
12377	1.1253
12378	0.87227
12379	1.3911
12380	1.1671
12381	0.69798
12382	1.2315
12383	0.93492
12384	1.265
12385	1.2248
12386	0.55441
12387	0.99262
12388	1.1733
12389	1.4297
12390	1.5261
12391	1.9512
12392	1.9285
12393	1.4331
12394	1.4345
12395	1.9285
12396	1.906
12397	1.4106
12398	0.67778
12399	1.228
12400	1.0067
12401	-0.12663
12402	-0.27119
12403	0.25344
12404	0.43104
12405	0.28022
12406	0.71927
12407	0.96857
12408	1.0487
12409	-0.16472
12410	0.24213
12411	0.87929
12412	1.292
12413	1.0717
12414	2.2173
12415	1.8113
12416	1.189
12417	1.838
12418	1.0143
12419	1.5597
12420	2.0251
12421	2.1768
12422	1.6241
12423	1.976
12424	1.3276
12425	1.5083
12426	1.2116
12427	1.1283
12428	-8.5141e-002
12429	0.99121
12430	0.32171
12431	2.3978
12432	1.7436
12433	2.3607
12434	1.2745
12435	1.808
12436	3.1234
12437	2.7908
12438	3.1278
12439	2.7964
12440	1.9937
12441	2.2382
12442	2.2038
12443	2.7133
12444	3.6118
12445	3.4232
12446	3.67
12447	3.0919
12448	3.0088
12449	3.8312
12450	3.8665
12451	3.9862
12452	3.9736
12453	3.0258
12454	3.5104
12455	3.0296
12456	3.2282
12457	3.6469
12458	3.2929
12459	3.6085
12460	2.3088
12461	2.8062
12462	2.1461
12463	2.8597
12464	2.4977
12465	2.1728
12466	2.699
12467	2.4273
12468	2.7431
12469	1.5891
12470	1.9319
12471	2.3119
12472	3.1387
12473	2.9923
12474	3.2931
12475	2.5611
12476	2.1635
12477	3.4836
12478	3.4265
12479	3.566
12480	3.0258
12481	2.7517
12482	2.354
12483	2.804
12484	3.2088
12485	2.9625
12486	3.2146
12487	2.1775
12488	2.4568
12489	2.9999
12490	2.5863
12491	1.541
12492	2.1113
12493	1.3579
12494	1.3637
12495	1.4039
12496	0.73444
12497	2.1366
12498	1.5839
12499	1.2874
12500	2.4275
12501	2.6019
12502	2.6989
12503	2.9278
12504	1.9321
12505	2.4011
12506	1.9335
12507	2.7206
12508	2.6763
12509	1.9094
12510	2.2894
12511	2.3784
12512	1.5188
12513	2.0917
12514	0.76555
12515	1.7668
12516	0.94315
12517	1.3776
12518	1.8704
12519	1.7146
12520	0.54423
12521	0.57101
12522	3.9597
12523	3.8629
12524	3.2848
12525	3.2017
12526	3.8368
12527	3.9823
12528	3.0346
12529	3.4829
12530	2.8053
12531	3.2194
12532	2.6806
12533	2.4804
12534	2.028
12535	1.7948
12536	1.2804
12537	0.65118
12538	3.0906
12539	3.0795
12540	2.7592
12541	2.201
12542	2.5528
12543	3.6744
12544	3.4165
12545	3.0962
12546	4.0179
12547	4.102
12548	4.1054
12549	3.4397
12550	3.6388
12551	3.158
12552	3.3567
12553	3.944
12554	3.5351
12555	3.8326
12556	2.9962
12557	2.2876
12558	2.8575
12559	1.1172
12560	2.1185
12561	3.3372
12562	2.992
12563	3.4111
12564	2.6052
12565	2.6942
12566	3.7204
12567	3.8671
12568	3.7119
12569	3.1802
12570	2.906
12571	3.386
12572	3.6633
12573	3.5295
12574	3.7247
12575	3.1231
12576	2.7718
12577	3.3149
12578	2.9013
12579	2.8147
12580	3.2832
12581	3.1965
12582	2.5255
12583	3.0685
12584	2.365
12585	2.9801
12586	2.2579
12587	1.8507
12588	2.3091
12589	3.1765
12590	3.3667
12591	2.6498
12592	2.7017
12593	2.7468
12594	2.0247
12595	1.6174
12596	0.96139
12597	1.9626
12598	0.98817
12599	3.6633
12600	4.0087
12601	3.8535
12602	3.343
12603	3.5421
12604	3.5276
12605	4.0929
12606	3.9781
12607	4.067
12608	3.1417
12609	3.6262
12610	3.5692
12611	3.3168
12612	2.5946
12613	2.7328
12614	2.5326
12615	3.9495
12616	3.8642
12617	3.2626
12618	3.4684
12619	3.7304
12620	3.4486
12621	3.6616
12622	3.3206
12623	3.5956
12624	3.0851
12625	2.8787
12626	4.0109
12627	3.941
12628	4.0704
12629	3.6296
12630	3.6151
12631	3.6144
12632	3.9556
12633	3.8274
12634	2.8922
12635	3.0304
12636	3.5149
12637	3.985
12638	3.8567
12639	3.324
12640	3.5443
12641	3.5298
12642	3.5157
12643	3.5749
12644	2.6398
12645	2.6909
12646	3.2339
12647	3.2753
12648	2.9799
12649	3.0689
12650	3.4599
12651	3.9162
12652	3.6038
12653	3.2551
12654	2.8528
12655	3.4755
12656	3.4469
12657	0.56825
12658	0.79913
12659	0.47048
12660	0.49146
12661	0.45799
12662	0.49453
12663	0.47985
12664	0.71495
12665	0.64281
12666	0.33436
12667	0.3863
12668	0.37381
12669	0.5657
12670	0.63859
12671	0.2493
12672	0.33014
12673	0.28554
12674	0.36959
12675	0.87369
12676	0.63815
12677	0.60468
12678	0.72866
12679	0.29585
12680	0.42021
12681	0.45889
12682	0.45965
12683	0.53255
12684	0.15125
12685	-3.3542e-002
12686	0.12148
12687	-6.4784e-002
12688	-1.0834e-002
12689	-2.9863e-002
12690	2.7542e-002
12691	-0.19385
12692	-0.40113
12693	-0.34678
12694	-0.17114
12695	-0.18424
12696	-0.47582
12697	-0.48101
12698	-0.51577
12699	-0.25893
12700	-0.24299
12701	-0.36943
12702	-0.42316
12703	-0.30429
12704	-0.38051
12705	-0.32848
12706	-0.18514
12707	-0.20467
12708	-0.19183
12709	-6.6084e-002
12710	-0.11504
12711	-7.2879e-002
12712	-0.16132
12713	-9.2216e-002
12714	-1.4522e-002
12715	2.0528e-003
12716	1.581e-002
12717	-2.1317e-002
12718	-2.2041e-002
12719	-4.6653e-002
12720	-1.0281e-002
12721	-5.9405e-002
12722	-0.19134
12723	-0.13372
12724	-8.3499e-002
12725	-0.10945
12726	-0.48819
12727	-0.31881
12728	-0.48793
12729	-0.43513
12730	-0.31617
12731	-0.23691
12732	-0.61598
12733	-0.76637
12734	-0.75667
12735	-0.44421
12736	-0.37453
12737	-0.76171
12738	-0.91438
12739	-0.84015
12740	-0.95286
12741	-0.42787
12742	-0.44831
12743	-0.65398
12744	-2.4896e-002
12745	0.19054
12746	1.32e-002
12747	0.20975
12748	-4.0843e-002
12749	0.13359
12750	-0.50861
12751	-0.33835
12752	-0.19381
12753	-0.16781
12754	-0.24786
12755	-0.47362
12756	-0.36482
12757	-7.3426e-002
12758	-0.82327
12759	-0.61505
12760	-0.75032
12761	-0.64152
12762	-0.94393
12763	-0.89388
12764	-0.88186
12765	-0.8736
12766	-0.86076
12767	-0.76639
12768	-0.54745
12769	-0.6889
12770	-0.74911
12771	-0.24918
12772	6.5009e-002
12773	-0.18417
12774	-0.38765
12775	-0.37234
12776	-0.31036
12777	0.28633
12778	0.31404
12779	0.16273
12780	-0.16632
12781	-4.8524e-002
12782	0.203
12783	-2.8124e-002
12784	1.0205e-003
12785	-0.17835
12786	-0.21396
12787	-0.65386
12788	-1.084
12789	-0.88532
12790	-1.007
12791	-1.4959
12792	-1.8131
12793	-1.5778
12794	-1.9237
12795	-2.193
12796	-2.0906
12797	-1.9338
12798	-1.8094
12799	-1.8628
12800	-1.9424
12801	-1.5382
12802	-1.4331
12803	-1.542
12804	-1.4716
12805	-1.4177
12806	-1.471
12807	-1.1727
12808	0.22874
12809	0.24142
12810	7.7397e-002
12811	0.1348
12812	-0.91228
12813	-0.42578
12814	-0.65189
12815	-1.1701
12816	-1.1546
12817	-0.90966
12818	-0.86265
12819	-0.14231
12820	-0.26401
12821	-8.8363e-002
12822	-4.9987e-002
12823	-0.65302
12824	-0.79918
12825	-0.72964
12826	-0.62694
12827	-0.79091
12828	-0.78829
12829	-0.67949
12830	-0.77807
12831	-0.64857
12832	-0.74913
12833	-0.68365
12834	-0.68333
12835	-0.74386
12836	-0.74086
12837	-0.72802
12838	-0.31075
12839	-0.46471
12840	-0.25825
12841	-0.38697
12842	-0.28024
12843	-0.52492
12844	-0.33494
12845	-0.44642
12846	0.12918
12847	5.5936e-002
12848	0.1815
12849	8.0229e-002
12850	-0.14754
12851	5.0085e-002
12852	-7.0256e-002
12853	0.17346
12854	0.2092
12855	0.15853
12856	0.18721
12857	0.12475
12858	-2.0451e-003
12859	-2.0839e-002
12860	-5.6446e-002
12861	-0.18961
12862	-7.2593e-002
12863	-0.3332
12864	-0.13198
12865	-0.45485
12866	-0.19255
12867	-0.25197
12868	-0.28757
12869	-0.78882
12870	-0.7633
12871	-1.0438
12872	-0.73603
12873	-0.88495
12874	-1.3897
12875	-0.80231
12876	-1.361
12877	-1.4396
12878	-1.2467
12879	-1.7069
12880	-1.3686
12881	-1.4482
12882	1.2703e-002
12883	2.1623e-002
12884	0.21165
12885	4.7625e-002
12886	0.14201
12887	-1.1034
12888	-0.80456
12889	-0.75755
12890	-0.30918
12891	-0.29525
12892	-0.16464
12893	-0.11961
12894	-0.13863
12895	-0.63137
12896	-0.47128
12897	-0.56557
12898	-0.56183
12899	-0.29564
12900	-0.45913
12901	-0.30873
12902	-0.57108
12903	-0.57076
12904	-0.49334
12905	-0.44131
12906	-0.29798
12907	-0.61545
12908	-0.42442
12909	-0.24574
12910	-0.37447
12911	-0.22145
12912	-0.26774
12913	-0.32243
12914	-0.19863
12915	5.5728e-003
12916	-9.5702e-002
12917	-1.6417e-002
12918	-5.3544e-002
12919	-0.14199
12920	-7.8881e-002
12921	-0.12585
12922	-2.8524e-002
12923	1.5757e-004
12924	-8.7911e-002
12925	-3.7693e-002
12926	-6.2306e-002
12927	-0.42107
12928	-0.21985
12929	-0.3938
12930	-0.16963
12931	-0.28042
12932	-0.19558
12933	-0.87067
12934	-0.56292
12935	-0.75641
12936	-0.44395
12937	-0.6292
12938	-1.0996
12939	-0.90681
12940	-1.0292
12941	-1.0287
12942	-0.52466
12943	-0.73034
12944	-0.43087
12945	-0.30026
12946	-0.52142
12947	-0.27426
12948	-0.47127
12949	-0.67132
12950	-0.66757
12951	-0.56487
12952	-0.71601
12953	-0.52842
12954	-0.66637
12955	-0.47639
12956	-0.65053
12957	-0.16895
12958	-0.21523
12959	-0.19909
12960	-0.38141
12961	-0.31943
12962	3.5905e-002
12963	-0.27115
12964	-2.6559e-002
12965	-0.15336
12966	-7.3524e-002
12967	-0.19387
12968	-0.10283
12969	-7.723e-002
12970	-0.22282
12971	-0.53739
12972	-0.68632
12973	-0.60368
12974	-0.42401
12975	-1.0114
12976	-1.4715
12977	-1.1332
12978	-0.88416
12979	-1.0899
12980	-1.2124
12981	-1.2118
12982	-0.50749
12983	-0.2413
12984	-0.40479
12985	-0.26033
12986	-0.45734
12987	-0.49908
12988	-0.34868
12989	-0.65021
12990	-0.45918
12991	-0.39866
12992	-0.19094
12993	-0.1748
12994	-4.8548e-002
12995	-0.112
12996	-0.13662
12997	-0.22279
12998	-0.28221
12999	-0.39115
13000	-0.5764
13001	-0.39674
13002	-0.3119
13003	-0.58465
13004	-1.019
13005	-0.76989
13006	-0.51496
13007	-0.12971
13008	-3.533e-002
13009	-0.49533
13010	-0.54788
13011	-1.1414
13012	-0.84304
13013	-0.16028
13014	-4.6273e-003
13015	1.763e-003
13016	-5.7185e-002
13017	-0.3
13018	-0.11777
13019	-0.18266
13020	-9.9543e-002
13021	-0.11138
13022	-4.9844e-002
13023	-0.28952
13024	-0.21243
13025	-0.21454
13026	-2.5889e-002
13027	-8.8564e-002
13028	-0.10547
13029	-3.3997e-003
13030	-5.2546e-002
13031	2.7205e-002
13032	3.6432e-002
13033	1.5609e-002
13034	5.1628e-002
13035	4.842e-002
13036	4.2305e-002
13037	-9.5125e-002
13038	-0.22776
13039	-9.4363e-002
13040	-5.5721e-002
13041	-5.7121e-002
13042	2.1382e-002
13043	-0.39538
13044	-0.35926
13045	-0.31977
13046	-0.30416
13047	-0.15472
13048	-3.6237e-002
13049	-0.17617
13050	-0.13975
13051	-0.2166
13052	1.9213e-004
13053	0.26142
13054	8.7358e-002
13055	-7.8491e-002
13056	-0.11934
13057	-0.10374
13058	0.11014
13059	0.30779
13060	0.35868
13061	0.34171
13062	0.40844
13063	0.4711
13064	0.31968
13065	0.25651
13066	0.24693
13067	0.49281
13068	0.32491
13069	0.55124
13070	0.35103
13071	0.49461
13072	0.35492
13073	0.58733
13074	0.63144
13075	0.3908
13076	0.42487
13077	0.61214
13078	0.48232
13079	0.43606
13080	0.23073
13081	0.24845
13082	0.62435
13083	0.40429
13084	0.62092
13085	1.0966
13086	0.26452
13087	0.39768
13088	0.29367
13089	0.65814
13090	1.2248
13091	1.1304
13092	0.92109
13093	0.15367
13094	0.25382
13095	0.15137
13096	0.85631
13097	0.21872
13098	0.38425
13099	0.50671
13100	-0.27181
13101	-6.154e-002
13102	1.172e-002
13103	-0.12821
13104	5.8407e-002
13105	7.6638e-002
13106	-2.4433e-002
13107	0.14399
13108	-0.18561
13109	0.43198
13110	8.3625e-002
13111	-0.20923
13112	-0.2516
13113	-6.2952e-002
13114	-7.642e-002
13115	0.10489
13116	-0.17452
13117	-0.11948
13118	-0.1057
13119	5.2089e-002
13120	1.4133e-002
13121	-3.9734e-002
13122	-4.8542e-002
13123	-1.7414e-002
13124	4.6929e-002
13125	4.0025e-002
13126	0.12386
13127	6.2337e-002
13128	0.15793
13129	3.7605e-002
13130	2.6105e-002
13131	-9.1518e-003
13132	2.5129e-002
13133	0.13166
13134	2.2897e-002
13135	2.949e-002
13136	-0.14179
13137	-0.22008
13138	-0.16931
13139	-7.064e-002
13140	-0.10454
13141	-2.604e-002
13142	-0.18059
13143	0.28182
13144	0.10776
13145	8.7332e-002
13146	5.611e-002
13147	4.427e-002
13148	-4.4961e-002
13149	-1.4678e-002
13150	6.3096e-002
13151	-0.13425
13152	9.3678e-002
13153	-8.7723e-003
13154	-1.0326e-002
13155	-2.0613e-002
13156	4.0926e-002
13157	0.30832
13158	0.22223
13159	-0.10781
13160	-5.2695e-002
13161	1.2025e-002
13162	0.17986
13163	-5.2774e-002
13164	-9.1215e-003
13165	-9.098e-003
13166	0.10501
13167	1.319e-002
13168	5.5221e-002
13169	6.1149e-002
13170	0.10317
13171	5.8917e-002
13172	0.13905
13173	5.2801e-002
13174	2.5892e-002
13175	-3.5917e-002
13176	5.4441e-002
13177	0.13242
13178	3.0252e-002
13179	0.10736
13180	4.8893e-002
13181	-0.11422
13182	0.24654
13183	-1.5543e-002
13184	0.29743
13185	0.10294
13186	2.9057e-002
13187	9.9664e-002
13188	0.19002
13189	0.46042
13190	0.49434
13191	0.24294
13192	9.8301e-002
13193	0.12685
13194	0.14033
13195	0.37273
13196	0.20483
13197	0.1762
13198	0.23596
13199	0.28391
13200	0.23598
13201	0.56042
13202	0.35009
13203	0.39183
13204	0.60846
13205	0.35386
13206	-1.3031e-002
13207	3.0645e-002
13208	4.208e-002
13209	0.40655
13210	0.17679
13211	0.17524
13212	0.88173
13213	0.49388
13214	0.4078
13215	0.80266
13216	0.53213
13217	6.2501e-002
13218	0.39143
13219	0.42968
13220	8.1327e-002
13221	4.6882e-003
13222	1.6123e-002
13223	0.3806
13224	0.1188
13225	8.0843e-002
13226	0.24868
13227	9.6269e-002
13228	4.8341e-002
13229	0.16245
13230	0.13215
13231	7.0629e-002
13232	0.16622
13233	8.8721e-002
13234	0.1022
13235	0.16671
13236	5.794e-002
13237	0.13808
13238	2.6913e-002
13239	7.9828e-002
13240	0.19525
13241	0.42159
13242	0.17019
13243	0.1801
13244	0.21418
13245	0.42427
13246	0.16248
13247	0.42084
13248	0.43571
13249	0.30379
13250	0.69865
13251	-2.5462e-002
13252	1.5823e-002
13253	1.8049e-002
13254	2.5208e-002
13255	9.8896e-002
13256	0.15179
13257	5.4296e-002
13258	8.3004e-002
13259	6.9131e-003
13260	-5.3997e-002
13261	-2.0555e-002
13262	6.0292e-002
13263	9.8973e-002
13264	-3.1691e-002
13265	-9.2171e-002
13266	1.1551e-002
13267	-3.6011e-002
13268	0.541
13269	-2.7202e-002
13270	-3.9822e-002
13271	-2.8223e-002
13272	-0.22816
13273	0.34885
13274	-0.7062
13275	0.64419
13276	-0.23197
13277	0.81184
13278	-3.6556e-002
13279	-2.4852e-002
13280	-2.7616e-002
13281	-3.9704e-002
13282	0.22927
13283	-0.13873
13284	0.19176
13285	0.22402
13286	9.0168e-002
13287	3.4582e-002
13288	2.7889e-002
13289	0.22866
13290	0.15447
13291	0.28415
13292	2.0089e-002
13293	5.6977e-002
13294	-6.6449e-002
13295	0.71188
13296	0.11128
13297	0.35202
13298	0.21993
13299	-0.17565
13300	-7.599e-002
13301	0.38609
13302	0.20904
13303	-6.0901e-002
13304	-3.0218e-002
13305	-0.11499
13306	0.14005
13307	-0.10334
13308	8.7565e-002
13309	1.7455e-002
13310	-3.0603e-002
13311	0.25725
13312	0.23837
13313	-6.8134e-002
13314	0.10889
13315	0.10495
13316	0.12523
13317	0.7145
13318	-0.10153
13319	0.1841
13320	0.6975
13321	0.67183
13322	2.9984e-002
13323	3.8254e-002
13324	-0.25894
13325	0.62753
13326	9.7124e-002
13327	0.5907
13328	0.80076
13329	-1.4688e-003
13330	-8.3979e-003
13331	-2.8262e-002
13332	3.7488e-003
13333	-2.3238e-002
13334	-4.5762e-002
13335	-5.2369e-002
13336	3.8889e-002
13337	2.8263e-003
13338	5.6007e-004
13339	0.12917
13340	7.321e-002
13341	0.30868
13342	-9.1715e-003
13343	0.32506
13344	-1.7837e-002
13345	-1.7948e-002
13346	-4.0512e-003
13347	-0.16432
13348	-0.13679
13349	-0.17987
13350	-0.1227
13351	-0.12192
13352	0.89591
13353	0.28111
13354	0.72328
13355	0.32619
13356	0.42737
13357	0.44454
13358	6.9884e-002
13359	-0.13663
13360	0.38561
13361	0.34485
13362	2.7001e-002
13363	0.13383
13364	-1.2662e-002
13365	-0.13412
13366	-7.5922e-002
13367	-0.11925
13368	-0.17999
13369	6.2935e-003
13370	6.6936e-004
13371	0.12928
13372	7.332e-002
13373	6.0089e-002
13374	-2.3555e-002
13375	0.10815
13376	-9.7982e-003
13377	-1.4925e-003
13378	-0.16176
13379	-9.5244e-002
13380	-8.1096e-002
13381	-0.12015
13382	-0.18088
13383	-9.643e-002
13384	-1.9411e-002
13385	4.6321e-002
13386	-0.25088
13387	0.30971
13388	0.59877
13389	0.22345
13390	-0.28745
13391	-7.0481e-002
13392	1.6301
13393	1.3598
13394	-0.57007
13395	0.60194
13396	0.51191
13397	-0.57843
13398	7.5256e-002
13399	0.13949
13400	1.1
13401	-0.73764
13402	-0.85794
13403	0.55295
13404	0.40841
13405	-0.10916
13406	7.9336e-002
13407	1.3714
13408	0.49919
13409	-0.11344
13410	-0.45005
13411	-4.0944e-002
13412	8.2378e-003
13413	0.83252
13414	0.43704
13415	-2.8675e-002
13416	7.9487e-002
13417	1.7927e-002
13418	8.696e-002
13419	0.63535
13420	-0.37256
13421	-0.23605
13422	0.53664
13423	0.13836
13424	0.41589
13425	0.35678
13426	0.10706
13427	-0.68656
13428	-0.27213
13429	-0.21294
13430	0.21691
13431	0.3118
13432	4.1768e-002
13433	4.3482e-002
13434	0.45747
13435	0.13457
13436	0.27808
13437	0.35774
13438	0.37241
13439	3.7282e-002
13440	5.7932e-002
13441	0.23914
13442	2.487e-002
13443	0.55831
13444	0.29425
13445	0.1547
13446	0.14733
13447	3.3014e-002
13448	2.1418e-002
13449	0.32712
13450	0.24378
13451	0.18948
13452	0.15044
13453	0.45208
13454	8.8366e-002
13455	7.7547e-002
13456	0.19407
13457	-0.54952
13458	-0.51975
13459	-0.30164
13460	-0.36889
13461	0.11337
13462	0.1874
13463	1.4873e-002
13464	-1.0362e-002
13465	0.47177
13466	0.3306
13467	8.8673e-002
13468	9.0634e-002
13469	8.7376e-002
13470	0.12444
13471	0.11564
13472	-0.28579
13473	0.10069
13474	-0.25677
13475	7.4374e-002
13476	5.9481e-002
13477	0.1122
13478	-0.23653
13479	-5.5978e-002
13480	8.7693e-002
13481	-0.26688
13482	4.5292e-002
13483	7.1324e-002
13484	-0.28804
13485	-0.3101
13486	-0.22468
13487	-0.1681
13488	5.7943e-002
13489	3.4013e-002
13490	6.0437e-002
13491	-0.28309
13492	1.9738e-002
13493	-0.17937
13494	-0.20019
13495	5.7698e-002
13496	2.7595e-002
13497	4.096e-002
13498	5.1646e-002
13499	-0.28724
13500	-0.12978
13501	2.6112e-004
13502	-0.22152
13503	-1.1287e-002
13504	-9.3434e-003
13505	-0.15123
13506	-2.8236e-002
13507	-0.1787
13508	-8.8915e-002
13509	-6.0631e-002
13510	-8.0958e-002
13511	-0.13817
13512	-6.2575e-003
13513	-6.8291e-003
13514	-9.3798e-002
13515	-5.3971e-002
13516	-7.5788e-002
13517	-5.8117e-002
13518	-7.8444e-002
13519	-0.13432
13520	1.335e-002
13521	2.5246e-002
13522	7.2088e-002
13523	-0.28636
13524	-6.5555e-002
13525	-0.13213
13526	-0.24467
13527	-3.325e-003
13528	-2.7924e-003
13529	-6.5203e-002
13530	-5.5227e-002
13531	-2.4697e-002
13532	-2.8196e-002
13533	6.4874e-004
13534	-3.6126e-003
13535	3.1443e-002
13536	-9.1993e-002
13537	-5.6047e-002
13538	-8.7245e-004
13539	-2.5517e-002
13540	-4.5428e-003
13541	-3.55e-003
13542	5.7881e-002
13543	-6.0607e-002
13544	-5.0712e-003
13545	1.0742e-002
13546	-5.198e-002
13547	-3.32e-003
13548	-6.9804e-003
13549	-4.1625e-003
13550	-0.27131
13551	-0.22212
13552	-0.24032
13553	-0.26134
13554	-8.2688e-002
13555	-8.923e-002
13556	-4.5194e-002
13557	-8.5706e-002
13558	9.2891e-002
13559	-0.27854
13560	0.11172
13561	-0.21718
13562	-0.34776
13563	-0.1209
13564	-5.8851e-002
13565	-1.8721e-002
13566	-1.0631e-002
13567	0.16128
13568	0.10097
13569	0.14068
13570	-0.14976
13571	-5.6509e-002
13572	-6.4504e-002
13573	4.6541e-003
13574	-5.4594e-002
13575	-1.9275e-002
13576	-2.4423e-002
13577	0.20177
13578	5.9047e-002
13579	6.4127e-002
13580	-9.0757e-002
13581	-7.1807e-002
13582	-3.9161e-002
13583	1.2048e-003
13584	0.46167
13585	0.31327
13586	-0.26254
13587	-0.26281
13588	3.3828e-002
13589	0.12625
13590	-6.9732e-002
13591	0.16342
13592	-9.7724e-003
13593	1.0333e-002
13594	0.29034
13595	-0.23324
13596	1.8375e-002
13597	0.13537
13598	-6.8316e-002
13599	4.9134e-002
13600	0.45691
13601	0.10904
13602	-7.4499e-002
13603	-2.1622e-002
13604	0.15865
13605	0.56152
13606	0.42208
13607	6.4523e-002
13608	7.9994e-002
13609	-7.489e-002
13610	-6.1952e-002
13611	5.5499e-002
13612	-8.7785e-002
13613	-7.3417e-002
13614	-0.17749
13615	-0.13704
13616	1.4411
13617	0.40228
13618	-0.48869
13619	-0.54696
13620	0.14569
13621	-5.9487e-002
13622	6.9765e-002
13623	-6.1088e-002
13624	-6.6157e-002
13625	-0.20606
13626	-0.24528
13627	-5.2839e-002
13628	-7.4656e-002
13629	-6.7005e-002
13630	-2.9997e-002
13631	8.9409e-002
13632	-0.20296
13633	2.3073e-002
13634	3.4107e-002
13635	-0.50933
13636	-0.35847
13637	0.12379
13638	-0.27763
13639	0.23929
13640	0.10254
13641	0.55846
13642	0.19389
13643	0.15485
13644	0.45649
13645	0.86674
13646	-0.77044
13647	-0.63923
13648	0.37561
13649	5.5427e-003
13650	4.0273e-003
13651	6.3447e-002
13652	1.4869e-002
13653	-1.2117e-002
13654	-2.0197e-002
13655	2.6025e-003
13656	0.29045
13657	-3.4929e-002
13658	0.30022
13659	3.6167e-002
13660	-5.037e-002
13661	-0.1107
13662	0.25478
13663	-0.19244
13664	0.60658
13665	-0.27289
13666	0.28885
13667	4.0988e-003
13668	-2.4071e-002
13669	-0.12222
13670	-8.9653e-002
13671	-7.5505e-002
13672	-4.1571e-002
13673	-1.38
13674	-0.4501
13675	0.90029
13676	-0.28007
13677	-5.1961e-002
13678	0.11831
13679	-0.21059
13680	-0.12509
13681	-3.8211e-002
13682	6.8647e-003
13683	0.53161
13684	-0.14181
13685	0.38043
13686	0.13851
13687	-0.22792
13688	-7.028e-002
13689	0.45258
13690	0.25225
13691	-0.11563
13692	0.16599
13693	-0.22694
13694	-0.20677
13695	4.4846e-002
13696	6.9427e-002
13697	0.16184
13698	1.7761e-002
13699	-4.1487e-002
13700	-4.4962e-002
13701	0.10559
13702	-0.24898
13703	-0.25187
13704	-8.818e-002
13705	-5.2595e-002
13706	2.9404e-003
13707	-5.6496e-002
13708	-2.5966e-002
13709	8.3382e-002
13710	-0.27829
13711	-0.27507
13712	-0.12084
13713	-5.7557e-002
13714	-7.7884e-002
13715	2.2571e-002
13716	-0.19736
13717	-0.19921
13718	0.11005
13719	-0.23352
13720	-5.2973e-002
13721	4.9105e-002
13722	-8.4017e-002
13723	0.49637
13724	0.31994
13725	0.50356
13726	0.1823
13727	0.11327
13728	-0.30204
13729	0.187
13730	-5.7548e-002
13731	0.31505
13732	0.16813
13733	0.39471
13734	-0.24085
13735	0.17325
13736	0.41109
13737	-0.82651
13738	0.58439
13739	-2.1853e-002
13740	3.0115e-002
13741	0.1038
13742	5.9204e-002
13743	6.6362e-002
13744	-5.7064e-002
13745	-0.65004
13746	-0.17581
13747	-0.10605
13748	-0.13239
13749	-9.4403e-002
13750	9.6505e-002
13751	-6.4842e-002
13752	0.22351
13753	-8.2987e-002
13754	-0.14448
13755	-0.24261
13756	0.11346
13757	-8.1347e-002
13758	-0.10625
13759	7.1053e-002
13760	-1.1328e-002
13761	-2.5821e-002
13762	-1.4778e-002
13763	3.9702e-003
13764	-2.5243e-002
13765	-1.5015e-002
13766	-2.81e-002
13767	-1.6957e-002
13768	-8.5384e-003
13769	-0.10891
13770	-5.539e-002
13771	-3.232e-002
13772	7.9396e-003
13773	-1.8141e-002
13774	-2.6885e-002
13775	-1.8996e-002
13776	-2.1261e-002
13777	-2.5034e-002
13778	-2.3168e-002
13779	-9.7587e-002
13780	-7.1846e-002
13781	-0.10824
13782	-8.9816e-002
13783	-1.3542e-002
13784	-2.5882e-002
13785	-1.3733e-002
13786	-2.0132e-002
13787	-1.8632e-002
13788	-1.3517e-002
13789	-0.11239
13790	-0.10528
13791	-7.5193e-002
13792	-2.9544e-002
13793	-2.2688e-002
13794	-3.2361e-002
13795	-3.7046e-002
13796	-4.1079e-002
13797	-2.4665e-002
13798	-3.2248e-002
13799	-0.14942
13800	-0.17428
13801	-0.1987
13802	-0.14542
13803	-2.0054e-002
13804	9.7905e-003
13805	-2.1799e-002
13806	-2.2438e-002
13807	-5.5219e-002
13808	-1.9237e-002
13809	-3.2716e-002
13810	-0.27992
13811	-0.14624
13812	-2.4562e-002
13813	-3.7026e-002
13814	-2.273e-002
13815	-1.9665e-002
13816	-3.1163e-002
13817	-2.916e-002
13818	-2.9287e-002
13819	-0.13026
13820	-0.13395
13821	-1.3235e-002
13822	-1.0742e-002
13823	-1.7794e-002
13824	-2.8351e-002
13825	-1.8667e-002
13826	-1.4646e-002
13827	-8.8903e-002
13828	-5.1304e-002
13829	-2.8467e-002
13830	-1.3296e-002
13831	-1.0719e-002
13832	-5.3278e-003
13833	-1.2803e-002
13834	-1.238e-002
13835	-6.1684e-003
13836	2.7634e-002
13837	-4.2848e-002
13838	-0.12758
13839	-3.3858e-002
13840	-6.6389e-003
13841	-4.0278e-002
13842	-9.5494e-003
13843	-1.2875e-002
13844	-1.4985e-002
13845	-7.3008e-002
13846	-9.3781e-002
13847	-0.10918
13848	-3.5899e-002
13849	-3.0049e-002
13850	-0.11181
13851	-1.3279e-002
13852	-3.4106e-002
13853	-3.3159e-002
13854	-2.6295e-002
13855	-0.11562
13856	-0.15195
13857	-0.13944
13858	-0.12256
13859	-2.537e-002
13860	-6.5104e-002
13861	-4.6848e-002
13862	-1.563e-002
13863	5.9384e-003
13864	-5.042e-002
13865	-0.24155
13866	-0.1906
13867	-0.17827
13868	-9.2654e-003
13869	-5.7971e-003
13870	3.4944e-002
13871	-3.9013e-003
13872	-1.9039e-003
13873	-2.1754e-003
13874	-3.7217e-003
13875	-5.0133e-002
13876	-5.8306e-002
13877	-3.5581e-002
13878	-3.5e-002
13879	2.7432e-002
13880	-5.1483e-002
13881	5.1219e-003
13882	1.2846e-002
13883	-4.7642e-003
13884	-4.0249e-002
13885	5.1696e-003
13886	5.4428e-002
13887	3.6771e-002
13888	-6.6931e-003
13889	-8.0103e-003
13890	3.8058e-003
13891	-8.6444e-003
13892	-3.406e-003
13893	-4.6234e-003
13894	-3.3341e-002
13895	-4.1183e-002
13896	-6.557e-002
13897	-4.092e-002
13898	-2.2087e-002
13899	-1.0957e-002
13900	-1.3641e-002
13901	-9.0402e-003
13902	-2.2182e-002
13903	-8.5465e-003
13904	-0.11451
13905	-0.11533
13906	-4.877e-002
13907	-2.0583e-002
13908	-3.1861e-003
13909	7.3879e-003
13910	-1.7959e-002
13911	-4.2427e-002
13912	9.8499e-003
13913	5.0848e-002
13914	1.8226e-002
13915	-8.2601e-002
13916	-2.1391e-002
13917	0.10361
13918	5.608e-003
13919	3.5214e-003
13920	-1.1122e-002
13921	-4.8408e-003
13922	-0.16514
13923	-0.17751
13924	-8.1539e-002
13925	-2.2101e-002
13926	-4.1209e-002
13927	-5.2802e-002
13928	-5.3019e-002
13929	-2.6881e-002
13930	-4.8219e-002
13931	-3.6973e-002
13932	-0.12341
13933	-0.14689
13934	-0.15886
13935	-0.15228
13936	-0.14944
13937	-0.12041
13938	-1.2314e-002
13939	-1.0454e-002
13940	-5.9774e-003
13941	-2.2074e-002
13942	-1.879e-002
13943	-0.11789
13944	-9.0562e-002
13945	-2.5803e-002
13946	-9.0759e-003
13947	-1.456e-002
13948	-1.0342e-002
13949	-6.9056e-003
13950	-8.992e-003
13951	-0.10231
13952	-0.11123
13953	-2.3187e-002
13954	-1.8734e-002
13955	-1.9734e-002
13956	-2.6794e-002
13957	-8.8598e-002
13958	-2.2333e-002
13959	-0.13754
13960	-0.12328
13961	-0.11911
13962	-6.1593e-002
13963	-7.5112e-002
13964	-3.4622e-002
13965	-2.3834e-002
13966	-2.5611e-002
13967	-2.1797e-002
13968	-0.17959
13969	-0.19053
13970	-0.15139
13971	1.8317e-002
13972	-2.0231e-002
13973	-2.744e-002
13974	4.6593e-003
13975	-1.9171e-002
13976	-1.0671e-002
13977	-9.8549e-002
13978	-0.11314
13979	-0.1785
13980	-0.15248
13981	-5.9666e-002
13982	-0.14391
13983	-0.81228
13984	-8.2651e-002
13985	-6.4161e-002
13986	-0.3429
13987	-7.8083e-002
13988	-7.1944e-002
13989	-0.44088
13990	-0.21989
13991	-0.30399
13992	-0.17894
13993	-0.13463
13994	-2.9173e-002
13995	-5.5137e-002
13996	4.2405e-002
13997	3.0887e-003
13998	-3.0013e-002
13999	6.1445e-002
14000	-6.6692e-002
14001	0.19341
14002	-7.5487e-002
14003	1.4427e-002
14004	-8.5752e-003
14005	-2.0855e-003
14006	2.2438e-002
14007	-4.7991e-003
14008	-5.1759e-003
14009	-3.1227e-002
14010	-3.7587e-002
14011	-7.0963e-003
14012	-7.2777e-003
14013	5.1243e-002
14014	-1.1995e-002
14015	-4.5619e-003
14016	7.9123e-002
14017	-9.8641e-002
14018	-7.6555e-002
14019	-5.9292e-002
14020	-1.4266e-002
14021	-9.3406e-003
14022	-1.4125e-002
14023	-2.3702e-002
14024	2.3216e-002
14025	-1.5443e-002
14026	-2.8689e-002
14027	-4.0261e-002
14028	5.3696e-003
14029	-0.23709
14030	1.4015e-002
14031	-7.1389e-003
14032	-2.1925e-002
14033	9.339e-003
14034	-5.0954e-003
14035	1.2403e-002
14036	-3.1768e-003
14037	-2.1475e-002
14038	6.188e-002
14039	-3.5243e-002
14040	-1.2173e-002
14041	2.8087e-002
14042	-2.408e-002
14043	-2.0645e-002
14044	-1.681e-002
14045	-1.6361e-002
14046	3.2667e-002
14047	-6.4456e-002
14048	3.2945e-002
14049	-4.9232e-003
14050	-1.6241e-003
14051	1.6514e-003
14052	-5.2126e-003
14053	-7.727e-003
14054	-3.1227e-002
14055	0.21316
14056	-7.1412e-003
14057	-7.4907e-003
14058	-1.808e-002
14059	-1.5074e-002
14060	-0.18153
14061	-0.20505
14062	-0.12825
14063	1.1672e-002
14064	-0.25168
14065	-1.3056e-002
14066	0.2945
14067	-0.20781
14068	-0.31513
14069	-0.26669
14070	-0.34623
14071	-4.1103e-002
14072	-7.0915e-002
14073	-3.6836e-002
14074	-4.2391e-002
14075	-3.7296e-002
14076	-0.14577
14077	-0.13144
14078	-0.12557
14079	-0.10867
14080	5.6301e-004
14081	6.2314e-003
14082	5.0312e-003
14083	-1.5138e-002
14084	7.1809e-003
14085	-6.2678e-002
14086	-8.5146e-002
14087	-5.1806e-002
14088	6.3742e-003
14089	7.2318e-003
14090	1.5286e-002
14091	1.6552e-002
14092	1.6236e-002
14093	-0.10196
14094	-5.3624e-002
14095	-8.4864e-002
14096	-7.2633e-003
14097	-5.8798e-003
14098	-1.1154e-002
14099	-1.4928e-002
14100	-5.596e-003
14101	-8.1007e-003
14102	-8.7481e-002
14103	-4.7038e-002
14104	-7.7717e-002
14105	-1.565e-002
14106	-1.6642e-002
14107	-1.714e-002
14108	-1.3112e-002
14109	-1.1932e-002
14110	-9.7007e-002
14111	-2.8204e-002
14112	-3.3241e-002
14113	-2.2098e-002
14114	-2.5642e-002
14115	-1.8395e-002
14116	-0.11405
14117	-0.15264
14118	-0.15142
14119	-8.3865e-002
14120	-3.459e-002
14121	-3.4807e-002
14122	-4.4561e-002
14123	-2.6851e-002
14124	-0.12236
14125	-0.13151
14126	-2.5834e-002
14127	-2.4334e-002
14128	-2.5023e-002
14129	-1.864e-002
14130	-1.8623e-002
14131	-2.2466e-002
14132	-0.11809
14133	-0.11098
14134	-0.12062
14135	-0.10322
14136	-2.6937e-002
14137	-1.0417e-002
14138	-8.02e-003
14139	-1.7562e-002
14140	-2.2577e-002
14141	-0.10774
14142	-5.4227e-002
14143	-7.9339e-002
14144	-0.14512
14145	-0.29668
14146	-0.27798
14147	-0.29645
14148	-0.36943
14149	2.049e-003
14150	-0.2679
14151	-5.3602e-002
14152	-2.2548e-002
14153	-5.5328e-002
14154	1.2794e-002
14155	-1.5532e-002
14156	1.7441e-002
14157	-0.23005
14158	-0.18427
14159	-0.20158
14160	1.0007e-003
14161	0.10211
14162	-9.0531e-003
14163	-0.22701
14164	1.1614e-002
14165	-9.2775e-003
14166	-0.25648
14167	-0.36236
14168	-0.32156
14169	-4.9809e-003
14170	-5.3591e-003
14171	-1.0762e-002
14172	-8.8852e-003
14173	-4.187e-003
14174	-4.5543e-002
14175	-2.2707e-002
14176	-2.9059e-002
14177	-6.9818e-002
14178	-3.4543e-002
14179	-3.8681e-002
14180	-5.7299e-002
14181	-0.11104
14182	-0.1215
14183	-0.12229
14184	-0.11698
14185	-0.13122
14186	-2.8758e-002
14187	-2.1902e-002
14188	8.4648e-003
14189	-1.6511e-002
14190	-0.20006
14191	-3.5727e-002
14192	0.29829
14193	1.6451e-002
14194	0.17815
14195	0.20607
14196	-3.0172e-002
14197	-1.6504e-002
14198	-2.5386e-002
14199	-2.1366e-002
14200	-1.6364e-002
14201	-6.9354e-002
14202	-0.10766
14203	-0.10575
14204	-8.7325e-002
14205	-1.8531e-002
14206	1.1042e-002
14207	-2.0986e-002
14208	-1.0112e-002
14209	-1.4828e-002
14210	1.9028e-002
14211	-2.7595e-002
14212	-0.13619
14213	-6.8481e-002
14214	-6.2868e-002
14215	-4.3036e-002
14216	-4.4169e-002
14217	-0.10804
14218	-3.214e-002
14219	-9.5599e-002
14220	-2.4457e-003
14221	-7.0518e-002
14222	-8.0272e-002
14223	-3.0927e-002
14224	-5.4472e-002
14225	-0.14091
14226	-4.5804e-002
14227	-0.11532
14228	2.1267e-002
14229	-1.2519e-002
14230	-1.3016e-002
14231	-1.8182e-002
14232	6.4476e-004
14233	-8.2183e-003
14234	-0.12539
14235	-0.17467
14236	3.0189e-002
14237	2.0588e-003
14238	8.8565e-002
14239	1.5805e-003
14240	-4.9206e-003
14241	-8.2465e-003
14242	-6.8379e-002
14243	-7.7835e-002
14244	-0.14777
14245	-2.6298e-002
14246	-3.4503e-002
14247	-2.014e-002
14248	-4.0866e-002
14249	-0.26655
14250	-0.15439
14251	-6.8091e-002
14252	-9.6724e-002
14253	-5.5266e-002
14254	-7.8652e-002
14255	-0.26978
14256	-0.2065
14257	-0.224
14258	-0.20404
14259	-0.22197
14260	-0.23048
14261	-0.24132
14262	-2.5366e-002
14263	-0.11915
14264	-9.0884e-002
14265	-0.12337
14266	0.16644
14267	-0.69277
14268	-0.40381
14269	-2.0208e-002
14270	-4.3518e-002
14271	-3.438e-003
14272	-0.17272
14273	-2.6924e-002
14274	-0.14478
14275	-0.18269
14276	-0.14211
14277	-0.2226
14278	-0.1296
14279	-0.10172
14280	-1.3352e-002
14281	-7.1609e-003
14282	0.25887
14283	0.29362
14284	0.20532
14285	7.6595e-002
14286	7.1609e-002
14287	5.3109e-002
14288	0.11333
14289	-2.9641e-002
14290	-0.10265
14291	-5.0784e-003
14292	-5.9744e-003
14293	-4.7531e-003
14294	-7.0707e-003
14295	-9.8832e-002
14296	-6.8747e-002
14297	-5.9483e-002
14298	-2.8658e-003
14299	-1.0413e-002
14300	-5.4108e-003
14301	-1.4988e-002
14302	-5.8401e-002
14303	-1.9974e-002
14304	-4.305e-002
14305	-2.3311e-002
14306	-3.3542e-002
14307	-1.9874e-002
14308	-1.871e-002
14309	-2.2552e-002
14310	-0.11528
14311	-0.1207
14312	-0.12418
14313	-0.13768
14314	7.6218e-002
14315	6.4874e-002
14316	6.9521e-002
14317	-9.2011e-002
14318	0.3477
14319	-0.29908
14320	-0.26193
14321	3.3254e-002
14322	4.0143e-002
14323	1.208e-002
14324	2.7627e-002
14325	2.1106e-002
14326	3.4742e-002
14327	-0.10488
14328	-0.2479
14329	-7.2046e-002
14330	-0.14044
14331	6.6912e-002
14332	9.2854e-003
14333	-2.1337e-003
14334	1.3928e-002
14335	-1.1419e-002
14336	1.6089e-003
14337	1.639e-002
14338	3.321e-002
14339	5.7387e-002
14340	-2.3705e-002
14341	-4.5476e-002
14342	-2.4993e-002
14343	-2.7962e-002
14344	-2.3146e-002
14345	-0.13128
14346	-0.14165
14347	-0.11439
14348	-3.7668e-002
14349	-1.0678e-002
14350	-1.8415e-002
14351	-2.5321e-002
14352	-0.13626
14353	-3.8032e-003
14354	1.7488e-003
14355	-2.082e-003
14356	-3.2994e-003
14357	2.7714e-003
14358	-2.1359e-003
14359	-4.3577e-002
14360	-3.9859e-002
14361	-2.8817e-002
14362	-3.0107e-002
14363	-2.8681e-003
14364	-6.5177e-003
14365	-7.9264e-004
14366	-2.3296e-003
14367	-1.96e-003
14368	-1.7699e-003
14369	-3.912e-002
14370	-3.2071e-002
14371	-2.5664e-002
14372	-3.0328e-002
14373	-2.0522e-003
14374	-1.6947e-002
14375	-8.4467e-003
14376	-2.8815e-002
14377	-2.581e-002
14378	-0.19227
14379	-0.15025
14380	3.8553e-003
14381	-1.7067e-003
14382	-2.0562e-003
14383	-9.1925e-003
14384	-4.1751e-003
14385	-0.12038
14386	-0.37836
14387	-8.9223e-002
14388	-0.10722
14389	-7.8179e-002
14390	0.19652
14391	0.17992
14392	-1.0129e-002
14393	-8.2335e-003
14394	-9.1295e-003
14395	-2.9298e-002
14396	-5.4465e-002
14397	-6.2638e-002
14398	-6.5967e-002
14399	-1.1227e-002
14400	-1.0446e-002
14401	-6.4245e-003
14402	-3.6508e-003
14403	-7.0462e-003
14404	-3.5142e-002
14405	-3.9458e-002
14406	-2.4287e-002
14407	-4.2721e-002
14408	1.9613e-002
14409	2.3897e-002
14410	3.1621e-002
14411	0.17099
14412	5.9139e-002
14413	5.5993e-002
14414	-2.4198e-002
14415	7.3203e-002
14416	5.5546e-002
14417	4.9391e-002
14418	-6.6844e-002
14419	3.6375e-002
14420	6.1265e-002
14421	5.4044e-002
14422	4.1509e-002
14423	-0.10421
14424	-0.12189
14425	-3.06e-003
14426	-1.2367e-002
14427	-2.8825e-002
14428	7.875e-002
14429	-6.1629e-003
14430	-9.9014e-002
14431	-7.6928e-002
14432	-0.17018
14433	-0.11295
14434	-1.5075e-004
14435	9.5674e-003
14436	-1.1771e-002
14437	6.3992e-003
14438	-0.11045
14439	-0.10759
14440	-0.12735
14441	-0.11583
14442	-0.13297
14443	6.8744e-004
14444	-6.5243e-003
14445	-6.862e-003
14446	-1.2416e-002
14447	-9.0828e-003
14448	-0.1158
14449	-4.4301e-002
14450	-6.8688e-002
14451	-7.8699e-002
14452	5.3587e-002
14453	8.1242e-002
14454	0.13727
14455	7.2202e-003
14456	-1.8406e-002
14457	-0.11166
14458	-0.7901
14459	-1.0504
14460	-0.70292
14461	-1.1483
14462	-0.79951
14463	-0.14655
14464	-0.84421
14465	-0.87209
14466	-0.67051
14467	-1.0219
14468	-0.92933
14469	-0.13052
14470	-0.11971
14471	-0.10018
14472	-9.9231e-002
14473	-1.605e-002
14474	-0.18169
14475	-8.7142e-002
14476	-0.18863
14477	-1.7888e-002
14478	-9.5966e-003
14479	-1.1313e-002
14480	-1.115e-002
14481	-1.248e-002
14482	5.5263e-002
14483	3.5524e-004
14484	-6.4372e-003
14485	-0.114
14486	-0.13322
14487	-8.1741e-002
14488	0.36755
14489	-2.3385e-002
14490	0.18719
14491	0.10858
14492	-2.583e-002
14493	-4.5856e-003
14494	-6.1226e-003
14495	-6.758e-002
14496	-5.0997e-002
14497	-4.6208e-002
14498	-3.5864e-002
14499	-6.2498e-002
14500	-3.4121e-002
14501	3.7973e-002
14502	3.7702e-002
14503	6.3957e-002
14504	6.2225e-002
14505	8.5599e-003
14506	5.5667e-003
14507	4.2958e-003
14508	-1.3902e-002
14509	-8.443e-002
14510	-2.5606e-002
14511	-2.9824e-002
14512	-4.0273e-002
14513	-6.0396e-002
14514	-0.20057
14515	-0.18824
14516	-0.11697
14517	-0.13838
14518	-0.19018
14519	-3.3988e-002
14520	0.18775
14521	-6.5992e-002
14522	-0.21502
14523	-0.15957
14524	-9.7175e-002
14525	-0.24006
14526	-1.9227e-002
14527	-1.289e-002
14528	-1.1173e-002
14529	-1.3469e-002
14530	-0.11234
14531	-0.12841
14532	-7.5146e-002
14533	-8.0082e-002
14534	-9.7475e-002
14535	-6.4905e-002
14536	-0.10039
14537	-0.11839
14538	0.20732
14539	-5.7126e-003
14540	0.10217
14541	-2.888e-002
14542	-3.0647e-002
14543	-3.2424e-002
14544	-0.12083
14545	-0.15821
14546	-1.218e-002
14547	-1.1989e-002
14548	-2.0721e-002
14549	-1.083e-002
14550	-1.4098e-002
14551	-0.10829
14552	-0.11305
14553	-0.11307
14554	-0.14046
14555	-5.781e-002
14556	-0.12281
14557	-5.5186e-002
14558	0.29359
14559	0.20024
14560	-4.1758e-002
14561	-1.9001e-002
14562	0.31353
14563	0.12076
14564	3.3779e-002
14565	4.4353e-002
14566	2.0109e-002
14567	-0.1096
14568	-4.5636e-002
14569	-0.11557
14570	2.3056e-002
14571	5.3266e-005
14572	-6.0033e-004
14573	7.762e-003
14574	-3.8829e-002
14575	-5.6872e-002
14576	-3.2222e-002
14577	-9.5406e-003
14578	-2.0616e-002
14579	3.9123e-003
14580	-1.9632e-002
14581	-0.10607
14582	-0.12955
14583	-9.8939e-002
14584	-0.1321
14585	-9.4735e-002
14586	-8.8493e-002
14587	-7.4049e-002
14588	-5.0618e-002
14589	-4.4337e-002
14590	-0.11556
14591	-4.4719e-002
14592	-0.12103
14593	-8.5433e-002
14594	-1.1374e-002
14595	-1.088e-002
14596	-0.10373
14597	-0.11337
14598	-0.11767
14599	-6.4009e-002
14600	4.1135e-003
14601	-2.0614e-002
14602	-0.28871
14603	-0.21027
14604	9.5177e-002
14605	9.309e-002
14606	0.31483
14607	-7.5571e-002
14608	-8.7942e-002
14609	2.9903e-002
14610	-0.47423
14611	-0.18526
14612	-0.1063
14613	-0.11973
14614	-8.8591e-002
14615	-0.1841
14616	-0.12371
14617	-0.16689
14618	-4.5847e-003
14619	-2.6975e-003
14620	3.2545e-002
14621	-5.0792e-002
14622	-9.3438e-002
14623	-7.5904e-002
14624	-0.2097
14625	-0.24564
14626	-0.26085
14627	-0.47136
14628	0.46777
14629	0.26018
14630	-4.0013e-002
14631	-0.21437
14632	-5.8394e-003
14633	-3.6898e-003
14634	-1.088e-002
14635	-8.4746e-003
14636	-7.2782e-003
14637	-8.7206e-002
14638	-6.1465e-002
14639	-3.461e-002
14640	-9.3182e-003
14641	-1.4034e-002
14642	-0.10969
14643	-0.14828
14644	7.1597e-003
14645	-6.7687e-002
14646	-0.34895
14647	-0.36417
14648	-0.36725
14649	0.36446
14650	-0.10915
14651	-2.6722e-002
14652	-1.0308e-002
14653	-2.2261e-002
14654	-1.7444e-002
14655	-0.13746
14656	-0.12863
14657	-0.13595
14658	-0.13107
14659	0.21839
14660	0.20745
14661	0.37828
14662	0.26567
14663	2.048e-002
14664	-0.11057
14665	-0.15048
14666	-4.6036e-002
14667	-0.1149
14668	-3.7133e-002
14669	-0.15183
14670	-0.13128
14671	-0.14958
14672	-0.12541
14673	-6.0808e-002
14674	-5.6993e-002
14675	-0.32149
14676	-0.22573
14677	-0.22049
14678	-0.23781
14679	-0.18781
14680	-0.24305
14681	7.4662e-002
14682	0.21404
14683	7.9304e-002
14684	5.5059e-002
14685	-8.3779e-002
14686	8.1766e-002
14687	2.8288e-003
14688	9.2432e-002
14689	0.13896
14690	-8.3337e-002
14691	-7.255e-002
14692	-6.175e-003
14693	-7.7565e-002
14694	-0.1751
14695	-0.12744
14696	-0.2283
14697	-0.21929
14698	-0.28023
14699	-0.20499
14700	5.9829e-002
14701	-0.15813
14702	-0.29348
14703	0.12673
14704	-7.1479e-002
14705	-3.0022e-002
14706	3.4316e-002
14707	-0.18781
14708	-0.19876
14709	-0.1788
14710	-5.0588e-002
14711	-4.6294e-002
14712	-6.905e-002
14713	-4.3994e-002
14714	-0.10202
14715	-0.12279
14716	-8.8984e-002
14717	-8.8648e-003
14718	-4.0509e-002
14719	-0.16712
14720	2.0255e-002
14721	-0.22026
14722	8.0619e-002
14723	0.21109
14724	3.6733e-002
14725	2.7716e-003
14726	-3.8114e-002
14727	-2.6876e-002
14728	-3.2043e-002
14729	-2.2359e-002
14730	-0.13925
14731	-0.10865
14732	-0.10674
14733	-2.3347e-002
14734	-3.1407e-002
14735	-0.13974
14736	-0.16461
14737	-0.14215
14738	-0.10724
14739	1.38e-002
14740	2.9117e-002
14741	1.1403e-002
14742	6.7861e-003
14743	1.8703e-002
14744	1.6581e-002
14745	4.3759e-002
14746	4.3748e-002
14747	7.8854e-002
14748	-4.7271e-002
14749	-4.2472e-002
14750	-3.9188e-002
14751	-0.14028
14752	-0.15311
14753	-0.13483
14754	-0.14398
14755	-0.15165
14756	-5.7242e-002
14757	-3.1442e-002
14758	-0.11788
14759	-0.15333
14760	-0.13504
14761	-0.15186
14762	-1.2079e-002
14763	-2.6895e-002
14764	-2.4892e-002
14765	-1.5905e-002
14766	-0.12599
14767	-0.11405
14768	-9.6664e-002
14769	2.3342e-002
14770	3.9163e-002
14771	2.9735e-003
14772	0.17381
14773	-0.13668
14774	-0.16048
14775	-0.31505
14776	-0.11846
14777	-4.4886e-002
14778	-9.3637e-002
14779	-2.7372e-002
14780	-0.1398
14781	-0.13057
14782	-0.14257
14783	-0.12832
14784	1.0606e-002
14785	4.1619e-002
14786	1.8314e-002
14787	-1.2046e-002
14788	-1.5039e-002
14789	-2.8277e-002
14790	-1.6509e-002
14791	-1.2033e-002
14792	-9.0491e-003
14793	-0.12756
14794	-0.12394
14795	-9.6618e-002
14796	-2.383e-002
14797	-1.0162e-002
14798	-2.1954e-002
14799	-0.10557
14800	-0.10025
14801	-0.12662
14802	-0.10036
14803	-0.10965
14804	0.23913
14805	0.11212
14806	-4.084e-002
14807	-7.3462e-002
14808	-0.12763
14809	-0.1448
14810	-0.10205
14811	-8.4406e-002
14812	1.1374e-003
14813	-4.4233e-002
14814	-3.319e-002
14815	5.0165e-002
14816	5.0444e-002
14817	-8.6468e-003
14818	-1.5366e-002
14819	1.4148e-002
14820	-3.5784e-002
14821	-2.0352e-002
14822	-4.3428e-002
14823	2.437e-003
14824	-2.0592e-002
14825	-2.7759e-002
14826	-9.3827e-003
14827	2.442e-002
14828	-4.6062e-002
14829	0.21404
14830	-9.382e-003
14831	-6.2343e-003
14832	1.5497e-002
14833	-2.2171e-003
14834	-8.0491e-002
14835	-2.0751e-002
14836	-4.1607e-002
14837	-8.7198e-004
14838	-3.7653e-003
14839	-2.544e-003
14840	-5.7274e-002
14841	-3.4549e-002
14842	3.7071e-002
14843	-4.1982e-002
14844	-3.5347e-002
14845	2.6711e-002
14846	-0.4187
14847	-0.19771
14848	-7.2026e-002
14849	-8.0821e-002
14850	-0.15676
14851	-0.19969
14852	9.5297e-002
14853	0.12425
14854	-0.19473
14855	0.11446
14856	1.6722e-002
14857	-7.4747e-003
14858	-7.312e-003
14859	8.7453e-003
14860	5.5745e-002
14861	-2.5994e-002
14862	-2.5988e-003
14863	3.4942e-002
14864	-1.6745e-002
14865	-0.11428
14866	-6.662e-002
14867	-9.1042e-002
14868	-7.3507e-002
14869	-2.0319e-002
14870	-2.738e-002
14871	-1.8139e-002
14872	-0.13812
14873	-0.10321
14874	-0.1197
14875	-2.6269e-002
14876	-7.1888e-003
14877	-0.1257
14878	-0.12208
14879	-0.14911
14880	-0.14747
14881	-0.11493
14882	-9.4626e-002
14883	-1.2226e-002
14884	-1.8727e-002
14885	-8.2185e-002
14886	1.0968e-002
14887	9.1863e-003
14888	-9.1641e-002
14889	1.6193e-003
14890	-6.2875e-003
14891	-0.11523
14892	-6.2713e-002
14893	-8.133e-002
14894	-0.15431
14895	7.3901e-002
14896	-0.14553
14897	-9.7832e-002
14898	-0.14101
14899	-2.7149e-002
14900	-8.322e-003
14901	-1.3444e-002
14902	-0.13435
14903	-8.7701e-002
14904	-0.14163
14905	-0.13306
14906	-0.21131
14907	-0.42878
14908	0.12271
14909	2.5676e-003
14910	0.31764
14911	3.2278e-002
14912	4.8098e-002
14913	-0.23181
14914	-0.11786
14915	-0.13555
14916	-2.3069e-002
14917	-3.1275e-002
14918	-1.6858e-002
14919	-5.3537e-002
14920	-0.13827
14921	-1.8509e-002
14922	-9.0281e-002
14923	-0.31615
14924	-0.67895
14925	-0.66946
14926	-0.24925
14927	-0.40271
14928	-4.5196e-002
14929	-5.156e-002
14930	-0.41414
14931	-0.29876
14932	-0.27724
14933	-0.40464
14934	0.45379
14935	0.28704
14936	0.19482
14937	0.63987
14938	-9.5759e-002
14939	0.24074
14940	0.24814
14941	9.8343e-003
14942	-2.181e-002
14943	0.16342
14944	-5.4036e-002
14945	-5.5817e-002
14946	-3.4611e-003
14947	-4.5575e-003
14948	-1.3114e-003
14949	-7.1171e-002
14950	-6.7879e-002
14951	-8.8002e-002
14952	-0.21069
14953	-0.12867
14954	-0.14458
14955	-0.10898
14956	-0.16599
14957	-2.8022e-002
14958	-1.8879e-002
14959	-0.14491
14960	-0.11431
14961	-9.8258e-002
14962	-6.0659e-002
14963	-1.3336e-002
14964	-6.6327e-002
14965	-0.10463
14966	-5.0975e-002
14967	-2.3049e-002
14968	-2.6287e-002
14969	-0.17702
14970	-8.3049e-002
14971	-0.14883
14972	-3.0852e-002
14973	-1.6488e-002
14974	-0.13198
14975	-0.2629
14976	-0.15074
14977	-0.13785
14978	-7.0142e-002
14979	9.2634e-002
14980	-6.3886e-003
14981	-4.1777e-003
14982	-1.291e-002
14983	-0.10048
14984	-0.17445
14985	-0.1437
14986	-3.4605e-002
14987	-0.1337
14988	-0.14853
14989	-0.14195
14990	5.6833e-003
14991	-8.204e-002
14992	-0.20473
14993	-0.12271
14994	-0.20989
14995	-0.20743
14996	-8.993e-002
14997	-4.3785e-002
14998	-4.6508e-002
14999	5.0893e-002
15000	-9.4025e-003
15001	-9.2125e-003
15002	-9.7792e-003
15003	-4.2191e-002
15004	-2.2093e-002
15005	-2.7021e-002
15006	-3.3107e-002
15007	3.3877e-002
15008	1.3936e-003
15009	2.7181e-002
15010	-0.22031
15011	-0.16935
15012	-0.34143
15013	-0.27905
15014	0.15641
15015	9.3583e-003
15016	2.4139e-002
15017	4.096e-002
15018	3.4805e-002
15019	8.4476e-003
15020	-8.9155e-003
15021	-0.12608
15022	-0.17537
15023	-0.13336
15024	0.11434
15025	0.32491
15026	7.5144e-002
15027	-2.2595e-002
15028	-3.8815e-003
15029	-5.598e-003
15030	-6.279e-003
15031	-8.4553e-002
15032	-2.4813e-002
15033	-2.4118e-002
15034	-1.1995e-002
15035	0.25404
15036	-8.252e-003
15037	5.9223e-002
15038	4.1006e-002
15039	0.28878
15040	2.3349e-002
15041	0.20049
15042	0.14889
15043	1.2122e-003
15044	-9.2534e-003
15045	-3.695e-003
15046	-5.6517e-003
15047	-4.5137e-002
15048	-3.1666e-002
15049	6.9336e-004
15050	6.7642e-003
15051	3.467e-003
15052	-2.8024e-002
15053	-2.7654e-003
15054	-1.717e-002
15055	-2.4824e-002
15056	1.4197e-002
15057	-4.3036e-003
15058	6.1662e-003
15059	-0.16007
15060	-0.10698
15061	-5.4664e-004
15062	2.7109e-002
15063	-3.2552e-002
15064	-5.7576e-003
15065	-6.7434e-002
15066	-7.2371e-002
15067	-5.817e-002
15068	-6.1498e-002
15069	-8.9976e-003
15070	-3.5049e-002
15071	-4.1409e-002
15072	-5.128e-002
15073	-3.4566e-002
15074	-4.4672e-002
15075	-9.6386e-004
15076	2.5106e-002
15077	-2.1312e-003
15078	-2.8559e-002
15079	-3.2823e-002
15080	-3.2242e-002
15081	-5.281e-002
15082	-5.9716e-002
15083	3.1318e-002
15084	-0.12466
15085	-5.3817e-002
15086	-0.13432
15087	-4.1062e-002
15088	-4.4031e-002
15089	-0.15646
15090	-2.8972e-002
15091	-0.15772
15092	-0.13046
15093	-3.1374e-003
15094	-1.9739e-003
15095	-4.4786e-003
15096	-3.9697e-002
15097	-1.1643e-002
15098	-4.8162e-003
15099	-3.0549e-003
15100	-9.1332e-002
15101	-7.4432e-002
15102	8.1665e-004
15103	1.3572e-004
15104	-3.505e-004
15105	-4.4808e-003
15106	3.2492e-002
15107	-1.8398e-002
15108	1.2485e-002
15109	5.5446e-002
15110	-0.10609
15111	-0.31316
15112	-0.25078
15113	8.0118e-002
15114	-0.13065
15115	-5.1224e-002
15116	-5.7197e-002
15117	-4.6056e-002
15118	-1.7732e-002
15119	-2.1001e-002
15120	-9.9798e-002
15121	-0.11997
15122	-1.7515e-002
15123	-8.6749e-002
15124	-8.2028e-002
15125	-8.1667e-002
15126	-9.0183e-002
15127	-1.9139e-002
15128	-1.2417e-002
15129	-0.12486
15130	-0.1207
15131	-0.10716
15132	-7.8112e-002
15133	5.2434e-003
15134	0.19659
15135	5.5217e-003
15136	0.11341
15137	-0.18975
15138	-0.15183
15139	-0.15061
15140	1.5579e-002
15141	-5.9268e-002
15142	-4.5421e-002
15143	-0.2711
15144	-0.14606
15145	-0.17359
15146	5.9773e-002
15147	-0.36926
15148	-1.5811e-003
15149	-3.3072e-002
15150	-4.0914e-002
15151	-2.9872e-002
15152	-3.0979e-002
15153	-0.16864
15154	-0.14618
15155	-0.13979
15156	-0.11708
15157	-0.10276
15158	-7.3684e-002
15159	-6.9976e-002
15160	1.5745e-002
15161	-1.3301e-003
15162	-7.4244e-002
15163	2.5437e-002
15164	-7.4212e-002
15165	-5.6948e-002
15166	-3.4224e-002
15167	-2.0929e-002
15168	-4.6556e-002
15169	1.6115e-002
15170	-6.5681e-003
15171	-2.4766e-002
15172	-0.19598
15173	-0.19373
15174	1.4727e-002
15175	4.4102e-002
15176	0.32228
15177	-0.28735
15178	-0.17492
15179	5.7575e-002
15180	-0.16696
15181	-0.30998
15182	-0.19136
15183	-0.13413
15184	-2.3527e-003
15185	-4.8671e-003
15186	-2.8367e-002
15187	-2.9685e-002
15188	-2.0115e-002
15189	-1.942e-002
15190	1.0768e-002
15191	3.9761e-003
15192	-0.14458
15193	-6.3984e-002
15194	8.4576e-002
15195	0.17418
15196	-4.6902e-002
15197	-1.1428e-002
15198	-1.3515e-002
15199	-0.10683
15200	-0.11573
15201	-0.11576
15202	9.4727e-003
15203	-8.378e-002
15204	-2.166e-002
15205	-2.4338e-002
15206	-0.13442
15207	-0.11707
15208	-0.12249
15209	-0.13946
15210	-0.13812
15211	-0.17357
15212	-0.28327
15213	-9.4558e-003
15214	-0.11839
15215	-0.1353
15216	-0.12843
15217	-1.5089e-002
15218	-2.0609e-003
15219	6.5414e-002
15220	2.954e-002
15221	0.20668
15222	5.3717e-002
15223	-0.24862
15224	-0.44338
15225	-0.6226
15226	-0.20239
15227	-0.5818
15228	-0.11824
15229	-0.14165
15230	-0.1034
15231	-0.2781
15232	-0.31208
15233	-0.19965
15234	-0.34317
15235	9.7266e-004
15236	2.0744e-003
15237	-2.3495e-002
15238	2.8781e-002
15239	-0.12763
15240	-6.367e-002
15241	-8.4567e-002
15242	6.2323e-002
15243	-5.3912e-002
15244	3.649e-003
15245	5.0929e-002
15246	1.1806e-003
15247	-0.16505
15248	-0.19426
15249	-0.11502
15250	-0.1263
15251	-9.9157e-002
15252	-9.1482e-002
15253	1.5452e-002
15254	2.2753e-002
15255	2.063e-002
15256	-2.3938e-002
15257	-1.5916e-003
15258	-2.3802e-002
15259	-2.5091e-002
15260	1.7305e-002
15261	-0.20509
15262	6.3608e-003
15263	-0.11251
15264	3.4347e-003
15265	4.4432e-002
15266	1.181e-002
15267	-0.18594
15268	-2.1642e-002
15269	0.21474
15270	-0.18803
15271	-9.2059e-002
15272	-0.13258
15273	-7.129e-002
15274	-8.0745e-002
15275	-1.6918e-002
15276	-9.5427e-003
15277	-8.9471e-002
15278	-4.9028e-002
15279	-3.5557e-002
15280	-3.6875e-002
15281	-2.2626e-003
15282	4.5367e-002
15283	-0.19982
15284	-0.12058
15285	-1.7911e-002
15286	-6.1324e-002
15287	-2.2897e-002
15288	-3.4469e-002
15289	-2.9378e-002
15290	-0.10398
15291	-0.14032
15292	2.0264e-003
15293	1.9431e-002
15294	-3.2474e-002
15295	-5.1691e-003
15296	-9.505e-003
15297	-0.10766
15298	-0.11113
15299	-0.11196
15300	-0.13242
15301	-0.13042
15302	-0.14525
15303	-0.10309
15304	-6.853e-002
15305	-7.3467e-002
15306	-0.12709
15307	-0.10987
15308	-0.13624
15309	-0.29899
15310	-0.27746
15311	-0.1653
15312	-0.22967
15313	-0.29443
15314	-0.18697
15315	-0.15622
15316	6.5839e-002
15317	6.2482e-002
15318	4.1388e-003
15319	-3.6775e-003
15320	-3.3789e-002
15321	-3.2046e-002
15322	-2.3215e-002
15323	-1.6592e-002
15324	-7.4616e-002
15325	-0.11079
15326	-0.15401
15327	-0.19874
15328	-0.31986
15329	-0.2827
15330	-0.17028
15331	3.2768e-002
15332	-0.24714
15333	-0.15088
15334	-0.12486
15335	0.17859
15336	9.5406e-002
15337	-1.8825e-002
15338	-1.2103e-002
15339	-9.3244e-002
15340	-0.10038
15341	-8.348e-002
15342	-1.8311e-002
15343	-0.15424
15344	-0.11952
15345	-0.12427
15346	-0.1251
15347	-0.19349
15348	-3.0004e-002
15349	-0.10123
15350	-0.1067
15351	-0.11089
15352	-0.14723
15353	-4.5324e-003
15354	-4.3469e-002
15355	-3.9751e-002
15356	-0.14179
15357	8.642e-002
15358	-0.13301
15359	-4.0271e-002
15360	-1.8731e-002
15361	-1.3714e-002
15362	-0.12686
15363	-0.10997
15364	-9.7483e-003
15365	-0.20017
15366	-0.12093
15367	-0.12337
15368	3.3712e-002
15369	0.15156
15370	-4.0359e-003
15371	-7.0291e-003
15372	0.56101
15373	0.42112
15374	0.56205
15375	-0.23131
15376	-0.30562
15377	-0.10904
15378	0.14704
15379	-2.0784e-002
15380	-0.16344
15381	-0.18724
15382	-0.21076
15383	-0.34181
15384	-0.17098
15385	-0.11054
15386	-0.18355
15387	-0.22346
15388	-0.10042
15389	-0.11146
15390	0.1654
15391	-0.48139
15392	-0.44424
15393	-0.39579
15394	-1.5433e-002
15395	-0.11441
15396	-0.18423
15397	-4.5974e-002
15398	-4.2256e-002
15399	-7.6653e-002
15400	-9.7498e-002
15401	-0.1129
15402	-0.11768
15403	-0.10163
15404	-0.16257
15405	1.5865e-002
15406	-5.0321e-002
15407	-0.12333
15408	-0.15254
15409	-0.3235
15410	-4.5687e-002
15411	-4.877e-002
15412	3.4586e-002
15413	7.9265e-004
15414	0.20933
15415	-3.0299e-002
15416	-1.9444e-002
15417	8.1487e-003
15418	-7.8286e-002
15419	-7.1158e-002
15420	1.6816e-002
15421	-1.2015e-002
15422	-0.1115
15423	-4.2374e-002
15424	-4.567e-002
15425	-3.3583e-002
15426	3.3283e-002
15427	0.66772
15428	0.19411
15429	-3.1955e-002
15430	-3.3273e-002
15431	-0.13894
15432	-0.14172
15433	-0.14021
15434	-0.12883
15435	-8.1177e-002
15436	-0.18204
15437	-8.8064e-002
15438	-1.1867e-002
15439	-0.12807
15440	-0.12501
15441	-0.13539
15442	-0.16101
15443	4.5364e-003
15444	-0.15188
15445	-5.2215e-003
15446	-3.1273e-002
15447	-3.7633e-002
15448	-3.4956e-002
15449	-2.8549e-002
15450	2.9165e-003
15451	3.0094e-002
15452	-2.0796e-002
15453	-4.1652e-002
15454	0.24961
15455	-5.0574e-002
15456	0.2645
15457	-4.5206e-003
15458	4.3924e-002
15459	-0.17308
15460	-0.12305
15461	-0.12
15462	-0.10183
15463	6.0648e-002
15464	-1.9855e-002
15465	7.4692e-002
15466	-5.0539e-002
15467	-3.0333e-002
15468	-4.3571e-002
15469	-7.3645e-003
15470	6.4509e-002
15471	2.9608e-002
15472	6.4305e-002
15473	9.6013e-003
15474	1.3438e-002
15475	0.1567
15476	-0.11325
15477	-7.0221e-002
15478	-0.10146
15479	-9.2688e-002
15480	-1.7345e-002
15481	-2.8359e-002
15482	1.6287e-002
15483	0.20763
15484	0.19103
15485	-3.801e-002
15486	-0.18666
15487	-0.10464
15488	-0.19182
15489	-0.14196
15490	-0.22733
15491	-0.17871
15492	-1.0237e-002
15493	-9.1378e-002
15494	-9.8514e-002
15495	-0.10203
15496	-0.11852
15497	-0.11596
15498	-9.1791e-002
15499	-0.11179
15500	2.5478e-002
15501	6.0573e-002
15502	1.0217e-002
15503	3.7384e-002
15504	-2.4195e-002
15505	-8.7352e-003
15506	-3.1104e-003
15507	-2.3138e-002
15508	-2.2878e-002
15509	-1.2439e-002
15510	-2.1739e-002
15511	-0.15165
15512	-0.15534
15513	-8.1649e-002
15514	-8.6626e-002
15515	-5.7936e-002
15516	-5.0593e-002
15517	-6.0485e-002
15518	-3.324e-002
15519	-5.4697e-002
15520	-4.1546e-002
15521	-0.26311
15522	-0.27338
15523	-0.23447
15524	-0.30911
15525	-0.18733
15526	-2.4585e-002
15527	-1.2321e-002
15528	-1.5809e-002
15529	1.3347e-002
15530	-1.9465e-003
15531	-1.4216e-002
15532	-0.10854
15533	9.7443e-004
15534	2.9923e-003
15535	1.1788e-003
15536	-1.317e-002
15537	9.8999e-003
15538	-4.8128e-003
15539	-4.4454e-002
15540	-1.8667e-002
15541	1.1066e-002
15542	-2.7078e-002
15543	-0.11312
15544	-0.12478
15545	-0.11157
15546	-8.0014e-002
15547	-9.8791e-002
15548	-9.2257e-002
15549	-0.11958
15550	-0.33501
15551	-0.31348
15552	-0.44089
15553	-1.2143e-002
15554	-1.5558e-002
15555	-1.8842e-002
15556	-1.103e-002
15557	-1.0762e-002
15558	-1.5563e-002
15559	-1.5358e-002
15560	-0.1045
15561	-0.12895
15562	-0.10961
15563	-2.6482e-002
15564	-1.9974e-002
15565	-3.0775e-002
15566	-1.8501e-002
15567	-2.5921e-002
15568	-1.5961e-002
15569	-0.18606
15570	-0.20018
15571	-0.19457
15572	-3.157e-002
15573	-2.5023e-002
15574	-1.7667e-002
15575	-1.7677e-002
15576	-1.2664e-002
15577	-2.2245e-002
15578	-1.5787e-002
15579	-4.3331e-002
15580	-8.8574e-002
15581	-5.7454e-002
15582	-1.0667e-002
15583	-1.3365e-002
15584	-1.7062e-002
15585	-2.2989e-002
15586	-2.6681e-002
15587	-1.452e-002
15588	-0.13007
15589	-7.415e-002
15590	-2.7842e-002
15591	-1.4144e-002
15592	-2.4868e-002
15593	-3.0723e-002
15594	-2.0935e-002
15595	-1.7611e-002
15596	-2.3276e-002
15597	-0.13925
15598	-0.13267
15599	-0.1008
15600	-3.9295e-002
15601	-2.8215e-002
15602	-2.9686e-002
15603	-3.4743e-002
15604	-6.7199e-003
15605	-5.6825e-002
15606	-3.325e-002
15607	-0.15149
15608	-0.17042
15609	-5.5631e-002
15610	-0.16139
15611	2.9485e-002
15612	2.5034e-003
15613	6.3019e-003
15614	3.2602e-002
15615	2.8084e-002
15616	-9.3194e-003
15617	9.3142e-002
15618	-0.16068
15619	3.5486e-002
15620	0.2251
15621	0.16696
15622	-1.1641e-002
15623	-6.1956e-003
15624	-9.3706e-003
15625	-7.5452e-003
15626	-1.5567e-003
15627	-5.5752e-003
15628	-5.6151e-002
15629	-7.1051e-002
15630	-7.1981e-002
15631	-1.0307e-003
15632	7.0074e-003
15633	-1.2773e-002
15634	-8.4397e-003
15635	8.6315e-003
15636	-2.9844e-003
15637	-7.7404e-002
15638	-2.0211e-002
15639	3.7052e-002
15640	5.6989e-002
15641	-4.3396e-002
15642	-2.998e-002
15643	-2.1452e-002
15644	-3.5954e-002
15645	-1.4397e-002
15646	-2.0709e-002
15647	-9.8474e-002
15648	-0.10395
15649	-0.10749
15650	-8.2683e-002
15651	7.7509e-003
15652	-7.4006e-002
15653	1.3497e-002
15654	7.5562e-003
15655	-1.9174e-002
15656	-3.1752e-002
15657	6.8999e-002
15658	5.0782e-002
15659	0.15867
15660	1.6914e-002
15661	1.1819e-002
15662	1.5732e-002
15663	1.3594e-002
15664	1.0048e-002
15665	7.6563e-003
15666	1.305e-002
15667	5.7538e-002
15668	6.7917e-002
15669	0.12649
15670	0.10657
15671	0.14551
15672	-9.2219e-002
15673	-7.9295e-002
15674	-9.1764e-002
15675	-6.5514e-002
15676	-9.5937e-002
15677	-6.2902e-002
15678	-0.21448
15679	-0.3828
15680	-0.37332
15681	-2.0305e-003
15682	-9.43e-003
15683	-8.5544e-003
15684	-5.4895e-003
15685	-9.487e-003
15686	-1.2338e-002
15687	-3.5909e-002
15688	-4.0224e-002
15689	-4.8973e-002
15690	-2.3625e-002
15691	4.3873e-002
15692	1.3672e-002
15693	1.5974e-002
15694	1.7526e-002
15695	2.6106e-002
15696	2.1872e-002
15697	0.11565
15698	8.4442e-002
15699	-5.3553e-002
15700	-7.5848e-003
15701	-4.823e-002
15702	-1.1806e-003
15703	-3.3161e-002
15704	-5.2529e-002
15705	-0.12682
15706	8.1266e-002
15707	7.8154e-002
15708	-0.16117
15709	-1.9762e-002
15710	-1.6507e-002
15711	-2.3816e-002
15712	-1.5774e-002
15713	-2.5719e-002
15714	-1.4741e-002
15715	-0.15942
15716	-9.6107e-002
15717	-9.2649e-002
15718	-1.751e-002
15719	-2.3524e-002
15720	-1.8266e-002
15721	-2.3768e-002
15722	-2.1224e-002
15723	-2.0386e-002
15724	-0.11379
15725	-0.12986
15726	-8.7053e-002
15727	-0.10533
15728	-1.9593e-002
15729	2.445e-004
15730	1.4007e-003
15731	-1.1828e-003
15732	-1.0319e-002
15733	-6.4889e-003
15734	-1.6035e-002
15735	3.5176e-002
15736	1.163e-002
15737	-7.672e-002
15738	-2.3144e-002
15739	-2.69e-003
15740	-4.3767e-002
15741	2.9684e-002
15742	-5.0644e-002
15743	-6.1375e-002
15744	6.7625e-002
15745	0.38423
15746	-0.19119
15747	-9.1193e-002
15748	-3.7003e-002
15749	-2.3769e-002
15750	-6.1159e-002
15751	-2.017e-002
15752	-3.3471e-002
15753	-2.2082e-002
15754	-0.10276
15755	-0.24988
15756	6.2193e-002
15757	5.0896e-002
15758	-3.4019e-002
15759	-2.0722e-002
15760	-1.8795e-002
15761	4.9757e-003
15762	-0.18316
15763	0.20702
15764	-1.8694e-002
15765	-4.08e-002
15766	-3.159e-002
15767	-4.3952e-002
15768	-4.1408e-002
15769	-5.9974e-002
15770	-2.9098e-002
15771	-3.2219e-002
15772	-0.16509
15773	-0.13271
15774	-1.6831e-002
15775	-1.8848e-002
15776	-2.1842e-002
15777	-5.251e-002
15778	-3.1625e-002
15779	-2.1598e-002
15780	-0.16384
15781	-0.1255
15782	-1.9988e-002
15783	-3.6228e-002
15784	-3.7324e-002
15785	-5.1119e-002
15786	-2.2953e-002
15787	-3.2382e-002
15788	-0.11138
15789	-0.15959
15790	-0.13094
15791	-1.198e-003
15792	1.597e-002
15793	2.3593e-003
15794	1.804e-002
15795	1.552e-002
15796	-1.628e-003
15797	5.8333e-003
15798	6.4209e-002
15799	5.4728e-003
15800	8.7617e-003
15801	8.0682e-003
15802	6.3595e-003
15803	-2.0929e-003
15804	4.9907e-004
15805	1.633e-003
15806	2.6393e-003
15807	-2.6396e-002
15808	1.6075e-002
15809	-4.4759e-003
15810	2.7254e-002
15811	4.6533e-002
15812	2.7308e-002
15813	3.9638e-002
15814	3.24e-002
15815	2.3081e-002
15816	0.15536
15817	0.10342
15818	1.2233e-002
15819	-1.4958e-002
15820	-1.7149e-002
15821	-1.0835e-002
15822	-1.8901e-002
15823	-3.2998e-002
15824	-2.5277e-002
15825	-1.2616e-002
15826	-0.11961
15827	-7.0101e-002
15828	-1.5803e-002
15829	-1.311e-002
15830	-1.4409e-002
15831	-1.4265e-002
15832	-1.5706e-002
15833	-1.2368e-002
15834	-1.6532e-002
15835	-4.478e-002
15836	-5.7235e-002
15837	-4.2103e-002
15838	-4.7382e-002
15839	-6.9257e-002
15840	-3.9496e-002
15841	-2.8205e-002
15842	-2.8026e-002
15843	-2.4994e-002
15844	-2.5689e-002
15845	-0.11887
15846	-0.19015
15847	-0.1805
15848	-0.13773
15849	2.1114e-002
15850	6.4422e-002
15851	0.1071
15852	3.9502e-002
15853	6.7784e-002
15854	2.709e-002
15855	2.0456e-004
15856	0.41448
15857	3.0565e-002
15858	5.5045e-002
15859	2.4499e-002
15860	2.4102e-002
15861	5.7421e-002
15862	4.7475e-002
15863	5.0936e-002
15864	4.0892e-002
15865	0.11715
15866	0.20237
15867	6.2582e-002
15868	-3.4183e-003
15869	-6.1546e-002
15870	8.241e-002
15871	-1.7001e-002
15872	1.1686e-002
15873	5.044e-002
15874	7.7114e-002
15875	0.4769
15876	-0.33311
15877	0.51155
15878	-1.1621e-002
15879	6.5862e-003
15880	-2.284e-002
15881	-5.2315e-003
15882	-2.618e-002
15883	-1.1412e-002
15884	-2.4359e-002
15885	-0.12539
15886	-2.2671e-002
15887	-2.8373e-002
15888	-1.4707e-002
15889	-1.579e-002
15890	-1.1629e-002
15891	-4.237e-002
15892	-1.3575e-002
15893	-2.3725e-002
15894	-8.7432e-002
15895	-7.4346e-002
15896	-0.10244
15897	-7.7268e-003
15898	-1.1002e-003
15899	-3.7267e-003
15900	-6.5838e-003
15901	-1.1378e-002
15902	5.3245e-004
15903	-7.788e-004
15904	-9.2764e-002
15905	-0.10771
15906	-9.9468e-003
15907	-5.3661e-003
15908	-1.8669e-002
15909	-5.2333e-003
15910	-3.0672e-003
15911	-1.1044e-002
15912	-1.3106e-002
15913	-8.8279e-002
15914	-5.3851e-002
15915	-0.10547
15916	-6.2124e-002
15917	-8.1881e-002
15918	-7.8018e-002
15919	-2.7865e-002
15920	-2.511e-002
15921	-1.8725e-002
15922	-2.2572e-002
15923	-2.1905e-002
15924	-2.8759e-002
15925	-0.11768
15926	-0.11056
15927	-0.11453
15928	-0.10463
15929	1.0932e-002
15930	2.7679e-002
15931	1.4199e-002
15932	-6.2455e-003
15933	2.7839e-002
15934	3.8036e-002
15935	8.3243e-003
15936	9.413e-002
15937	-3.711e-002
15938	-6.2727e-002
15939	4.6236e-003
15940	-5.5964e-002
15941	-3.4567e-002
15942	-3.6465e-002
15943	7.9956e-002
15944	0.34507
15945	4.8733e-002
15946	3.6018e-002
15947	0.13326
15948	0.12732
15949	0.12346
15950	3.87e-002
15951	9.8478e-002
15952	0.32957
15953	8.6014e-003
15954	8.3718e-002
15955	-3.7741e-003
15956	5.2385e-003
15957	-1.6338e-002
15958	3.0586e-003
15959	-1.0349e-003
15960	-3.6941e-003
15961	-1.4177e-002
15962	3.9991e-002
15963	0.11325
15964	0.13026
15965	6.0477e-002
15966	8.494e-002
15967	5.6636e-002
15968	7.0973e-002
15969	8.9754e-002
15970	6.3579e-002
15971	8.9488e-002
15972	-0.29207
15973	0.19891
15974	0.15498
15975	0.20533
15976	-2.514e-002
15977	-6.8383e-002
15978	-5.1951e-002
15979	-7.3632e-002
15980	-4.234e-002
15981	-6.2376e-002
15982	-0.18809
15983	-0.18723
15984	-0.21189
15985	-0.23541
15986	2.6785e-003
15987	-1.6523e-002
15988	-2.3608e-002
15989	-2.9463e-002
15990	-1.2982e-002
15991	-1.3898e-002
15992	-1.4111e-002
15993	-0.13799
15994	-9.9994e-002
15995	-9.6541e-002
15996	-3.7437e-003
15997	2.8086e-003
15998	5.9638e-003
15999	-1.0371e-002
16000	-8.4927e-003
16001	-5.871e-003
16002	-3.7626e-003
16003	-6.6605e-002
16004	-4.6124e-002
16005	-3.7991e-002
16006	-1.0746e-002
16007	-1.4427e-002
16008	-1.6022e-002
16009	-1.5602e-002
16010	-2.6226e-002
16011	-0.14338
16012	-0.1238
16013	-0.1573
16014	-5.5076e-002
16015	-1.5724e-002
16016	-3.5136e-002
16017	-2.5559e-002
16018	-7.5495e-003
16019	-4.5721e-003
16020	5.3038e-002
16021	-5.1927e-002
16022	4.1341e-002
16023	3.0355e-002
16024	-1.6085e-002
16025	-5.902e-003
16026	5.9003e-002
16027	4.215e-003
16028	-0.10346
16029	-0.36983
16030	-0.40153
16031	0.10877
16032	8.8851e-002
16033	-2.991e-002
16034	-1.2908e-002
16035	-1.0152e-002
16036	-1.7931e-002
16037	-1.0601e-002
16038	-1.5553e-002
16039	-1.6575e-002
16040	-0.24242
16041	-0.11302
16042	-0.10844
16043	-4.9996e-002
16044	-5.0014e-002
16045	-7.7734e-002
16046	-8.9734e-002
16047	-3.5687e-002
16048	-4.7821e-002
16049	-7.2643e-002
16050	-0.38183
16051	-0.30004
16052	-0.14665
16053	-1.3956e-002
16054	2.7997e-003
16055	2.0743e-004
16056	-9.8402e-004
16057	-1.9594e-002
16058	3.5916e-003
16059	-4.0792e-002
16060	1.1484e-002
16061	-2.8962e-003
16062	5.2482e-002
16063	-1.1682e-002
16064	-9.3676e-003
16065	2.4316e-002
16066	6.3472e-003
16067	3.5071e-002
16068	-6.5006e-003
16069	-2.6723e-002
16070	-3.0056e-002
16071	-2.2971e-002
16072	-2.7359e-002
16073	-3.3484e-002
16074	-2.4069e-002
16075	-0.12359
16076	-2.4134e-003
16077	-9.4249e-003
16078	-2.3737e-002
16079	-7.0502e-003
16080	-6.4278e-003
16081	-2.2231e-002
16082	-0.10885
16083	-5.6354e-002
16084	0.10994
16085	9.4541e-002
16086	8.1134e-002
16087	8.8708e-002
16088	2.2763e-002
16089	1.2412e-002
16090	0.40175
16091	6.4498e-002
16092	9.5686e-003
16093	7.6929e-002
16094	7.1407e-002
16095	2.4883e-002
16096	1.7158e-003
16097	-6.6616e-003
16098	8.8519e-002
16099	0.28821
16100	-4.6319e-002
16101	0.19557
16102	-1.5982e-002
16103	4.4907e-003
16104	8.6825e-004
16105	6.5868e-003
16106	-1.836e-003
16107	-1.4389e-002
16108	-2.5374e-002
16109	1.4466e-002
16110	-5.9436e-002
16111	-4.6557e-002
16112	-8.293e-002
16113	-6.4255e-002
16114	-5.841e-002
16115	-2.0859e-002
16116	-0.209
16117	-0.22301
16118	-1.2051e-002
16119	-4.1903e-002
16120	-2.2538e-002
16121	-3.1179e-002
16122	-2.7672e-002
16123	-0.17903
16124	-0.11949
16125	7.6712e-003
16126	2.7475e-004
16127	-2.4697e-003
16128	1.3977e-003
16129	-1.0322e-002
16130	-1.6038e-002
16131	4.2424e-002
16132	4.4066e-002
16133	-1.6175e-002
16134	-6.3734e-002
16135	-2.3805e-002
16136	-4.7503e-002
16137	-1.9393e-002
16138	-2.019e-002
16139	-2.0088e-002
16140	-1.7649e-002
16141	-0.1749
16142	-0.18775
16143	-0.20977
16144	-3.5728e-002
16145	-2.1783e-002
16146	-2.6016e-002
16147	-2.6862e-002
16148	-4.5371e-002
16149	-3.0874e-002
16150	-0.17555
16151	-0.19952
16152	-0.17193
16153	-4.4165e-002
16154	-4.2604e-002
16155	-3.3333e-002
16156	-3.6628e-002
16157	-3.9736e-002
16158	-0.1111
16159	-0.11657
16160	-0.15709
16161	-0.12011
16162	-3.3153e-002
16163	-1.1975e-002
16164	-1.9686e-002
16165	-2.1989e-002
16166	-2.085e-002
16167	-2.5874e-002
16168	-6.7286e-002
16169	-8.076e-002
16170	-0.10174
16171	-5.0112e-002
16172	-3.0673e-002
16173	-1.2679e-002
16174	-1.4792e-002
16175	-1.8904e-002
16176	-1.7398e-002
16177	-0.10583
16178	-0.15403
16179	-0.12271
16180	-2.8918e-002
16181	-4.1272e-002
16182	-4.3067e-002
16183	-7.4954e-002
16184	-0.17027
16185	-0.13895
16186	5.3373e-003
16187	-3.8189e-003
16188	9.5135e-003
16189	-1.6664e-003
16190	1.4691e-003
16191	-3.0767e-003
16192	-3.9646e-002
16193	-2.3748e-002
16194	-3.8091e-002
16195	-4.5782e-002
16196	-1.0625e-004
16197	2.1564e-002
16198	6.2931e-003
16199	5.0066e-003
16200	1.7577e-003
16201	-5.8413e-003
16202	5.8728e-002
16203	2.8512e-002
16204	3.3605e-002
16205	3.4137e-002
16206	3.5229e-002
16207	0.15657
16208	0.10463
16209	8.3586e-002
16210	3.2625e-002
16211	3.4014e-002
16212	2.2196e-002
16213	4.8496e-002
16214	4.1103e-002
16215	5.138e-002
16216	8.2604e-002
16217	4.7567e-003
16218	0.18286
16219	7.9848e-002
16220	5.5687e-002
16221	4.389e-002
16222	0.10879
16223	6.6044e-002
16224	3.9727e-002
16225	-0.63186
16226	-0.32004
16227	0.15856
16228	-6.4536e-002
16229	-1.1622e-002
16230	-3.1397e-002
16231	-1.4938e-002
16232	-1.1254e-002
16233	-1.1014e-002
16234	-3.5926e-002
16235	-6.8499e-002
16236	-5.4035e-002
16237	1.5785e-002
16238	2.5445e-003
16239	1.0923e-002
16240	1.2728e-002
16241	1.6641e-002
16242	5.8733e-002
16243	5.8447e-002
16244	0.10748
16245	2.4521e-002
16246	2.8879e-002
16247	3.762e-002
16248	2.2065e-002
16249	6.5537e-003
16250	6.268e-003
16251	9.6191e-004
16252	0.26218
16253	0.16087
16254	0.15122
16255	1.9081e-002
16256	1.9881e-002
16257	1.8059e-002
16258	1.2702e-002
16259	1.3941e-002
16260	9.0791e-003
16261	2.1227e-002
16262	5.7167e-002
16263	2.2677e-002
16264	-5.6397e-002
16265	-0.10427
16266	-0.10465
16267	-8.3897e-002
16268	-6.5967e-002
16269	-0.44345
16270	-0.22246
16271	3.4372e-002
16272	-0.22444
16273	-1.4327e-003
16274	1.4766e-002
16275	2.5079e-003
16276	1.6627e-002
16277	8.8204e-003
16278	-7.7478e-004
16279	-3.3926e-002
16280	-2.6527e-003
16281	-1.5627e-002
16282	0.16979
16283	-3.9972e-003
16284	4.3052e-002
16285	5.614e-003
16286	6.5393e-002
16287	-0.14014
16288	0.20766
16289	5.0633e-002
16290	-0.1024
16291	-6.9362e-002
16292	-7.1871e-002
16293	-8.5306e-002
16294	-6.7857e-002
16295	-0.38926
16296	-0.23262
16297	-0.39449
16298	-0.21659
16299	-0.32988
16300	-3.4966e-002
16301	-5.8664e-002
16302	-6.0031e-002
16303	-9.2974e-003
16304	-4.3222e-002
16305	-0.13119
16306	-0.21565
16307	-5.0694e-002
16308	-0.57846
16309	-9.9824e-004
16310	5.0007e-002
16311	3.1635e-003
16312	-0.38988
16313	0.61191
16314	0.46428
16315	8.7948e-002
16316	-3.8117e-003
16317	-1.433e-002
16318	-5.2976e-003
16319	-6.242e-003
16320	-4.9663e-003
16321	-6.4597e-002
16322	-8.2291e-002
16323	-0.16942
16324	-8.4416e-002
16325	-9.4546e-002
16326	-8.4969e-002
16327	-7.0569e-002
16328	-0.10712
16329	-0.1962
16330	0.22319
16331	-0.11134
16332	8.3295e-002
16333	1.7794e-002
16334	9.2874e-003
16335	1.4504e-002
16336	2.2448e-002
16337	5.1437e-002
16338	5.3078e-002
16339	0.1247
16340	9.4655e-002
16341	-8.4726e-002
16342	-3.8326e-002
16343	-5.0164e-002
16344	-3.8233e-002
16345	-3.0238e-002
16346	-6.2899e-002
16347	-3.4733e-002
16348	-7.8892e-002
16349	-0.14272
16350	-0.18081
16351	-2.9474e-002
16352	-4.8069e-002
16353	-2.1478e-002
16354	-2.5214e-002
16355	-2.7881e-002
16356	-3.6304e-002
16357	-9.9244e-002
16358	-0.26096
16359	-0.1089
16360	-0.14524
16361	-6.5482e-003
16362	1.3885e-003
16363	-4.2503e-004
16364	-4.7878e-003
16365	-4.7158e-003
16366	-4.6057e-002
16367	-4.4274e-002
16368	-2.8682e-002
16369	-7.9332e-003
16370	-1.8886e-002
16371	-8.2869e-003
16372	-1.5561e-002
16373	-9.8232e-003
16374	-0.10027
16375	-0.13062
16376	-8.4758e-002
16377	-6.4059e-002
16378	-8.633e-002
16379	-0.10017
16380	-6.4618e-002
16381	-6.6437e-002
16382	-5.6477e-002
16383	-0.21111
16384	-0.20865
16385	-0.22658
16386	-0.31465
16387	-0.38172
16388	-0.24859
16389	-1.1111e-002
16390	-6.2422e-003
16391	-5.6536e-003
16392	-6.9856e-003
16393	1.8077e-003
16394	-3.8269e-003
16395	-2.0113e-002
16396	1.4472e-003
16397	-5.0897e-002
16398	1.9751e-002
16399	1.4856e-002
16400	-7.0435e-003
16401	2.6973e-002
16402	2.352e-002
16403	8.113e-002
16404	6.2913e-002
16405	5.5846e-002
16406	3.8531e-002
16407	3.9067e-002
16408	4.1117e-002
16409	5.9633e-002
16410	3.6599e-002
16411	3.1307e-002
16412	0.16905
16413	0.24293
16414	1.6625e-002
16415	1.1828e-002
16416	1.0015e-002
16417	2.1234e-002
16418	2.5151e-002
16419	4.3881e-002
16420	-3.631e-002
16421	6.1091e-002
16422	2.6601e-002
16423	0.1068
16424	0.11193
16425	0.14985
16426	0.10506
16427	0.12914
16428	6.6012e-002
16429	0.26805
16430	4.2342e-002
16431	0.55944
16432	-3.5458e-002
16433	-3.2356e-002
16434	-4.3263e-002
16435	-4.866e-002
16436	-6.1828e-002
16437	-0.12338
16438	-2.6054e-002
16439	-0.13457
16440	-2.9992e-002
16441	-2.9235e-002
16442	-3.5639e-002
16443	-2.1062e-002
16444	-4.043e-002
16445	-0.11472
16446	-0.14907
16447	-0.14549
16448	-7.6914e-002
16449	-4.0244e-002
16450	-6.8805e-002
16451	-5.0078e-002
16452	-7.7634e-002
16453	-7.6446e-002
16454	-0.42462
16455	-0.26636
16456	-2.9899e-003
16457	-2.455e-002
16458	2.582e-002
16459	3.7887e-002
16460	7.0461e-002
16461	4.7484e-002
16462	-2.0598e-002
16463	0.47141
16464	0.42501
16465	3.1183e-002
16466	3.8633e-002
16467	1.8976e-002
16468	2.5021e-002
16469	2.8468e-002
16470	2.4774e-002
16471	4.8166e-002
16472	7.7351e-002
16473	1.8615e-002
16474	-2.0575e-002
16475	-1.8012e-002
16476	-1.9175e-002
16477	-2.0598e-002
16478	-1.4185e-002
16479	-0.14909
16480	-0.10617
16481	-0.10007
16482	5.6886e-002
16483	0.22605
16484	0.13776
16485	2.4906e-002
16486	8.0066e-002
16487	0.13933
16488	0.13622
16489	-2.922e-002
16490	-4.6088e-002
16491	-1.936e-002
16492	-4.8207e-002
16493	-4.2362e-002
16494	-1.6946e-002
16495	-0.19863
16496	-3.1759e-002
16497	-1.1001e-002
16498	-1.6857e-002
16499	-2.9999e-002
16500	-1.9155e-002
16501	-2.4747e-002
16502	0.1495
16503	0.19063
16504	0.13516
16505	1.6918e-002
16506	0.22684
16507	-2.1819e-002
16508	-3.2088e-002
16509	-3.0893e-002
16510	-3.927e-002
16511	-4.1174e-002
16512	-7.8927e-002
16513	-0.16773
16514	-9.1832e-003
16515	-1.1787e-002
16516	-1.4039e-002
16517	-2.3821e-002
16518	-1.3794e-002
16519	-0.15604
16520	-0.21041
16521	-0.15573
16522	-4.3098e-002
16523	-1.9612e-002
16524	-2.6265e-002
16525	-2.6578e-002
16526	-2.848e-002
16527	-0.14857
16528	-0.16194
16529	-0.16218
16530	-0.15291
16531	-5.8861e-003
16532	-1.5834e-002
16533	-2.3984e-003
16534	-7.1733e-003
16535	-9.0065e-003
16536	-6.691e-002
16537	-7.9119e-002
16538	-7.9046e-002
16539	-8.293e-002
16540	-9.0616e-002
16541	-0.18848
16542	-0.12717
16543	0.14643
16544	-0.21625
16545	-0.48655
16546	-0.62572
16547	-0.16153
16548	-1.6519e-002
16549	-1.2691e-002
16550	-9.6606e-003
16551	-1.3819e-002
16552	-1.4442e-002
16553	-7.3468e-002
16554	-9.9702e-002
16555	-9.625e-002
16556	-0.12991
16557	1.4208e-003
16558	-1.174e-002
16559	-7.8965e-003
16560	-5.6726e-003
16561	-3.5311e-002
16562	-3.2568e-002
16563	-1.0052e-002
16564	-2.3027e-002
16565	4.5128e-002
16566	5.8725e-002
16567	6.2994e-002
16568	4.622e-002
16569	3.58e-002
16570	0.21443
16571	0.16756
16572	-3.8387e-002
16573	9.4577e-002
16574	-2.5064e-002
16575	-2.2037e-002
16576	2.2244e-002
16577	-5.7662e-003
16578	1.566e-002
16579	-8.4046e-003
16580	7.8338e-002
16581	-9.3481e-002
16582	-8.155e-002
16583	-0.10571
16584	-0.12248
16585	-0.11403
16586	-0.33948
16587	-0.31094
16588	-0.14731
16589	-0.29443
16590	-0.22413
16591	-5.1389e-002
16592	-6.128e-002
16593	-7.0423e-002
16594	-3.8425e-002
16595	-5.1898e-002
16596	-0.27417
16597	-0.30991
16598	-1.2796e-002
16599	-2.4195e-002
16600	-1.8298e-002
16601	-1.2495e-002
16602	-1.1471e-002
16603	-8.1584e-002
16604	-9.9862e-002
16605	-0.11362
16606	1.1733e-002
16607	-1.9084e-002
16608	-2.1892e-002
16609	-2.5011e-002
16610	-1.1192e-002
16611	-0.13209
16612	-3.9306e-002
16613	-8.5379e-002
16614	-2.322e-002
16615	-1.2881e-002
16616	-1.174e-002
16617	-5.6387e-003
16618	-1.3984e-002
16619	-1.7208e-002
16620	-2.0752e-002
16621	-0.10283
16622	-5.5651e-002
16623	-8.2494e-002
16624	-2.4312e-002
16625	-2.1769e-002
16626	-1.8224e-002
16627	-1.8564e-002
16628	-1.6688e-002
16629	-0.11434
16630	-0.13041
16631	-9.3923e-002
16632	-8.8668e-004
16633	-1.2164e-002
16634	-1.4e-002
16635	3.9717e-004
16636	-8.7391e-003
16637	-1.4455e-002
16638	1.321e-002
16639	-2.6325e-002
16640	-1.9727e-002
16641	-3.3202e-002
16642	1.6997e-002
16643	-2.0406e-002
16644	8.2055e-002
16645	-0.17176
16646	-0.17375
16647	-1.3038e-002
16648	-2.3278e-002
16649	-1.5235e-002
16650	-1.5087e-002
16651	-0.12095
16652	-1.7028e-002
16653	-1.3402e-002
16654	-1.8712e-002
16655	-1.9826e-002
16656	-3.991e-002
16657	-6.7295e-002
16658	2.126e-002
16659	3.5906e-002
16660	1.5527e-002
16661	2.8349e-002
16662	6.985e-002
16663	0.1701
16664	0.14744
16665	-3.031e-002
16666	-5.4608e-002
16667	-5.9009e-002
16668	-0.20943
16669	-0.20382
16670	-0.17622
16671	-3.709e-003
16672	-3.8346e-003
16673	2.0443e-003
16674	-2.1171e-003
16675	-5.6544e-003
16676	-3.1315e-002
16677	-6.1766e-002
16678	-7.9511e-002
16679	-2.4951e-002
16680	-2.1977e-002
16681	-1.5673e-002
16682	-1.1351e-002
16683	-9.8363e-002
16684	-0.10062
16685	-2.1487e-002
16686	1.1841e-002
16687	-1.3074e-002
16688	-1.3112e-002
16689	9.4934e-002
16690	-0.13517
16691	-1.0771e-002
16692	-9.2349e-003
16693	-8.0969e-003
16694	-8.8011e-003
16695	-1.1296e-002
16696	-8.647e-002
16697	-7.4277e-002
16698	-6.0315e-002
16699	-3.8686e-002
16700	-6.1371e-002
16701	-5.7595e-002
16702	-2.7023e-002
16703	-4.7917e-002
16704	-3.3617e-002
16705	-2.9825e-002
16706	-0.16649
16707	-0.1094
16708	-3.6597e-002
16709	-3.3173e-002
16710	-3.4053e-002
16711	-4.3174e-002
16712	-2.5727e-002
16713	-0.13228
16714	-0.12536
16715	-0.14024
16716	1.4802e-002
16717	1.4326e-002
16718	4.7312e-003
16719	9.3731e-003
16720	1.5542e-002
16721	2.0494e-002
16722	-2.941e-002
16723	-2.1788e-002
16724	-5.8561e-002
16725	2.2809e-002
16726	-9.7699e-003
16727	-1.5125e-002
16728	-1.0486e-002
16729	-1.7247e-002
16730	-1.3117e-002
16731	-6.5081e-002
16732	-5.7951e-002
16733	-4.3399e-002
16734	-5.9328e-003
16735	-8.7834e-003
16736	-1.7361e-002
16737	-4.7004e-003
16738	-5.8607e-003
16739	-6.2185e-002
16740	-4.5419e-002
16741	-4.7121e-002
16742	-6.1186e-002
16743	-3.397e-002
16744	-3.4161e-002
16745	-4.0301e-002
16746	-0.20379
16747	-0.17252
16748	-0.22689
16749	-0.17976
16750	-1.4537e-002
16751	-1.3521e-002
16752	-1.528e-002
16753	-1.7287e-002
16754	-1.4246e-002
16755	-0.12225
16756	-9.5613e-002
16757	-3.7321e-002
16758	-1.2249e-002
16759	-1.7825e-002
16760	-2.2399e-002
16761	3.2133e-002
16762	5.2406e-002
16763	-7.3021e-002
16764	-2.9159e-002
16765	6.1787e-002
16766	-1.8222e-002
16767	-2.133e-002
16768	-2.3114e-002
16769	-6.9348e-003
16770	-4.5107e-002
16771	-0.14135
16772	4.515e-002
16773	-0.13869
16774	-1.7124e-002
16775	-3.1474e-002
16776	-2.6539e-002
16777	-5.7206e-002
16778	-3.2916e-002
16779	-3.019e-002
16780	-0.19981
16781	-0.12725
16782	2.1348e-002
16783	-6.467e-004
16784	1.411e-002
16785	1.2985e-002
16786	-1.7279e-003
16787	4.1183e-003
16788	-1.3108e-002
16789	-9.618e-002
16790	8.5131e-002
16791	-1.5582e-002
16792	1.4151e-002
16793	-1.2046e-002
16794	-1.6056e-002
16795	-3.0154e-002
16796	-1.5812e-002
16797	-1.9917e-002
16798	-0.12077
16799	-0.11971
16800	-9.4137e-002
16801	2.6079e-002
16802	1.5614e-002
16803	2.3559e-002
16804	2.0288e-002
16805	4.5487e-002
16806	1.6876e-002
16807	-3.617e-002
16808	9.5765e-002
16809	4.7843e-003
16810	1.7998e-003
16811	3.4607e-003
16812	3.7454e-003
16813	2.6344e-004
16814	-6.6993e-002
16815	-5.1841e-002
16816	-5.3973e-002
16817	-0.10714
16818	-8.5785e-002
16819	-6.8793e-002
16820	-9.657e-002
16821	-9.8521e-002
16822	-0.18943
16823	-0.24088
16824	-0.30325
16825	-0.17834
16826	-0.21643
16827	-9.5792e-003
16828	-7.9408e-003
16829	-1.1787e-002
16830	-7.9605e-003
16831	-1.2795e-002
16832	-1.0918e-002
16833	-9.9943e-002
16834	-6.9944e-002
16835	-0.10374
16836	1.1307e-002
16837	2.1574e-002
16838	2.5426e-002
16839	9.0616e-003
16840	-0.15603
16841	-0.10477
16842	-3.6203e-002
16843	-2.5127e-002
16844	6.0168e-003
16845	-2.4178e-002
16846	-9.6004e-003
16847	-9.7805e-003
16848	-0.10326
16849	0.10483
16850	3.0327e-003
16851	-8.5344e-004
16852	-2.5499e-003
16853	1.5052e-002
16854	-2.0963e-003
16855	4.5682e-002
16856	8.2934e-003
16857	-1.4559e-002
16858	-5.4738e-003
16859	-3.9223e-003
16860	-1.677e-002
16861	-2.5276e-002
16862	-2.6389e-002
16863	-4.6474e-002
16864	-3.6992e-002
16865	3.1396e-004
16866	-8.9838e-003
16867	-1.2869e-002
16868	9.3169e-004
16869	-2.3173e-003
16870	-5.4281e-002
16871	-3.7107e-002
16872	1.0917e-002
16873	3.1663e-002
16874	7.1964e-003
16875	1.3365e-002
16876	-2.3965e-002
16877	2.0632e-002
16878	3.9923e-002
16879	8.1184e-005
16880	-6.5328e-003
16881	-6.3147e-003
16882	-9.8486e-003
16883	-2.8069e-003
16884	-9.5733e-004
16885	-8.9158e-003
16886	-4.6648e-002
16887	-4.8946e-002
16888	5.2933e-002
16889	3.7378e-002
16890	7.6921e-002
16891	0.26474
16892	0.39081
16893	0.41551
16894	0.16653
16895	-0.11215
16896	-9.8946e-002
16897	-4.471e-002
16898	-0.43775
16899	-0.42826
16900	0.41641
16901	5.9635e-002
16902	9.0767e-002
16903	8.7917e-002
16904	9.1528e-002
16905	0.12327
16906	0.32296
16907	0.43126
16908	-9.7741e-003
16909	-1.093e-002
16910	-4.5304e-003
16911	-1.0707e-002
16912	-3.5084e-002
16913	-4.1444e-002
16914	-5.39e-002
16915	-3.8767e-002
16916	-3.4601e-002
16917	-0.107
16918	-0.10284
16919	-7.6162e-002
16920	4.8988e-002
16921	0.83209
16922	0.58544
16923	0.48585
16924	0.35828
16925	1.5407e-002
16926	4.2276e-003
16927	1.3935e-002
16928	-0.1174
16929	-3.3752e-002
16930	-3.9888e-002
16931	-3.8255e-002
16932	-3.0909e-002
16933	-4.2104e-002
16934	-3.8814e-002
16935	-0.14846
16936	-0.10181
16937	-0.13833
16938	-0.14716
16939	2.9955e-002
16940	4.4814e-003
16941	9.0235e-003
16942	3.3889e-003
16943	1.8516e-002
16944	3.8214e-002
16945	-1.6275e-003
16946	-6.1571e-002
16947	-1.1201e-002
16948	-5.4809e-002
16949	0.57182
16950	0.34623
16951	0.41496
16952	4.9888e-002
16953	0.67138
16954	-2.619e-002
16955	-4.64e-002
16956	-1.8291e-002
16957	-0.11893
16958	-0.20866
16959	-0.13103
16960	-0.20339
16961	1.4912e-002
16962	-4.8551e-003
16963	5.0604e-003
16964	0.13734
16965	-6.3627e-002
16966	-3.2978e-002
16967	6.7542e-002
16968	3.9216e-002
16969	1.4301e-002
16970	4.5627e-002
16971	-0.37858
16972	0.17696
16973	-0.11145
16974	-4.0161e-003
16975	-8.0137e-003
16976	-1.7932e-003
16977	-6.3389e-003
16978	-3.8751e-002
16979	-2.701e-002
16980	-2.2151e-002
16981	-4.1353e-002
16982	-1.2855e-002
16983	-1.0977e-002
16984	-1.1802e-002
16985	-6.909e-002
16986	-5.9636e-002
16987	-5.2506e-002
16988	-7.4535e-002
16989	0.19003
16990	0.27091
16991	0.21237
16992	0.26407
16993	0.17003
16994	0.35464
16995	-0.57664
16996	-0.52564
16997	-1.047
16998	0.45549
16999	3.627e-002
17000	-0.48769
17001	9.3162e-003
17002	1.2718e-003
17003	-1.5589e-002
17004	-4.8461e-002
17005	-3.7385e-002
17006	-2.3945e-002
17007	-1.9086e-002
17008	4.4091e-002
17009	2.3656e-003
17010	0.10408
17011	6.7794e-002
17012	4.0943e-002
17013	0.46758
17014	0.24298
17015	-2.8325e-002
17016	8.4673e-004
17017	-1.3557e-002
17018	-1.6855e-002
17019	-7.5761e-003
17020	-1.8355e-003
17021	-0.1077
17022	4.2652e-002
17023	-3.1115e-002
17024	-3.0518e-002
17025	-6.9306e-002
17026	-8.8083e-002
17027	-7.2646e-002
17028	-6.1354e-002
17029	-0.3243
17030	-0.17186
17031	-0.2233
17032	-0.30278
17033	-0.19062
17034	-2.481e-002
17035	-2.1779e-002
17036	-1.5532e-002
17037	-2.8085e-002
17038	-6.214e-002
17039	-0.12241
17040	-3.907e-002
17041	-0.13452
17042	-3.5162e-002
17043	-1.08e-002
17044	-4.2344e-002
17045	-2.3212e-002
17046	-0.1067
17047	-1.9737e-002
17048	0.11351
17049	0.1001
17050	6.079e-002
17051	7.6067e-002
17052	0.40298
17053	0.40749
17054	-2.9501e-002
17055	-3.1281e-002
17056	-3.3065e-002
17057	-0.1513
17058	-0.13728
17059	-0.14864
17060	-2.6635e-002
17061	-5.0771e-003
17062	-1.7212e-002
17063	-3.572e-002
17064	-0.1659
17065	-0.11604
17066	-0.16228
17067	-7.3364e-002
17068	-8.3142e-002
17069	-7.2898e-002
17070	-4.9447e-002
17071	-5.5784e-002
17072	-8.7671e-002
17073	4.2978e-002
17074	-0.13414
17075	-1.7455e-002
17076	-8.3366e-002
17077	-8.5316e-002
17078	-6.0244e-002
17079	-6.658e-002
17080	-0.14493
17081	-0.22768
17082	-0.19379
17083	-4.5535e-002
17084	-2.997e-002
17085	-3.4252e-002
17086	-3.4104e-002
17087	-0.1701
17088	-0.12404
17089	-0.13578
17090	-0.13772
17091	-0.1526
17092	-3.8734e-002
17093	-2.0008e-002
17094	-5.608e-003
17095	-0.84704
17096	-0.13124
17097	-0.61808
17098	3.814e-002
17099	6.6864e-002
17100	4.6721e-002
17101	5.6918e-002
17102	0.12659
17103	0.21181
17104	0.13627
17105	0.11301
17106	2.9985e-003
17107	-4.013e-003
17108	2.9833e-002
17109	1.3058e-002
17110	4.1479e-002
17111	1.0831e-002
17112	1.6916e-002
17113	4.6505e-003
17114	1.337e-002
17115	7.1239e-002
17116	-6.6083e-003
17117	-1.2311e-002
17118	-6.5628e-002
17119	-3.7468e-002
17120	-5.0944e-002
17121	-6.1675e-002
17122	6.4313e-002
17123	4.5832e-002
17124	-0.19149
17125	-1.9263e-002
17126	-1.3066e-002
17127	-1.7348e-002
17128	-1.1451e-002
17129	-1.3279e-002
17130	-0.10618
17131	-0.10714
17132	-0.11003
17133	-0.12307
17134	-2.9931e-003
17135	-1.1659e-002
17136	-7.5285e-003
17137	-3.3547e-002
17138	-5.2362e-002
17139	-1.5127e-002
17140	-3.7811e-002
17141	7.6449e-003
17142	4.6573e-003
17143	-7.6126e-003
17144	-4.1668e-002
17145	2.1243e-002
17146	-1.1727e-003
17147	-5.9476e-003
17148	-1.6884e-003
17149	-6.5684e-002
17150	-3.8701e-002
17151	-2.7141e-002
17152	5.5388e-002
17153	6.5745e-002
17154	8.4363e-002
17155	5.8188e-002
17156	-0.29746
17157	0.14959
17158	-6.4835e-002
17159	-1.1013e-002
17160	-7.3289e-003
17161	-5.105e-003
17162	-3.9711e-003
17163	-3.2e-002
17164	-1.008e-002
17165	-5.011e-002
17166	5.0617e-004
17167	8.8844e-003
17168	-2.5562e-002
17169	5.6694e-002
17170	0.24804
17171	5.6973e-002
17172	0.16486
17173	0.10544
17174	2.2482e-002
17175	-5.4377e-002
17176	-1.233e-002
17177	-1.8642e-002
17178	-2.2378e-002
17179	-9.6408e-002
17180	-0.25813
17181	-0.35847
17182	-0.12329
17183	1.8677e-002
17184	2.671e-002
17185	2.5585e-002
17186	9.7731e-002
17187	6.5429e-003
17188	2.6752e-002
17189	1.0314e-002
17190	-2.7147e-002
17191	-8.7281e-003
17192	1.1481e-002
17193	-2.6664e-002
17194	-2.2473e-002
17195	-3.2267e-002
17196	-2.5697e-002
17197	-0.14191
17198	-0.11132
17199	-9.5259e-002
17200	1.1539e-002
17201	7.0709e-003
17202	-0.11544
17203	-3.8194e-002
17204	-3.5712e-002
17205	-0.11253
17206	-9.7046e-002
17207	-0.12054
17208	-0.45133
17209	-0.31444
17210	-0.44184
17211	-8.0008e-002
17212	-6.0643e-002
17213	-0.43813
17214	-0.21713
17215	-0.30123
17216	9.885e-003
17217	-0.15417
17218	-0.14973
17219	-2.4256e-002
17220	-2.3266e-002
17221	8.007e-003
17222	-3.9544e-002
17223	-4.8447e-002
17224	-3.7723e-002
17225	-0.13876
17226	-0.26967
17227	-0.12604
17228	-7.1465e-002
17229	-8.3934e-002
17230	-0.36549
17231	-0.23236
17232	-0.22708
17233	8.9794e-003
17234	1.1282e-002
17235	1.4666e-002
17236	1.7643e-002
17237	7.5253e-002
17238	2.2559e-002
17239	6.3556e-002
17240	4.9969e-002
17241	1.5925e-002
17242	2.5739e-002
17243	-8.1935e-002
17244	-1.001
17245	-0.38001
17246	-0.51918
17247	-3.3376e-002
17248	-2.4649e-002
17249	-2.9444e-002
17250	-0.13293
17251	-0.14776
17252	-0.14118
17253	-0.11202
17254	-0.12578
17255	-8.5301e-002
17256	-5.905e-002
17257	-5.6023e-002
17258	-0.20802
17259	-0.36686
17260	-0.22845
17261	-4.4106e-003
17262	-2.0359e-003
17263	1.9391e-002
17264	9.5646e-002
17265	4.1081e-002
17266	-5.1339e-002
17267	4.5805e-003
17268	2.0788e-003
17269	6.7207e-003
17270	-3.2062e-002
17271	2.0157e-002
17272	2.008e-004
17273	-6.2222e-002
17274	-0.10194
17275	-0.38881
17276	-0.31225
17277	-0.37932
17278	-5.4541e-002
17279	-2.7441e-002
17280	-3.0563e-002
17281	-6.9314e-002
17282	-0.16344
17283	-0.13331
17284	-0.10635
17285	0.18303
17286	0.18499
17287	0.17916
17288	0.35141
17289	0.31307
17290	0.38528
17291	0.49221
17292	-4.815e-002
17293	-2.4288e-002
17294	-4.4555e-002
17295	-2.9689e-002
17296	-0.25656
17297	-0.2053
17298	-0.30256
17299	-2.7453e-002
17300	-2.3921e-002
17301	-1.9459e-002
17302	-6.8113e-002
17303	-7.7814e-002
17304	1.2006e-002
17305	-9.321e-002
17306	-5.2943e-003
17307	-1.4875e-002
17308	-1.145e-002
17309	-1.7166e-002
17310	-1.7304e-002
17311	-1.5358e-002
17312	-1.1755e-002
17313	-1.8901e-002
17314	-0.11975
17315	-8.0643e-002
17316	-3.6584e-002
17317	-4.0973e-002
17318	-5.2064e-002
17319	-0.27672
17320	-0.14964
17321	-0.12466
17322	-0.23781
17323	-0.18314
17324	-1.457e-002
17325	-1.6012e-002
17326	-4.5114e-003
17327	-4.5853e-002
17328	-0.11034
17329	-1.5065e-002
17330	-1.1123e-002
17331	-5.2765e-003
17332	-1.3709e-002
17333	-0.10558
17334	-2.0561e-002
17335	-2.7635e-002
17336	-0.19725
17337	-6.0202e-002
17338	-0.12469
17339	-0.11501
17340	-3.4415e-002
17341	-8.1291e-002
17342	-3.3148e-002
17343	-4.9718e-002
17344	-2.5427e-002
17345	-0.11976
17346	-0.12271
17347	7.5077e-002
17348	3.8795e-002
17349	0.16395
17350	-8.4135e-002
17351	0.50595
17352	0.43858
17353	0.21399
17354	0.60081
17355	-6.6123e-002
17356	-7.4953e-002
17357	-9.1727e-002
17358	-0.53603
17359	-0.44966
17360	-0.42194
17361	-0.26367
17362	-4.9086e-003
17363	-1.3063e-002
17364	-1.5659e-002
17365	0.19672
17366	0.2374
17367	-1.4195e-002
17368	-1.7646e-002
17369	-2.3977e-002
17370	-0.21057
17371	-0.15589
17372	-1.1994e-002
17373	-1.1541e-002
17374	-1.2873e-002
17375	-1.5118e-002
17376	-4.2661e-002
17377	-4.4398e-003
17378	-5.6784e-002
17379	-4.7927e-003
17380	-3.5534e-002
17381	-1.2421e-002
17382	-1.8087e-002
17383	-9.5607e-002
17384	-3.4911e-004
17385	-1.6604e-003
17386	6.1068e-007
17387	-7.1568e-002
17388	-4.3631e-002
17389	-9.3646e-002
17390	-5.7433e-002
17391	-5.3099e-003
17392	-1.3826e-002
17393	-2.4308e-002
17394	0.23671
17395	0.12935
17396	0.27311
17397	0.12013
17398	-1.1797e-002
17399	-8.8742e-003
17400	-3.9684e-002
17401	-4.8432e-002
17402	-3.2841e-002
17403	3.0733e-002
17404	4.0704e-002
17405	2.7462e-002
17406	2.405e-002
17407	7.9421e-002
17408	-2.8572e-002
17409	-6.6395e-002
17410	-2.4483e-002
17411	-2.8494e-002
17412	-0.27671
17413	-3.6818e-002
17414	-5.9029e-002
17415	-8.3235e-002
17416	2.4272e-002
17417	0.64576
17418	0.40877
17419	3.5216e-002
17420	0.59658
17421	0.73733
17422	0.69613
17423	0.45915
17424	-2.5506e-003
17425	-0.10011
17426	-3.8802e-002
17427	9.2203e-002
17428	-3.6257e-002
17429	-1.9776e-002
17430	-0.12996
17431	-0.14479
17432	-0.10679
17433	-0.10904
17434	-4.4897e-002
17435	-2.9672e-002
17436	-3.9953e-002
17437	-0.16651
17438	2.1823e-003
17439	4.3484e-003
17440	-7.3773e-002
17441	-3.7236e-002
17442	-4.6435e-002
17443	-7.0603e-002
17444	-1.7729e-002
17445	-1.6932e-002
17446	-0.13065
17447	-9.4167e-002
17448	-8.7842e-002
17449	-8.7769e-002
17450	-1.3084e-002
17451	-1.8631e-002
17452	-1.1279e-002
17453	-1.6264e-002
17454	-0.11204
17455	-0.10132
17456	-0.10888
17457	-3.9292e-002
17458	-7.1773e-002
17459	-3.4231e-002
17460	-0.26869
17461	-0.18187
17462	8.3214e-003
17463	6.4241e-003
17464	4.5045e-002
17465	3.9752e-002
17466	0.1101
17467	0.12284
17468	9.1622e-002
17469	0.25138
17470	6.3871e-003
17471	1.2285e-002
17472	1.6201e-002
17473	7.4855e-002
17474	4.5074e-002
17475	1.5154e-002
17476	-5.2901e-003
17477	1.3341e-002
17478	9.2797e-003
17479	-9.3257e-002
17480	-0.17772
17481	6.9314e-003
17482	-7.5251e-003
17483	-4.1864e-003
17484	-6.5638e-002
17485	-4.5156e-002
17486	-4.0756e-002
17487	-3.9201e-002
17488	1.3484e-002
17489	8.488e-003
17490	3.7574e-003
17491	-8.4805e-002
17492	-7.3929e-002
17493	-6.006e-002
17494	-3.8604e-002
17495	1.5314e-002
17496	-1.3954e-004
17497	1.1079e-002
17498	3.3727e-002
17499	-4.2008e-003
17500	8.1605e-002
17501	7.365e-002
17502	7.0489e-002
17503	4.5449e-003
17504	-4.5561e-002
17505	-1.4268e-002
17506	-4.4366e-002
17507	3.075e-002
17508	0.1716
17509	0.14275
17510	0.19445
17511	0.26775
17512	4.8192e-003
17513	0.37385
17514	0.28502
17515	-3.9103e-002
17516	-3.3793e-002
17517	-3.9294e-002
17518	-0.26066
17519	-0.18489
17520	5.5712e-003
17521	4.2197e-002
17522	7.0908e-002
17523	0.12252
17524	9.2475e-002
17525	0.13342
17526	8.863e-002
17527	0.62607
17528	0.67303
17529	0.58579
17530	0.54301
17531	-2.4797e-002
17532	-4.9791e-003
17533	-2.0782e-002
17534	-0.2368
17535	-0.1074
17536	-0.18554
17537	-4.6838e-002
17538	-4.7151e-002
17539	-6.8921e-002
17540	-5.7664e-002
17541	-0.18252
17542	-0.18275
17543	-0.20718
17544	-0.14777
17545	1.6241e-002
17546	-3.5108e-002
17547	-4.1233e-002
17548	-0.16695
17549	-0.19075
17550	-0.14375
17551	9.741e-003
17552	1.762e-002
17553	-2.516e-002
17554	-4.1464e-002
17555	-2.1968e-002
17556	0.12393
17557	8.1838e-002
17558	4.8263e-002
17559	-1.8858e-002
17560	3.0945e-002
17561	9.3767e-002
17562	0.11775
17563	0.61801
17564	3.1046e-002
17565	0.54814
17566	0.2248
17567	3.2403e-002
17568	3.5816e-002
17569	3.9262e-002
17570	-0.19463
17571	-4.927e-003
17572	-2.1174e-002
17573	5.8961e-002
17574	-3.0787e-002
17575	-3.7009e-002
17576	-0.10652
17577	-0.13385
17578	-8.4348e-002
17579	-0.1368
17580	-0.11366
17581	-9.6758e-002
17582	-6.9884e-002
17583	-0.1147
17584	-7.0774e-002
17585	-3.5449e-002
17586	-3.1048e-002
17587	4.9864e-003
17588	1.9482
17589	0.69327
17590	1.033
17591	0.61373
17592	0.4661
17593	3.0608e-002
17594	2.8012e-002
17595	0.28623
17596	0.42425
17597	0.17527
17598	-2.0114e-002
17599	-1.6608e-002
17600	-0.16796
17601	2.8198e-002
17602	-1.8426e-002
17603	-0.10843
17604	2.1096e-002
17605	9.4803e-003
17606	-7.7462e-003
17607	9.0493e-002
17608	6.9454e-002
17609	0.14417
17610	4.3287e-002
17611	-0.1199
17612	0.2279
17613	0.14262
17614	-9.6699e-002
17615	-5.4163e-002
17616	-4.5789e-002
17617	0.32738
17618	0.39611
17619	-1.8296e-002
17620	-2.3353e-002
17621	-1.7875e-002
17622	-2.5569e-002
17623	-0.14566
17624	-0.12607
17625	-0.15
17626	5.6059e-002
17627	5.5793e-002
17628	3.3877e-002
17629	-1.2475
17630	-0.32576
17631	-0.39033
17632	-0.56127
17633	0.16521
17634	-2.1585e-002
17635	-2.3421e-002
17636	-2.8212e-002
17637	-8.7913e-002
17638	-0.1025
17639	-0.13327
17640	-4.2242e-002
17641	-4.2657e-002
17642	-2.5971e-002
17643	-0.19424
17644	-7.5274e-002
17645	-2.8609e-002
17646	-1.4152e-002
17647	-1.153e-002
17648	-1.2235e-002
17649	-7.2265e-002
17650	-7.771e-002
17651	-2.4949e-002
17652	-2.1672e-002
17653	-3.0095e-002
17654	-0.14169
17655	-0.12767
17656	-0.15159
17657	-2.3828e-002
17658	-6.802e-002
17659	-9.3117e-002
17660	-0.16994
17661	-1.0804e-002
17662	-1.0564e-002
17663	-3.8219e-002
17664	-3.5476e-002
17665	-5.1283e-002
17666	7.026e-002
17667	4.7283e-002
17668	-0.45115
17669	0.56464
17670	0.34794
17671	0.42481
17672	0.54493
17673	-8.2595e-003
17674	9.6032e-004
17675	-2.5216e-003
17676	-7.6434e-002
17677	-7.7456e-002
17678	-9.1446e-002
17679	-3.8282e-002
17680	2.7076e-003
17681	7.2832e-003
17682	7.9544e-004
17683	-3.7094e-002
17684	-0.227
17685	-3.0137e-002
17686	-9.1508e-003
17687	4.8459e-002
17688	0.27802
17689	-5.6506e-002
17690	0.13813
17691	-3.9287e-002
17692	-0.60661
17693	-0.63736
17694	-0.41383
17695	1.1209e-002
17696	-0.13169
17697	0.14297
17698	-5.8002e-002
17699	-6.2978e-002
17700	-2.5203e-002
17701	-6.2196e-002
17702	-3.5213e-002
17703	-4.6302e-002
17704	-7.4333e-002
17705	-0.1318
17706	-0.61864
17707	-4.6929e-002
17708	-0.3951
17709	-2.6547e-002
17710	-3.4666e-002
17711	-0.15064
17712	-0.12062
17713	-0.10919
17714	-0.14151
17715	-0.14918
17716	-0.83319
17717	-0.6695
17718	-0.1174
17719	-0.52687
17720	-8.5953e-003
17721	-1.477e-002
17722	-8.3567e-003
17723	-1.3191e-002
17724	-0.10034
17725	-0.10233
17726	-9.4278e-002
17727	-4.703e-002
17728	-9.4552e-002
17729	-7.0032e-002
17730	-0.30997
17731	-0.20898
17732	-0.2263
17733	0.31334
17734	0.25564
17735	0.44345
17736	0.17793
17737	0.31179
17738	-9.2446e-002
17739	-0.26439
17740	8.4335e-002
17741	6.0202e-002
17742	-1.3477
17743	-0.65632
17744	-8.8996e-002
17745	-3.1482e-003
17746	0.17636
17747	0.21748
17748	0.25787
17749	0.2195
17750	3.4705e-003
17751	0.1223
17752	0.10239
17753	-4.8319e-002
17754	-5.0223e-002
17755	-0.19273
17756	-0.11267
17757	-8.7976e-002
17758	-8.7866e-002
17759	-5.2088e-002
17760	-0.16568
17761	-0.15665
17762	-1.6572e-002
17763	-6.5372e-003
17764	-3.7657e-002
17765	-8.29e-002
17766	3.8526e-003
17767	-1.9e-002
17768	-1.0092e-002
17769	-2.9756e-003
17770	-9.068e-003
17771	-6.6971e-002
17772	-0.11122
17773	1.4947e-002
17774	7.0107e-002
17775	1.4767e-002
17776	0.12937
17777	0.15971
17778	2.758e-002
17779	0.16179
17780	0.26181
17781	0.33404
17782	0.36791
17783	0.15619
17784	0.47371
17785	0.29767
17786	0.47681
17787	0.45906
17788	0.46357
17789	5.8485e-002
17790	5.2e-002
17791	2.4806e-002
17792	0.20344
17793	-3.3083e-003
17794	-4.9381e-002
17795	-1.5755e-002
17796	-1.2758e-002
17797	-1.03e-002
17798	-8.4719e-002
17799	-2.7527e-002
17800	-0.11518
17801	-0.1106
17802	-5.0116e-002
17803	-6.3589e-002
17804	-7.7024e-002
17805	-0.28586
17806	-0.38621
17807	-0.3216
17808	-8.9024e-002
17809	-0.39298
17810	-0.39821
17811	-0.31643
17812	1.0241e-002
17813	-3.231e-002
17814	1.9966e-002
17815	0.10837
17816	-2.2829e-002
17817	7.7157e-002
17818	4.7377e-002
17819	-6.9941e-003
17820	-1.2304e-002
17821	1.0882e-002
17822	4.3945e-003
17823	-0.19121
17824	-2.4645e-002
17825	-2.5582e-002
17826	-0.21164
17827	6.1161e-002
17828	-5.153e-002
17829	-3.8076e-002
17830	0.12703
17831	-1.9984e-002
17832	9.3744e-002
17833	-1.5756e-002
17834	4.0516e-002
17835	0.10992
17836	-2.1277e-002
17837	6.2755e-002
17838	0.21419
17839	0.13864
17840	7.4461e-003
17841	-1.983e-002
17842	-2.3522e-002
17843	-0.12691
17844	-3.4125e-002
17845	3.9151e-002
17846	2.472e-002
17847	0.1185
17848	9.5245e-002
17849	8.729e-002
17850	-2.2638e-002
17851	-8.8188e-003
17852	-1.9541e-002
17853	-0.14803
17854	-8.3006e-002
17855	-9.905e-002
17856	0.15577
17857	-3.4436e-003
17858	0.58664
17859	0.62885
17860	0.69253
17861	0.58606
17862	-6.3906e-003
17863	-1.2719e-002
17864	-1.0843e-002
17865	-1.0409e-002
17866	-0.10849
17867	-8.8078e-002
17868	-7.5885e-002
17869	-7.6814e-002
17870	-2.7989e-002
17871	-2.8444e-002
17872	-9.2481e-002
17873	-2.8581e-002
17874	-4.1144e-002
17875	-3.1729e-002
17876	-2.1556e-002
17877	-0.16623
17878	-0.13125
17879	-9.9464e-002
17880	-8.4249e-003
17881	-8.0386e-002
17882	-0.11084
17883	3.407e-002
17884	-5.8351e-002
17885	-2.3359e-002
17886	-3.854e-002
17887	-0.19163
17888	-0.35994
17889	-7.2663e-002
17890	-0.18728
17891	-9.0048e-003
17892	-7.5829e-003
17893	4.5163e-002
17894	3.7912e-002
17895	-3.1414e-002
17896	-0.12226
17897	-0.1421
17898	-0.19354
17899	-4.5077e-002
17900	6.2772e-002
17901	7.4059e-002
17902	0.4634
17903	3.5887e-002
17904	0.12614
17905	0.29086
17906	0.45016
17907	9.1984e-002
17908	0.36405
17909	0.47098
17910	-1.768e-002
17911	0.13372
17912	4.3073e-002
17913	7.0367e-003
17914	1.2777e-002
17915	5.7265e-002
17916	-1.6502e-002
17917	2.3339e-002
17918	-1.7888e-002
17919	-1.7786e-002
17920	-0.18225
17921	-0.17259
17922	-0.19957
17923	-0.41857
17924	0.59721
17925	1.084
17926	0.14078
17927	0.45738
17928	-4.901e-004
17929	1.5689e-002
17930	-0.11873
17931	6.7774e-002
17932	-2.2871e-002
17933	5.8537e-003
17934	7.0912e-002
17935	5.2431e-002
17936	-1.0545e-002
17937	-4.8941e-003
17938	-9.6754e-003
17939	-6.8702e-002
17940	-0.1025
17941	-1.0156e-002
17942	-4.3338e-003
17943	-0.10898
17944	-6.6309e-002
17945	4.422e-002
17946	4.7095e-002
17947	0.17955
17948	0.24411
17949	0.18597
17950	0.25343
17951	8.2655e-002
17952	-0.96987
17953	-0.91679
17954	-0.60321
17955	-0.29139
17956	-3.9891e-002
17957	-4.5025e-002
17958	-0.19638
17959	-0.19837
17960	-2.5604e-002
17961	-4.6802e-002
17962	-7.7521e-002
17963	-8.9063e-003
17964	-7.4188e-002
17965	1.5632e-002
17966	-8.9584e-002
17967	-9.1852e-002
17968	-2.9782e-002
17969	-0.21792
17970	0.39686
17971	0.17226
17972	-0.41316
17973	-0.23193
17974	-8.0042e-003
17975	-3.753e-003
17976	-1.9034e-003
17977	-4.8455e-003
17978	-2.1131e-002
17979	-9.8618e-003
17980	-4.7594e-002
17981	3.1563e-002
17982	4.4384e-002
17983	2.5625e-002
17984	0.14446
17985	0.13579
17986	-7.8639e-002
17987	0.16348
17988	-5.5897e-002
17989	-5.397e-002
17990	-7.3595e-002
17991	-0.25771
17992	-0.21834
17993	-0.2184
17994	-5.387e-002
17995	-0.19081
17996	-1.3187
17997	-1.2144
17998	-0.29265
17999	-6.0021e-002
18000	-6.0298e-002
18001	-1.6902e-002
18002	-0.20504
18003	3.587e-002
18004	-2.3956e-002
18005	0.27091
18006	0.38257
18007	0.37922
18008	-1.349e-003
18009	-4.2878e-002
18010	-0.18777
18011	-7.2977e-002
18012	-0.23595
18013	2.1401e-003
18014	-5.4374e-003
18015	-2.0551e-002
18016	-9.0063e-002
18017	-5.1128e-002
18018	-8.2292e-002
18019	-5.3426e-002
18020	-1.5556e-002
18021	-1.0565e-002
18022	-0.10255
18023	-0.10635
18024	-9.6447e-002
18025	-1.0426e-002
18026	-8.3485e-003
18027	-1.3149e-002
18028	-9.1505e-003
18029	-8.6475e-002
18030	-3.3913e-003
18031	1.9167e-003
18032	-7.1474e-002
18033	-8.6646e-002
18034	-6.1901e-002
18035	-5.241e-002
18036	-6.8304e-002
18037	4.9961e-003
18038	-2.7026e-003
18039	-2.8363e-002
18040	8.1803e-004
18041	6.7002e-002
18042	7.0614e-002
18043	8.2279e-002
18044	0.47179
18045	0.4356
18046	0.51929
18047	0.41035
18048	-1.5427e-002
18049	-3.028e-002
18050	-9.4317e-002
18051	-0.1089
18052	-2.6141e-003
18053	2.153e-002
18054	5.8843e-002
18055	7.6901e-002
18056	2.1454e-002
18057	0.10042
18058	-0.10077
18059	-0.55352
18060	-0.34103
18061	-0.32622
18062	-0.28117
18063	4.2764e-002
18064	0.11902
18065	1.8699e-002
18066	0.10544
18067	-1.7743e-002
18068	-1.1925e-002
18069	-0.11408
18070	-7.9807e-002
18071	-1.2094
18072	-0.99885
18073	-0.34618
18074	-0.37788
18075	0.16504
18076	6.4156e-002
18077	0.142
18078	0.11576
18079	0.13277
18080	-1.3363e-003
18081	-2.629e-002
18082	8.1757e-002
18083	0.34687
18084	-1.7288e-002
18085	-2.2661e-002
18086	-0.13284
18087	-8.6125e-002
18088	-0.10217
18089	1.4754e-002
18090	-5.5976e-002
18091	-9.311e-003
18092	-3.2028e-002
18093	-5.2112e-002
18094	-1.4216e-002
18095	-1.2278e-002
18096	-1.4106e-002
18097	-1.6607e-002
18098	-1.4729e-002
18099	-9.6537e-002
18100	-0.1302
18101	-0.11086
18102	-1.3471e-002
18103	-1.0441e-002
18104	-0.1112
18105	-0.10048
18106	-0.10274
18107	0.47026
18108	4.8192e-002
18109	3.3432e-002
18110	-2.8617e-002
18111	0.12416
18112	8.9634e-002
18113	0.2235
18114	-1.6799e-002
18115	-2.4493e-002
18116	-1.6555e-002
18117	-0.14458
18118	-0.1588
18119	-9.488e-002
18120	-4.7368e-003
18121	-6.721e-003
18122	-3.1632e-002
18123	-6.4205e-002
18124	-4.744e-002
18125	3.9495e-002
18126	0.20771
18127	6.7916e-002
18128	8.7853e-002
18129	-5.4782e-002
18130	-0.33258
18131	-0.31777
18132	-0.28924
18133	3.3065e-003
18134	7.7525e-003
18135	3.5911e-003
18136	-6.7147e-002
18137	-5.1996e-002
18138	-5.6058e-002
18139	-7.7254e-002
18140	-3.7204e-002
18141	1.0172e-003
18142	4.3061e-003
18143	-1.5563e-002
18144	-2.1868e-002
18145	-2.0096e-002
18146	-0.1103
18147	-0.10903
18148	-0.11415
18149	-1.9212e-002
18150	-0.10392
18151	-0.13428
18152	-0.11887
18153	7.6374e-003
18154	5.2459e-003
18155	6.5506e-002
18156	0.1431
18157	-6.2712e-002
18158	-4.1998e-002
18159	-9.2013e-002
18160	-2.4169e-002
18161	-0.13386
18162	-8.0327e-002
18163	-0.10696
18164	-5.336e-002
18165	-5.95e-002
18166	-5.3368e-002
18167	-0.22299
18168	-0.19172
18169	-0.15042
18170	-0.15337
18171	-0.15439
18172	-4.6284e-003
18173	-1.6263e-003
18174	5.3241e-002
18175	-3.0309e-002
18176	-2.6468e-003
18177	-1.0993e-002
18178	-2.1875e-002
18179	-4.8337e-002
18180	-5.2659e-002
18181	-7.9502e-002
18182	3.4913e-002
18183	3.4542e-002
18184	-0.23239
18185	-0.1775
18186	3.4295e-002
18187	8.6872e-002
18188	-2.1121e-002
18189	-1.6912e-002
18190	-1.0665e-002
18191	-0.11079
18192	-0.12965
18193	-1.4223e-002
18194	3.1913e-002
18195	-6.0141e-003
18196	-4.8278e-002
18197	-0.10855
18198	-9.0924e-002
18199	-5.3226e-002
18200	-0.13653
18201	-4.3745e-002
18202	-8.0611e-002
18203	-9.3401e-002
18204	-2.6744e-002
18205	-0.14683
18206	-0.16105
18207	-0.16075
18208	-4.1326e-002
18209	-4.9967e-002
18210	-0.19782
18211	-0.28192
18212	-0.13828
18213	-6.1199e-003
18214	-9.6162e-002
18215	-2.6302e-002
18216	-0.17098
18217	-0.27451
18218	-0.12112
18219	-2.7095e-002
18220	-0.17845
18221	-0.12618
18222	0.14742
18223	-0.48555
18224	4.8297e-003
18225	-0.16054
18226	0.15736
18227	0.23887
18228	3.2021e-002
18229	0.12229
18230	2.477e-002
18231	-3.7277e-004
18232	-2.9408e-002
18233	1.3063e-002
18234	-6.8926e-003
18235	-8.8412e-002
18236	-0.11529
18237	-7.2621e-002
18238	7.9429e-002
18239	0.43275
18240	0.41085
18241	0.4075
18242	-1.3377e-003
18243	-6.3541e-003
18244	-3.2283e-002
18245	-0.21887
18246	-0.17174
18247	2.4402e-002
18248	4.3132e-002
18249	8.3055e-002
18250	5.3275e-002
18251	3.2203e-004
18252	-2.8753e-003
18253	-9.3324e-002
18254	-5.7111e-002
18255	-5.2993e-002
18256	-4.9269e-002
18257	-0.12399
18258	-0.1421
18259	-0.13518
18260	3.2044e-003
18261	1.8331e-002
18262	-1.3082e-002
18263	3.803e-002
18264	8.4785e-003
18265	-9.0826e-002
18266	-0.33077
18267	-0.43665
18268	-0.25543
18269	-1.4575e-002
18270	-0.16938
18271	-0.20425
18272	-0.12662
18273	5.449e-002
18274	-9.4327e-002
18275	0.11376
18276	-3.8645e-002
18277	-8.678e-002
18278	-0.17558
18279	0.15511
18280	-0.25387
18281	-7.2151e-002
18282	-0.26211
18283	-0.22274
18284	-0.22841
18285	-0.22281
18286	-0.23675
18287	0.75899
18288	0.48081
18289	0.43441
18290	0.55452
18291	-5.839e-002
18292	-4.4667e-002
18293	-4.3468e-002
18294	-0.11806
18295	-0.13311
18296	-0.10718
18297	-9.409e-002
18298	-0.15122
18299	-0.12219
18300	-0.10151
18301	-2.4925e-002
18302	-0.12037
18303	-1.5263e-002
18304	-1.1194e-002
18305	-0.10505
18306	-9.3624e-002
18307	-8.9353e-003
18308	-7.0387e-002
18309	-5.3803e-002
18310	-4.395e-002
18311	5.1141e-002
18312	7.1078e-002
18313	0.29746
18314	3.1938e-002
18315	0.16892
18316	0.16581
18317	0.19926
18318	-6.7307e-003
18319	-1.3585e-002
18320	-5.4997e-002
18321	-7.0826e-002
18322	1.8435e-002
18323	8.97e-003
18324	-2.892e-002
18325	6.4348e-002
18326	-6.9586e-002
18327	-5.3319e-002
18328	-5.545e-002
18329	7.5801e-002
18330	-0.1409
18331	0.56255
18332	-1.5866e-002
18333	-1.4094e-002
18334	-6.0025e-002
18335	-6.9726e-002
18336	-8.7419e-002
18337	8.2464e-003
18338	-4.1657e-002
18339	-9.3944e-003
18340	0.23937
18341	-0.11985
18342	-9.5157e-002
18343	-3.2893e-002
18344	-5.8499e-002
18345	-4.1049e-002
18346	-0.20581
18347	-0.30307
18348	-0.20181
18349	-9.7061e-002
18350	-0.18587
18351	-9.6952e-002
18352	-1.7859e-002
18353	-9.0822e-003
18354	-7.7769e-002
18355	-4.7121e-002
18356	-4.5532e-002
18357	-0.14805
18358	-0.13564
18359	-0.14447
18360	0.11244
18361	-3.4549e-002
18362	1.2116e-002
18363	-0.30625
18364	-0.22257
18365	-0.23091
18366	-0.13095
18367	-8.5084e-002
18368	-9.9074e-002
18369	-2.0344e-002
18370	-4.4122e-002
18371	-0.1377
18372	-1.3761e-002
18373	6.7137e-003
18374	-2.2484e-002
18375	-5.2936e-002
18376	-4.5016e-002
18377	-0.13788
18378	-0.15726
18379	-0.25169
18380	0.15967
18381	0.33907
18382	0.25024
18383	9.3211e-002
18384	-7.8709e-003
18385	-6.6897e-002
18386	-9.3131e-002
18387	-0.10069
18388	0.12823
18389	0.17858
18390	0.15592
18391	-0.14028
18392	-3.7554e-002
18393	-0.12756
18394	-4.9671e-002
18395	-0.16566
18396	-1.4573e-002
18397	-0.21711
18398	6.6729e-002
18399	-0.35747
18400	0.19806
18401	-1.1659e-002
18402	-4.2236e-002
18403	-7.3401e-002
18404	-5.7958e-002
18405	-0.21906
18406	-0.18516
18407	-0.15652
18408	-1.5372e-002
18409	-1.2933e-002
18410	-0.17018
18411	-0.18304
18412	-0.19715
18413	0.10764
18414	0.2396
18415	0.24891
18416	-3.0549e-003
18417	-6.0506e-003
18418	0.20932
18419	0.25516
18420	0.25001
18421	0.15386
18422	0.24554
18423	-2.1231e-002
18424	-0.10785
18425	0.11088
18426	0.18475
18427	0.62434
18428	0.61114
18429	0.54127
18430	-3.1875e-002
18431	-0.12945
18432	-0.14081
18433	-7.2306e-002
18434	7.1928e-002
18435	-2.4151e-002
18436	0.56593
18437	0.27397
18438	0.67182
18439	0.56536
18440	-0.10208
18441	-8.6024e-002
18442	-5.4904e-002
18443	-0.14663
18444	-7.663e-002
18445	-9.7611e-002
18446	-6.0548e-002
18447	-0.12082
18448	-3.7478e-002
18449	2.3627e-003
18450	-9.2967e-004
18451	-6.8186e-002
18452	-5.7097e-002
18453	-7.4842e-002
18454	-7.5864e-002
18455	0.18765
18456	0.46228
18457	0.62451
18458	0.49694
18459	-6.3363e-003
18460	1.1783e-002
18461	-0.20117
18462	-0.15417
18463	-0.14176
18464	-2.0352e-002
18465	-0.17499
18466	-0.19046
18467	-0.27852
18468	-0.19896
18469	7.0768e-003
18470	0.11508
18471	0.16974
18472	0.24362
18473	-0.11868
18474	-3.517e-002
18475	-3.9745e-002
18476	-0.12939
18477	3.506e-002
18478	-9.0366e-002
18479	-3.206e-002
18480	4.4395e-002
18481	-1.9398e-002
18482	-0.10933
18483	-0.12526
18484	-6.7547e-002
18485	-5.3248e-002
18486	-4.9456e-002
18487	-0.18612
18488	-0.14256
18489	-0.10905
18490	-4.5228e-002
18491	-0.15374
18492	-0.17934
18493	0.21084
18494	7.093e-003
18495	6.196e-002
18496	2.1738e-002
18497	0.11733
18498	0.30194
18499	-1.4673e-002
18500	-3.0183e-002
18501	3.986e-002
18502	8.9632e-003
18503	-7.8379e-002
18504	-6.5294e-002
18505	-1.0018e-003
18506	0.11814
18507	0.13716
18508	-1.8716e-002
18509	3.2395e-002
18510	-7.4466e-003
18511	-6.8804e-002
18512	-8.1014e-002
18513	-0.11305
18514	-0.20795
18515	1.8259e-002
18516	-3.4786e-002
18517	-3.4363e-002
18518	-1.9913e-002
18519	-0.10883
18520	-7.7154e-002
18521	-1.1368e-002
18522	-8.6542e-002
18523	1.5203e-002
18524	-9.5787e-003
18525	-0.10633
18526	1.3488e-002
18527	9.017e-002
18528	-0.13994
18529	-0.14359
18530	-1.8589e-002
18531	-0.10879
18532	-6.4521e-002
18533	-9.1915e-002
18534	-0.12835
18535	0.10312
18536	0.17699
18537	0.60338
18538	0.52005
18539	0.41111
18540	5.4583e-002
18541	6.4962e-002
18542	-1.8587e-002
18543	-0.11568
18544	-6.8179e-002
18545	-0.10857
18546	-0.10264
18547	-8.4009e-002
18548	-4.2877e-002
18549	-8.8223e-002
18550	-0.13469
18551	-1.8006e-002
18552	-0.12526
18553	3.4284e-002
18554	8.8132e-002
18555	5.4557e-002
18556	4.7049e-002
18557	6.4259e-002
18558	5.7191e-002
18559	-2.4157e-003
18560	-1.0015e-002
18561	-3.7205e-002
18562	-4.6238e-002
18563	-2.1722e-002
18564	-4.3756e-002
18565	-2.5019e-002
18566	3.3443e-002
18567	2.6192e-002
18568	-1.2016e-002
18569	-8.0172e-003
18570	-1.339e-002
18571	-0.10095
18572	-9.2898e-002
18573	-8.5342e-002
18574	0.20873
18575	-0.15395
18576	0.12555
18577	6.6134e-002
18578	0.56968
18579	0.61135
18580	0.21975
18581	0.35673
18582	0.38707
18583	-7.735e-003
18584	-1.023e-002
18585	-4.9223e-003
18586	-6.7765e-002
18587	-7.3211e-002
18588	-5.9249e-002
18589	-7.3915e-002
18590	-8.1219e-003
18591	-8.8603e-002
18592	-6.2448e-002
18593	-4.0611e-002
18594	-3.3199e-002
18595	0.13436
18596	-1.5108e-002
18597	1.2565e-002
18598	-9.4686e-002
18599	-3.6001e-002
18600	7.7727e-002
18601	-2.2372e-002
18602	-0.15525
18603	-0.10919
18604	-0.12512
18605	-0.1432
18606	-0.13377
18607	-0.10474
18608	-0.14173
18609	-0.15837
18610	-0.10702
18611	-0.10575
18612	-9.0143e-002
18613	1.9057e-002
18614	-0.22478
18615	-2.3225e-002
18616	-5.9998e-002
18617	-9.7947e-003
18618	-5.4628e-002
18619	-4.0077e-002
18620	-5.7628e-002
18621	-1.3264e-002
18622	-3.5947e-002
18623	-4.0454e-002
18624	0.86046
18625	0.6548
18626	0.74966
18627	-0.37939
18628	-0.55033
18629	-0.11226
18630	-1.4192e-002
18631	-0.12437
18632	-6.845e-002
18633	-9.37e-002
18634	-8.6144e-002
18635	-1.3151e-002
18636	-0.14805
18637	-0.10513
18638	-9.9073e-002
18639	-2.6256e-002
18640	-2.2654e-002
18641	-0.14247
18642	-0.11188
18643	-0.13235
18644	-0.10056
18645	-2.0833e-002
18646	-1.6354e-002
18647	-0.2422
18648	-0.16643
18649	0.25257
18650	0.24741
18651	-2.0303e-002
18652	-6.1644e-002
18653	-0.12613
18654	-7.6627e-002
18655	-5.9861e-002
18656	-7.9025e-002
18657	0.42162
18658	0.44802
18659	0.42613
18660	2.4377e-002
18661	-0.19111
18662	2.0683e-002
18663	-3.606e-002
18664	8.5496e-003
18665	6.5877e-002
18666	-0.11124
18667	-0.19399
18668	2.5088e-003
18669	-1.1345e-002
18670	1.8388e-002
18671	0.40672
18672	0.14827
18673	3.0022e-002
18674	6.477e-003
18675	-6.3966e-002
18676	-4.72e-002
18677	-5.0144e-002
18678	-4.836e-002
18679	-0.17008
18680	-7.1108e-002
18681	-0.11758
18682	-0.16643
18683	-2.6343e-002
18684	-2.1855e-002
18685	-0.19596
18686	-0.17193
18687	-0.17083
18688	-0.22521
18689	-0.18359
18690	0.20873
18691	0.33455
18692	0.63513
18693	0.44285
18694	0.24191
18695	0.64115
18696	0.72219
18697	0.709
18698	0.62566
18699	-1.6083e-002
18700	-0.1053
18701	-0.12408
18702	-8.4971e-002
18703	-9.3991e-002
18704	-0.10527
18705	-9.3837e-002
18706	-0.10816
18707	-0.13787
18708	-0.1129
18709	-0.14923
18710	-0.15453
18711	-0.16814
18712	-0.10482
18713	-9.872e-002
18714	-6.5657e-002
18715	-6.6631e-002
18716	-4.5175e-002
18717	-5.714e-002
18718	-0.1608
18719	-0.12246
18720	-9.6887e-002
18721	-0.12048
18722	-9.3847e-002
18723	-9.0388e-002
18724	-0.38112
18725	-0.31651
18726	-7.5444e-002
18727	2.4129e-002
18728	-3.2613e-002
18729	4.7522e-002
18730	7.9023e-002
18731	6.7325e-002
18732	-1.0841e-002
18733	-0.14526
18734	4.1244e-002
18735	5.7423e-002
18736	9.0131e-002
18737	0.35525
18738	-1.9278e-002
18739	-1.479e-002
18740	-0.10666
18741	-2.6058e-002
18742	-1.7738e-002
18743	-0.10081
18744	-2.1864e-002
18745	-0.19597
18746	-0.11373
18747	-0.19148
18748	-0.24322
18749	-0.10924
18750	-0.16745
18751	-9.6285e-002
18752	-0.12763
18753	-0.12657
18754	-8.8514e-002
18755	-7.1668e-002
18756	-7.9346e-002
18757	-5.8648e-002
18758	-0.1805
18759	-1.453e-002
18760	-0.10355
18761	-0.10554
18762	-7.3556e-002
18763	-0.13
18764	-0.15137
18765	-0.15142
18766	-2.5895e-002
18767	-5.5046e-002
18768	-0.11928
18769	-5.0707e-002
18770	-0.12365
18771	-0.2018
18772	-7.1157e-002
18773	-0.18577
18774	-7.1678e-002
18775	-0.12812
18776	-0.14946
18777	-0.19712
18778	-0.19831
18779	-0.10241
18780	-0.16699
18781	-0.14003
18782	-0.41667
18783	-0.47165
18784	-0.55518
18785	-0.385
18786	-0.5092
18787	-0.41246
18788	-0.4725
18789	-0.37194
18790	-0.32172
18791	-0.44593
18792	-0.34948
18793	-0.2668
18794	-0.34919
18795	-0.25145
18796	-0.30732
18797	-0.25633
18798	-0.17364
18799	-0.12369
18800	-9.7409e-002
18801	-0.16246
18802	-0.15563
18803	-0.14798
18804	-0.19559
18805	-0.21416
18806	-0.11097
18807	5.787e-002
18808	-3.9968e-002
18809	-1.3685e-002
18810	4.1511e-002
18811	3.3209e-002
18812	-7.8735e-002
18813	-3.9478e-002
18814	-2.3752e-002
18815	-4.0108e-002
18816	-1.0735e-002
18817	-8.2429e-002
18818	0.16696
18819	9.9015e-002
18820	9.0713e-002
18821	0.14334
18822	0.12135
18823	1.8026e-002
18824	4.6769e-002
18825	0.26543
18826	0.22211
18827	0.19493
18828	0.17294
18829	6.4637e-002
18830	6.9615e-002
18831	5.445e-002
18832	7.1232e-002
18833	0.1258
18834	0.3293
18835	0.28598
18836	0.41275
18837	0.32569
18838	0.21477
18839	0.12851
18840	0.12051
18841	0.24976
18842	0.15216
18843	0.50083
18844	0.41377
18845	0.48057
18846	0.58743
18847	0.33784
18848	0.34292
18849	0.24024
18850	0.40152
18851	0.65803
18852	0.79346
18853	0.57896
18854	0.68583
18855	0.38607
18856	0.43784
18857	0.44132
18858	0.28948
18859	0.41682
18860	0.51196
18861	0.29904
18862	0.95466
18863	0.80626
18864	0.99455
18865	0.7742
18866	0.90963
18867	0.50224
18868	0.52682
18869	0.61923
18870	0.64518
18871	1.0312
18872	0.80934
18873	0.99763
18874	0.5299
18875	0.65948
18876	-0.54688
18877	-0.53633
18878	-0.4642
18879	-0.40409
18880	-0.36364
18881	1.0711
18882	0.60333
18883	0.58491
18884	0.68393
18885	0.73291
18886	0.38149
18887	0.47391
18888	0.9526
18889	0.5452
18890	0.56978
18891	0.55137
18892	0.68815
18893	-0.61986
18894	-0.58443
18895	-0.4877
18896	-0.54773
18897	-0.44579
18898	-0.53718
18899	-0.57701
18900	-0.47706
18901	-0.54223
18902	-0.31751
18903	-0.21977
18904	-0.27699
18905	-0.44172
18906	-0.39981
18907	0.73225
18908	0.32485
18909	0.44185
18910	0.35561
18911	0.46028
18912	0.58618
18913	0.60323
18914	0.37326
18915	-0.26289
18916	-0.30859
18917	-0.28483
18918	-0.30341
18919	-0.1622
18920	-0.16485
18921	-0.22073
18922	-5.402e-002
18923	-0.11907
18924	-0.1522
18925	-8.0442e-002
18926	-9.2786e-002
18927	-3.7804e-002
18928	-4.1302e-002
18929	0.26899
18930	0.19778
18931	0.11151
18932	0.11811
18933	6.8496e-002
18934	6.8196e-002
18935	0.12936
18936	0.39215
18937	0.28123
18938	0.31622
18939	0.21862
18940	0.3799
18941	9.9911e-002
18942	0.22916
18943	0.12698
18944	1.0374e-003
18945	3.041e-002
18946	9.6688e-002
18947	-6.6351e-003
18948	3.3735e-002
18949	9.0905e-003
18950	4.5989e-002
18951	4.7605e-002
18952	6.7794e-002
18953	7.4731e-002
18954	2.4001e-002
18955	8.8358e-003
18956	6.4372e-002
18957	8.0185e-002
18958	0.54555
18959	0.29596
18960	0.30104
18961	0.40442
18962	0.4079
18963	0.30522
18964	0.25607
18965	0.46649
18966	-7.9512e-002
18967	-0.20733
18968	-9.2884e-002
18969	0.40902
18970	0.60342
18971	0.49469
18972	0.10441
18973	-4.3029e-002
18974	0.45888
18975	0.60001
18976	0.13193
18977	0.22329
18978	0.50316
18979	1.0628
18980	0.83449
18981	0.36641
18982	0.82233
18983	1.0788
18984	1.2369
18985	0.71122
18986	1.2709
18987	1.8376
18988	0.94572
18989	1.2432
18990	0.76633
18991	0.84599
18992	1.7992
18993	1.4449
18994	2.0969
18995	1.2051
18996	1.3395
18997	2.2315
18998	1.2407
18999	1.8346
19000	1.12
19001	2.4218
19002	1.8854
19003	2.8358
19004	1.6522
19005	2.5442
19006	1.5128
19007	2.4005
19008	1.5535
19009	1.1552
19010	1.4873
19011	2.8179
19012	2.1816
19013	3.132
19014	2.2045
19015	3.1846
19016	1.809
19017	1.8889
19018	1.7134
19019	1.3433
19020	1.7835
19021	3.8947
19022	2.5049
19023	2.3044
19024	3.2845
19025	1.8133
19026	3.1838
19027	4.4948
19028	4.242
19029	2.8523
19030	2.3116
19031	2.3052
19032	2.3328
19033	1.699
19034	2.7369
19035	4.7147
19036	5.1902
19037	3.8458
19038	3.6791
19039	4.9901
19040	3.8166
19041	2.8069
19042	2.8281
19043	2.9979
19044	4.2277
19045	5.3017
19046	3.9573
19047	3.9281
19048	3.1094
19049	3.5045
19050	4.2483
19051	-0.28334
19052	-0.25193
19053	0.5274
19054	2.839e-002
19055	0.24179
19056	0.3515
19057	3.3587
19058	2.6009
19059	2.5109
19060	2.9059
19061	5.5771
19062	4.4036
19063	2.9217
19064	2.0495
19065	1.1585
19066	2.2405
19067	-0.37974
19068	-0.29671
19069	-9.9425e-002
19070	0.17391
19071	-6.801e-002
19072	0.14538
19073	-7.7865e-002
19074	0.31963
19075	0.40531
19076	8.4043e-002
19077	1.5018e-002
19078	0.96268
19079	0.90721
19080	0.58595
19081	0.95285
19082	4.0661
19083	1.8829
19084	1.2702
19085	4.2035
19086	3.1938
19087	3.215
19088	1.0008
19089	0.3044
19090	0.76032
19091	0.49625
19092	1.32
19093	1.0559
19094	2.0888
19095	1.7345
19096	1.802
19097	2.0994
19098	2.4315
19099	1.7169
19100	1.7835
19101	1.2076
19102	0.58724
19103	0.73075
19104	0.81041
19105	0.82508
19106	1.6681
19107	1.2726
19108	3.5986
19109	2.3029
19110	3.1107
19111	2.1976
19112	3.4817
19113	2.9347
19114	2.7901
19115	2.2942
19116	3.3663
19117	1.5449
19118	1.4004
19119	0.63573
19120	1.0483
19121	1.0917
19122	0.72709
19123	1.094
19124	1.3481
19125	0.98969
19126	0.62357
19127	0.259
19128	0.52161
19129	2.0709
19130	1.0395
19131	1.0802
19132	0.68195
19133	0.95948
19134	2.8192
19135	1.9722
19136	2.5661
19137	2.5637
19138	1.2955
19139	1.1999
19140	0.82983
19141	2.3554
19142	2.18
19143	-0.10551
19144	-0.19006
19145	-0.16787
19146	-6.2179e-002
19147	-0.28014
19148	-0.29834
19149	-0.57356
19150	-0.36756
19151	-0.1407
19152	-5.0597e-002
19153	5.509e-002
19154	-4.9025e-002
19155	0.11467
19156	-2.2973e-002
19157	-0.16287
19158	-0.4212
19159	-0.32049
19160	8.1348e-002
19161	0.24504
19162	0.37638
19163	0.22225
19164	4.0826e-002
19165	-0.35406
19166	-0.4879
19167	0.22273
19168	0.33515
19169	0.18102
19170	0.16961
19171	-0.21263
19172	-4.1054e-004
19173	0.12963
19174	-0.40732
19175	0.28921
19176	0.11495
19177	-0.26729
19178	0.17311
19179	0.16823
19180	7.497e-002
19181	-0.43375
19182	-0.46198
19183	0.11293
19184	0.28398
19185	0.20854
19186	0.29425
19187	0.28937
19188	-0.31261
19189	0.22303
19190	0.38794
19191	0.3125
19192	0.49088
19193	0.39309
19194	0.22492
19195	-0.73955
19196	0.43795
19197	0.34017
19198	0.33941
19199	0.21214
19200	0.3306
19201	-0.47083
19202	0.31566
19203	0.49191
19204	0.20789
19205	0.42001
19206	0.29274
19207	-7.1046e-002
19208	0.41121
19209	-0.57793
19210	0.54574
19211	0.42157
19212	0.8077
19213	0.39718
19214	0.11316
19215	-0.16578
19216	0.39051
19217	-1.6675
19218	-8.4392e-002
19219	-0.76549
19220	0.7463
19221	0.48314
19222	0.86928
19223	-2.2849e-002
19224	-1.4204
19225	0.54697
19226	-2.2818e-002
19227	-0.16015
19228	-0.14033
19229	-0.20707
19230	-0.36002
19231	-0.33765
19232	-0.11079
19233	1.0083
19234	0.11614
19235	-2.2246
19236	-1.2814
19237	0.32791
19238	0.4228
19239	-0.14699
19240	0.4367
19241	-1.3439
19242	-1.1584
19243	0.23914
19244	-0.22489
19245	-0.22251
19246	-0.6282
19247	-0.4222
19248	-0.47995
19249	-0.42475
19250	-0.40238
19251	-0.46013
19252	-9.4625e-002
19253	-0.31259
19254	-0.60601
19255	-0.57092
19256	-0.2069
19257	-6.7463e-002
19258	2.6178e-002
19259	-0.25276
19260	0.2295
19261	0.30353
19262	-0.53678
19263	-0.92757
19264	-2.0385
19265	-1.0437
19266	-1.1365
19267	-3.3471e-002
19268	-0.17111
19269	-0.63258
19270	-0.56934
19271	-0.46863
19272	-7.419e-003
19273	-7.3993e-002
19274	-0.46888
19275	0.23877
19276	5.7345e-002
19277	-0.34956
19278	-0.47138
19279	-9.6785e-002
19280	3.3257e-002
19281	8.2171e-002
19282	-5.4117e-003
19283	9.6666e-002
19284	-8.085e-002
19285	-0.51442
19286	-0.61721
19287	2.1228e-002
19288	-1.0453
19289	0.26571
19290	9.7531e-002
19291	-0.54529
19292	0.2412
19293	-0.86694
19294	-2.5636e-004
19295	0.14341
19296	0.11511
19297	2.1848e-002
19298	5.9807e-002
19299	-0.26224
19300	-0.86911
19301	-0.31381
19302	-0.89733
19303	-0.42871
19304	-0.43359
19305	-0.12398
19306	0.10206
19307	0.11309
19308	3.9131e-002
19309	0.1576
19310	0.14265
19311	3.0331e-002
19312	-0.94185
19313	-0.77111
19314	-0.95881
19315	-0.64631
19316	-1.6645
19317	-0.7797
19318	-1.1389
19319	-0.47156
19320	-1.8473
19321	-1.4991
19322	-1.5685
19323	-0.96248
19324	-1.7775
19325	-0.95023
19326	-0.20766
19327	-0.9848
19328	-4.3106e-003
19329	-0.52588
19330	-1.0323
19331	-0.7568
19332	-1.2934
19333	-1.1227
19334	-0.11026
19335	-0.59008
19336	8.1279e-002
19337	0.23585
19338	-0.11689
19339	-0.55812
19340	-0.41435
19341	-0.69058
19342	-0.13529
19343	-0.79338
19344	0.15064
19345	-0.42411
19346	8.3122e-002
19347	0.19645
19348	-3.462e-002
19349	-0.40693
19350	-0.31703
19351	1.7882e-003
19352	-0.48724
19353	-0.7821
19354	-0.16414
19355	-0.31538
19356	-0.16686
19357	-4.9523e-003
19358	-0.27974
19359	-0.28804
19360	9.2572e-003
19361	7.2304e-002
19362	-0.53311
19363	-0.38189
19364	-1.5836e-002
19365	-0.65341
19366	-0.59789
19367	-0.6025
19368	-0.5126
19369	-0.6064
19370	-0.60318
19371	-0.44894
19372	-0.84383
19373	-0.68281
19374	-0.97767
19375	0.50811
19376	0.25479
19377	0.37637
19378	-5.3752e-003
19379	0.4486
19380	0.48247
19381	0.31345
19382	0.14752
19383	-0.83928
19384	-0.78608
19385	-0.80261
19386	-0.65884
19387	-0.74541
19388	-0.72918
19389	-0.93507
19390	-0.62546
19391	0.66272
19392	0.33372
19393	0.64299
19394	1.2523e-002
19395	0.65241
19396	0.62834
19397	0.29158
19398	0.65475
19399	0.57751
19400	-1.1437
19401	-1.0437
19402	-0.91569
19403	-0.95601
19404	-0.92367
19405	-1.2816
19406	-0.84967
19407	-1.6032
19408	0.57938
19409	0.24393
19410	0.68786
19411	-0.17311
19412	0.76891
19413	0.75571
19414	0.47343
19415	-0.43256
19416	-1.623
19417	-1.972
19418	-1.4831
19419	-1.6238
19420	-1.4533
19421	-1.3025
19422	-1.6933
19423	-1.9022
19424	-0.14
19425	0.53545
19426	0.28855
19427	-0.73895
19428	0.69426
19429	0.4886
19430	-0.80844
19431	0.58346
19432	-0.20237
19433	0.3434
19434	0.37397
19435	-1.0253
19436	-7.0638e-002
19437	-1.4464
19438	0.10566
19439	-1.3896
19440	-0.81703
19441	-2.2785
19442	-0.56156
19443	-0.24714
19444	0.13363
19445	-0.36064
19446	-3.669e-002
19447	-0.3302
19448	-3.2902e-002
19449	-0.61036
19450	-0.42405
19451	-0.40436
19452	0.22935
19453	-4.1299e-002
19454	4.1357e-002
19455	-0.1295
19456	-0.16403
19457	-1.8325
19458	-1.3435
19459	-1.728
19460	-1.7757
19461	-1.0957
19462	-1.0365
19463	-0.51174
19464	-1.0815
19465	-0.71237
19466	-0.63623
19467	-0.64013
19468	-0.62422
19469	-0.57256
19470	-0.88958
19471	-0.57442
19472	-0.71654
19473	0.39037
19474	0.69964
19475	0.56193
19476	0.52359
19477	0.70273
19478	0.42678
19479	0.10961
19480	-0.91115
19481	-0.80732
19482	-0.75012
19483	-0.77218
19484	-0.68676
19485	-0.93978
19486	-0.63018
19487	-1.0426
19488	-0.40414
19489	0.46456
19490	0.90849
19491	0.80698
19492	0.84551
19493	0.80932
19494	0.89301
19495	0.73208
19496	-1.3175
19497	-1.2257
19498	-0.99058
19499	-1.0148
19500	-1.3162
19501	-0.88425
19502	-1.1914
19503	-0.88714
19504	0.26116
19505	0.93661
19506	0.97225
19507	1.0192
19508	0.93198
19509	0.67678
19510	-0.57644
19511	-0.50578
19512	-0.54452
19513	-0.54898
19514	-0.51408
19515	-0.55001
19516	-0.60793
19517	-0.54004
19518	-0.65844
19519	0.55576
19520	-0.32941
19521	-0.30522
19522	0.6236
19523	0.54027
19524	-0.56467
19525	0.37935
19526	0.46856
19527	-0.21301
19528	-0.16191
19529	0.47166
19530	0.11715
19531	-0.12147
19532	0.41504
19533	-0.76679
19534	-0.85936
19535	0.41041
19536	-1.028
19537	0.15521
19538	0.22299
19539	0.23638
19540	-0.14537
19541	-0.16
19542	0.19205
19543	0.34248
19544	-0.4766
19545	-0.41336
19546	0.25365
19547	0.28115
19548	7.5274e-003
19549	-0.31265
19550	-5.6627e-002
19551	-0.39877
19552	-7.4818e-002
19553	-1.8368e-003
19554	-0.37327
19555	-0.44248
19556	-0.15358
19557	1.0413
19558	1.2176
19559	2.6907
19560	1.6825
19561	0.29491
19562	1.4358
19563	1.7755
19564	1.3362
19565	0.55038
19566	0.78725
19567	0.60179
19568	0.78093
19569	0.76318
19570	0.42642
19571	1.0807
19572	0.93671
19573	1.0675
19574	0.98421
19575	1.2493
19576	1.1731
19577	1.0436
19578	1.0859
19579	0.89844
19580	0.43019
19581	9.5034e-002
19582	0.31364
19583	0.46406
19584	0.37524
19585	-0.87447
19586	-0.85027
19587	-0.83933
19588	-0.85826
19589	-0.75391
19590	-0.57336
19591	-1.1097
19592	-0.78426
19593	-1.5378
19594	-0.66146
19595	-0.61035
19596	-0.64945
19597	-0.6807
19598	-0.88659
19599	-0.59779
19600	-0.91481
19601	-1.365
19602	-1.4575
19603	-1.2871
19604	-1.154
19605	-1.1844
19606	-1.1362
19607	-1.0554
19608	-1.3306
19609	-0.49081
19610	-0.50544
19611	-0.54864
19612	-0.58138
19613	-0.82204
19614	-0.6581
19615	0.60863
19616	0.30596
19617	0.42063
19618	0.30975
19619	0.34714
19620	-0.26771
19621	0.28328
19622	-6.1709e-002
19623	-0.11946
19624	-1.6293
19625	-0.18163
19626	-1.6769
19627	-1.1043
19628	-1.5361
19629	-0.7244
19630	1.0024
19631	1.2378
19632	0.8916
19633	0.10577
19634	-1.6659
19635	-2.0981
19636	-1.418
19637	-2.987
19638	-1.27
19639	-1.4039
19640	-2.085
19641	-1.1472
19642	-0.92911
19643	-0.99635
19644	-1.5961
19645	-0.53421
19646	-0.83867
19647	-0.66563
19648	-0.49377
19649	-0.74645
19650	-0.90311
19651	-1.0059
19652	-1.3657
19653	-1.5344
19654	-1.3636
19655	-1.2388
19656	-0.75934
19657	-0.20405
19658	-0.78757
19659	-0.44267
19660	-1.0882
19661	-7.5711e-002
19662	-0.98171
19663	-1.4098
19664	-0.42016
19665	-0.73676
19666	-0.8706
19667	-0.25263
19668	-0.57282
19669	-1.137
19670	-1.5278
19671	-1.6269
19672	-1.6439
19673	-1.3314
19674	-0.37595
19675	-0.44308
19676	-0.68815
19677	-0.53693
19678	-0.58744
19679	1.2087
19680	1.1486
19681	1.1215
19682	0.8663
19683	1.0787
19684	-0.82711
19685	-0.77056
19686	-0.69656
19687	-0.69946
19688	0.8352
19689	0.7726
19690	0.79901
19691	-0.6783
19692	-0.64002
19693	-0.5363
19694	0.46408
19695	0.53629
19696	0.64322
19697	0.36727
19698	-0.57721
19699	-0.5899
19700	-0.43567
19701	-0.52741
19702	-0.66953
19703	1.6436
19704	1.2025
19705	1.2973
19706	-0.48182
19707	-0.51775
19708	-0.46856
19709	-0.48676
19710	-0.57567
19711	-0.50778
19712	-0.55598
19713	-1.9936
19714	-1.2995
19715	-1.2544
19716	-1.8529
19717	-1.1361
19718	-1.2995
19719	0.55299
19720	0.4795
19721	0.69753
19722	0.3476
19723	2.4224
19724	2.6601e-002
19725	1.5072
19726	0.40652
19727	0.20862
19728	0.11296
19729	-0.23203
19730	5.6875e-002
19731	-1.0147
19732	-0.96658
19733	-0.88575
19734	0.28233
19735	1.5891e-002
19736	0.23449
19737	0.11148
19738	0.29609
19739	0.14635
19740	-0.88164
19741	-0.75268
19742	-1.0279
19743	-0.72366
19744	-0.71929
19745	-0.61494
19746	-0.55835
19747	-0.59255
19748	-0.50964
19749	-0.5115
19750	-0.55393
19751	-0.52221
19752	-0.51224
19753	-0.63064
19754	2.6406
19755	2.9803
19756	-8.9832e-002
19757	0.30043
19758	0.12986
19759	-0.82968
19760	-0.52007
19761	-0.54089
19762	-0.63387
19763	-0.66422
19764	-0.36587
19765	-0.43244
19766	-0.82733
19767	-0.54499
19768	-0.66339
19769	0.2541
19770	0.31715
19771	0.19414
19772	0.2915
19773	0.15961
19774	0.22901
19775	-1.4687
19776	-1.3472
19777	-2.9302
19778	-1.9005
19779	-2.7447
19780	-1.3471
19781	1.6324
19782	1.5328
19783	-0.54523
19784	0.20626
19785	0.18061
19786	-0.43424
19787	-0.24793
19788	0.11812
19789	-0.78302
19790	-0.47404
19791	-0.49224
19792	-0.51326
19793	1.1685
19794	0.83754
19795	0.92123
19796	0.60488
19797	5.0704e-002
19798	-7.2307e-002
19799	0.11231
19800	-0.33611
19801	0.33091
19802	0.18117
19803	0.915
19804	0.62557
19805	0.89373
19806	0.64066
19807	1.0881
19808	0.77887
19809	1.082
19810	0.97329
19811	1.0189
19812	0.50693
19813	-6.041e-002
19814	-0.32835
19815	6.4544e-002
19816	-0.23716
19817	4.1863e-002
19818	0.15508
19819	-0.17855
19820	0.53187
19821	0.14941
19822	0.34747
19823	0.94641
19824	0.38388
19825	-0.98812
19826	-1.1688
19827	-1.0744
19828	-0.8596
19829	-0.75388
19830	-1.131
19831	-0.54695
19832	-0.33793
19833	-2.005
19834	-2.1393
19835	-2.0769
19836	-1.822
19837	-1.7772
19838	-2.1418
19839	-0.44385
19840	-0.61933
19841	-1.1153
19842	-3.2806
19843	-3.2661
19844	-2.9745
19845	-2.9199
19846	-3.167
19847	-3.1099
19848	-1.0212
19849	-1.7945
19850	-2.136
19851	-1.8502
19852	-2.313
19853	-1.8348
19854	-2.1994
19855	-1.823
19856	-1.9433
19857	-0.53236
19858	-0.67691
19859	-1.1728
19860	-0.1007
19861	-2.2688
19862	-2.5923
19863	-2.389
19864	-2.3337
19865	-2.1784
19866	-1.5574
19867	-1.3072
19868	-1.6966
19869	-0.92125
19870	-1.2288
19871	-0.82547
19872	-1.2026
19873	-0.9483
19874	-1.1144
19875	-3.9094e-002
19876	-0.40951
19877	-0.43738
19878	-0.10531
19879	-1.3267
19880	-1.5588
19881	-1.5479
19882	-1.3833
19883	-1.2882
19884	-1.3189
19885	-0.79923
19886	-0.59021
19887	1.9885e-002
19888	-0.27623
19889	-0.22321
19890	-0.14945
19891	-0.27747
19892	0.69998
19893	7.9636e-002
19894	0.30281
19895	0.33922
19896	-0.54975
19897	-0.72181
19898	-0.81939
19899	-0.49115
19900	-0.60689
19901	-0.59208
19902	-0.16319
19903	0.11617
19904	7.1285e-002
19905	0.68708
19906	1.0494
19907	0.75097
19908	0.74017
19909	0.66763
19910	0.93459
19911	0.98023
19912	0.87593
19913	0.19846
19914	1.9458e-002
19915	0.31252
19916	0.45074
19917	0.17054
19918	-3.1994e-002
19919	0.69079
19920	0.58704
19921	1.0788
19922	0.58068
19923	1.0281
19924	0.80485
19925	1.1092
19926	1.022
19927	0.31891
19928	0.51651
19929	0.44695
19930	-3.4512
19931	-3.4689
19932	-3.5266
19933	-3.3856
19934	-3.6141
19935	-3.352
19936	-0.2178
19937	-2.1723
19938	-1.2063
19939	-1.0365
19940	-2.2188
19941	-2.3211
19942	-2.1268
19943	-3.0817
19944	-3.5121
19945	-3.2589
19946	-3.3808
19947	-3.2805
19948	-2.0556
19949	-2.2044
19950	-2.3066
19951	1.1005
19952	0.80207
19953	1.2241
19954	1.1815
19955	0.98569
19956	0.83733
19957	0.59541
19958	-1.5179
19959	-1.6224
19960	-1.6106
19961	-1.4794
19962	-0.46456
19963	-0.83463
19964	-0.3944
19965	-1.9514
19966	-1.9405
19967	-2.1159
19968	-1.7768
19969	-0.5733
19970	-1.2247
19971	-1.2447
19972	-1.6342
19973	-1.17
19974	-0.61509
19975	-0.68701
19976	-0.80984
19977	-0.67333
19978	9.9359e-002
19979	-1.0175
19980	-1.1151
19981	-1.1938
19982	-1.0287
19983	-1.2245
19984	-0.70486
19985	-1.001
19986	0.32135
19987	0.23537
19988	-2.4494e-002
19989	7.8722e-002
19990	0.61217
19991	0.20118
19992	0.42776
19993	-0.17954
19994	-0.35854
19995	-0.5157
19996	-0.37792
19997	-0.50089
19998	-7.1994e-002
19999	-0.47236
20000	-2.7819
20001	-2.8722
20002	-3.1529
20003	-2.6795
20004	-3.1193
20005	-2.9331
20006	-0.99483
20007	-0.97361
20008	-1.6075
20009	-1.9441
20010	-2.8278
20011	-2.6245
20012	-2.9417
20013	-2.4397
20014	-2.3867
20015	-2.9633
20016	-2.0731
20017	-1.7613
20018	-1.6478
20019	-0.90025
20020	-0.69694
20021	-0.57201
20022	-0.67294
20023	-0.49001
20024	3.5308e-002
20025	-1.6856
20026	-1.6517
20027	-1.521
20028	-0.31838
20029	-0.96977
20030	-1.4566
20031	0.48947
20032	-0.72791
20033	-0.54933
20034	-0.42371
20035	-7.9521e-002
20036	0.21269
20037	0.35176
20038	-0.13097
20039	0.59181
20040	0.20703
20041	0.84595
20042	-2.6501
20043	-2.5948
20044	-2.7988
20045	-2.9888
20046	-0.90015
20047	-1.8185
20048	-1.5682
20049	-1.6734
20050	-0.4961
20051	-3.3888
20052	-3.23
20053	-3.6173
20054	-2.1217
20055	-2.13
20056	0.33397
20057	0.55814
20058	0.31067
20059	0.24931
20060	7.2197e-002
20061	0.18888
20062	0.2698
20063	8.163e-002
20064	-1.4149
20065	-1.5109
20066	-0.95883
20067	-1.4457
20068	-1.3683
20069	-0.78533
20070	-0.91146
20071	-0.77052
20072	-0.5876
20073	-0.88374
20074	-0.72547
20075	-0.10744
20076	-0.2779
20077	-0.30997
20078	2.8028e-002
20079	-0.37233
20080	-2.2362
20081	-2.2089
20082	-1.5835
20083	-1.6152
20084	-1.4701
20085	-0.51931
20086	-0.39437
20087	-0.50563
20088	-0.44863
20089	0.52883
20090	-9.1523e-002
20091	0.26707
20092	0.86093
20093	0.21295
20094	-1.5024
20095	-1.3717
20096	-1.3594
20097	-1.2835
20098	-0.71467
20099	-0.60651
20100	-0.27444
20101	0.41188
20102	0.55095
20103	0.47841
20104	0.25523
20105	0.33912
20106	0.78867
20107	0.38506
20108	0.68671
20109	-2.4499
20110	-2.6538
20111	-2.4611
20112	-2.1937
20113	-0.78282
20114	-1.3891
20115	-0.35116
20116	-2.9039
20117	-3.0258
20118	-2.6223
20119	-1.7006
20120	-2.0352
20121	-1.4679
20122	-1.9516
20123	1.3968
20124	1.0499
20125	1.3542
20126	1.2671
20127	0.76152
20128	1.1887
20129	0.18563
20130	0.24296
20131	6.5841e-002
20132	-1.6904e-002
20133	0.70588
20134	0.19388
20135	0.92405
20136	1.3035
20137	1.2164
20138	1.1077
20139	0.5423
20140	0.80926
20141	0.488
20142	0.7506
20143	-3.4563
20144	-3.6751
20145	-2.2332
20146	-2.1288
20147	-2.2798
20148	-2.5791
20149	-3.1027
20150	-2.2125
20151	-2.1288
20152	-2.9214
20153	-1.9997
20154	-1.9974
20155	-2.1485
20156	-2.6038
20157	-1.4762
20158	-0.2736
20159	-0.44908
20160	-0.37892
20161	-0.46629
20162	0.19515
20163	-0.38429
20164	-0.17527
20165	0.78901
20166	0.78665
20167	0.14103
20168	0.46497
20169	0.7027
20170	0.32024
20171	0.95916
20172	-0.5524
20173	-0.2482
20174	0.58185
20175	0.26597
20176	0.22108
20177	-2.5402
20178	-1.3097
20179	-0.23752
20180	0.84177
20181	0.8441
20182	1.0982
20183	0.7398
20184	-2.9913
20185	-0.84556
20186	-1.4794
20187	-0.4415
20188	-0.43506
20189	-0.55802
20190	-0.52949
20191	-9.0611e-002
20192	-0.32185
20193	3.185e-002
20194	0.25843
20195	-0.99015
20196	-1.186
20197	-0.96243
20198	-0.70038
20199	-1.003
20200	7.2315e-002
20201	-0.32597
20202	-1.6864
20203	-1.4046
20204	-1.5438
20205	-1.4521
20206	-1.7036
20207	-0.43729
20208	0.10098
20209	-7.6142e-002
20210	-0.15889
20211	-3.2719
20212	-3.0857
20213	-1.1474
20214	-1.1262
20215	-2.0384
20216	-0.95643
20217	-2.0967
20218	-2.0468
20219	1.4272
20220	1.3401
20221	1.083
20222	1.0544
20223	1.2618
20224	1.285
20225	0.52848
20226	0.37902
20227	0.58295
20228	0.48761
20229	0.91484
20230	0.31968
20231	0.36562
20232	0.66726
20233	9.6498e-002
20234	0.54605
20235	0.14244
20236	0.13507
20237	-0.50687
20238	-0.14976
20239	0.20883
20240	8.8074e-002
20241	-1.245
20242	-0.30607
20243	-0.67614
20244	-2.0913
20245	-2.6122
20246	-1.2867
20247	-1.6233
20248	0.13155
20249	0.15923
20250	0.24014
20251	5.1976e-002
20252	-3.3752
20253	-2.058
20254	-1.888
20255	-2.4453
20256	-2.3207
20257	-2.2753
20258	-0.60024
20259	-0.49208
20260	-9.2769e-002
20261	0.1304
20262	-0.41305
20263	-0.55759
20264	-1.0193
20265	1.2975
20266	1.1887
20267	1.0404
20268	-1.8814e-002
20269	9.787e-002
20270	-1.0927
20271	-1.5962
20272	-1.8317
20273	-2.2003
20274	0.22633
20275	-1.8768
20276	-2.0241
20277	-1.7105
20278	-0.39172
20279	-0.79737
20280	-1.2046
20281	-1.6574
20282	-1.3456
20283	-2.2341
20284	-1.8089
20285	-2.1504
20286	-0.57247
20287	-0.55962
20288	-0.54743
20289	-0.56038
20290	-0.58163
20291	-0.55692
20292	-0.25964
20293	-0.25127
20294	-0.25348
20295	-0.11669
20296	-0.34666
20297	-0.44983
20298	-0.45525
20299	-0.45886
20300	-0.45817
20301	-0.48766
20302	-0.4876
20303	-0.44893
20304	-0.19515
20305	-0.15855
20306	-0.25776
20307	-0.23378
20308	-0.32443
20309	-0.34257
20310	-0.35245
20311	-0.36329
20312	-0.38377
20313	-0.37243
20314	-0.34518
20315	-0.22156
20316	-0.21995
20317	-0.19976
20318	-0.2512
20319	-0.25917
20320	-0.26292
20321	-0.29403
20322	-0.28008
20323	-0.25377
20324	-0.21562
20325	-0.2112
20326	-0.24875
20327	-0.19941
20328	-0.17762
20329	-0.19998
20330	-0.19701
20331	-0.18988
20332	-0.17905
20333	-0.2308
20334	-0.22558
20335	-0.22363
20336	-0.20531
20337	-0.25788
20338	-0.23158
20339	-0.18042
20340	-0.16478
20341	-0.19342
20342	-0.17894
20343	-0.22655
20344	-0.24869
20345	-0.22745
20346	-0.19727
20347	-0.23954
20348	-0.21244
20349	-0.18769
20350	-0.19697
20351	-0.23451
20352	-0.3209
20353	-0.29098
20354	-0.3512
20355	-0.32395
20356	-0.27151
20357	-0.25108
20358	-0.20033
20359	-0.21549
20360	-0.19871
20361	-0.35194
20362	-0.32788
20363	-0.29357
20364	-0.33383
20365	-0.29578
20366	-0.21853
20367	-0.20859
20368	-0.23052
20369	-0.18841
20370	-0.21605
20371	-0.43514
20372	-0.39931
20373	-0.42521
20374	-0.3832
20375	-0.35095
20376	-0.17142
20377	-0.25769
20378	-0.26569
20379	-0.23404
20380	-0.43987
20381	-0.42034
20382	-0.38628
20383	-0.43063
20384	-0.38184
20385	-0.25637
20386	-0.25538
20387	-0.21548
20388	-0.30613
20389	-0.54021
20390	-0.58194
20391	-0.51156
20392	-0.55722
20393	-0.52459
20394	-0.25995
20395	-0.35653
20396	-0.34697
20397	-0.52443
20398	-0.50538
20399	-0.54783
20400	-0.54437
20401	-0.49352
20402	-0.2528
20403	-0.23873
20404	-0.30382
20405	-0.33412
20406	-0.51781
20407	-0.52114
20408	-0.53564
20409	-0.55689
20410	-0.50114
20411	-0.53623
20412	-0.25112
20413	-0.22653
20414	-0.22873
20415	-0.14941
20416	-0.2613
20417	-0.11143
20418	-0.18704
20419	-0.13952
20420	-0.23611
20421	-0.15875
20422	-0.21863
20423	-0.1993
20424	-0.2769
20425	-0.33694
20426	-0.18712
20427	-0.235
20428	-0.10983
20429	-0.21432
20430	-0.13172
20431	-0.16351
20432	-0.16668
20433	-0.31515
20434	-0.21321
20435	-0.21713
20436	-0.16359
20437	-0.54089
20438	-0.47051
20439	-0.49095
20440	-0.52023
20441	-0.2189
20442	-0.19431
20443	-0.23944
20444	-0.2525
20445	-0.17505
20446	-0.18683
20447	-0.18805
20448	-0.17357
20449	-0.16359
20450	-0.28356
20451	-0.24924
20452	-0.21619
20453	-0.20532
20454	-0.19145
20455	-0.20072
20456	-0.16999
20457	-0.3465
20458	-0.35077
20459	-0.27108
20460	-0.28529
20461	-0.20487
20462	-0.21506
20463	-0.19828
20464	-0.20643
20465	-0.38325
20466	-0.3492
20467	-0.30662
20468	-0.29794
20469	-0.22938
20470	-0.21943
20471	-0.2183
20472	-0.4759
20473	-0.47291
20474	-0.39223
20475	-0.40691
20476	-0.27472
20477	-0.24307
20478	-0.29222
20479	-0.27632
20480	-0.47229
20481	-0.45324
20482	-0.38477
20483	-0.38482
20484	-0.2593
20485	-0.20066
20486	-0.28845
20487	-0.21841
20488	-0.15972
20489	-0.1649
20490	-0.17611
20491	-0.12843
20492	-0.10518
20493	-0.16897
20494	-9.6118e-002
20495	-0.24658
20496	-0.20989
20497	-0.12851
20498	-0.20471
20499	-0.17456
20500	-0.14437
20501	-0.11866
20502	-9.593e-002
20503	-0.10783
20504	-0.15363
20505	-0.11703
20506	-0.1412
20507	-0.36967
20508	-0.39239
20509	-0.41402
20510	-0.23991
20511	-0.23877
20512	-0.28952
20513	-0.28035
20514	-0.30071
20515	-0.32061
20516	-0.23183
20517	-0.21731
20518	-0.23995
20519	-0.48272
20520	-0.50171
20521	-0.52172
20522	-0.23014
20523	-0.17267
20524	-0.24789
20525	-0.1892
20526	-0.17978
20527	-0.22206
20528	-0.20701
20529	-0.18904
20530	-0.17021
20531	-0.24079
20532	-0.21703
20533	-0.17661
20534	-0.19623
20535	-8.9445e-002
20536	-7.1444e-002
20537	-0.14932
20538	-0.20969
20539	-0.26763
20540	-0.11781
20541	-0.53076
20542	-0.49627
20543	-0.47526
20544	-0.45804
20545	-0.24625
20546	-0.25643
20547	-0.30167
20548	-0.24825
20549	-0.20211
20550	-0.19752
20551	-0.18299
20552	-0.16679
20553	-0.16239
20554	-0.16852
20555	-0.33118
20556	-0.28436
20557	-0.2158
20558	-0.20472
20559	-0.45182
20560	-0.39526
20561	-0.21109
20562	-0.26211
20563	-0.29889
20564	-0.16477
20565	-0.11306
20566	-0.14002
20567	-0.14642
20568	-0.37679
20569	-0.39842
20570	-0.31131
20571	-0.32416
20572	-0.2309
20573	-0.27369
20574	-0.29359
20575	-0.20801
20576	-0.22072
20577	-0.20923
20578	-0.16997
20579	-0.18478
20580	-0.21292
20581	-0.50464
20582	-0.52465
20583	-0.49202
20584	-0.43865
20585	-0.45839
20586	-0.32701
20587	-0.32396
20588	-0.20788
20589	-0.19282
20590	-0.12189
20591	-0.14108
20592	-0.1629
20593	-0.15525
20594	-0.14523
20595	-0.20285
20596	-0.22143
20597	-7.6298e-002
20598	-0.10809
20599	-5.1298e-002
20600	-6.3574e-002
20601	-5.2015e-002
20602	-0.10817
20603	-9.9527e-002
20604	-0.50541
20605	-0.4996
20606	-0.53468
20607	-0.29812
20608	-0.22719
20609	-0.49427
20610	-0.47587
20611	-0.26408
20612	-0.23948
20613	-0.32082
20614	-0.52072
20615	-0.57043
20616	-0.2691
20617	-0.24452
20618	-0.26294
20619	-0.46337
20620	-0.19873
20621	-0.28542
20622	-0.21258
20623	-0.24592
20624	-0.36422
20625	-0.36048
20626	-0.2662
20627	-0.21267
20628	-0.27772
20629	-7.5454e-002
20630	-0.13315
20631	-8.5465e-002
20632	-9.6554e-002
20633	-0.17968
20634	-0.13006
20635	-0.10498
20636	-0.16185
20637	-0.22691
20638	-0.15321
20639	-0.30665
20640	-0.22229
20641	-0.21787
20642	-0.22599
20643	-0.40269
20644	-0.23517
20645	-0.22857
20646	-0.27819
20647	-0.52165
20648	-0.17261
20649	-0.27181
20650	-0.32096
20651	-0.20294
20652	-0.22325
20653	-0.18114
20654	-0.24589
20655	-0.17053
20656	-0.2568
20657	-0.29981
20658	-0.21909
20659	-0.22912
20660	-0.25009
20661	-0.19261
20662	-0.34097
20663	-0.33141
20664	-0.1969
20665	-0.23782
20666	-0.21406
20667	-0.23264
20668	-0.32679
20669	-0.20127
20670	-0.20028
20671	-0.35497
20672	-0.30804
20673	-0.22278
20674	-0.22438
20675	-0.24179
20676	-0.17322
20677	-0.17074
20678	-0.23589
20679	-0.20125
20680	-0.16567
20681	-0.15704
20682	-0.16906
20683	-0.15519
20684	-0.13374
20685	-0.14362
20686	-0.1162
20687	-0.13036
20688	-0.42155
20689	-0.18517
20690	-0.25026
20691	-0.2665
20692	-0.14923
20693	-7.6368e-002
20694	-0.22683
20695	-0.13705
20696	-0.10876
20697	-0.5205
20698	-0.28394
20699	-0.19458
20700	-0.29814
20701	-0.45859
20702	-0.27813
20703	-0.20719
20704	-0.23976
20705	-8.9889e-002
20706	-0.44278
20707	-0.21176
20708	-0.31139
20709	-0.30834
20710	-0.29845
20711	-0.181
20712	-0.3894
20713	-0.25801
20714	-0.25497
20715	-0.23906
20716	-0.26295
20717	-0.16969
20718	-0.16778
20719	-0.17125
20720	-0.16811
20721	-0.14214
20722	-0.13216
20723	-8.1362e-002
20724	-5.3113e-002
20725	-8.5508e-002
20726	-0.21137
20727	-0.21875
20728	-0.26399
20729	-0.15056
20730	-0.21092
20731	-0.11905
20732	-0.10468
20733	-0.2888
20734	-0.34674
20735	-0.343
20736	-0.13007
20737	-0.14524
20738	-0.14488
20739	-8.9701e-002
20740	-0.18253
20741	-0.19053
20742	-0.18062
20743	-0.12237
20744	-0.11472
20745	-0.1047
20746	-0.31321
20747	-0.22386
20748	-0.24228
20749	-0.19136
20750	-0.2481
20751	-0.26737
20752	-0.23069
20753	-0.22547
20754	-6.6735e-002
20755	-4.8905e-002
20756	-9.6418e-002
20757	-0.27776
20758	-0.10473
20759	-7.645e-002
20760	-6.4621e-002
20761	-6.273e-002
20762	-7.382e-002
20763	-0.20132
20764	-0.23047
20765	-0.16454
20766	-0.12286
20767	-8.5721e-002
20768	-0.10989
20769	-0.21986
20770	-0.13152
20771	-0.21464
20772	-0.18313
20773	-0.15568
20774	1.7819e-002
20775	-3.2762e-002
20776	3.9306e-003
20777	-1.5587e-002
20778	-1.1013e-002
20779	-7.1127e-003
20780	-4.5206e-003
20781	-7.5346e-002
20782	-0.16762
20783	-3.595e-002
20784	-0.16792
20785	2.3092e-002
20786	6.9125e-002
20787	6.0051e-002
20788	1.2048e-002
20789	6.8514e-002
20790	-5.6185e-002
20791	-1.6789e-002
20792	5.8271e-002
20793	1.5763e-002
20794	-4.7006e-002
20795	-4.2433e-002
20796	-8.0473e-002
20797	-7.1873e-002
20798	-0.10745
20799	-0.10683
20800	-0.19904
20801	-0.19934
20802	4.6163e-002
20803	7.523e-004
20804	1.4993e-002
20805	4.7376e-002
20806	-7.0073e-002
20807	1.8751e-003
20808	-2.8944e-002
20809	-5.4697e-002
20810	-1.8765e-002
20811	-1.9717e-002
20812	-8.959e-002
20813	-0.13217
20814	-0.18186
20815	-7.5601e-002
20816	-3.6869e-002
20817	-1.2306e-002
20818	-8.4058e-003
20819	1.095e-002
20820	-1.3686e-002
20821	-3.7243e-002
20822	-8.4052e-004
20823	-4.5246e-002
20824	-8.3287e-002
20825	-4.6627e-002
20826	-7.0184e-002
20827	-3.3781e-002
20828	-5.1978e-002
20829	-4.649e-002
20830	-0.20216
20831	-1.7878e-002
20832	-3.6376e-003
20833	-1.883e-002
20834	-9.5297e-002
20835	-8.8704e-002
20836	-0.13129
20837	4.4193e-002
20838	6.3549e-002
20839	0.10066
20840	2.2084e-002
20841	0.10031
20842	9.0416e-002
20843	-5.8724e-002
20844	-1.6783e-002
20845	-4.562e-002
20846	-0.17759
20847	-0.12374
20848	-0.1278
20849	-0.1925
20850	-6.5455e-002
20851	-0.21564
20852	-4.4583e-002
20853	-0.11452
20854	-0.20673
20855	-0.10047
20856	-0.33645
20857	8.4335e-002
20858	9.1585e-002
20859	-1.712e-002
20860	1.301e-002
20861	3.8834e-002
20862	6.4724e-003
20863	-4.172e-002
20864	4.3236e-002
20865	3.3339e-002
20866	6.5417e-003
20867	-7.8524e-002
20868	1.1922e-003
20869	-2.2365e-002
20870	1.4038e-002
20871	6.2591e-002
20872	5.3165e-002
20873	-7.0877e-002
20874	-6.4284e-002
20875	-6.298e-002
20876	7.6645e-003
20877	-1.0598e-002
20878	-2.3306e-002
20879	-0.12206
20880	-6.5487e-002
20881	-0.10549
20882	-1.5906e-002
20883	-3.0597e-002
20884	4.0047e-002
20885	-0.15009
20886	-0.21948
20887	-0.24261
20888	2.1473e-002
20889	8.9804e-002
20890	4.7297e-002
20891	-0.24169
20892	-0.21886
20893	-0.37141
20894	-0.24199
20895	-0.39967
20896	-0.32369
20897	-0.24162
20898	-0.26652
20899	-0.40206
20900	-0.38023
20901	-0.32725
20902	-0.2428
20903	0.87489
20904	1.0973
20905	1.5783
20906	1.1376
20907	0.95176
20908	1.0719
20909	-0.50514
20910	-0.4899
20911	-0.48832
20912	-0.50331
20913	-0.53453
20914	-0.50753
20915	-0.45922
20916	-0.48569
20917	-0.18374
20918	0.30984
20919	4.0249e-002
20920	-6.5475e-002
20921	0.24791
20922	0.33783
20923	0.29994
20924	0.54617
20925	0.76438
20926	0.39321
20927	1.0119
20928	1.4188
20929	0.36059
20930	0.11003
20931	0.69312
20932	-0.74847
20933	-0.19219
20934	-9.7303e-002
20935	-0.66709
20936	-1.3482
20937	1.0756
20938	2.0416
20939	2.2113
20940	2.1883
20941	3.3502
20942	1.029
20943	2.4354
20944	0.92679
20945	-0.22372
20946	-0.18114
20947	-0.19619
20948	-9.3163e-002
20949	-0.20543
20950	-0.16268
20951	-0.2143
20952	-0.20737
20953	-0.22225
20954	0.56363
20955	0.7742
20956	1.0335
20957	0.91834
20958	0.69559
20959	1.1406
20960	0.7049
20961	-2.8369e-002
20962	0.24448
20963	0.49992
20964	0.26902
20965	0.26723
20966	0.1638
20967	1.6678e-002
20968	0.63499
20969	8.6976e-002
20970	0.59976
20971	-0.22067
20972	-0.18419
20973	-0.19749
20974	-0.172
20975	-0.1674
20976	-0.17234
20977	-0.20712
20978	-0.19389
20979	-0.20145
20980	-0.19614
20981	-0.17293
20982	-0.18973
20983	-0.14209
20984	-0.10952
20985	-3.8911e-002
20986	-6.1436e-002
20987	-6.8042e-002
20988	-9.8449e-002
20989	-0.1466
20990	-0.40716
20991	-0.14152
20992	-0.39728
20993	-0.2091
20994	-0.14463
20995	-0.38395
20996	-0.58552
20997	-0.41496
20998	-0.38894
20999	0.29099
21000	2.5196e-003
21001	9.9356e-002
21002	9.9921e-002
21003	2.559e-002
21004	0.14839
21005	6.5849e-002
21006	6.543e-002
21007	0.27438
21008	-0.55594
21009	-0.64004
21010	0.22486
21011	-0.76744
21012	-0.34723
21013	7.7222e-002
21014	-0.50069
21015	-0.29911
21016	-0.55793
21017	2.32
21018	2.9427
21019	2.4482
21020	1.5521
21021	1.6526
21022	2.0505
21023	2.9282
21024	2.3711
21025	2.9141
21026	1.5855
21027	1.8136
21028	2.5006
21029	2.0194
21030	0.43435
21031	0.54251
21032	0.87457
21033	0.11814
21034	-0.13762
21035	3.5272e-002
21036	0.15814
21037	3.5262e-002
21038	0.15103
21039	0.14848
21040	7.6939e-002
21041	-3.6474e-002
21042	1.6346e-002
21043	0.22333
21044	0.23754
21045	0.23659
21046	0.2207
21047	0.14005
21048	8.5516e-002
21049	0.16876
21050	9.2667e-002
21051	0.2241
21052	0.70274
21053	1.7173
21054	1.4064
21055	1.9159
21056	1.1905
21057	0.44114
21058	0.41251
21059	0.66747
21060	0.26786
21061	0.63384
21062	0.67709
21063	0.18844
21064	0.48134
21065	0.40114
21066	0.50884
21067	0.24919
21068	0.23521
21069	0.32431
21070	0.17106
21071	-0.20462
21072	-0.21027
21073	-0.25214
21074	-0.19374
21075	-0.24063
21076	-0.2081
21077	-0.19476
21078	-0.24528
21079	-0.23778
21080	-0.20042
21081	-0.20875
21082	-0.10403
21083	-2.1033e-002
21084	6.7369e-002
21085	-3.5414e-002
21086	-6.3829e-002
21087	1.9964e-002
21088	-0.1007
21089	-0.17745
21090	-1.2658e-002
21091	-0.11348
21092	2.2217e-002
21093	-5.9886e-002
21094	0.6629
21095	-2.5991e-002
21096	6.9918e-002
21097	0.38491
21098	0.91704
21099	0.1509
21100	2.6553e-003
21101	0.11496
21102	-0.11192
21103	-0.13395
21104	-0.10802
21105	-0.10362
21106	-0.10713
21107	-0.12378
21108	-0.15676
21109	-0.11998
21110	-0.10206
21111	-0.12342
21112	-9.504e-002
21113	-0.14878
21114	-8.5676e-002
21115	-0.13264
21116	-7.9677e-002
21117	-4.9304e-002
21118	1.2699e-002
21119	-5.7166e-003
21120	-9.0862e-002
21121	0.12691
21122	-4.5136e-002
21123	6.0735e-002
21124	9.3301e-002
21125	-6.8029e-002
21126	-3.8285e-002
21127	0.14229
21128	0.11158
21129	7.7774e-002
21130	-0.14336
21131	-0.15342
21132	-0.19096
21133	-0.13338
21134	-0.10285
21135	-0.11921
21136	-0.10635
21137	-0.16153
21138	1.039
21139	0.92943
21140	0.70484
21141	1.0917
21142	1.1027
21143	0.85159
21144	0.62669
21145	0.58588
21146	0.30398
21147	0.28896
21148	0.13156
21149	0.64767
21150	0.41881
21151	0.53067
21152	0.18408
21153	-0.23313
21154	-0.20026
21155	-0.18841
21156	-0.21965
21157	-0.21745
21158	-0.19394
21159	-0.26016
21160	-0.21221
21161	-0.22598
21162	-0.19386
21163	-0.2058
21164	-1.141
21165	-1.0164
21166	-1.2373
21167	-8.8549e-002
21168	0.35923
21169	-0.66674
21170	0.51442
21171	0.37707
21172	-1.2436
21173	-1.8392e-002
21174	4.8945e-002
21175	-2.9601e-003
21176	7.8565e-002
21177	7.854e-002
21178	0.1277
21179	1.9829e-002
21180	-3.1995e-003
21181	0.16568
21182	2.3118e-002
21183	-0.40685
21184	-0.39527
21185	-0.38295
21186	-0.56734
21187	-0.53019
21188	-0.40692
21189	-0.24238
21190	-0.37932
21191	-0.42087
21192	-0.41776
21193	0.95158
21194	0.73297
21195	0.33401
21196	0.95679
21197	8.812e-003
21198	0.46672
21199	0.95294
21200	0.37798
21201	0.51546
21202	0.41837
21203	0.58465
21204	0.21152
21205	0.52038
21206	0.62903
21207	0.27655
21208	0.3018
21209	0.20427
21210	0.4142
21211	0.24132
21212	0.30584
21213	0.38
21214	-0.34898
21215	-0.47294
21216	-0.88534
21217	-0.2469
21218	-0.55988
21219	-0.28883
21220	-0.28799
21221	-0.28823
21222	-0.26299
21223	-0.25503
21224	-0.26577
21225	-0.25693
21226	-0.26426
21227	-0.22491
21228	-0.25937
21229	-0.27895
21230	-0.28853
21231	-0.23249
21232	-0.41257
21233	0.10738
21234	-0.15207
21235	-0.21677
21236	-0.4178
21237	-0.12561
21238	-0.15372
21239	-0.33602
21240	-0.18262
21241	-0.11253
21242	0.10922
21243	0.11086
21244	0.13205
21245	0.18248
21246	0.22065
21247	0.1289
21248	7.7345e-002
21249	0.15244
21250	7.0552e-002
21251	-0.28496
21252	-0.21164
21253	-0.60652
21254	-0.32418
21255	-0.44258
21256	-0.15552
21257	-0.12171
21258	-0.18733
21259	-0.17092
21260	-6.6133e-002
21261	-0.13141
21262	-4.1595e-002
21263	-4.3377e-002
21264	-0.1442
21265	-0.21414
21266	0.24481
21267	0.5845
21268	-2.3576
21269	0.16528
21270	-3.1153
21271	-0.40681
21272	1.7643e-002
21273	-1.3279
21274	-0.56027
21275	-0.51617
21276	-0.64062
21277	-2.1721
21278	4.8303e-002
21279	0.36343
21280	0.84733
21281	-0.54751
21282	-3.2144e-002
21283	0.14327
21284	1.3447
21285	-0.20424
21286	1.1445
21287	0.52959
21288	0.32087
21289	0.35254
21290	-0.44306
21291	-0.71828
21292	-0.68319
21293	-0.53197
21294	-0.46408
21295	-0.28542
21296	-0.58248
21297	-0.28023
21298	-0.23362
21299	-0.25823
21300	-0.24182
21301	-0.20654
21302	-0.24657
21303	-0.21152
21304	-0.22752
21305	-0.2474
21306	-0.31579
21307	-0.22756
21308	2.8224e-002
21309	0.15125
21310	4.9717e-002
21311	-0.30167
21312	7.5123e-003
21313	-9.0227e-002
21314	0.41273
21315	0.36632
21316	-0.2091
21317	0.45662
21318	0.52866
21319	-4.1976e-002
21320	0.74529
21321	0.49069
21322	0.67795
21323	0.12065
21324	-1.1245e-002
21325	0.2079
21326	5.8155e-002
21327	0.12262
21328	-0.23152
21329	-0.24634
21330	-0.22158
21331	-0.20834
21332	-0.20489
21333	-0.23856
21334	-0.23721
21335	-0.20419
21336	0.53838
21337	0.50043
21338	0.66827
21339	0.79675
21340	1.2724
21341	1.0631
21342	-0.22152
21343	-0.20546
21344	-0.27698
21345	-0.3014
21346	-0.24199
21347	-0.25939
21348	-0.21961
21349	-0.2102
21350	-0.25082
21351	-0.37014
21352	-4.065e-002
21353	-2.0103e-002
21354	0.11072
21355	-0.24739
21356	-0.29347
21357	-0.36101
21358	-0.5052
21359	-0.39774
21360	-0.36699
21361	3.7611e-002
21362	-9.263e-003
21363	-0.21023
21364	0.13009
21365	0.18898
21366	-0.21521
21367	-0.42694
21368	-0.30832
21369	-0.25109
21370	-0.31948
21371	-9.9724e-002
21372	-8.8164e-002
21373	-0.19394
21374	-0.19786
21375	-0.13892
21376	-0.20514
21377	-0.14432
21378	-0.17096
21379	-0.13884
21380	1.1016
21381	0.95324
21382	1.1472
21383	0.71132
21384	0.92471
21385	0.7048
21386	1.132
21387	0.63524
21388	1.0344
21389	0.71994
21390	0.39598
21391	0.70895
21392	0.69198
21393	0.75871
21394	0.44058
21395	-0.24435
21396	-0.24928
21397	-0.23777
21398	-0.20635
21399	-0.2086
21400	-0.2549
21401	-0.22236
21402	-0.20219
21403	-0.14006
21404	-0.19714
21405	-0.14362
21406	-0.12535
21407	-0.19608
21408	-0.12686
21409	-0.17293
21410	-0.17645
21411	-0.11188
21412	-0.19294
21413	-0.15603
21414	-0.1132
21415	-0.15803
21416	-0.12916
21417	-0.15594
21418	-0.19853
21419	-9.875e-002
21420	-0.13332
21421	-0.18182
21422	-5.1074e-004
21423	-0.10122
21424	-0.15464
21425	-8.211e-002
21426	-0.1481
21427	-8.3994e-002
21428	-8.1124e-002
21429	0.11504
21430	4.4556e-002
21431	0.38327
21432	0.15421
21433	0.30465
21434	0.1335
21435	3.5762e-002
21436	0.31397
21437	-8.3111e-002
21438	0.4633
21439	-3.193e-002
21440	0.39601
21441	0.16695
21442	0.54015
21443	-0.15104
21444	0.32123
21445	0.51104
21446	0.32671
21447	-3.5583e-002
21448	0.43604
21449	-0.39684
21450	0.15414
21451	8.6118e-002
21452	0.2231
21453	-3.2661e-002
21454	0.15552
21455	0.21998
21456	0.26897
21457	-0.24859
21458	-0.11357
21459	-7.5968e-002
21460	-3.0103e-002
21461	-5.3131e-002
21462	-8.2447e-002
21463	-2.6814e-002
21464	-4.9666e-002
21465	-0.20767
21466	-0.19352
21467	-0.15959
21468	-0.16619
21469	-0.1966
21470	-0.33079
21471	-0.26457
21472	-0.2933
21473	-0.30709
21474	-0.14817
21475	-0.6731
21476	-0.68512
21477	-0.36995
21478	-0.51208
21479	-0.80694
21480	-1.7156e-002
21481	-0.10495
21482	-7.4809e-002
21483	-2.358e-002
21484	-3.4905e-002
21485	-4.3535e-002
21486	2.3783e-002
21487	0.86502
21488	2.1618
21489	1.6035
21490	1.8664
21491	1.9553
21492	1.4915
21493	1.0895
21494	1.0708
21495	2.3463
21496	1.1913
21497	1.4877
21498	1.4376
21499	0.76628
21500	0.42952
21501	0.29537
21502	0.44676
21503	0.61148
21504	0.50807
21505	0.77078
21506	0.1909
21507	7.7469e-002
21508	0.16989
21509	5.9054e-002
21510	-4.3694e-002
21511	-3.3804e-002
21512	8.3646e-002
21513	0.19584
21514	-3.4135e-002
21515	0.83481
21516	8.2588e-002
21517	0.59056
21518	0.55551
21519	0.20043
21520	0.17502
21521	0.64589
21522	0.19971
21523	0.64254
21524	0.26198
21525	-0.3037
21526	-1.4734e-002
21527	0.4416
21528	0.11786
21529	6.9285e-002
21530	4.2299e-002
21531	1.3168e-002
21532	0.12982
21533	7.1661e-002
21534	0.20758
21535	-1.3127
21536	-0.72533
21537	-0.54566
21538	-0.60508
21539	-0.64069
21540	0.1106
21541	7.9701e-002
21542	0.13087
21543	0.13905
21544	5.2581e-002
21545	4.0615e-002
21546	0.27752
21547	5.4437e-003
21548	2.1996e-002
21549	0.32949
21550	0.13078
21551	0.14021
21552	-0.18676
21553	-0.14249
21554	-0.20811
21555	-0.19169
21556	-0.15219
21557	-0.16988
21558	-0.19647
21559	-9.4013e-002
21560	-1.1137
21561	0.10722
21562	-3.1518
21563	-0.5689
21564	-1.3644
21565	-0.55269
21566	-1.8031
21567	-1.4372
21568	-0.56228
21569	0.93934
21570	0.11965
21571	0.29126
21572	0.39915
21573	0.33973
21574	0.54008
21575	0.46573
21576	0.17437
21577	0.85518
21578	-0.13878
21579	-0.20926
21580	-0.41904
21581	-0.294
21582	-0.33693
21583	-0.27541
21584	-0.21084
21585	-0.60794
21586	-2.9937
21587	-1.2064
21588	-0.48959
21589	-2.0505
21590	-8.3193e-002
21591	-0.65298
21592	-1.2791
21593	0.16447
21594	0.24461
21595	0.17107
21596	0.49957
21597	0.24817
21598	0.41382
21599	0.96314
21600	0.4012
21601	1.445
21602	0.69544
21603	1.7089
21604	1.0964
21605	0.78578
21606	1.0122
21607	1.4051
21608	1.1346
21609	-0.19193
21610	-0.24162
21611	-0.10995
21612	-9.2157e-002
21613	-0.17981
21614	-0.17523
21615	-3.4894e-002
21616	-0.12731
21617	-7.7402e-002
21618	-0.1343
21619	-1.0586
21620	2.9648e-002
21621	-0.21324
21622	-0.10025
21623	-4.5899e-002
21624	5.0195e-002
21625	-0.79998
21626	-0.29072
21627	-7.711e-002
21628	0.88469
21629	1.8371
21630	1.1079
21631	1.1225
21632	2.061
21633	1.1892
21634	1.1443
21635	0.13584
21636	6.2301e-002
21637	4.9593e-002
21638	-0.80382
21639	-0.55895
21640	-1.1671
21641	-0.78914
21642	-0.74214
21643	0.40835
21644	1.8676
21645	0.88425
21646	0.38832
21647	0.82879
21648	0.46307
21649	0.95441
21650	0.84452
21651	0.67162
21652	1.0385
21653	0.60259
21654	0.93422
21655	0.34636
21656	0.10624
21657	0.56822
21658	0.40328
21659	0.46931
21660	0.27634
21661	0.20357
21662	0.28178
21663	0.28003
21664	0.66487
21665	0.36462
21666	0.4943
21667	0.23025
21668	0.50719
21669	0.26714
21670	0.33078
21671	0.63484
21672	-5.9047e-002
21673	-6.6105e-002
21674	-6.9632e-002
21675	-3.6531e-002
21676	-7.4854e-002
21677	-4.9506e-002
21678	-5.0935e-002
21679	-5.859e-002
21680	-6.9369e-002
21681	1.7254
21682	1.2861
21683	1.1585
21684	0.50028
21685	-1.0035
21686	0.22231
21687	-0.65385
21688	0.52731
21689	0.38996
21690	-0.95805
21691	-0.22915
21692	-8.4684e-002
21693	-7.8749e-002
21694	-2.7279e-002
21695	0.45979
21696	0.5615
21697	0.69563
21698	0.45532
21699	0.42113
21700	0.33806
21701	1.1888
21702	0.30636
21703	0.55662
21704	0.45147
21705	0.81666
21706	1.6288
21707	0.79674
21708	1.6185
21709	0.92274
21710	0.63138
21711	-0.13972
21712	-0.17727
21713	-0.10899
21714	-0.12475
21715	-0.15773
21716	-0.12096
21717	-0.13685
21718	-0.15646
21719	0.67899
21720	0.71936
21721	0.55442
21722	0.83491
21723	0.5981
21724	0.42748
21725	0.8863
21726	0.7887
21727	0.54513
21728	0.47421
21729	-1.0999
21730	0.25688
21731	0.49672
21732	0.65191
21733	-0.77441
21734	1.3957
21735	-0.92546
21736	-0.83345
21737	-0.3279
21738	-9.5332e-002
21739	-0.17165
21740	-0.17584
21741	-0.42824
21742	-0.13605
21743	-0.21217
21744	-0.19306
21745	-0.15039
21746	-0.16725
21747	-0.22004
21748	1.925e-002
21749	0.18396
21750	-0.16459
21751	-0.10219
21752	-0.24507
21753	0.34327
21754	-4.0647e-002
21755	0.64247
21756	0.24056
21757	0.75667
21758	0.72268
21759	0.79308
21760	0.51483
21761	0.63967
21762	0.41543
21763	0.29308
21764	-0.13753
21765	6.4217e-002
21766	0.17922
21767	-0.21716
21768	-0.17918
21769	-6.5302e-002
21770	-0.22269
21771	0.14558
21772	1.1732e-002
21773	-0.26467
21774	-9.4772e-002
21775	-0.10936
21776	1.5858e-002
21777	-3.5032e-002
21778	2.7727e-002
21779	2.0476e-002
21780	-4.1491e-003
21781	-5.5889e-002
21782	-3.0693e-003
21783	-3.0872e-002
21784	0.72035
21785	0.4563
21786	0.98553
21787	0.55378
21788	0.85109
21789	0.55683
21790	0.85845
21791	0.86089
21792	1.3204
21793	1.2792
21794	1.0422
21795	1.7292
21796	0.20413
21797	-0.10237
21798	-0.16386
21799	0.47265
21800	1.2294e-002
21801	-0.1694
21802	0.40526
21803	0.19888
21804	1.4822e-002
21805	0.36818
21806	0.49159
21807	5.4729e-003
21808	-0.19269
21809	-0.20017
21810	-0.1607
21811	-0.20365
21812	-0.1945
21813	-0.1846
21814	-0.21715
21815	-0.20448
21816	-0.18464
21817	-0.30005
21818	-0.41733
21819	-0.33432
21820	-0.29303
21821	-0.28335
21822	-0.29925
21823	-0.2787
21824	-0.24963
21825	-0.14278
21826	-0.297
21827	-0.28349
21828	-0.34156
21829	-0.45684
21830	-0.44519
21831	-0.52467
21832	-0.65207
21833	-0.58017
21834	-0.46251
21835	-0.41251
21836	-0.47085
21837	-0.46775
21838	-0.61127
21839	-0.23713
21840	-0.17664
21841	-0.51153
21842	-0.20688
21843	-0.29221
21844	-0.18868
21845	-0.12793
21846	-0.50204
21847	-0.22424
21848	-0.38992
21849	-0.18319
21850	-0.17758
21851	-0.33886
21852	-0.36364
21853	5.3918e-002
21854	6.7985e-002
21855	2.769e-002
21856	1.5674e-002
21857	6.6785e-002
21858	1.4445e-002
21859	0.18551
21860	2.6943e-002
21861	0.14511
21862	3.7234e-002
21863	2.8724e-003
21864	8.5221e-002
21865	3.3281e-002
21866	-0.12058
21867	-5.7907e-002
21868	9.3861e-003
21869	-4.8318e-002
21870	-0.21383
21871	-8.5098e-002
21872	-9.8788e-002
21873	-3.0106e-003
21874	2.0641e-002
21875	4.4623e-002
21876	7.2248e-002
21877	-4.6026e-002
21878	0.18192
21879	-0.15158
21880	-0.15193
21881	-0.18317
21882	-0.18097
21883	-0.1744
21884	-0.13762
21885	-0.15738
21886	-0.15262
21887	-7.4659e-002
21888	-7.5888e-002
21889	-0.10112
21890	-9.8963e-002
21891	-8.746e-002
21892	-0.10544
21893	-0.13229
21894	-0.20099
21895	-0.17305
21896	-0.22307
21897	-0.35919
21898	-0.26492
21899	-0.29059
21900	-0.3301
21901	-0.27643
21902	-0.25196
21903	-0.20273
21904	-0.81126
21905	-0.7048
21906	-2.4762e-002
21907	-6.6354e-002
21908	-0.37933
21909	-1.1329
21910	-0.36029
21911	-0.11432
21912	-0.51468
21913	-1.4925e-002
21914	-0.35104
21915	-0.49816
21916	0.16503
21917	0.12015
21918	-0.42787
21919	8.4922e-002
21920	0.46492
21921	0.53403
21922	0.18652
21923	0.41276
21924	0.14624
21925	0.38315
21926	0.43511
21927	0.23641
21928	0.33043
21929	0.24759
21930	0.19967
21931	0.41863
21932	0.45152
21933	0.2345
21934	-0.35179
21935	-0.28421
21936	-0.22239
21937	-0.17794
21938	-0.21781
21939	-0.18409
21940	-7.7248e-002
21941	-0.21795
21942	-9.7274e-002
21943	-9.9466e-002
21944	-8.2684e-002
21945	-6.5628e-002
21946	-2.8116e-002
21947	-0.1323
21948	-8.7364e-002
21949	-9.0839e-002
21950	-0.27868
21951	-7.9248e-002
21952	-0.24478
21953	-0.14887
21954	1.6676e-003
21955	-6.7892e-002
21956	-0.1865
21957	-1.6697e-002
21958	-8.6295e-002
21959	-4.3818e-002
21960	-0.10404
21961	-7.4402e-002
21962	-0.11908
21963	-2.6662e-002
21964	-0.15295
21965	-0.19817
21966	-0.19801
21967	-0.19595
21968	-0.24542
21969	-0.14952
21970	-0.19269
21971	-0.18034
21972	-0.20693
21973	-0.20107
21974	-0.21678
21975	-0.10447
21976	-0.2141
21977	-0.10246
21978	-0.14998
21979	-0.12449
21980	-0.1279
21981	-6.5227e-002
21982	-0.11063
21983	-0.14405
21984	-8.791e-002
21985	-9.2418e-002
21986	-0.12542
21987	-0.73903
21988	-0.90997
21989	-0.18349
21990	-0.22742
21991	0.33605
21992	-0.67221
21993	-0.82326
21994	0.32612
21995	-0.44184
21996	-1.2785
21997	-0.92547
21998	0.79715
21999	1.0712
22000	1.4512
22001	0.43207
22002	1.0536
22003	0.58635
22004	0.77615
22005	0.33922
22006	0.46427
22007	0.42035
22008	0.98381
22009	0.50092
22010	0.52883
22011	0.97388
22012	0.4707
22013	0.81599
22014	0.44804
22015	0.85311
22016	1.0521
22017	-5.2885e-002
22018	0.85609
22019	0.94312
22020	1.0655
22021	0.74218
22022	0.82603
22023	1.1449
22024	0.89381
22025	1.0384
22026	-0.72987
22027	0.17636
22028	-0.15816
22029	-0.6525
22030	3.6468e-002
22031	0.1774
22032	-0.18831
22033	0.41177
22034	0.77494
22035	0.6977
22036	0.75304
22037	1.5103
22038	0.85432
22039	2.0558
22040	2.5403
22041	0.50681
22042	0.1618
22043	1.8556
22044	1.9687
22045	2.5118
22046	1.1831
22047	-0.52685
22048	-0.23806
22049	-0.55508
22050	-0.23991
22051	1.9832e-002
22052	8.8606e-002
22053	-1.31e-002
22054	0.21908
22055	0.247
22056	1.0758e-002
22057	0.18886
22058	-9.7836e-002
22059	-7.9244e-002
22060	-0.22147
22061	-0.14812
22062	-5.1284e-002
22063	-0.27292
22064	-0.12505
22065	-0.24023
22066	-8.4791e-002
22067	-0.17323
22068	-0.23901
22069	-0.15964
22070	-0.2205
22071	-0.12445
22072	0.62293
22073	1.2168
22074	0.48751
22075	0.50218
22076	0.1122
22077	0.37959
22078	-8.2877e-003
22079	0.41784
22080	6.9487e-002
22081	-0.48028
22082	-0.72596
22083	-0.74678
22084	-1.0638
22085	-1.1384
22086	-0.19435
22087	-0.49992
22088	-0.48889
22089	0.72937
22090	-0.69704
22091	-0.64501
22092	-0.99318
22093	-0.18057
22094	-0.48802
22095	-0.30944
22096	2.7852e-002
22097	-1.4412e-002
22098	8.2989e-002
22099	6.5332e-002
22100	5.9177e-002
22101	-5.7058e-002
22102	0.1057
22103	7.5922e-002
22104	0.36136
22105	-2.3423e-002
22106	-0.32753
22107	-0.42379
22108	8.3378e-002
22109	0.6155
22110	-0.15064
22111	-0.29888
22112	-0.33697
22113	0.13047
22114	0.36266
22115	6.1322e-002
22116	4.6829e-002
22117	0.211
22118	0.22019
22119	0.39556
22120	0.22818
22121	0.17853
22122	-0.40501
22123	-0.30829
22124	-0.2552
22125	-0.22691
22126	-0.30308
22127	-0.24724
22128	-0.30311
22129	-0.30446
22130	-0.23191
22131	-0.18613
22132	-2.1855e-002
22133	0.20453
22134	-0.15547
22135	-0.28384
22136	-7.7111e-002
22137	-0.13794
22138	-0.25756
22139	0.23403
22140	0.33304
22141	0.24283
22142	0.13333
22143	0.20979
22144	-0.15458
22145	-0.11101
22146	-7.7503e-002
22147	0.18603
22148	9.5818e-002
22149	9.0678e-002
22150	-1.3682e-002
22151	0.10582
22152	-9.7488e-002
22153	1.8285
22154	1.6356
22155	1.7655
22156	1.4581
22157	1.4302
22158	1.6366
22159	2.42
22160	1.7623
22161	-6.4061e-002
22162	-7.6517e-002
22163	-3.9282e-002
22164	-6.0694e-002
22165	-7.3932e-002
22166	-6.1965e-002
22167	-1.9073e-002
22168	-6.1384e-002
22169	-5.7218e-002
22170	0.24729
22171	-0.3835
22172	2.2699e-002
22173	-0.56272
22174	0.42055
22175	-0.49082
22176	-0.20301
22177	-0.44237
22178	-0.38149
22179	-0.37839
22180	-0.52192
22181	-0.34372
22182	-0.32376
22183	-0.27396
22184	-0.32883
22185	-0.25634
22186	-0.3847
22187	-0.3637
22188	-0.2388
22189	-0.30458
22190	-0.28606
22191	-0.35842
22192	-0.33199
22193	-0.51639
22194	-0.35669
22195	-0.26072
22196	-0.28213
22197	-0.19143
22198	-0.26426
22199	-0.23957
22200	-0.32837
22201	-0.23946
22202	-0.45401
22203	2.3236e-003
22204	-0.24224
22205	-0.44519
22206	-0.54377
22207	-0.35274
22208	-0.30112
22209	-0.29616
22210	-0.23899
22211	-0.19488
22212	-0.2382
22213	-0.3989
22214	-0.37032
22215	-0.29895
22216	0.51137
22217	0.20487
22218	0.54002
22219	0.77989
22220	0.67076
22221	-0.47934
22222	-0.40148
22223	-0.33967
22224	-0.41781
22225	-0.29522
22226	-0.33509
22227	-0.35099
22228	-0.41261
22229	-0.53121
22230	-0.44043
22231	-0.33523
22232	-0.51507
22233	-0.3933
22234	7.8471e-002
22235	0.1242
22236	0.13135
22237	0.26278
22238	0.31162
22239	-0.2097
22240	-0.17487
22241	-0.13727
22242	-0.18902
22243	-0.14375
22244	-0.17059
22245	-0.17961
22246	0.10078
22247	0.15239
22248	0.18668
22249	8.6045e-002
22250	-9.5869e-003
22251	0.12235
22252	-0.73648
22253	-0.55017
22254	-0.53048
22255	-0.30362
22256	-0.24157
22257	-0.13653
22258	-0.12652
22259	-0.18414
22260	-0.20272
22261	-9.9527e-002
22262	-8.8877e-002
22263	-3.3637e-002
22264	-1.3832e-002
22265	-7.0607e-002
22266	-3.3788e-002
22267	-7.2111e-002
22268	-3.4383e-002
22269	-5.5847e-002
22270	-5.7136e-002
22271	-7.4413e-002
22272	9.9997e-002
22273	0.25238
22274	0.11245
22275	0.1785
22276	-0.15597
22277	-9.7792e-002
22278	-6.5698e-002
22279	-0.11257
22280	-8.9702e-002
22281	-9.0824e-002
22282	-0.10887
22283	-3.5965e-002
22284	-7.411e-002
22285	-8.4217e-002
22286	0.19447
22287	8.3636e-002
22288	-1.5096e-003
22289	0.23164
22290	-5.0323e-002
22291	-7.917e-002
22292	-5.868e-002
22293	-5.3821e-002
22294	-5.5251e-002
22295	-6.7744e-002
22296	-7.3023e-002
22297	-6.1337e-002
22298	-6.3578e-002
22299	-7.3684e-002
22300	-0.25259
22301	-0.22117
22302	-0.24975
22303	-0.21772
22304	-0.25004
22305	-0.22072
22306	-0.25771
22307	-5.4695e-002
22308	-7.895e-002
22309	-8.246e-002
22310	-6.3052e-002
22311	-5.7438e-002
22312	-7.7395e-002
22313	-6.5709e-002
22314	-7.0373e-002
22315	-0.16823
22316	-0.34782
22317	-0.31937
22318	-0.13335
22319	-0.19357
22320	-0.20793
22321	-0.16394
22322	-0.17842
22323	-0.20861
22324	-0.24874
22325	-0.24785
22326	-0.30442
22327	1.1223
22328	-0.28243
22329	-0.24947
22330	-7.6995e-002
22331	-0.30141
22332	-0.26083
22333	-0.16764
22334	-0.34132
22335	-0.24832
22336	-0.2734
22337	5.3345e-002
22338	0.10451
22339	-2.0912e-002
22340	0.6111
22341	0.58324
22342	1.5754
22343	1.573
22344	0.86077
22345	-0.27721
22346	-0.26798
22347	-0.2647
22348	-0.27998
22349	-0.35742
22350	-0.26573
22351	-0.23913
22352	-0.26156
22353	-0.31029
22354	-0.30274
22355	-0.17649
22356	-0.11891
22357	-8.8377e-002
22358	-9.1875e-002
22359	-0.40711
22360	-0.25729
22361	-0.24292
22362	-0.40336
22363	-0.44694
22364	-0.41836
22365	-0.34699
22366	-6.3099e-002
22367	-5.3157e-002
22368	-5.2023e-002
22369	-5.4481e-002
22370	-3.8583e-002
22371	1.5506e-002
22372	-3.2969e-002
22373	-3.3724e-002
22374	-3.5153e-002
22375	-4.124e-002
22376	1.2821
22377	1.7405
22378	1.1829
22379	1.1365
22380	1.87
22381	1.2566
22382	-0.11377
22383	-0.11329
22384	0.40011
22385	-0.47937
22386	0.89752
22387	-0.65146
22388	0.90126
22389	0.37443
22390	0.87043
22391	0.2135
22392	0.76282
22393	1.1149
22394	0.38011
22395	0.49512
22396	0.81832
22397	1.0319
22398	0.11966
22399	0.398
22400	1.2016
22401	6.139e-002
22402	-1.0261
22403	-0.17204
22404	0.27574
22405	-0.10415
22406	-0.99539
22407	-0.98648
22408	-1.3271
22409	-0.67961
22410	-0.16424
22411	-0.51346
22412	-0.33633
22413	-6.4588e-002
22414	-4.7416e-002
22415	0.18877
22416	-0.83694
22417	0.22044
22418	1.4681
22419	0.17185
22420	1.1827
22421	1.6672
22422	0.39584
22423	-0.36631
22424	1.1864
22425	0.30999
22426	0.74392
22427	-0.33346
22428	-1.2065
22429	-0.73489
22430	-0.25943
22431	-1.3226
22432	-1.0101
22433	-0.73433
22434	-1.4154
22435	-0.97453
22436	-0.24806
22437	0.15447
22438	-0.73677
22439	-0.65192
22440	0.26156
22441	-1.3431
22442	-0.72786
22443	-0.53647
22444	1.4686
22445	1.9622
22446	2.9639
22447	2.2066
22448	2.5584
22449	1.6926
22450	2.4831
22451	2.9494
22452	2.6818
22453	2.0407
22454	0.85331
22455	0.39161
22456	1.4295
22457	0.18476
22458	0.53495
22459	0.17596
22460	0.28036
22461	-0.44451
22462	-3.8118e-002
22463	-0.60791
22464	0.31803
22465	0.11772
22466	0.2976
22467	0.15767
22468	0.1547
22469	0.66591
22470	0.39632
22471	1.1869
22472	0.87596
22473	1.3855
22474	0.66006
22475	5.9067e-002
22476	0.27392
22477	3.103e-002
22478	9.547e-002
22479	0.14402
22480	0.19837
22481	5.246e-002
22482	0.13413
22483	4.1706e-002
22484	8.8371e-002
22485	0.17511
22486	-0.36761
22487	0.23128
22488	0.63748
22489	1.0243
22490	5.2059e-002
22491	1.0353
22492	0.47227
22493	0.89672
22494	0.78423
22495	-0.31523
22496	-0.4613
22497	-0.50488
22498	-0.36311
22499	-0.36703
22500	-0.37854
22501	-0.40493
22502	-0.4701
22503	-0.36449
22504	-0.10987
22505	4.0622e-002
22506	-0.33598
22507	-0.28898
22508	-9.7519e-002
22509	-0.10407
22510	-1.9744e-002
22511	-0.4819
22512	-0.29192
22513	-0.22109
22514	-0.16812
22515	-0.4034
22516	-0.34143
22517	0.25005
22518	0.12973
22519	0.43731
22520	-0.25705
22521	-0.33755
22522	-0.58996
22523	-0.42288
22524	-0.54148
22525	-0.24301
22526	-0.45071
22527	-0.52535
22528	-0.39603
22529	-0.4824
22530	-2.8054e-002
22531	-0.58489
22532	-0.52291
22533	0.6554
22534	0.45423
22535	0.66763
22536	0.44438
22537	0.8982
22538	0.21283
22539	0.3387
22540	1.285
22541	0.77892
22542	-1.032
22543	-0.91863
22544	-0.55344
22545	-0.77654
22546	-1.2602
22547	-0.45743
22548	-0.27777
22549	-0.2025
22550	-0.19293
22551	0.11842
22552	0.36619
22553	0.10076
22554	3.1668e-002
22555	0.2779
22556	0.2263
22557	0.12494
22558	0.11135
22559	0.18721
22560	0.36851
22561	0.138
22562	-6.8353e-002
22563	-0.12564
22564	-0.11261
22565	2.125e-002
22566	-4.6924e-002
22567	-9.4985e-002
22568	-1.1012e-002
22569	-0.19707
22570	7.573e-002
22571	6.7775e-002
22572	0.20234
22573	-0.11838
22574	0.20975
22575	-2.8561e-002
22576	-0.13607
22577	-0.13378
22578	-0.17251
22579	-6.0205e-002
22580	-0.2106
22581	-0.29275
22582	-0.37223
22583	-0.26007
22584	-0.13859
22585	-0.24718
22586	-0.17947
22587	-0.14429
22588	-0.22859
22589	-0.25263
22590	-0.65264
22591	0.13385
22592	-0.84034
22593	-0.52784
22594	-0.31721
22595	-0.33513
22596	-0.4232
22597	-0.2698
22598	-0.34364
22599	-0.31604
22600	-0.19971
22601	-0.22713
22602	2.7978e-003
22603	-0.15488
22604	-7.1533e-002
22605	-0.13725
22606	-3.1693e-002
22607	-0.11971
22608	-0.16698
22609	4.8064e-002
22610	4.1909e-002
22611	0.11965
22612	7.2241e-002
22613	-0.12517
22614	8.8434e-002
22615	5.8653e-002
22616	-0.18906
22617	-8.6035e-002
22618	-0.16312
22619	-0.11487
22620	-0.15004
22621	-0.13348
22622	-0.20717
22623	-0.1698
22624	-0.24518
22625	-0.25692
22626	-0.21417
22627	-0.19653
22628	-4.5988e-002
22629	-0.25886
22630	-3.0847e-002
22631	-0.26111
22632	-0.23415
22633	0.81543
22634	0.67588
22635	0.66851
22636	0.69703
22637	1.336
22638	0.89509
22639	0.97753
22640	1.494
22641	-0.11322
22642	-0.12489
22643	-0.16323
22644	-0.21182
22645	-0.19213
22646	-0.12702
22647	6.8664e-002
22648	4.1678e-002
22649	3.3599e-002
22650	0.20696
22651	0.1653
22652	-0.21086
22653	-0.19365
22654	-0.1877
22655	-0.22001
22656	-0.20202
22657	-0.21505
22658	-0.22768
22659	-0.72358
22660	-0.5366
22661	-0.30643
22662	-0.71074
22663	-0.64808
22664	-0.11736
22665	-0.10351
22666	-8.0781e-002
22667	-8.02e-002
22668	-8.5479e-002
22669	-0.10683
22670	-7.8457e-002
22671	-0.24785
22672	-0.26639
22673	-0.23488
22674	-0.26643
22675	-0.20743
22676	-0.22704
22677	-0.12533
22678	-0.47351
22679	0.33911
22680	3.1657e-002
22681	0.99594
22682	0.5866
22683	0.99358
22684	-0.31524
22685	0.34796
22686	-0.50851
22687	0.36094
22688	0.25697
22689	-2.9181e-002
22690	0.41628
22691	-0.16361
22692	-0.12377
22693	-0.12784
22694	-0.21071
22695	-0.14558
22696	-0.15994
22697	-0.1466
22698	-0.19712
22699	-0.1259
22700	-0.21139
22701	-0.14903
22702	-0.19985
22703	0.88503
22704	0.72411
22705	0.77944
22706	0.77609
22707	0.50563
22708	0.40948
22709	0.64881
22710	0.68063
22711	0.39983
22712	0.37218
22713	0.69575
22714	0.30415
22715	0.44113
22716	0.71586
22717	0.72045
22718	0.487
22719	0.47147
22720	-1.0048
22721	-0.41794
22722	-1.2018
22723	-0.58386
22724	-0.90404
22725	-0.64802
22726	0.44113
22727	0.35505
22728	-0.75192
22729	-0.60681
22730	-0.24162
22731	-0.26154
22732	-0.5232
22733	-0.41934
22734	-0.48404
22735	-0.35699
22736	-0.68507
22737	-0.56647
22738	-0.42099
22739	-0.60329
22740	-0.67036
22741	-0.50717
22742	-0.62046
22743	4.4708e-002
22744	-0.32689
22745	-4.0567e-002
22746	-0.35041
22747	-0.27989
22748	-0.48146
22749	-0.28488
22750	-0.11232
22751	-0.97661
22752	-0.82539
22753	-0.45934
22754	-0.8057
22755	-0.86345
22756	7.525e-002
22757	-0.27708
22758	-0.25471
22759	0.2051
22760	3.4196e-002
22761	-0.31246
22762	-2.9627e-002
22763	-0.26516
22764	-0.22742
22765	-0.2427
22766	-0.20779
22767	-0.20185
22768	-0.22428
22769	-0.18937
22770	-0.19839
22771	-9.6425e-003
22772	7.5865e-002
22773	0.18974
22774	0.26677
22775	0.14869
22776	-9.6293e-003
22777	0.59697
22778	0.51266
22779	0.53927
22780	0.58456
22781	0.80763
22782	0.41295
22783	0.63337
22784	0.45515
22785	0.76001
22786	0.48039
22787	0.30474
22788	0.14735
22789	0.722
22790	0.51562
22791	0.62947
22792	0.38177
22793	0.54646
22794	0.32222
22795	0.6019
22796	0.71054
22797	0.53629
22798	0.38331
22799	0.46152
22800	-0.3016
22801	-0.32034
22802	-0.32603
22803	-0.18657
22804	-0.34954
22805	-0.27031
22806	-0.27275
22807	-0.29233
22808	0.23038
22809	0.30822
22810	0.40316
22811	0.28199
22812	0.45198
22813	0.31628
22814	0.299
22815	0.18598
22816	0.12449
22817	0.45498
22818	0.76101
22819	0.48723
22820	0.65187
22821	0.30318
22822	0.65654
22823	0.77995
22824	0.34583
22825	0.76213
22826	0.51315
22827	0.21315
22828	0.3223
22829	7.7964e-002
22830	0.18383
22831	0.2393
22832	0.23542
22833	0.13478
22834	5.507e-002
22835	0.25309
22836	0.20087
22837	5.5554e-002
22838	-9.5344e-003
22839	9.8962e-002
22840	1.5258e-002
22841	-4.6307e-002
22842	3.5063e-002
22843	5.4353e-002
22844	8.2426e-002
22845	0.17308
22846	1.4512e-002
22847	-3.9835e-002
22848	0.1811
22849	-8.603e-002
22850	-8.4895e-002
22851	-8.7353e-002
22852	-7.1456e-002
22853	-6.5842e-002
22854	-9.3489e-002
22855	0.41922
22856	0.27983
22857	1.2229
22858	1.4571
22859	1.4469
22860	-6.1705e-002
22861	-0.16029
22862	-0.20001
22863	-0.16829
22864	-0.15103
22865	-0.19434
22866	-0.18444
22867	-0.20431
22868	-0.16581
22869	-0.17096
22870	-0.20613
22871	-0.22341
22872	-0.17706
22873	-0.17336
22874	-0.22443
22875	-0.20027
22876	-0.18337
22877	2.3983e-002
22878	-7.3623e-002
22879	-0.10687
22880	9.1205e-002
22881	8.8092e-002
22882	4.5028e-002
22883	-3.6308e-002
22884	4.3828e-002
22885	7.3012e-002
22886	0.12215
22887	1.4276e-002
22888	1.026e-002
22889	-3.4981e-002
22890	0.42893
22891	0.27595
22892	0.10649
22893	7.0218e-002
22894	5.7433e-002
22895	-3.8198e-002
22896	7.4658e-003
22897	-3.7775e-002
22898	9.3736e-002
22899	-0.20223
22900	-0.27208
22901	-0.35023
22902	-0.31107
22903	-0.22763
22904	-0.46362
22905	-0.21959
22906	-0.3342
22907	-0.44749
22908	-0.7903
22909	-0.2745
22910	-0.42425
22911	-0.247
22912	-0.84081
22913	-0.58478
22914	-9.6845e-002
22915	-0.12725
22916	1.9802e-002
22917	-9.7251e-002
22918	-0.11173
22919	1.1534e-002
22920	-0.18206
22921	-8.1793e-002
22922	-0.23774
22923	-9.4487e-002
22924	-7.7705e-002
22925	-9.4126e-002
22926	-3.8951e-002
22927	-6.3596e-002
22928	-9.9632e-002
22929	-5.7517e-002
22930	-5.0579e-002
22931	-0.12227
22932	-0.13529
22933	-6.7451e-002
22934	-0.17715
22935	-0.12361
22936	-0.11496
22937	-9.2871e-002
22938	-5.4117e-002
22939	-3.8303e-002
22940	-0.10103
22941	-0.13713
22942	-0.15104
22943	-0.25511
22944	-0.21467
22945	-0.47597
22946	-0.41522
22947	-0.33315
22948	-0.35806
22949	-0.51796
22950	-0.44751
22951	-0.45628
22952	-0.48938
22953	-0.5206
22954	-0.4936
22955	-0.47176
22956	-0.41879
22957	-0.43257
22958	1.4039
22959	0.88989
22960	0.78417
22961	1.3695
22962	1.8791
22963	-1.6964
22964	-2.7082
22965	-0.9984
22966	-0.20539
22967	-0.75741
22968	-0.99122
22969	-1.7134
22970	-0.44545
22971	-1.8062
22972	-1.6248
22973	-0.61236
22974	-0.29348
22975	-1.1564
22976	-1.8125
22977	-1.5
22978	-0.54458
22979	0.44703
22980	1.1433
22981	0.74242
22982	0.46719
22983	-0.24548
22984	0.28949
22985	1.5614
22986	-0.76704
22987	0.95749
22988	1.0776
22989	0.47381
22990	0.31066
22991	-0.82959
22992	-0.77967
22993	1.6965
22994	1.7003
22995	1.1735
22996	0.60906
22997	1.1639
22998	0.68097
22999	1.4109
23000	0.38597
23001	0.71514
23002	0.99604
23003	0.62809
23004	0.10945
23005	0.16802
23006	2.5304e-002
23007	0.14811
23008	0.23992
23009	6.5563e-002
23010	6.5144e-002
23011	0.2741
23012	2.59e-002
23013	0.18704
23014	-0.26757
23015	-0.92927
23016	-0.62503
23017	0.74024
23018	0.88572
23019	1.8391
23020	1.6298
23021	-0.43717
23022	-0.19031
23023	-0.17928
23024	-5.8816e-002
23025	-5.5838e-002
23026	-0.65131
23027	-0.3635
23028	-0.60287
23029	0.15359
23030	-0.62608
23031	-0.16975
23032	-0.33471
23033	-0.34943
23034	-0.33978
23035	-0.35264
23036	-0.36675
23037	-0.36114
23038	-0.31675
23039	-0.37465
23040	-0.31553
23041	-0.37199
23042	-0.44162
23043	-0.66759
23044	-1.0222
23045	-1.7757
23046	-1.3293
23047	-1.025
23048	-0.77501
23049	-0.45984
23050	-0.2001
23051	-0.33267
23052	-0.42074
23053	-0.48781
23054	-0.37568
23055	-0.19725
23056	-0.35468
23057	-0.11238
23058	-0.31805
23059	-8.6145e-002
23060	-0.27309
23061	-0.31361
23062	-0.25122
23063	-0.27663
23064	-0.18967
23065	-0.75535
23066	-0.46638
23067	1.4827
23068	1.8777
23069	1.7404
23070	0.39234
23071	-0.53336
23072	-0.63851
23073	-0.9228
23074	-0.29324
23075	-0.45861
23076	-0.19674
23077	-0.2077
23078	-0.19349
23079	-0.2212
23080	-0.20773
23081	-0.21985
23082	-0.20186
23083	-0.43227
23084	-0.44104
23085	-0.37161
23086	-0.50536
23087	-0.47836
23088	-0.43005
23089	-0.35802
23090	-0.37229
23091	-0.36076
23092	-0.41733
23093	-0.71796
23094	-0.43366
23095	-0.30343
23096	-0.36113
23097	-0.70774
23098	-0.18376
23099	-4.6308e-002
23100	-0.30073
23101	-9.3282e-003
23102	-8.7231e-002
23103	7.4017e-002
23104	-7.6163e-002
23105	2.2077e-002
23106	-0.13205
23107	0.21337
23108	-1.8185e-003
23109	-1.89e-002
23110	1.0373e-003
23111	-6.1407e-002
23112	-0.20329
23113	-0.52076
23114	-0.22282
23115	-0.32973
23116	-8.6399e-002
23117	-0.17257
23118	-8.7734e-002
23119	-5.0028e-002
23120	0.29679
23121	0.44646
23122	0.62687
23123	0.78279
23124	0.63102
23125	0.40362
23126	0.85744
23127	0.42996
23128	0.65073
23129	0.43915
23130	0.52947
23131	0.61452
23132	0.49985
23133	0.55182
23134	0.44714
23135	0.15836
23136	9.1242e-002
23137	0.1677
23138	-0.28207
23139	-0.4134
23140	-0.39578
23141	-4.6714e-003
23142	-6.4894e-002
23143	-5.1808e-002
23144	-3.5256e-002
23145	1.2484e-002
23146	-0.19556
23147	-0.11075
23148	-0.19623
23149	-0.13388
23150	-4.189e-002
23151	-0.2663
23152	0.12282
23153	1.9411e-002
23154	0.12711
23155	-0.13254
23156	-0.29551
23157	-0.30621
23158	-5.7419e-002
23159	-0.46647
23160	-0.77686
23161	-0.91898
23162	-1.2138
23163	-0.74713
23164	0.93099
23165	0.52745
23166	0.47063
23167	0.8636
23168	0.76818
23169	0.87682
23170	0.95629
23171	0.52435
23172	0.77106
23173	0.9023
23174	0.47316
23175	0.92686
23176	0.66199
23177	0.55364
23178	0.28948
23179	0.43299
23180	0.27359
23181	0.19294
23182	0.22165
23183	-0.1734
23184	-9.907e-002
23185	-0.12121
23186	-9.8374e-002
23187	-0.12769
23188	-0.11993
23189	-0.20417
23190	-9.4909e-002
23191	6.7493e-002
23192	0.146
23193	0.62244
23194	1.0173
23195	0.74677
23196	2.01e-002
23197	-0.23566
23198	-0.22234
23199	-0.25334
23200	-0.13451
23201	-8.1694e-002
23202	-0.21875
23203	-2.7574e-002
23204	0.50751
23205	0.22507
23206	0.27405
23207	-1.4252e-002
23208	-4.5258e-002
23209	0.26107
23210	0.25852
23211	0.12639
23212	-0.25304
23213	-0.13916
23214	-0.49149
23215	-0.46912
23216	-0.18021
23217	-0.33853
23218	0.40433
23219	0.67548
23220	0.76087
23221	0.496
23222	0.21463
23223	4.8064e-002
23224	0.34537
23225	-3.3222e-003
23226	-0.19629
23227	4.5329e-003
23228	6.7421e-002
23229	-1.1715e-002
23230	6.8421e-002
23231	0.18715
23232	0.14674
23233	0.2042
23234	-2.5768e-002
23235	0.30347
23236	0.42977
23237	0.25816
23238	0.30056
23239	0.30036
23240	0.30361
23241	0.60522
23242	-7.59e-002
23243	-0.20234
23244	-1.3207e-002
23245	0.32456
23246	5.1863e-002
23247	0.16122
23248	-0.18223
23249	0.37458
23250	-0.12055
23251	0.49703
23252	0.14868
23253	-0.48957
23254	-0.38077
23255	-8.9373e-002
23256	-7.9486e-002
23257	-0.1864
23258	-9.7328e-002
23259	-7.6803e-002
23260	-1.5958e-002
23261	3.3324e-003
23262	5.7231e-002
23263	8.0816e-003
23264	8.1213e-002
23265	0.1399
23266	0.23056
23267	1.764e-002
23268	0.21851
23269	0.15831
23270	5.5629e-002
23271	2.2381e-002
23272	-7.4954e-002
23273	-5.59e-002
23274	-0.1257
23275	0.8096
23276	0.58578
23277	0.56535
23278	0.41993
23279	-0.10318
23280	-9.9462e-002
23281	-0.10468
23282	-0.12385
23283	-8.842e-002
23284	-0.13386
23285	-0.10699
23286	8.8346e-003
23287	5.6198e-002
23288	0.14685
23289	-1.1716e-002
23290	-3.318e-002
23291	-3.447e-002
23292	-3.5787e-002
23293	-5.1746e-002
23294	0.12861
23295	0.31317
23296	8.577e-002
23297	-0.13449
23298	-0.14953
23299	-0.13794
23300	-0.18876
23301	-0.16095
23302	-0.2
23303	-0.16403
23304	-0.26073
23305	-0.27452
23306	-8.383e-002
23307	-6.1181e-002
23308	-0.16696
23309	-0.11734
23310	-0.11186
23311	-0.12917
23312	-0.18505
23313	-0.17804
23314	-0.14654
23315	-0.12295
23316	-0.11909
23317	1.6243
23318	1.6459
23319	0.94821
23320	1.4982
23321	1.1219
23322	0.96442
23323	1.4385
23324	1.794
23325	1.883
23326	0.92914
23327	1.1189
23328	1.4154
23329	-0.38115
23330	-0.26569
23331	-1.514
23332	0.39494
23333	1.2234e-002
23334	-0.167
23335	0.12724
23336	-0.38825
23337	-0.67254
23338	0.78904
23339	-0.20835
23340	0.82327
23341	-0.55124
23342	-0.33516
23343	0.57381
23344	0.88971
23345	2.6782e-002
23346	-0.76327
23347	0.63861
23348	0.78324
23349	0.4599
23350	-1.4244
23351	-0.89977
23352	-1.2473
23353	-1.5923
23354	-2.1138
23355	-0.72217
23356	-1.7479
23357	-0.13622
23358	0.8078
23359	0.77275
23360	0.85978
23361	-0.29714
23362	-0.60272
23363	-0.33219
23364	-1.6693
23365	0.39174
23366	-0.17805
23367	-0.33454
23368	-0.36151
23369	-0.31151
23370	-0.31029
23371	-0.29177
23372	-0.12821
23373	0.68389
23374	0.67363
23375	-0.35131
23376	-0.83494
23377	0.10061
23378	3.591e-002
23379	-0.21057
23380	9.8965e-002
23381	0.57669
23382	1.0524
23383	8.4133e-002
23384	0.18854
23385	6.821e-002
23386	-0.23566
23387	-0.54279
23388	-0.23855
23389	0.2503
23390	7.5943e-002
23391	4.1982e-002
23392	0.22008
23393	1.0959e-003
23394	3.6279e-002
23395	0.19742
23396	-1.4791
23397	-1.2301
23398	-0.85905
23399	-0.70861
23400	-1.5588
23401	0.79263
23402	0.18488
23403	-3.4155e-002
23404	1.4398e-002
23405	-5.2352e-002
23406	4.502e-003
23407	-8.7918e-002
23408	-4.1253e-002
23409	-0.20253
23410	-0.40736
23411	-1.67e-002
23412	-0.32864
23413	-0.51183
23414	8.2541e-002
23415	0.20808
23416	6.5708e-002
23417	9.3131e-002
23418	0.61296
23419	0.15102
23420	0.10415
23421	2.1127e-002
23422	0.17157
23423	0.2435
23424	1.123e-002
23425	0.30239
23426	3.1167e-002
23427	-3.1277e-002
23428	-0.2235
23429	-0.14713
23430	-0.184
23431	-0.19321
23432	-0.29748
23433	-0.20925
23434	-0.20169
23435	-0.19679
23436	-0.26673
23437	-0.23781
23438	-0.2566
23439	-0.15798
23440	-7.464e-002
23441	-0.32626
23442	-0.27938
23443	-0.26685
23444	-0.24447
23445	-0.23853
23446	-0.27298
23447	-0.23507
23448	-6.9815e-002
23449	0.40445
23450	0.63102
23451	1.23
23452	1.3383
23453	0.97986
23454	0.57215
23455	0.57392
23456	0.4841
23457	-0.10109
23458	-0.17061
23459	9.2923e-002
23460	-0.12992
23461	-0.16509
23462	-3.4016e-002
23463	-0.22222
23464	-0.10678
23465	-0.2153
23466	-2.8571e-002
23467	-3.0329e-002
23468	-6.8998e-003
23469	-2.9425e-002
23470	-3.6031e-002
23471	-0.11287
23472	-0.24659
23473	-0.16214
23474	-6.3017e-002
23475	-4.1966e-002
23476	-9.3425e-002
23477	-4.5239e-003
23478	0.1314
23479	-0.60382
23480	-0.24214
23481	-0.30375
23482	-0.25414
23483	-0.12388
23484	-0.33158
23485	-0.25263
23486	-0.23989
23487	-0.22537
23488	-0.2769
23489	0.93121
23490	0.25161
23491	0.46969
23492	0.11924
23493	-1.4606e-002
23494	0.44973
23495	0.31588
23496	0.61904
23497	0.28573
23498	0.38322
23499	0.68053
23500	0.13887
23501	5.8562e-002
23502	0.11916
23503	0.12221
23504	-6.4864e-002
23505	-0.12519
23506	0.16424
23507	0.14454
23508	0.202
23509	0.21322
23510	0.18252
23511	-5.9344e-002
23512	-5.2193e-002
23513	0.12808
23514	0.39129
23515	0.24839
23516	-0.40972
23517	-0.35851
23518	-0.60654
23519	8.9745e-002
23520	0.14864
23521	-0.3834
23522	-0.41901
23523	-0.40512
23524	-5.2731e-002
23525	8.5111e-003
23526	6.0709e-002
23527	1.156e-002
23528	0.1389
23529	2.7461e-002
23530	-0.1348
23531	-0.13974
23532	-0.1622
23533	-0.12553
23534	-0.12543
23535	-0.12886
23536	-0.14032
23537	-0.18654
23538	-0.13447
23539	-0.11827
23540	-0.11387
23541	-0.11738
23542	-0.13403
23543	-0.11479
23544	-0.10366
23545	-0.15711
23546	-0.22718
23547	-0.21566
23548	-0.22716
23549	-0.25283
23550	-0.1698
23551	-0.22031
23552	-0.2142
23553	-0.2328
23554	-0.1491
23555	-0.20026
23556	-0.10578
23557	-9.7134e-002
23558	-8.5542e-002
23559	-0.22411
23560	-0.38481
23561	-0.35623
23562	-0.28735
23563	-0.17157
23564	-0.20455
23565	-0.24267
23566	-0.20328
23567	-0.24075
23568	-0.50114
23569	-0.47256
23570	-0.50378
23571	-0.38896
23572	-0.42847
23573	-0.3748
23574	-0.46636
23575	-5.3755e-002
23576	-7.84e-002
23577	-0.13708
23578	0.12266
23579	0.19055
23580	7.5331e-002
23581	-0.6015
23582	-0.61585
23583	-0.14359
23584	-0.69179
23585	-1.0324
23586	-0.7319
23587	-1.8683
23588	-2.1021
23589	-3.6336
23590	-2.236
23591	-2.9171
23592	0.61183
23593	0.25675
23594	0.70221
23595	0.69886
23596	-0.89174
23597	-1.2205
23598	-0.84248
23599	-0.46302
23600	-0.34277
23601	-0.19852
23602	-8.5786e-002
23603	0.41397
23604	0.42138
23605	0.9535
23606	1.4658
23607	1.1116
23608	0.54905
23609	1.0271e-003
23610	0.4257
23611	-6.3927e-004
23612	5.7667e-002
23613	0.13412
23614	-0.12256
23615	2.4499e-002
23616	-3.3655e-002
23617	-0.10704
23618	-0.19053
23619	-7.7097e-002
23620	-1.2603e-002
23621	0.12332
23622	0.13131
23623	-0.21047
23624	-0.2468
23625	-0.23429
23626	-0.24467
23627	-0.21741
23628	-0.25937
23629	-0.26894
23630	0.1446
23631	-0.25302
23632	0.96214
23633	1.0548
23634	0.9204
23635	0.5717
23636	1.0485
23637	0.43204
23638	0.27264
23639	0.38179
23640	0.19199
23641	0.25563
23642	0.27603
23643	0.31258
23644	0.41615
23645	0.5253
23646	0.3355
23647	0.39914
23648	0.70076
23649	0.70321
23650	-3.3916e-002
23651	-4.2546e-002
23652	-6.2905e-003
23653	-5.5521e-002
23654	-0.12457
23655	-1.2915e-002
23656	-2.3225e-002
23657	-5.1369e-002
23658	-0.10655
23659	-9.9339e-002
23660	-0.10285
23661	-7.7827e-002
23662	-8.9134e-002
23663	-0.10547
23664	-7.089e-002
23665	-0.14258
23666	-0.38402
23667	-0.28407
23668	-0.28657
23669	0.36591
23670	0.12157
23671	0.20481
23672	0.26015
23673	0.29669
23674	0.24448
23675	0.16564
23676	0.6513
23677	0.21955
23678	0.21935
23679	0.52422
23680	0.16817
23681	-6.4062e-002
23682	-0.13744
23683	-0.22094
23684	-0.1075
23685	-0.26345
23686	1.4245
23687	0.96051
23688	0.5778
23689	1.2006
23690	0.39857
23691	1.0447
23692	0.92944
23693	0.25261
23694	0.71052
23695	-0.17825
23696	-0.51614
23697	-0.54735
23698	-0.44477
23699	-0.50994
23700	-0.44726
23701	-0.25753
23702	-0.2947
23703	-0.26218
23704	-0.27466
23705	-0.24212
23706	-8.3136e-002
23707	-8.6646e-002
23708	-0.1033
23709	-0.13628
23710	-9.9501e-002
23711	-0.13514
23712	-0.12094
23713	-0.13573
23714	-0.17132
23715	-0.16255
23716	-0.12588
23717	-0.12921
23718	-0.14332
23719	-0.13343
23720	-1.5984e-002
23721	-0.12742
23722	-6.7579e-002
23723	-2.6892e-002
23724	6.9011e-002
23725	7.4456e-002
23726	-0.21185
23727	-0.28106
23728	-0.19284
23729	-0.18528
23730	-0.21187
23731	-0.25031
23732	0.31227
23733	0.22925
23734	0.28359
23735	0.37969
23736	0.21935
23737	0.51051
23738	0.1524
23739	0.10632
23740	3.8777e-002
23741	-0.10541
23742	0.23929
23743	-0.73362
23744	-0.80937
23745	-1.509
23746	-0.7922
23747	-1.9477
23748	-0.55602
23749	-1.5817
23750	-0.52434
23751	-0.70684
23752	-0.55649
23753	-0.9015
23754	0.79226
23755	-1.4231
23756	-3.1391e-002
23757	-0.18221
23758	0.50745
23759	0.52367
23760	0.99775
23761	0.51407
23762	4.793e-002
23763	8.6834e-003
23764	7.6002e-002
23765	8.0881e-003
23766	-1.3376e-002
23767	-8.1192e-002
23768	-7.015e-002
23769	-7.144e-002
23770	-0.11559
23771	-8.8717e-002
23772	-8.2696e-002
23773	-0.10186
23774	-6.6432e-002
23775	-0.11187
23776	-7.7211e-002
23777	-9.1126e-002
23778	-1.7994e-002
23779	0.1193
23780	-7.5224e-002
23781	-1.2935e-002
23782	-0.13072
23783	-0.12437
23784	0.30345
23785	0.35388
23786	0.39206
23787	0.38818
23788	0.3489
23789	0.65051
23790	0.37089
23791	0.40585
23792	-9.717e-002
23793	-0.29211
23794	1.9168e-002
23795	0.30194
23796	-4.4655e-002
23797	-0.13915
23798	1.8294e-002
23799	-0.30102
23800	5.3163e-003
23801	-0.18219
23802	-0.12937
23803	0.15909
23804	-2.7975e-002
23805	0.50178
23806	0.40925
23807	0.11135
23808	0.19182
23809	0.102
23810	-0.1149
23811	0.27422
23812	1.8863e-002
23813	-0.15482
23814	0.45869
23815	0.61462
23816	0.3778
23817	0.46285
23818	0.23544
23819	0.29547
23820	0.32483
23821	0.21345
23822	6.4427e-002
23823	0.40474
23824	0.18956
23825	0.46364
23826	5.9451e-002
23827	-3.3658e-002
23828	9.5075e-002
23829	0.19241
23830	-0.11804
23831	6.3275e-002
23832	-3.7438e-002
23833	-9.0854e-002
23834	2.2298e-002
23835	4.2235e-002
23836	-2.0209e-002
23837	-0.4769
23838	-0.29238
23839	-0.32957
23840	-0.3332
23841	-0.3323
23842	-0.38887
23843	-0.20564
23844	-0.21914
23845	-0.18663
23846	-0.17907
23847	-0.20567
23848	-0.1998
23849	0.21706
23850	0.30888
23851	1.0388
23852	1.3877e-002
23853	0.34305
23854	0.256
23855	1.7877
23856	2.5315
23857	0.30231
23858	-0.45867
23859	-0.35513
23860	-0.38386
23861	-0.39764
23862	5.4677e-002
23863	8.2992e-002
23864	0.21891
23865	0.27961
23866	2.4093e-002
23867	9.6112e-003
23868	0.13288
23869	3.9551e-002
23870	-6.2376e-002
23871	-7.6858e-002
23872	-0.10705
23873	-0.28841
23874	-0.20569
23875	-0.15777
23876	-0.27239
23877	-0.3274
23878	-0.35053
23879	-0.46382
23880	0.15843
23881	0.29687
23882	0.29701
23883	0.33356
23884	0.34585
23885	0.28134
23886	-0.4495
23887	0.11371
23888	1.9702e-002
23889	0.14455
23890	-7.9693e-002
23891	-0.20205
23892	-0.29654
23893	-0.62207
23894	-0.16226
23895	-0.33316
23896	-0.67982
23897	-0.39698
23898	-0.49148
23899	-0.57119
23900	-0.27303
23901	-0.61939
23902	-0.68959
23903	-0.22354
23904	-9.6489e-002
23905	-0.30597
23906	-0.16048
23907	-0.24667
23908	-0.48927
23909	-0.19708
23910	-0.53472
23911	-0.44079
23912	-0.31137
23913	-0.42466
23914	-0.34093
23915	-0.26891
23916	-0.2628
23917	-0.19769
23918	-0.28317
23919	-0.27164
23920	-0.17985
23921	-0.16221
23922	-0.20539
23923	-0.23175
23924	-0.22454
23925	-0.22679
23926	-0.23942
23927	0.12643
23928	-0.11946
23929	-5.0741e-004
23930	-0.18179
23931	4.6226e-002
23932	-0.13915
23933	-0.16659
23934	-0.1226
23935	-0.15326
23936	-0.19628
23937	-0.16727
23938	-0.15892
23939	-0.16725
23940	-0.20651
23941	-0.18392
23942	-1.3638e-002
23943	-3.7028e-002
23944	4.0708e-002
23945	-0.1052
23946	-0.71337
23947	1.7453e-002
23948	9.4972e-003
23949	-0.11948
23950	-9.4315e-002
23951	0.14945
23952	-0.16249
23953	-0.21055
23954	-0.13219
23955	-0.12658
23956	-0.31264
23957	0.26123
23958	0.50746
23959	0.45586
23960	0.72567
23961	0.5968
23962	0.79502
23963	0.41585
23964	0.84641
23965	0.86967
23966	0.74881
23967	0.50524
23968	-0.10499
23969	-0.35739
23970	-6.5202e-002
23971	-4.8899e-002
23972	-0.40285
23973	-0.30891
23974	-1.0444e-002
23975	-0.57873
23976	0.40454
23977	-0.50683
23978	-0.15852
23979	-0.45839
23980	0.15344
23981	-0.53793
23982	5.0801e-002
23983	-1.5949e-002
23984	-4.0762e-002
23985	-1.0461e-002
23986	-4.8509e-003
23987	0.1537
23988	0.2498
23989	7.7911e-003
23990	-0.60038
23991	8.9458e-002
23992	2.6785
23993	0.64498
23994	2.1977
23995	1.9937
23996	1.3213
23997	2.6822
23998	3.1485
23999	1.8058
24000	2.2398
24001	2.0275
24002	1.4924
24003	0.60119
24004	2.7713
24005	1.2963
24006	0.56156
24007	1.1843
24008	0.78228
24009	0.38232
24010	0.67656
24011	0.99977
24012	1.1805
24013	-0.20555
24014	-0.36852
24015	-0.28928
24016	-0.37923
24017	-0.28623
24018	-0.3113
24019	-8.2246e-002
24020	-6.2837e-002
24021	-5.7224e-002
24022	-7.718e-002
24023	-8.4871e-002
24024	-7.2005e-002
24025	-5.2891e-002
24026	-0.11888
24027	-8.3893e-002
24028	-9.7131e-002
24029	-4.2272e-002
24030	-0.23876
24031	-0.35736
24032	-0.16138
24033	-0.19752
24034	-0.30489
24035	-0.17999
24036	-0.22725
24037	-0.29961
24038	-0.33774
24039	-0.35186
24040	-0.35975
24041	-0.30064
24042	-0.28212
24043	5.8729e-002
24044	8.9061e-002
24045	7.5474e-002
24046	-6.366e-002
24047	9.91e-002
24048	6.9319e-002
24049	-0.12051
24050	-0.16739
24051	-0.20036
24052	-0.19379
24053	-0.19252
24054	6.0801e-002
24055	7.3857e-003
24056	7.0326e-002
24057	0.13762
24058	7.9915e-002
24059	9.0534e-002
24060	4.3135e-002
24061	0.14047
24062	2.9445e-002
24063	1.6109e-002
24064	-3.6231e-002
24065	-2.3733e-002
24066	-6.1464e-002
24067	-1.3442e-002
24068	-4.7803e-002
24069	-6.5786e-002
24070	2.7379e-002
24071	0.14554
24072	3.7669e-002
24073	2.6598e-002
24074	-0.24362
24075	-0.34751
24076	-0.23538
24077	-2.8658e-002
24078	-2.3048e-002
24079	-0.18433
24080	-0.21236
24081	-0.29453
24082	-7.6443e-002
24083	-0.32235
24084	-0.23066
24085	-0.21715
24086	-0.27522
24087	-0.16273
24088	-5.5891e-002
24089	-0.21011
24090	-0.18594
24091	-0.17018
24092	-0.21312
24093	-0.19641
24094	-0.20397
24095	-0.22662
24096	-0.21395
24097	-0.19226
24098	0.68837
24099	0.80221
24100	0.50431
24101	0.85767
24102	0.98108
24103	0.49496
24104	1.156e-002
24105	7.432e-002
24106	9.7147e-002
24107	6.244e-002
24108	6.7069e-002
24109	0.10412
24110	4.2443e-002
24111	-9.2962e-003
24112	4.3523e-002
24113	9.7546e-002
24114	-3.8634e-002
24115	-8.4464e-003
24116	-6.0186e-002
24117	-3.5169e-002
24118	0.33552
24119	0.15278
24120	9.8972e-003
24121	0.59824
24122	1.8353e-002
24123	-0.14152
24124	-0.21764
24125	-0.19853
24126	-0.18066
24127	-0.15586
24128	-0.22183
24129	-9.0947e-002
24130	-0.20932
24131	-0.19243
24132	-0.24397
24133	0.5549
24134	0.83539
24135	0.59858
24136	0.68363
24137	0.62093
24138	0.42796
24139	0.43341
24140	0.26302
24141	0.29975
24142	0.29461
24143	0.72184
24144	0.19025
24145	0.30975
24146	0.71413
24147	0.79918
24148	1.0023
24149	1.0256
24150	0.66116
24151	7.685e-002
24152	-3.677e-002
24153	0.18479
24154	0.17684
24155	0.17652
24156	-9.2376e-002
24157	-0.16832
24158	-0.21125
24159	0.16076
24160	7.4724e-002
24161	0.16875
24162	-1.8603e-002
24163	-0.76029
24164	0.66381
24165	-0.28242
24166	6.5397e-003
24167	0.46288
24168	2.0002
24169	1.5364
24170	1.1343
24171	1.0286
24172	1.3518
24173	1.5325
24174	2.263
24175	1.1549
24176	1.3784
24177	1.7764
24178	2.654
24179	1.499
24180	2.743
24181	1.5879
24182	1.8843
24183	0.36479
24184	0.73798
24185	0.34408
24186	0.70887
24187	0.52454
24188	-0.14137
24189	-0.15752
24190	-0.23463
24191	-0.1774
24192	-0.10589
24193	-0.6217
24194	8.7831e-002
24195	0.10902
24196	0.15945
24197	0.15122
24198	0.17646
24199	7.8938e-002
24200	0.11599
24201	5.4313e-002
24202	0.12941
24203	2.759e-002
24204	0.10942
24205	0.1438
24206	0.19927
24207	0.10753
24208	0.10751
24209	2.5767e-002
24210	5.5955e-002
24211	5.2084e-002
24212	0.13105
24213	2.9232e-002
24214	4.9162e-002
24215	-0.39811
24216	-0.64182
24217	-0.60852
24218	-0.45512
24219	-0.62569
24220	0.81255
24221	0.83803
24222	0.59772
24223	0.56353
24224	0.80163
24225	-3.862e-004
24226	-0.14635
24227	0.61706
24228	-0.57721
24229	0.79778
24230	1.0224
24231	1.1533
24232	0.93434
24233	1.1241
24234	1.4206
24235	-0.10241
24236	-6.0734e-002
24237	-7.2041e-002
24238	-8.0691e-002
24239	-7.3669e-002
24240	-0.15204
24241	-8.8691e-002
24242	-0.1187
24243	-0.19772
24244	-0.11674
24245	-0.26499
24246	-0.26231
24247	-0.20015
24248	-0.23061
24249	-0.21414
24250	6.9624e-002
24251	-6.4668e-003
24252	-3.6511e-002
24253	0.12496
24254	0.1738
24255	0.10929
24256	0.54751
24257	0.18531
24258	0.57933
24259	0.30107
24260	0.18993
24261	0.29852
24262	0.39986
24263	0.22698
24264	0.2915
24265	0.16639
24266	7.6792e-002
24267	0.40886
24268	-3.5407e-002
24269	5.786e-002
24270	2.702e-002
24271	2.5238e-002
24272	-7.8195e-002
24273	-0.22532
24274	0.35777
24275	0.26356
24276	0.82702
24277	0.71001
24278	0.37205
24279	0.81709
24280	0.31391
24281	0.38136
24282	1.9069e-002
24283	-0.42147
24284	0.17293
24285	0.39114
24286	1.9971e-002
24287	0.26227
24288	-0.26321
24289	-0.51877
24290	-0.46994
24291	-0.43517
24292	-0.47468
24293	-0.40266
24294	-0.51258
24295	1.0007
24296	0.56872
24297	0.94668
24298	0.87359
24299	-0.44356
24300	-0.34963
24301	-0.16293
24302	0.18228
24303	0.17405
24304	0.22045
24305	0.19929
24306	7.7141e-002
24307	0.13224
24308	-8.3534e-002
24309	-0.12894
24310	-0.16235
24311	-0.23946
24312	-0.10622
24313	-0.18223
24314	-0.11072
24315	0.35929
24316	0.75722
24317	0.11502
24318	0.52023
24319	0.47981
24320	0.29549
24321	-0.10159
24322	0.51458
24323	0.35738
24324	0.21064
24325	0.30467
24326	0.25502
24327	0.56236
24328	0.3067
24329	0.39499
24330	0.42435
24331	0.31215
24332	-0.15694
24333	-0.1645
24334	-0.18715
24335	-6.0536e-002
24336	-1.4671e-002
24337	-4.9033e-002
24338	-6.7015e-002
24339	-2.0797e-002
24340	-8.6788e-002
24341	-1.0178e-002
24342	0.81073
24343	0.18717
24344	0.70427
24345	-1.6509e-002
24346	-7.4213e-002
24347	-7.6098e-002
24348	0.64839
24349	0.64819
24350	0.9457
24351	0.95305
24352	0.597
24353	-0.36472
24354	-0.35911
24355	-0.37261
24356	-0.14499
24357	4.8725e-002
24358	-2.0834e-002
24359	6.3866e-002
24360	-0.1664
24361	-0.13944
24362	0.7831
24363	5.2091e-003
24364	0.26999
24365	0.24733
24366	-0.59778
24367	0.23093
24368	-0.63055
24369	-0.39098
24370	-0.3781
24371	-0.35951
24372	-2.0539
24373	0.52898
24374	1.079
24375	0.5011
24376	0.70268
24377	0.5452
24378	-0.42726
24379	-0.33333
24380	-3.4855e-002
24381	0.29267
24382	0.24277
24383	0.30723
24384	0.42001
24385	-0.13366
24386	0.23548
24387	0.48231
24388	-0.60612
24389	-7.1142e-002
24390	1.2008
24391	0.23804
24392	0.41519
24393	0.64326
24394	0.59686
24395	0.84913
24396	-0.68727
24397	-6.1277e-002
24398	-0.37421
24399	-0.30369
24400	-0.29128
24401	-0.30868
24402	-0.29741
24403	0.53106
24404	-3.6586e-002
24405	-0.26509
24406	-0.22966
24407	-0.27237
24408	-0.21155
24409	-0.20608
24410	0.98078
24411	1.8584
24412	0.33858
24413	0.74379
24414	0.70337
24415	0.94966
24416	0.33981
24417	-0.55178
24418	6.6186e-002
24419	-0.25376
24420	-8.5058e-002
24421	2.0321e-003
24422	-2.7516
24423	-3.5471
24424	-2.7794
24425	-2.7353
24426	-3.9858
24427	-4.3913
24428	-3.6198
24429	0.86419
24430	-0.75644
24431	0.31373
24432	-0.18288
24433	-0.17464
24434	3.2087e-002
24435	0.25847
24436	0.66257
24437	-0.69194
24438	-4.7861e-002
24439	3.8882e-002
24440	0.63449
24441	1.0589
24442	0.40068
24443	0.94645
24444	2.0453
24445	2.9265
24446	0.69734
24447	-2.6421e-003
24448	6.4677e-002
24449	3.3613e-002
24450	-8.4661e-002
24451	0.14328
24452	-0.39934
24453	0.18118
24454	-9.0895e-002
24455	-7.4342e-002
24456	0.23315
24457	3.4443e-002
24458	4.5624e-002
24459	4.3867e-002
24460	-4.2275e-002
24461	-4.3546e-002
24462	-6.5389e-004
24463	-4.8053e-002
24464	-6.1744e-002
24465	0.33831
24466	2.5085
24467	0.18726
24468	1.3366
24469	1.5936
24470	0.56867
24471	1.1787
24472	8.5043e-002
24473	0.81079
24474	-0.61138
24475	-0.20537
24476	-0.33774
24477	8.6713e-002
24478	-0.57673
24479	-0.71715
24480	-0.13806
24481	-0.47474
24482	-0.17627
24483	-0.38397
24484	-0.27876
24485	5.6046e-002
24486	2.4983e-002
24487	-2.4247e-002
24488	-2.5677e-002
24489	-3.3331e-002
24490	-0.33865
24491	-0.22119
24492	-0.24565
24493	-0.13423
24494	-1.249
24495	0.44476
24496	-0.22769
24497	-0.34333
24498	-7.5471e-002
24499	-0.29468
24500	-0.27629
24501	-0.21547
24502	-0.28053
24503	-0.37209
24504	-0.27465
24505	-0.20683
24506	-0.24211
24507	0.32891
24508	0.60299
24509	-1.2935e-002
24510	0.10569
24511	-1.274e-002
24512	0.63737
24513	0.2662
24514	5.602e-002
24515	-0.22793
24516	0.78224
24517	0.54878
24518	0.81406
24519	0.53581
24520	0.31406
24521	0.15749
24522	0.27027
24523	-0.2834
24524	-0.22738
24525	-0.20322
24526	-0.20079
24527	-0.22322
24528	0.55338
24529	0.81865
24530	0.5404
24531	0.53785
24532	0.25359
24533	0.16186
24534	0.14907
24535	0.16183
24536	0.23069
24537	6.936e-002
24538	9.9104e-002
24539	0.24897
24540	0.18537
24541	0.21516
24542	0.27088
24543	0.267
24544	0.16637
24545	0.24972
24546	0.20267
24547	-1.7364e-002
24548	-0.21893
24549	0.41971
24550	-0.10616
24551	0.26298
24552	-0.14607
24553	0.10973
24554	-2.6202e-002
24555	-2.9676e-002
24556	2.4001
24557	1.6746
24558	-8.2033e-003
24559	-8.6225e-003
24560	-0.14391
24561	-0.30762
24562	-0.48992
24563	-0.55699
24564	-0.44486
24565	-0.26642
24566	-0.49716
24567	-0.47415
24568	-0.42118
24569	-3.2685e-002
24570	8.9356e-003
24571	-5.2154e-002
24572	0.47005
24573	0.27135
24574	0.36537
24575	-0.10951
24576	8.6957e-003
24577	-0.37284
24578	-0.31079
24579	-0.65745
24580	-2.682e-002
24581	-0.11191
24582	-0.12996
24583	3.3987e-002
24584	0.20197
24585	-0.19159
24586	-0.24086
24587	-0.15481
24588	-0.17457
24589	-0.17071
24590	-0.19032
24591	0.58502
24592	0.34566
24593	0.95749
24594	1.1021
24595	-0.88135
24596	5.0199e-003
24597	-0.34637
24598	-0.15246
24599	-1.4029
24600	0.32163
24601	-0.16205
24602	-1.2859e-002
24603	9.9498e-002
24604	3.7054e-002
24605	0.4569
24606	4.5959e-002
24607	9.4237e-002
24608	-0.10042
24609	-0.16797
24610	-0.104
24611	-0.17394
24612	-0.25541
24613	-0.24266
24614	-0.22202
24615	-0.21607
24616	-0.2385
24617	-0.25053
24618	-6.0679e-002
24619	0.34814
24620	0.65129
24621	0.28858
24622	0.51396
24623	0.21969
24624	0.52131
24625	0.16526
24626	-2.7704e-002
24627	0.2213
24628	0.99733
24629	1.2196
24630	0.23021
24631	0.78389
24632	0.4216
24633	-0.27626
24634	0.31209
24635	-7.183e-002
24636	-0.6375
24637	-0.4378
24638	0.52111
24639	0.24149
24640	0.18102
24641	0.24554
24642	0.17445
24643	-0.35986
24644	-0.28784
24645	-0.3062
24646	-0.28173
24647	-0.39776
24648	-0.30032
24649	-3.0452e-003
24650	-1.059
24651	0.21291
24652	-0.57271
24653	-2.1156
24654	-0.10708
24655	-7.1654e-002
24656	-7.2327e-002
24657	-8.2433e-002
24658	0.32173
24659	9.1761e-002
24660	0.30518
24661	0.20454
24662	0.2173
24663	0.32285
24664	0.24084
24665	0.27063
24666	0.30694
24667	-0.19764
24668	8.5194e-002
24669	0.78008
24670	0.50182
24671	0.86548
24672	0.49225
24673	0.40243
24674	-0.23475
24675	3.3341e-003
24676	-0.13696
24677	-0.16762
24678	-0.21814
24679	-0.17328
24680	-0.22176
24681	-0.22087
24682	-0.2301
24683	-0.21743
24684	-0.19759
24685	-0.21663
24686	0.32313
24687	3.1774e-002
24688	-0.10744
24689	-0.13763
24690	-0.12928
24691	1.5824e-002
24692	-0.20542
24693	-0.24793
24694	-0.29487
24695	-0.57721
24696	-0.34443
24697	-0.12094
24698	0.79126
24699	0.54813
24700	0.72671
24701	1.51
24702	-0.32635
24703	-0.56571
24704	-0.50173
24705	-0.64525
24706	0.50692
24707	-7.0991e-002
24708	-0.15134
24709	0.96986
24710	-4.2081e-002
24711	-6.1282e-002
24712	-6.8973e-002
24713	-4.9596e-002
24714	-7.6925e-002
24715	-6.4958e-002
24716	-2.2066e-002
24717	-8.3156e-002
24718	-0.16236
24719	-0.28198
24720	-0.37322
24721	-0.38717
24722	-0.38407
24723	8.0617e-002
24724	9.9651e-002
24725	-0.14824
24726	-0.15168
24727	-0.18375
24728	-5.0195e-002
24729	-3.6534e-002
24730	-5.2493e-002
24731	0.33449
24732	0.33274
24733	0.18282
24734	0.14153
24735	1.1417
24736	1.8288
24737	-0.37334
24738	-0.59381
24739	-0.30324
24740	-0.2048
24741	-0.13358
24742	-0.16827
24743	7.6775e-002
24744	-0.32735
24745	-0.32123
24746	-0.24921
24747	-0.1841
24748	-0.25805
24749	-0.17727
24750	-0.54875
24751	-0.37031
24752	-0.52775
24753	-0.52247
24754	0.35347
24755	0.27311
24756	0.21282
24757	1.2026
24758	0.54488
24759	-0.2041
24760	-9.7885e-002
24761	-0.14942
24762	0.20066
24763	0.12556
24764	0.17473
24765	6.6854e-002
24766	6.2837e-002
24767	0.21271
24768	1.7596e-002
24769	7.0143e-002
24770	0.14911
24771	1.5002
24772	-0.82099
24773	0.32838
24774	-1.2763
24775	-0.66104
24776	1.3492
24777	0.52077
24778	0.28246
24779	0.25082
24780	0.10042
24781	-0.94799
24782	-1.0429
24783	-2.6039
24784	-1.8325
24785	-1.0743
24786	4.3877e-003
24787	2.0307e-002
24788	0.13632
24789	0.19093
24790	0.66319
24791	0.853
24792	0.11499
24793	0.66868
24794	0.30639
24795	-3.8261e-002
24796	-0.14577
24797	-0.14087
24798	-0.31849
24799	-0.52878
24800	-0.15964
24801	-0.56868
24802	-0.32093
24803	-0.21454
24804	-0.19654
24805	-0.20958
24806	0.20642
24807	0.17246
24808	0.41495
24809	0.35056
24810	0.69585
24811	0.3279
24812	-8.8954e-002
24813	-0.11501
24814	-0.12646
24815	-0.19074
24816	-0.17972
24817	-0.21338
24818	-0.18543
24819	-0.17902
24820	-0.2334
24821	-0.21129
24822	-0.24828
24823	-0.21735
24824	-0.1694
24825	-0.18317
24826	-0.15105
24827	-0.34002
24828	-0.38156
24829	-0.37846
24830	-0.35823
24831	-0.25076
24832	-0.16254
24833	-0.22001
24834	-0.24428
24835	-0.28769
24836	-0.26168
24837	-0.25311
24838	-7.4266e-002
24839	-9.2249e-002
24840	-0.11909
24841	-9.0225e-002
24842	1.0603
24843	0.14592
24844	0.25822
24845	0.10783
24846	-0.1082
24847	-3.5304e-002
24848	-7.3449e-002
24849	-8.3555e-002
24850	-3.7747e-002
24851	-6.0775e-002
24852	-9.0091e-002
24853	0.10005
24854	-0.21762
24855	-0.28756
24856	0.51702
24857	-0.36466
24858	-0.35712
24859	-0.27791
24860	-8.6679e-002
24861	-0.17548
24862	0.47855
24863	0.15521
24864	-0.17267
24865	0.49532
24866	-8.01e-002
24867	-0.2362
24868	-0.24658
24869	-0.24169
24870	-0.26127
24871	-1.3438
24872	-0.59312
24873	-0.28192
24874	-0.24939
24875	-0.21727
24876	1.2008e-002
24877	1.0579e-002
24878	-5.7036e-002
24879	-0.22154
24880	4.0691e-002
24881	-0.1884
24882	-0.20828
24883	-6.336e-002
24884	-2.8774e-002
24885	-0.22699
24886	-0.15329
24887	-0.21488
24888	-0.31262
24889	0.14393
24890	-0.32528
24891	-0.4625
24892	1.7599
24893	2.1669
24894	1.4546
24895	1.5213
24896	0.6265
24897	0.12971
24898	0.21441
24899	1.11e-002
24900	-0.46325
24901	-0.29069
24902	-0.69973
24903	0.46257
24904	-0.27761
24905	-0.19823
24906	-0.20993
24907	-0.20859
24908	-0.19059
24909	-0.15951
24910	-0.1594
24911	-9.7246e-002
24912	-0.37396
24913	-0.24352
24914	-0.21626
24915	-0.25822
24916	0.1944
24917	4.38e-002
24918	0.21268
24919	7.0117e-002
24920	6.7195e-002
24921	1.234
24922	1.7505
24923	0.1782
24924	0.10411
24925	0.16863
24926	9.7536e-002
24927	0.88166
24928	0.37848
24929	0.44593
24930	-1.3634e-002
24931	-0.90241
24932	0.52435
24933	0.5268
24934	-0.13626
24935	-0.1016
24936	-0.19838
24937	-0.12687
24938	0.99672
24939	0.73185
24940	-5.8614e-002
24941	-0.21989
24942	0.53872
24943	1.269
24944	-2.7989e-002
24945	-0.57619
24946	-0.3848
24947	0.24059
24948	-4.279e-002
24949	-7.6068e-003
24950	0.89097
24951	0.23919
24952	0.23212
24953	0.81572
24954	0.33209
24955	0.57222
24956	0.93588
24957	0.671
24958	0.56265
24959	-0.69285
24960	3.29e-002
24961	-0.22663
24962	-0.24901
24963	-0.2686
24964	-0.27817
24965	-0.20424
24966	-0.22424
24967	-0.24926
24968	-0.20008
24969	-0.24069
24970	-0.20007
24971	-0.16317
24972	0.82842
24973	2.2252
24974	-0.29268
24975	-0.19987
24976	-0.28411
24977	2.5629
24978	1.2342
24979	1.4623
24980	1.4159
24981	2.1493
24982	-6.9454e-002
24983	-5.1209e-002
24984	-0.1229
24985	0.44873
24986	1.1119
24987	1.0318
24988	-0.27548
24989	-0.20398
24990	4.9776e-002
24991	-5.3658e-002
24992	1.9914e-002
24993	-0.13048
24994	-3.4317e-003
24995	0.49952
24996	0.4591
24997	-0.1223
24998	-0.33142
24999	-0.24225
25000	-0.22426
25001	0.75419
25002	0.37363
25003	-1.0408
25004	-0.57408
25005	-6.5648e-002
25006	-8.4427e-002
25007	-3.8651e-002
25008	-0.28664
25009	-1.2001
25010	-0.12736
25011	-0.14697
25012	0.29142
25013	0.2844
25014	0.19457
25015	7.2217e-002
25016	1.077
25017	0.95612
25018	0.64164
25019	0.63408
25020	0.93049
25021	-0.32428
25022	-0.25809
25023	-0.22362
25024	-0.34926
25025	0.10708
25026	-0.22004
25027	-0.7177
25028	-0.86895
25029	-0.16389
25030	0.88254
25031	1.6639
25032	1.3096
25033	0.7471
25034	-0.14446
25035	-7.6751e-002
25036	-4.1568e-002
25037	-0.12587
25038	0.31224
25039	0.28154
25040	0.24773
25041	-0.20359
25042	-0.16868
25043	-0.1777
25044	-1.517
25045	-1.859e-002
25046	-4.1535e-002
25047	0.85833
25048	1.5918
25049	-0.19764
25050	-0.17175
25051	1.1203
25052	0.11599
25053	0.11198
25054	0.26184
25055	2.0891
25056	-0.17102
25057	-0.19762
25058	-0.90025
25059	-4.0081e-002
25060	-0.11178
25061	-0.25091
25062	-0.19006
25063	0.28161
25064	0.10874
25065	4.8142e-002
25066	-0.25819
25067	-0.41562
25068	-0.41035
25069	-1.7559e-002
25070	0.38661
25071	-1.1157
25072	0.21863
25073	3.1282e-002
25074	-0.22351
25075	0.94401
25076	-5.668e-002
25077	-7.0346e-002
25078	-5.866e-002
25079	-6.3324e-002
25080	0.29768
25081	-6.3939e-002
25082	-6.8603e-002
25083	0.15673
25084	-0.31825
25085	-0.3836
25086	-0.21834
25087	8.6399e-002
25088	-0.30437
25089	-0.34731
25090	-0.31699
25091	-0.38935
25092	-0.17799
25093	-0.50388
25094	7.4793e-002
25095	-0.18535
25096	-0.23446
25097	-4.4226e-002
25098	1.1407e-002
25099	-2.2712
25100	-1.3963
25101	-0.3306
25102	6.7002e-002
25103	0.93205
25104	-5.2832e-002
25105	0.10881
25106	0.17788
25107	-1.2674
25108	0.64297
25109	-0.5076
25110	0.14995
25111	-4.5156e-002
25112	-7.3792e-002
25113	1.0539e-002
25114	2.2628
25115	1.7003
25116	-0.22291
25117	-0.24857
25118	-0.30599
25119	-0.2357
25120	-2.0505
25121	-5.9287e-002
25122	-7.5246e-002
25123	-0.46074
25124	1.236
25125	-8.3163e-002
25126	0.61495
25127	0.54403
25128	0.30009
25129	0.31238
25130	0.24787
25131	0.7564
25132	0.64805
25133	-0.24136
25134	-7.7512e-003
25135	-1.1622e-002
25136	-3.4474e-002
25137	-1.4544e-002
25138	-0.48384
25139	0.28442
25140	-5.6917e-002
25141	-0.2236
25142	-6.6842e-002
25143	-0.21061
25144	-0.19209
25145	9.2948e-002
25146	1.346
25147	-7.6564e-002
25148	-0.25787
25149	-0.20144
25150	-0.18127
25151	-0.12404
25152	-0.27443
25153	-0.12341
25154	-0.24774
25155	0.31866
25156	0.38318
25157	-8.2454e-002
25158	-1.334
25159	0.21031
25160	8.519e-002
25161	0.13921
25162	0.20373
25163	-8.8924e-002
25164	-0.22149
25165	-0.27231
25166	-4.2862e-003
25167	1.5644e-002
25168	-8.1567e-003
25169	-0.3924
25170	-0.26192
25171	-0.36015
25172	0.43667
25173	0.14521
25174	0.15358
25175	-0.21173
25176	0.11584
25177	0.67231
25178	-0.20996
25179	-2.8223e-002
25180	-0.16287
25181	-9.353e-002
25182	-0.85267
25183	0.21008
25184	0.12997
25185	0.8284
25186	0.79317
25187	-0.10737
25188	0.74829
